<?xml version="1.0"?>
<glossary id="102" name="3.2.1" author="Frédéric Bergeron">
	<desc></desc>
	<term id="1">
		<trans lang="en">
			<word>simplicity</word>
		</trans>
		<trans lang="ja">
			<word>単純</word>
			<alt>たんじゅん</alt>
		</trans>
	</term>
	<term id="2">
		<trans lang="en">
			<word>to denote,to show,to point out,to indicate</word>
		</trans>
		<trans lang="ja">
			<word>示す</word>
			<alt>しめす</alt>
		</trans>
	</term>
	<term id="3">
		<trans lang="en">
			<word>virtually,practically,currently</word>
		</trans>
		<trans lang="ja">
			<word>実際に</word>
			<alt>じっさいに</alt>
		</trans>
	</term>
	<term id="4">
		<trans lang="en">
			<word>end,close,termination (to)</word>
		</trans>
		<trans lang="ja">
			<word>終了(する)</word>
			<alt>しゅうりょう(する)</alt>
		</trans>
	</term>
</glossary>
