<?xml version="1.0"?>
<glossary id="311" name="JBPII-08" author="">
	<desc></desc>
	<term id="1">
		<trans lang="en">
			<word>Kyoto   +</word>
		</trans>
		<trans lang="ja">
			<word>京都</word>
			<alt>kyooto</alt>
		</trans>
	</term>
	<term id="2">
		<trans lang="en">
			<word>think, believe   +</word>
		</trans>
		<trans lang="ja">
			<word>思う</word>
			<alt>omou</alt>
		</trans>
	</term>
	<term id="3">
		<trans lang="en">
			<word>house   +</word>
		</trans>
		<trans lang="ja">
			<word>家</word>
			<alt>ie</alt>
		</trans>
	</term>
	<term id="4">
		<trans lang="en">
			<word>wife, my wife</word>
		</trans>
		<trans lang="ja">
			<word>家内</word>
			<alt>kanai</alt>
		</trans>
	</term>
	<term id="5">
		<trans lang="en">
			<word>listen, hear; enquire   +</word>
		</trans>
		<trans lang="ja">
			<word>聞く</word>
			<alt>kiku</alt>
		</trans>
	</term>
	<term id="6">
		<trans lang="en">
			<word>newspaper   +</word>
		</trans>
		<trans lang="ja">
			<word>新聞</word>
			<alt>shimbun</alt>
		</trans>
	</term>
	<term id="7">
		<trans lang="en">
			<word>say, be called   +</word>
		</trans>
		<trans lang="ja">
			<word>言う</word>
			<alt>iu</alt>
		</trans>
	</term>
	<term id="8">
		<trans lang="en">
			<word>appointment, designation</word>
		</trans>
		<trans lang="ja">
			<word>してい [する]</word>
			<alt>shitei</alt>
		</trans>
	</term>
	<term id="9">
		<trans lang="en">
			<word>reserved ticket</word>
		</trans>
		<trans lang="ja">
			<word>していけん</word>
			<alt>shiteiken</alt>
		</trans>
	</term>
	<term id="10">
		<trans lang="en">
			<word>sold out</word>
		</trans>
		<trans lang="ja">
			<word>うりきれ</word>
			<alt>urikire</alt>
		</trans>
	</term>
	<term id="11">
		<trans lang="en">
			<word>around the middle</word>
		</trans>
		<trans lang="ja">
			<word>中ごろ</word>
			<alt>nakagoro</alt>
		</trans>
	</term>
	<term id="12">
		<trans lang="en">
			<word>Bon festival</word>
		</trans>
		<trans lang="ja">
			<word>おぼん</word>
			<alt>obon</alt>
		</trans>
	</term>
	<term id="13">
		<trans lang="en">
			<word>country, birth place</word>
		</trans>
		<trans lang="ja">
			<word>くに</word>
			<alt>kuni</alt>
		</trans>
	</term>
	<term id="14">
		<trans lang="en">
			<word>hordes, lots (of people)</word>
		</trans>
		<trans lang="ja">
			<word>大ぜい</word>
			<alt>oozei</alt>
		</trans>
	</term>
	<term id="15">
		<trans lang="en">
			<word>homecoming</word>
		</trans>
		<trans lang="ja">
			<word>きせい [する]</word>
			<alt>kisei</alt>
		</trans>
	</term>
	<term id="16">
		<trans lang="en">
			<word>rush</word>
		</trans>
		<trans lang="ja">
			<word>ラッシュ</word>
			<alt>rasshu</alt>
		</trans>
	</term>
	<term id="17">
		<trans lang="en">
			<word>give up, stop, quit (s.th.)</word>
		</trans>
		<trans lang="ja">
			<word>やめる</word>
			<alt>yameru</alt>
		</trans>
	</term>
	<term id="18">
		<trans lang="en">
			<word>more than (suff.)</word>
		</trans>
		<trans lang="ja">
			<word>~いじょう</word>
			<alt>-ijoo</alt>
		</trans>
	</term>
	<term id="19">
		<trans lang="en">
			<word>congestion, traffic jam</word>
		</trans>
		<trans lang="ja">
			<word>じゅうたい</word>
			<alt>juutai</alt>
		</trans>
	</term>
	<term id="20">
		<trans lang="en">
			<word>many, numerous (!)</word>
		</trans>
		<trans lang="ja">
			<word>おおい</word>
			<alt>ooi</alt>
		</trans>
	</term>
	<term id="21">
		<trans lang="en">
			<word>I see., Indeed.</word>
		</trans>
		<trans lang="ja">
			<word>なるほど</word>
			<alt>naruhodo</alt>
		</trans>
	</term>
	<term id="22">
		<trans lang="en">
			<word>strike</word>
		</trans>
		<trans lang="ja">
			<word>スト</word>
			<alt>suto</alt>
		</trans>
	</term>
	<term id="23">
		<trans lang="en">
			<word>move, run, operate</word>
		</trans>
		<trans lang="ja">
			<word>うごく</word>
			<alt>ugoku</alt>
		</trans>
	</term>
	<term id="24">
		<trans lang="en">
			<word>probably, perhaps</word>
		</trans>
		<trans lang="ja">
			<word>た分</word>
			<alt>tabun</alt>
		</trans>
	</term>
	<term id="25">
		<trans lang="en">
			<word>rain</word>
		</trans>
		<trans lang="ja">
			<word>あめ</word>
			<alt>ame</alt>
		</trans>
	</term>
	<term id="26">
		<trans lang="en">
			<word>boring, dull</word>
		</trans>
		<trans lang="ja">
			<word>たいくつ [な]</word>
			<alt>taikutsu</alt>
		</trans>
	</term>
	<term id="27">
		<trans lang="en">
			<word>research [from English]</word>
		</trans>
		<trans lang="ja">
			<word>リサーチ</word>
			<alt>risaachi</alt>
		</trans>
	</term>
	<term id="28">
		<trans lang="en">
			<word>necessary</word>
		</trans>
		<trans lang="ja">
			<word>ひつよう [な]</word>
			<alt>hitsuyoo</alt>
		</trans>
	</term>
	<term id="29">
		<trans lang="en">
			<word>prime minister, PM</word>
		</trans>
		<trans lang="ja">
			<word>しゅしょう</word>
			<alt>shushoo</alt>
		</trans>
	</term>
	<term id="30">
		<trans lang="en">
			<word>gathering, assembly</word>
		</trans>
		<trans lang="ja">
			<word>しゅう会</word>
			<alt>shuukai</alt>
		</trans>
	</term>
	<term id="31">
		<trans lang="en">
			<word>minister (of state)</word>
		</trans>
		<trans lang="ja">
			<word>大じん</word>
			<alt>daijin</alt>
		</trans>
	</term>
	<term id="32">
		<trans lang="en">
			<word>research, study [Jap.]</word>
		</trans>
		<trans lang="ja">
			<word>けんきゅう [する]</word>
			<alt>kenkyuu</alt>
		</trans>
	</term>
	<term id="33">
		<trans lang="en">
			<word>be settled, be in order</word>
		</trans>
		<trans lang="ja">
			<word>まとまる</word>
			<alt>matomaru</alt>
		</trans>
	</term>
	<term id="34">
		<trans lang="en">
			<word>swimming, swim</word>
		</trans>
		<trans lang="ja">
			<word>水えい [する]</word>
			<alt>suiei</alt>
		</trans>
	</term>
	<term id="35">
		<trans lang="en">
			<word>care, repairs, mending</word>
		</trans>
		<trans lang="ja">
			<word>て入れ [する]</word>
			<alt>teire</alt>
		</trans>
	</term>
	<term id="36">
		<trans lang="en">
			<word>graduation, graduate</word>
		</trans>
		<trans lang="ja">
			<word>そつぎょう [する]</word>
			<alt>sotsugyoo</alt>
		</trans>
	</term>
	<term id="37">
		<trans lang="en">
			<word>result</word>
		</trans>
		<trans lang="ja">
			<word>けっか</word>
			<alt>kekka</alt>
		</trans>
	</term>
	<term id="38">
		<trans lang="en">
			<word>nurse</word>
		</trans>
		<trans lang="ja">
			<word>かんごふさん</word>
			<alt>kangofusan</alt>
		</trans>
	</term>
	<term id="39">
		<trans lang="en">
			<word>musical</word>
		</trans>
		<trans lang="ja">
			<word>ミュージカル</word>
			<alt>myuujikaru</alt>
		</trans>
	</term>
	<term id="40">
		<trans lang="en">
			<word>play, drama</word>
		</trans>
		<trans lang="ja">
			<word>しばい</word>
			<alt>shibai</alt>
		</trans>
	</term>
	<term id="41">
		<trans lang="en">
			<word>suitable, appropriate</word>
		</trans>
		<trans lang="ja">
			<word>てきとう [な]</word>
			<alt>tekitoo</alt>
		</trans>
	</term>
	<term id="42">
		<trans lang="en">
			<word>seat</word>
		</trans>
		<trans lang="ja">
			<word>ざせき</word>
			<alt>zaseki</alt>
		</trans>
	</term>
	<term id="43">
		<trans lang="en">
			<word>passer-by</word>
		</trans>
		<trans lang="ja">
			<word>つう行人</word>
			<alt>tsuukoonin</alt>
		</trans>
	</term>
	<term id="44">
		<trans lang="en">
			<word>green</word>
		</trans>
		<trans lang="ja">
			<word>みどり [の]</word>
			<alt>midori</alt>
		</trans>
	</term>
	<term id="45">
		<trans lang="en">
			<word>window, clerk</word>
		</trans>
		<trans lang="ja">
			<word>まどぐち</word>
			<alt>madoguchi</alt>
		</trans>
	</term>
	<term id="46">
		<trans lang="en">
			<word>adult   **</word>
		</trans>
		<trans lang="ja">
			<word>大人</word>
			<alt>otona</alt>
		</trans>
	</term>
	<term id="47">
		<trans lang="en">
			<word>departure</word>
		</trans>
		<trans lang="ja">
			<word>~はつ</word>
			<alt>-hatsu</alt>
		</trans>
	</term>
	<term id="48">
		<trans lang="en">
			<word>bound for</word>
		</trans>
		<trans lang="ja">
			<word>~行き</word>
			<alt>-iki</alt>
		</trans>
	</term>
	<term id="49">
		<trans lang="en">
			<word>limited express</word>
		</trans>
		<trans lang="ja">
			<word>とっきゅう</word>
			<alt>tokkyuu</alt>
		</trans>
	</term>
	<term id="50">
		<trans lang="en">
			<word># track</word>
		</trans>
		<trans lang="ja">
			<word>~ばんせん</word>
			<alt>-bansen</alt>
		</trans>
	</term>
</glossary>
