<?xml version="1.0"?>
<glossary name="09">
	<term id="1">
		<trans lang="en">
			<word>noon</word>
		</trans>
		<trans lang="ja">
			<word>午 (4)</word>
			<alt>ゴ </alt>
		</trans>
		<comment languages="en-ja">午前 ; ごぜん ; A.M.
午後 ; ごご ; P.M.; in the afternoon
午前中 ; ごぜんちゅう ; in the morning
</comment>
	</term>
	<term id="2">
		<trans lang="en">
			<word>after</word>
		</trans>
		<trans lang="ja">
			<word>後 (9)</word>
			<alt>ゴ；あと；うし </alt>
		</trans>
		<comment languages="en-ja">午後 ; ごご ; P.M.; in the afternoon
後で ; あとで ; later
後ろ ; うしろ ; back; behind
最後に ; さいごに ; lastly
最後に ; さいごに ; lastly
後期 ; こうき ; last term
以後 ; いご ; after than
直後 ; ちょくご ; immediately after
</comment>
	</term>
	<term id="3">
		<trans lang="en">
			<word>before</word>
		</trans>
		<trans lang="ja">
			<word>前 (9)</word>
			<alt>まえ；ゼン </alt>
		</trans>
		<comment languages="en-ja">午前 ; ごぜん ; A.M.
午前中 ; ごぜんちゅう ; in the morning
前 ; まえ ; before; front
名前 ; なまえ ; name
寒冷前線 ; かんれいぜんせん ; a cold front
前払い ; まえばらい ; payment in advance
前期 ; ぜんき ; first term
以前 ; いぜん ; previously
</comment>
	</term>
	<term id="4">
		<trans lang="en">
			<word>name</word>
		</trans>
		<trans lang="ja">
			<word>名 (6)</word>
			<alt>な；メイ </alt>
		</trans>
		<comment languages="en-ja">名前 ; なまえ ; name
有名な ; ゆうめいな ; famous
名刺 ; めいし ; name card
有名な ; ゆうめいな ; famous
名案 ; めいあん ; a good idea
</comment>
	</term>
	<term id="5">
		<trans lang="en">
			<word>white</word>
		</trans>
		<trans lang="ja">
			<word>白 (5)</word>
			<alt>しろ；ハク </alt>
		</trans>
		<comment languages="en-ja">白鳥 ; はくちょう ; swan
真白 ; まっしろ ; real white
白 ; しろ ; white color
白い ; しろい ; white
白紙 ; はくし ; blank paper
面白い ; おもしろい ; interesting
</comment>
	</term>
	<term id="6">
		<trans lang="en">
			<word>rain</word>
		</trans>
		<trans lang="ja">
			<word>雨 (8)</word>
			<alt>あめ；ウ </alt>
		</trans>
		<comment languages="en-ja">雨 ; あめ ; rain
雨期 ; うき ; rainy season
大雨 ; おおあめ ; heavy rain
小雨 ; こさめ ; light rain; drizzle
</comment>
	</term>
	<term id="7">
		<trans lang="en">
			<word>to write</word>
		</trans>
		<trans lang="ja">
			<word>書 (10)</word>
			<alt>か；ショ </alt>
		</trans>
		<comment languages="en-ja">書く ; かく ; to write
辞書 ; じしょ ; dictionary
書道 ; しょどう ; calligraphy
図書館 ; としょかん ; library
履歴書 ; りれきしょ ; personal history; curriculum vitae; resume
借用書 ; しゃくようしょ ; an IOU
投書する ; とうしょする ; to send a letter to the editor
願書 ; がんしょ ; an application
辞書 ; じしょ ; a dictionary
書店 ; しょてん ; bookshop
報告書 ; ほうこくしょ ; a report
書類 ; しょるい ; paper; documents
</comment>
	</term>
	<term id="8">
		<trans lang="en">
			<word>friend</word>
		</trans>
		<trans lang="ja">
			<word>友 (4)</word>
			<alt>とも；ユウ </alt>
		</trans>
		<comment languages="en-ja">友達 ; ともだち ; friend
親友 ; しんゆう ; best friend
友人 ; ゆうじん ; friend
親友 ; しんゆう ; best friend
</comment>
	</term>
	<term id="9">
		<trans lang="en">
			<word>between</word>
		</trans>
		<trans lang="ja">
			<word>間 (12)</word>
			<alt>カン；あいだ </alt>
		</trans>
		<comment languages="en-ja">二日間 ; ふつかかん ; two days
時間 ; じかん ; time
二時間 ; にじかん ; two hours
間 ; あいだ ; between
人間 ; にんげん ; human being
一週間 ; いっしゅうかん ; one week
間違える ; まちがえる ; to make a mistake
短時間 ; たんじかん ; a short time
間違い ; まちがい ; a mistake
間接 ; かんせつ ; indirect(ly)
期間 ; きかん ; a period
</comment>
	</term>
	<term id="10">
		<trans lang="en">
			<word>house</word>
		</trans>
		<trans lang="ja">
			<word>家 (10)</word>
			<alt>いえ；カ </alt>
		</trans>
		<comment languages="en-ja">家 ; いえ ; house
家 ; うち ; house; home
画家 ; がか ; painter
家族 ; かぞく ; family
家内 ; かない ; my wife
政治家 ; せいじか ; a politician
農家 ; のうか ; a farm house
家具 ; かぐ ; furniture
芸術家 ; げいじゅつか ; an artist
</comment>
	</term>
	<term id="11">
		<trans lang="en">
			<word>to speak</word>
		</trans>
		<trans lang="ja">
			<word>話 (13)</word>
			<alt>はな；はなし；ワ </alt>
		</trans>
		<comment languages="en-ja">電話 ; でんわ ; telephone
話す ; はなす ; to speak
話 ; はなし ; talk; story
会話 ; かいわ ; conversation
手話 ; しゅわ ; sign language
昔話 ; むかしばなし ; old tale
世話 ; せわ ; care
留守番電話 ; るすばんでんわ ; answering machine
英会話 ; えいかいわ ; English conversation
電話番号 ; でんわばんごう ; a telephone number
話し合う ; はなしあう ; to consult
受話器 ; じゅわき ; a telephone receiver
談話室 ; だんわしつ ; a lounge
電話局 ; でんわきょく ; a telephone office
</comment>
	</term>
	<term id="12">
		<trans lang="en">
			<word>little</word>
		</trans>
		<trans lang="ja">
			<word>少 (4)</word>
			<alt>すこ；すく；ショウ </alt>
		</trans>
		<comment languages="en-ja">少し ; すこし ; little
少ない ; すくない ; few
少々 ; しょうしょう ; a little
減少 ; げんしょう ; to decrease; to reduce
</comment>
	</term>
	<term id="13">
		<trans lang="en">
			<word>old</word>
		</trans>
		<trans lang="ja">
			<word>古 (5)</word>
			<alt>ふる；コ </alt>
		</trans>
		<comment languages="en-ja">古い ; ふるい ; old (for things)
中古 ; ちゅうこ ; secondhand
考古学 ; こうこがく ; archaeology
</comment>
	</term>
	<term id="14">
		<trans lang="en">
			<word>to know</word>
		</trans>
		<trans lang="ja">
			<word>知 (8)</word>
			<alt>し；チ </alt>
		</trans>
		<comment languages="en-ja">知る ; しる ; to know
知人 ; ちじん ; acquaintance
知らせる ; しらせる ; to let know; to inform
知識 ; ちしき ; knowledge
通知する ; つうちする ; to inform
県知事 ; けんちじ ; prefectural governor
お知らせ ; おしらせ ; a notice
知覚 ; ちかく ; perception
</comment>
	</term>
	<term id="15">
		<trans lang="en">
			<word>to come</word>
		</trans>
		<trans lang="ja">
			<word>来 (7)</word>
			<alt>く；き；こ；ライ </alt>
		</trans>
	</term>
</glossary>
