<?xml version="1.0"?>
<glossary name="16">
	<term id="1">
		<trans lang="en">
			<word>companion; offer</word>
		</trans>
		<trans lang="ja">
			<word>供 (8)</word>
			<alt>ども；とも；そな；キョウ </alt>
		</trans>
		<comment languages="en-ja">子供の時 ; こどものとき ; in one's childhood
子供 ; こども ; child
共に ; ともに ; together
供える ; そなえる ; to offer something to the spirit
提供 ; ていきょう ; offer
</comment>
	</term>
	<term id="2">
		<trans lang="en">
			<word>world; generation</word>
		</trans>
		<trans lang="ja">
			<word>世 (5)</word>
			<alt>セ；セイ；よ </alt>
		</trans>
		<comment languages="en-ja">世界 ; せかい ; the world
世話 ; せわ ; care
世代 ; せだい ; generation
三世 ; さんせい ; third generation
世の中 ; よのなか ; the society
</comment>
	</term>
	<term id="3">
		<trans lang="en">
			<word>world</word>
		</trans>
		<trans lang="ja">
			<word>界 (9)</word>
			<alt>カイ </alt>
		</trans>
		<comment languages="en-ja">世界 ; せかい ; the world
</comment>
	</term>
	<term id="4">
		<trans lang="en">
			<word>all</word>
		</trans>
		<trans lang="ja">
			<word>全 (6)</word>
			<alt>ゼン；まった </alt>
		</trans>
		<comment languages="en-ja">全部 ; ぜんぶ ; all
全然 ; ぜんぜん ; not at all
全員 ; ぜんいん ; all members
</comment>
	</term>
	<term id="5">
		<trans lang="en">
			<word>part; section</word>
		</trans>
		<trans lang="ja">
			<word>部 (11)</word>
			<alt>ブ；へ </alt>
		</trans>
		<comment languages="en-ja">全部 ; ぜんぶ ; all
部屋 ; へや ; room
文部省 ; もんぶしょう ; the Ministry of Education
頭部 ; とうぶ ; the head
</comment>
	</term>
	<term id="6">
		<trans lang="en">
			<word>to begin</word>
		</trans>
		<trans lang="ja">
			<word>始 (8)</word>
			<alt>はじ；シ </alt>
		</trans>
		<comment languages="en-ja">始まる ; はじまる ; (something) begins
始める ; はじめる ; to begin (something)
開始する ; かいしする ; to begin
始発 ; しはつ ; the first train
</comment>
	</term>
	<term id="7">
		<trans lang="en">
			<word>week</word>
		</trans>
		<trans lang="ja">
			<word>週 (11)</word>
			<alt>シュウ </alt>
		</trans>
		<comment languages="en-ja">先週 ; せんしゅう ; last week
毎週 ; まいしゅう ; every week
一週間 ; いっしゅうかん ; one week
来週 ; らいしゅう ; next week
毎週 ; まいしゅう ; every week
先週 ; せんしゅう ; last week
週末 ; しゅうまつ ; weekend
週刊誌 ; しゅうかんし ; a weekly magazine
</comment>
	</term>
	<term id="8">
		<trans lang="en">
			<word>by means of; compared with</word>
		</trans>
		<trans lang="ja">
			<word>以 (5)</word>
			<alt>イ </alt>
		</trans>
		<comment languages="en-ja">〜以上 ; 〜いじょう ; ... or more
以上 ; いじょう ; more than
以下 ; いか ; less than
以前 ; いぜん ; previously
以後 ; いご ; after than
</comment>
	</term>
	<term id="9">
		<trans lang="en">
			<word>to think; idea</word>
		</trans>
		<trans lang="ja">
			<word>考 (6)</word>
			<alt>かんが；コウ </alt>
		</trans>
		<comment languages="en-ja">考える ; かんがえる ; to think
思考力 ; しこうりょく ; thinking power; ability to think
考古学 ; こうこがく ; archaeology
考え ; かんがえ ; a thought; an idea
選考する ; せんこうする ; to select
</comment>
	</term>
	<term id="10">
		<trans lang="en">
			<word>to open</word>
		</trans>
		<trans lang="ja">
			<word>開 (12)</word>
			<alt>あ；ひら；カイ </alt>
		</trans>
		<comment languages="en-ja">開ける ; あける ; to open (something)
公開する ; こうかいする ; to open to the public
開始する ; かいしする ; to begin
</comment>
	</term>
	<term id="11">
		<trans lang="en">
			<word>shop; house</word>
		</trans>
		<trans lang="ja">
			<word>屋 (9)</word>
			<alt>や；オク </alt>
		</trans>
		<comment languages="en-ja">屋上 ; おくじょう ; rooftop
肉屋 ; にくや ; meat shop
部屋 ; へや ; room
本屋 ; ほんや ; bookstore
酒屋 ; さかや ; a liquor shop
薬屋 ; くすりや ; a chemist's shop; a pharmacy
</comment>
	</term>
	<term id="12">
		<trans lang="en">
			<word>direction; person</word>
		</trans>
		<trans lang="ja">
			<word>方 (4)</word>
			<alt>かた；がた；ホウ </alt>
		</trans>
		<comment languages="en-ja">味方 ; みかた ; person on one's side
地方 ; ちほう ; locality; district
使い方 ; つかいかた ; way of using; directions for use
仕方 ; しかた ; how to; a method
〜方面 ; 〜ほうめん ; in the direction of ~
関東地方 ; かんとうちほう ; the Kanto District
方向 ; ほうこう ; a direction
両方 ; りょうほう ; both
</comment>
	</term>
	<term id="13">
		<trans lang="en">
			<word>transport; luck</word>
		</trans>
		<trans lang="ja">
			<word>運 (12)</word>
			<alt>ウン；はこ </alt>
		</trans>
		<comment languages="en-ja">運動 ; うんどう ; exercise
運転 ; うんてん ; driving
運ぶ ; はこぶ ; to carry from one place to another; transport
運 ; うん ; luck; fortune
運送 ; うんそう ; conveyance
運転手 ; うんてんしゅ ; driver; chauffeur
運営する ; うんえいする ; to manage
</comment>
	</term>
	<term id="14">
		<trans lang="en">
			<word>to move</word>
		</trans>
		<trans lang="ja">
			<word>動 (11)</word>
			<alt>ドウ；うご </alt>
		</trans>
		<comment languages="en-ja">動物 ; どうぶつ ; animal
活動 ; かつどう ; activity
感動する ; かんどうする ; to be moved
動物園 ; どうぶつえん ; a zoo
移動する ; いどうする ; to move; to remove
</comment>
	</term>
	<term id="15">
		<trans lang="en">
			<word>to teach</word>
		</trans>
		<trans lang="ja">
			<word>教 (11)</word>
			<alt>おし；キョウ </alt>
		</trans>
		<comment languages="en-ja">教える ; おしえる ; to teach
教室 ; きょうしつ ; classroom
教会 ; きょうかい ; church
教科書 ; きょうかしょ ; textbook
教授 ; きょうじゅ ; professor; teaching; instruction
教育 ; きょういく ; education
説教する ; せっきょうする ; to preach
教育水準 ; きょういくすいじゅん ; level of education
</comment>
	</term>
	<term id="16">
		<trans lang="en">
			<word>room</word>
		</trans>
		<trans lang="ja">
			<word>室 (9)</word>
			<alt>シツ </alt>
		</trans>
	</term>
</glossary>
