<?xml version="1.0"?>
<glossary name="19">
	<term id="1">
		<trans lang="en">
			<word>spring</word>
		</trans>
		<trans lang="ja">
			<word>春 (9)</word>
			<alt>はる；シュン </alt>
		</trans>
		<comment languages="en-ja">春 ; はる ; spring
青春 ; せいしゅん ; youth
春分の日 ; しゅんぶんのひ ; the vernal equinox day
早春 ; そうしゅん ; early spring
</comment>
	</term>
	<term id="2">
		<trans lang="en">
			<word>autumn</word>
		</trans>
		<trans lang="ja">
			<word>秋 (9)</word>
			<alt>あき；シュウ </alt>
		</trans>
		<comment languages="en-ja">秋 ; あき ; autumn
秋学期 ; あきがっき ; fall semester
秋分の日 ; しゅうぶんのひ ; the autumnal equinox day
晩秋 ; ばんしゅう ; late autumn
</comment>
	</term>
	<term id="3">
		<trans lang="en">
			<word>winter</word>
		</trans>
		<trans lang="ja">
			<word>冬 (5)</word>
			<alt>ふゆ；トウ </alt>
		</trans>
		<comment languages="en-ja">冬 ; ふゆ ; winter
冬休み ; ふゆやすみ ; winter vacation
暖冬 ; だんとう ; a mild winter
</comment>
	</term>
	<term id="4">
		<trans lang="en">
			<word>flower</word>
		</trans>
		<trans lang="ja">
			<word>花 (7)</word>
			<alt>はな；カ </alt>
		</trans>
		<comment languages="en-ja">花 ; はな ; flower
花見 ; はなみ ; flower viewing
花火 ; はなび ; fireworks
</comment>
	</term>
	<term id="5">
		<trans lang="en">
			<word>Mr.; Ms.; condition</word>
		</trans>
		<trans lang="ja">
			<word>様 (14)</word>
			<alt>さま；ヨウ </alt>
		</trans>
		<comment languages="en-ja">様 ; さま ; Mr./Ms.
お客様 ; おきゃくさま ; dear customer
</comment>
	</term>
	<term id="6">
		<trans lang="en">
			<word>negative; non-</word>
		</trans>
		<trans lang="ja">
			<word>不 (4)</word>
			<alt>フ；ブ </alt>
		</trans>
		<comment languages="en-ja">不安な ; ふあんな ; uneasy
不足 ; ふそく ; insufficiency; shortage; deficiency; lack
</comment>
	</term>
	<term id="7">
		<trans lang="en">
			<word>older sister</word>
		</trans>
		<trans lang="ja">
			<word>姉 (8)</word>
			<alt>あね；ねえ；シ </alt>
		</trans>
		<comment languages="en-ja">姉 ; あね ; older sister
お姉さん ; おねえさん ; older sister
</comment>
	</term>
	<term id="8">
		<trans lang="en">
			<word>older brother</word>
		</trans>
		<trans lang="ja">
			<word>兄 (5)</word>
			<alt>あに；にい；キョウ；ケイ </alt>
		</trans>
		<comment languages="en-ja">兄 ; あに ; older brother
お兄さん ; おにいさん ; older brother
兄弟 ; きょうだい ; brothers; siblings
</comment>
	</term>
	<term id="9">
		<trans lang="en">
			<word>China</word>
		</trans>
		<trans lang="ja">
			<word>漢 (13)</word>
			<alt>カン </alt>
		</trans>
		<comment languages="en-ja">漢字 ; かんじ ; Chinese character
漢字の意味 ; かんじのいみ ; kanji's meaning
</comment>
	</term>
	<term id="10">
		<trans lang="en">
			<word>to graduate</word>
		</trans>
		<trans lang="ja">
			<word>卒 (8)</word>
			<alt>ソツ </alt>
		</trans>
		<comment languages="en-ja">卒業する ; そつぎょうする ; to graduate
卒業 ; そつぎょう ; graduation
卒業式 ; そつぎょうしき ; graduation ceremony
卒業生 ; そつぎょうせい ; a graduate
大学卒 ; だいがくそつ ; a college graduate
</comment>
	</term>
	<term id="11">
		<trans lang="en">
			<word>craft; construction</word>
		</trans>
		<trans lang="ja">
			<word>工 (3)</word>
			<alt>コウ；ク </alt>
		</trans>
		<comment languages="en-ja">工学 ; こうがく ; engineering
工事 ; こうじ ; construction
工場 ; こうじょう ; factory
工業 ; こうぎょう ; industry; manufacturing
工業国 ; こうぎょうこく ; industrialized nation
加工する ; かこうする ; to process
</comment>
	</term>
	<term id="12">
		<trans lang="en">
			<word>to polish; study</word>
		</trans>
		<trans lang="ja">
			<word>研 (9)</word>
			<alt>ケン；と </alt>
		</trans>
		<comment languages="en-ja">研究 ; けんきゅう ; research
研究室 ; けんきゅうしつ ; professor's office
研究所 ; けんきゅうじょ ; research institute
研究機関 ; けんきゅうきかん ; research organization
</comment>
	</term>
	<term id="13">
		<trans lang="en">
			<word>research</word>
		</trans>
		<trans lang="ja">
			<word>究 (7)</word>
			<alt>キュウ；きわ </alt>
		</trans>
		<comment languages="en-ja">研究 ; けんきゅう ; research
研究室 ; けんきゅうしつ ; professor's office
研究所 ; けんきゅうじょ ; research institute
研究機関 ; けんきゅうきかん ; research organization
</comment>
	</term>
	<term id="14">
		<trans lang="en">
			<word>quality; matter</word>
		</trans>
		<trans lang="ja">
			<word>質 (15)</word>
			<alt>シツ；シチ </alt>
		</trans>
		<comment languages="en-ja">質問 ; しつもん ; question
品質 ; ひんしつ ; quality
</comment>
	</term>
	<term id="15">
		<trans lang="en">
			<word>question</word>
		</trans>
		<trans lang="ja">
			<word>問 (11)</word>
			<alt>モン；と </alt>
		</trans>
		<comment languages="en-ja">問題 ; もんだい ; problem; issue
質問 ; しつもん ; question
問題 ; もんだい ; problem
訪問する ; ほうもんする ; to pay a visit
</comment>
	</term>
	<term id="16">
		<trans lang="en">
			<word>many; much</word>
		</trans>
		<trans lang="ja">
			<word>多 (6)</word>
			<alt>おお；タ </alt>
		</trans>
	</term>
</glossary>
