<?xml version="1.0"?>
<glossary id="398" name="p246-248" author="Frédéric Bergeron">
	<desc></desc>
	<term id="1">
		<trans lang="es">
			<word>lagarto</word>
		</trans>
		<trans lang="fr">
			<word>petit lézard</word>
		</trans>
	</term>
	<term id="2">
		<trans lang="es">
			<word>mirlo</word>
		</trans>
		<trans lang="fr">
			<word>merle</word>
		</trans>
	</term>
	<term id="3">
		<trans lang="es">
			<word>rana</word>
		</trans>
		<trans lang="fr">
			<word>grenouille</word>
		</trans>
	</term>
</glossary>
