<?xml version="1.0"?>
<glossary id="139" name="05" author="Frédéric Bergeron">
	<desc></desc>
	<term id="1">
		<trans lang="es">
			<word>pasmo</word>
		</trans>
		<trans lang="fr">
			<word>stupéfaction</word>
		</trans>
	</term>
	<term id="2">
		<trans lang="es">
			<word>apostar</word>
		</trans>
		<trans lang="fr">
			<word>parier</word>
		</trans>
	</term>
	<term id="3">
		<trans lang="es">
			<word>antaño</word>
		</trans>
		<trans lang="fr">
			<word>autrefois,jadis</word>
		</trans>
	</term>
	<term id="4">
		<trans lang="es">
			<word>apegarse</word>
		</trans>
		<trans lang="fr">
			<word>s'attacher</word>
		</trans>
	</term>
	<term id="5">
		<trans lang="es">
			<word>rebaño</word>
		</trans>
		<trans lang="fr">
			<word>troupeau</word>
		</trans>
	</term>
	<term id="6">
		<trans lang="es">
			<word>quebranto</word>
		</trans>
		<trans lang="fr">
			<word>affaiblissement</word>
		</trans>
	</term>
	<term id="7">
		<trans lang="es">
			<word>conmovido(a)</word>
		</trans>
		<trans lang="fr">
			<word>ému(e)</word>
		</trans>
	</term>
	<term id="8">
		<trans lang="es">
			<word>florido(a)</word>
		</trans>
		<trans lang="fr">
			<word>fleuri(e)</word>
		</trans>
	</term>
</glossary>
