<?xml version="1.0"?>
<glossary id="135" name="01" author="Frédéric Bergeron">
	<desc></desc>
	<term id="1">
		<trans lang="es">
			<word>granja</word>
		</trans>
		<trans lang="fr">
			<word>ferme (n.)</word>
		</trans>
	</term>
	<term id="2">
		<trans lang="es">
			<word>recorrer</word>
		</trans>
		<trans lang="fr">
			<word>parcourir</word>
		</trans>
	</term>
	<term id="3">
		<trans lang="es">
			<word>recorrido</word>
		</trans>
		<trans lang="fr">
			<word>parcours</word>
		</trans>
	</term>
	<term id="4">
		<trans lang="es">
			<word>careta</word>
		</trans>
		<trans lang="fr">
			<word>masque</word>
		</trans>
	</term>
	<term id="5">
		<trans lang="es">
			<word>semejante</word>
		</trans>
		<trans lang="fr">
			<word>semblable</word>
		</trans>
		<comment languages="es-fr">Su madre se había encolerizado y le había dicho que no mencionara nunca más semejantes cosas.
Sa mère s'était fâchée et lui avait dit de ne plus jamais mentionner de choses semblables.</comment>
	</term>
	<term id="6">
		<trans lang="es">
			<word>yermo(a)</word>
		</trans>
		<trans lang="fr">
			<word>désert(e)</word>
		</trans>
	</term>
	<term id="7">
		<trans lang="es">
			<word>rechoncho(a)</word>
		</trans>
		<trans lang="fr">
			<word>trapu(e)</word>
		</trans>
	</term>
	<term id="8">
		<trans lang="es">
			<word>paladar</word>
		</trans>
		<trans lang="fr">
			<word>palais (bouche)</word>
		</trans>
		<comment languages="es-fr">Desde hacía un tiempo, la lengua se le pegaba cada vez más al paladar e presencía de él, y la causa de ese atasco le causaba perturbación.
Depuis quelque temps, sa langue se collait à son palais en sa présence (de lui) et la cause de cette embouteillage la dérangeait.</comment>
	</term>
	<term id="9">
		<trans lang="es">
			<word>atasco</word>
		</trans>
		<trans lang="fr">
			<word>embouteillage</word>
		</trans>
		<comment languages="es-fr">Desde hacía un tiempo, la lengua se le pegaba cada vez más al paladar e presencía de él, y la causa de ese atasco le causaba perturbación.
Depuis quelque temps, sa langue se collait à son palais en sa présence (de lui) et la cause de cette embouteillage la dérangeait.</comment>
	</term>
	<term id="10">
		<trans lang="es">
			<word>enternecer</word>
		</trans>
		<trans lang="fr">
			<word>attendrir</word>
		</trans>
	</term>
	<term id="11">
		<trans lang="es">
			<word>ahogar(se)</word>
		</trans>
		<trans lang="fr">
			<word>noyer (se)</word>
		</trans>
	</term>
	<term id="12">
		<trans lang="es">
			<word>abarrotar</word>
		</trans>
		<trans lang="fr">
			<word>remplir</word>
		</trans>
	</term>
	<term id="13">
		<trans lang="es">
			<word>zumbar</word>
		</trans>
		<trans lang="fr">
			<word>bourdonner,ronfler,vrombrir</word>
		</trans>
	</term>
	<term id="14">
		<trans lang="es">
			<word>barruntar</word>
		</trans>
		<trans lang="fr">
			<word>pressentir</word>
		</trans>
	</term>
</glossary>
