<?xml version="1.0"?>
<glossary id="323" name="JBPI-26" author="">
	<desc></desc>
	<term id="1">
		<trans lang="en">
			<word>Good evening.</word>
		</trans>
		<trans lang="ja">
			<word>こんばんは</word>
			<alt>kombanwa</alt>
		</trans>
	</term>
	<term id="2">
		<trans lang="en">
			<word>be happy, be pleased</word>
		</trans>
		<trans lang="ja">
			<word>よろこぶ</word>
			<alt>yorokobu</alt>
		</trans>
	</term>
	<term id="3">
		<trans lang="en">
			<word>day, sun</word>
		</trans>
		<trans lang="ja">
			<word>日</word>
			<alt>hi</alt>
		</trans>
	</term>
	<term id="4">
		<trans lang="en">
			<word>invitation</word>
		</trans>
		<trans lang="ja">
			<word>まねき</word>
			<alt>maneki</alt>
		</trans>
	</term>
	<term id="5">
		<trans lang="en">
			<word>wine</word>
		</trans>
		<trans lang="ja">
			<word>ワイン</word>
			<alt>wain</alt>
		</trans>
	</term>
	<term id="6">
		<trans lang="en">
			<word>everyone, all (hon.)</word>
		</trans>
		<trans lang="ja">
			<word>みなさん</word>
			<alt>minasan</alt>
		</trans>
	</term>
	<term id="7">
		<trans lang="en">
			<word>everyone, all, everything</word>
		</trans>
		<trans lang="ja">
			<word>みんな</word>
			<alt>minna</alt>
		</trans>
	</term>
	<term id="8">
		<trans lang="en">
			<word>slow, late</word>
		</trans>
		<trans lang="ja">
			<word>おそい</word>
			<alt>osoi</alt>
		</trans>
	</term>
	<term id="9">
		<trans lang="en">
			<word>tsukete    Take care., Be careful.</word>
		</trans>
		<trans lang="ja">
			<word>きをつけて</word>
			<alt>kiwo</alt>
		</trans>
	</term>
	<term id="10">
		<trans lang="en">
			<word>nasai   Good night., Sleep well.</word>
		</trans>
		<trans lang="ja">
			<word>おやすみなさい</word>
			<alt>oyasumi</alt>
		</trans>
	</term>
</glossary>
