<?xml version="1.0"?>
<glossary id="261" name="48" author="Frédéric Bergeron">
	<desc></desc>
	<term id="1">
		<trans lang="en">
			<word>mountainous district</word>
		</trans>
		<trans lang="ja">
			<word>山地</word>
			<alt>さんち</alt>
		</trans>
		<comment languages="en-ja">日本に産地が多い。
There are a lot of mountainous districts in Japan.</comment>
	</term>
	<term id="2">
		<trans lang="en">
			<word>mountain range</word>
		</trans>
		<trans lang="ja">
			<word>山脈</word>
			<alt>さんみゃく</alt>
		</trans>
		<comment languages="en-ja">長い山脈が走る。
A long mountain range stretches there.</comment>
	</term>
	<term id="3">
		<trans lang="en">
			<word>(human) life</word>
		</trans>
		<trans lang="ja">
			<word>人命</word>
			<alt>じんめい</alt>
		</trans>
		<comment languages="en-ja">人命を救う。
They rescue lifes.</comment>
	</term>
	<term id="4">
		<trans lang="en">
			<word>to rescue from,to help out of</word>
		</trans>
		<trans lang="ja">
			<word>救う</word>
			<alt>すくう</alt>
		</trans>
		<comment languages="en-ja">人命を救う。
They rescue lifes.</comment>
	</term>
	<term id="5">
		<trans lang="en">
			<word>obstacle</word>
		</trans>
		<trans lang="ja">
			<word>障害</word>
			<alt>しょうがい</alt>
		</trans>
		<comment languages="en-ja">生活に障害をもたらす。
Life brings obstacle. (?)</comment>
	</term>
	<term id="6">
		<trans lang="en">
			<word>pesty bug</word>
		</trans>
		<trans lang="ja">
			<word>害虫</word>
			<alt>がいちゅう</alt>
		</trans>
		<comment languages="en-ja">害虫を防ぐ動力をする。
He puts efforts to protect against the bugs.</comment>
	</term>
	<term id="7">
		<trans lang="en">
			<word>to defend (against),to protect,to prevent</word>
		</trans>
		<trans lang="ja">
			<word>防ぐ(する)</word>
			<alt>ふせぐ(する)</alt>
		</trans>
		<comment languages="en-ja">害虫を防ぐ動力をする。
He puts efforts to protect against the bugs.</comment>
	</term>
	<term id="8">
		<trans lang="en">
			<word>context</word>
		</trans>
		<trans lang="ja">
			<word>文脈</word>
			<alt>ぶんみゃく</alt>
		</trans>
		<comment languages="en-ja">言葉の意味は文脈によって変わりうる。
The meaning of words can change according to their context.</comment>
	</term>
	<term id="9">
		<trans lang="en">
			<word>personal experience</word>
		</trans>
		<trans lang="ja">
			<word>体験</word>
			<alt>たいけん</alt>
		</trans>
	</term>
	<term id="10">
		<trans lang="en">
			<word>life,existence</word>
		</trans>
		<trans lang="ja">
			<word>生命</word>
			<alt>せいめい</alt>
		</trans>
		<comment languages="en-ja">生命の不思議を考える。
She ponders about the mysteries of life.</comment>
	</term>
	<term id="11">
		<trans lang="en">
			<word>water damage,flood disaster</word>
		</trans>
		<trans lang="ja">
			<word>水害</word>
			<alt>すいがい</alt>
		</trans>
		<comment languages="en-ja">雨量が多くて水害になった。
The amount of rain was too much and it turned into a flood.</comment>
	</term>
	<term id="12">
		<trans lang="en">
			<word>our country,our land</word>
		</trans>
		<trans lang="ja">
			<word>わが国</word>
			<alt>わがくに</alt>
		</trans>
	</term>
	<term id="13">
		<trans lang="en">
			<word>experiment</word>
		</trans>
		<trans lang="ja">
			<word>実験</word>
			<alt>じっけん</alt>
		</trans>
		<comment languages="en-ja">その実験は失敗だった。
That experiment was failure.</comment>
	</term>
</glossary>
