<?xml version="1.0"?>
<glossary id="325" name="JCS3-26" author="">
	<desc></desc>
	<term id="1">
		<trans lang="en">
			<word>get to know, learn of   +</word>
		</trans>
		<trans lang="ja">
			<word>知る</word>
			<alt>shiru</alt>
		</trans>
	</term>
	<term id="2">
		<trans lang="en">
			<word>way of doing ("V[i]-")   +</word>
		</trans>
		<trans lang="ja">
			<word>~方</word>
			<alt>-kata</alt>
		</trans>
	</term>
	<term id="3">
		<trans lang="en">
			<word>reading, way of reading</word>
		</trans>
		<trans lang="ja">
			<word>読み方</word>
			<alt>yomikata</alt>
		</trans>
	</term>
	<term id="4">
		<trans lang="en">
			<word>evening</word>
		</trans>
		<trans lang="ja">
			<word>夕方</word>
			<alt>yuugata</alt>
		</trans>
	</term>
	<term id="5">
		<trans lang="en">
			<word>stand, stand up   +</word>
		</trans>
		<trans lang="ja">
			<word>立つ</word>
			<alt>tatsu</alt>
		</trans>
	</term>
	<term id="6">
		<trans lang="en">
			<word>national, state</word>
		</trans>
		<trans lang="ja">
			<word>国立 [の]</word>
			<alt>kokuritsu</alt>
		</trans>
	</term>
	<term id="7">
		<trans lang="en">
			<word>I, me (formal)   +</word>
		</trans>
		<trans lang="ja">
			<word>私</word>
			<alt>watashi</alt>
		</trans>
	</term>
	<term id="8">
		<trans lang="en">
			<word>get up, wake up   +</word>
		</trans>
		<trans lang="ja">
			<word>起きる</word>
			<alt>okiru</alt>
		</trans>
	</term>
	<term id="9">
		<trans lang="en">
			<word>happen, occur</word>
		</trans>
		<trans lang="ja">
			<word>起こる</word>
			<alt>okoru</alt>
		</trans>
	</term>
	<term id="10">
		<trans lang="en">
			<word>I, me (very formal)</word>
		</trans>
		<trans lang="ja">
			<word>私</word>
			<alt>watakushi</alt>
		</trans>
	</term>
	<term id="11">
		<trans lang="en">
			<word>teacher (profession)</word>
		</trans>
		<trans lang="ja">
			<word>教し</word>
			<alt>kyooshi</alt>
		</trans>
	</term>
	<term id="12">
		<trans lang="en">
			<word>residence</word>
		</trans>
		<trans lang="ja">
			<word>住まい</word>
			<alt>sumai</alt>
		</trans>
	</term>
	<term id="13">
		<trans lang="en">
			<word>who? (formal)</word>
		</trans>
		<trans lang="ja">
			<word>どなた</word>
			<alt>donata</alt>
		</trans>
	</term>
	<term id="14">
		<trans lang="en">
			<word>meeting place, gathering spot</word>
		</trans>
		<trans lang="ja">
			<word>会じょう</word>
			<alt>kaijoo</alt>
		</trans>
	</term>
	<term id="15">
		<trans lang="en">
			<word>lavatory, bathroom</word>
		</trans>
		<trans lang="ja">
			<word>お手あらい</word>
			<alt>otearai</alt>
		</trans>
	</term>
	<term id="16">
		<trans lang="en">
			<word># floor</word>
		</trans>
		<trans lang="ja">
			<word>~かい</word>
			<alt>-kai</alt>
		</trans>
	</term>
	<term id="17">
		<trans lang="en">
			<word>friend</word>
		</trans>
		<trans lang="ja">
			<word>友人</word>
			<alt>yuujin</alt>
		</trans>
	</term>
	<term id="18">
		<trans lang="en">
			<word>section chief</word>
		</trans>
		<trans lang="ja">
			<word>ぶ長</word>
			<alt>buchoo</alt>
		</trans>
	</term>
	<term id="19">
		<trans lang="en">
			<word>power   +</word>
		</trans>
		<trans lang="ja">
			<word>力</word>
			<alt>chikara</alt>
		</trans>
	</term>
	<term id="20">
		<trans lang="en">
			<word>industry, manufacturing   +</word>
		</trans>
		<trans lang="ja">
			<word>工業</word>
			<alt>koogyoo</alt>
		</trans>
	</term>
	<term id="21">
		<trans lang="en">
			<word>run   +</word>
		</trans>
		<trans lang="ja">
			<word>走る</word>
			<alt>hashiru</alt>
		</trans>
	</term>
	<term id="23">
		<trans lang="en">
			<word>be, come, go (= "iru/ kuru/ iku", hon.)</word>
		</trans>
		<trans lang="ja">
			<word>いらっしやる</word>
			<alt>irassharu</alt>
		</trans>
	</term>
	<term id="24">
		<trans lang="en">
			<word>do (= "suru", hon.)</word>
		</trans>
		<trans lang="ja">
			<word>なさる</word>
			<alt>nasaru</alt>
		</trans>
	</term>
	<term id="25">
		<trans lang="en">
			<word>see (= "miru", hon.)</word>
		</trans>
		<trans lang="ja">
			<word>ごらんになる</word>
			<alt>goranni naru</alt>
		</trans>
	</term>
	<term id="26">
		<trans lang="en">
			<word>know (= "shitte iru", hon.)</word>
		</trans>
		<trans lang="ja">
			<word>ごぞん知だ</word>
			<alt>gozonjida</alt>
		</trans>
	</term>
	<term id="27">
		<trans lang="en">
			<word>eat, drink (= "taberu/ nomu", hon.)</word>
		</trans>
		<trans lang="ja">
			<word>めし上がる</word>
			<alt>meshiagaru</alt>
		</trans>
	</term>
	<term id="28">
		<trans lang="en">
			<word>say (= "iu", hon.)</word>
		</trans>
		<trans lang="ja">
			<word>おっしゃる</word>
			<alt>ossharu</alt>
		</trans>
	</term>
	<term id="29">
		<trans lang="en">
			<word>be (= "-da", hon.)</word>
		</trans>
		<trans lang="ja">
			<word>~でいらっしやる</word>
			<alt>-deirassharu</alt>
		</trans>
	</term>
	<term id="30">
		<trans lang="en">
			<word>person (= "hito", hon.)</word>
		</trans>
		<trans lang="ja">
			<word>方</word>
			<alt>kata</alt>
		</trans>
	</term>
	<term id="31">
		<trans lang="en">
			<word>Mr, Mrs (= "-san", hon.)</word>
		</trans>
		<trans lang="ja">
			<word>~さま</word>
			<alt>-sama</alt>
		</trans>
	</term>
	<term id="33">
		<trans lang="en">
			<word>see (= "miru", humble)</word>
		</trans>
		<trans lang="ja">
			<word>はい見する</word>
			<alt>haikensuru</alt>
		</trans>
	</term>
	<term id="34">
		<trans lang="en">
			<word>do (= "suru", humble)</word>
		</trans>
		<trans lang="ja">
			<word>いたす</word>
			<alt>itasu</alt>
		</trans>
	</term>
	<term id="35">
		<trans lang="en">
			<word>come, go (= "kuru/ iku", humble)</word>
		</trans>
		<trans lang="ja">
			<word>まいる</word>
			<alt>mairu</alt>
		</trans>
	</term>
	<term id="36">
		<trans lang="en">
			<word>kakaru    meet (= "au", humble)</word>
		</trans>
		<trans lang="ja">
			<word>お目にかかる</word>
			<alt>omeni</alt>
		</trans>
	</term>
	<term id="37">
		<trans lang="en">
			<word>be (= "iru", humble)</word>
		</trans>
		<trans lang="ja">
			<word>おる</word>
			<alt>oru</alt>
		</trans>
	</term>
	<term id="38">
		<trans lang="en">
			<word>know (= "shitte iru", humble)</word>
		</trans>
		<trans lang="ja">
			<word>ぞんじている</word>
			<alt>zonjiteiru</alt>
		</trans>
	</term>
	<term id="39">
		<trans lang="en">
			<word>be (= "-da", humble)</word>
		</trans>
		<trans lang="ja">
			<word>~でございます</word>
			<alt>-degozaimasu</alt>
		</trans>
	</term>
	<term id="41">
		<trans lang="en">
			<word>be, exist (= "aru", pol.)</word>
		</trans>
		<trans lang="ja">
			<word>ございます</word>
			<alt>gozaimasu</alt>
		</trans>
	</term>
</glossary>
