<?xml version="1.0"?>
<glossary id="305" name="JBPII-14" author="">
	<desc></desc>
	<term id="1">
		<trans lang="en">
			<word>drink   +</word>
		</trans>
		<trans lang="ja">
			<word>飲む</word>
			<alt>nomu</alt>
		</trans>
	</term>
	<term id="2">
		<trans lang="en">
			<word>end, finish, be over   +</word>
		</trans>
		<trans lang="ja">
			<word>終わる</word>
			<alt>owaru</alt>
		</trans>
	</term>
	<term id="3">
		<trans lang="en">
			<word>top, above   +</word>
		</trans>
		<trans lang="ja">
			<word>上</word>
			<alt>ue</alt>
		</trans>
	</term>
	<term id="4">
		<trans lang="en">
			<word>more than (suff.)</word>
		</trans>
		<trans lang="ja">
			<word>~い上</word>
			<alt>-ijoo</alt>
		</trans>
	</term>
	<term id="5">
		<trans lang="en">
			<word>move, run, operate   +</word>
		</trans>
		<trans lang="ja">
			<word>動く</word>
			<alt>ugoku</alt>
		</trans>
	</term>
	<term id="6">
		<trans lang="en">
			<word>black   +</word>
		</trans>
		<trans lang="ja">
			<word>黒い</word>
			<alt>kuroi</alt>
		</trans>
	</term>
	<term id="7">
		<trans lang="en">
			<word>negro</word>
		</trans>
		<trans lang="ja">
			<word>黒人</word>
			<alt>kokujin</alt>
		</trans>
	</term>
	<term id="8">
		<trans lang="en">
			<word>spirit, mind, heart   +</word>
		</trans>
		<trans lang="ja">
			<word>心</word>
			<alt>kokoro</alt>
		</trans>
	</term>
	<term id="9">
		<trans lang="en">
			<word>peace of mind, be relieved</word>
		</trans>
		<trans lang="ja">
			<word>安心 [する]</word>
			<alt>anshin</alt>
		</trans>
	</term>
	<term id="10">
		<trans lang="en">
			<word>sumo, wrestling</word>
		</trans>
		<trans lang="ja">
			<word>すもう</word>
			<alt>sumoo</alt>
		</trans>
	</term>
	<term id="11">
		<trans lang="en">
			<word>first day, opening day</word>
		</trans>
		<trans lang="ja">
			<word>しょ日</word>
			<alt>shonichi</alt>
		</trans>
	</term>
	<term id="12">
		<trans lang="en">
			<word>always</word>
		</trans>
		<trans lang="ja">
			<word>いつも</word>
			<alt>itsumo</alt>
		</trans>
	</term>
	<term id="13">
		<trans lang="en">
			<word>overcrowded, full (of people)</word>
		</trans>
		<trans lang="ja">
			<word>まんいん [の]</word>
			<alt>man'in</alt>
		</trans>
	</term>
	<term id="14">
		<trans lang="en">
			<word>can see, be visible ("ga")</word>
		</trans>
		<trans lang="ja">
			<word>見える</word>
			<alt>mieru</alt>
		</trans>
	</term>
	<term id="15">
		<trans lang="en">
			<word>grilled chicken</word>
		</trans>
		<trans lang="ja">
			<word>やきとり</word>
			<alt>yakitori</alt>
		</trans>
	</term>
	<term id="16">
		<trans lang="en">
			<word>match, bout</word>
		</trans>
		<trans lang="ja">
			<word>とりくみ</word>
			<alt>torikumi</alt>
		</trans>
	</term>
	<term id="17">
		<trans lang="en">
			<word>announcement</word>
		</trans>
		<trans lang="ja">
			<word>アナウンス</word>
			<alt>anaunsu</alt>
		</trans>
	</term>
	<term id="18">
		<trans lang="en">
			<word>can hear, be audible ("ga")</word>
		</trans>
		<trans lang="ja">
			<word>聞こえる</word>
			<alt>kikoeru</alt>
		</trans>
	</term>
	<term id="19">
		<trans lang="en">
			<word>ring (sumo)</word>
		</trans>
		<trans lang="ja">
			<word>どひょう</word>
			<alt>dohyoo</alt>
		</trans>
	</term>
	<term id="20">
		<trans lang="en">
			<word>flashy, gorgeous</word>
		</trans>
		<trans lang="ja">
			<word>はで [な]</word>
			<alt>hade</alt>
		</trans>
	</term>
	<term id="21">
		<trans lang="en">
			<word>kimono, clothes</word>
		</trans>
		<trans lang="ja">
			<word>着もの</word>
			<alt>kimono</alt>
		</trans>
	</term>
	<term id="22">
		<trans lang="en">
			<word>move around</word>
		</trans>
		<trans lang="ja">
			<word>動きまわる</word>
			<alt>ugokimawaru</alt>
		</trans>
	</term>
	<term id="23">
		<trans lang="en">
			<word>what kind of?</word>
		</trans>
		<trans lang="ja">
			<word>どういう</word>
			<alt>dooiu</alt>
		</trans>
	</term>
	<term id="24">
		<trans lang="en">
			<word>referee</word>
		</trans>
		<trans lang="ja">
			<word>ぎょうじ</word>
			<alt>gyooji</alt>
		</trans>
	</term>
	<term id="25">
		<trans lang="en">
			<word>judge</word>
		</trans>
		<trans lang="ja">
			<word>ジャッジ</word>
			<alt>jajji</alt>
		</trans>
	</term>
	<term id="26">
		<trans lang="en">
			<word>surroundings, around</word>
		</trans>
		<trans lang="ja">
			<word>まわり</word>
			<alt>mawari</alt>
		</trans>
	</term>
	<term id="27">
		<trans lang="en">
			<word>real, really</word>
		</trans>
		<trans lang="ja">
			<word>本とう [の/に]</word>
			<alt>hontoo</alt>
		</trans>
	</term>
	<term id="28">
		<trans lang="en">
			<word>wrestler (sumo)</word>
		</trans>
		<trans lang="ja">
			<word>りきし</word>
			<alt>rikishi</alt>
		</trans>
	</term>
	<term id="29">
		<trans lang="en">
			<word>eminent, grand</word>
		</trans>
		<trans lang="ja">
			<word>えらい</word>
			<alt>erai</alt>
		</trans>
	</term>
	<term id="30">
		<trans lang="en">
			<word>decision, determine</word>
		</trans>
		<trans lang="ja">
			<word>けってい [する]</word>
			<alt>kettei</alt>
		</trans>
	</term>
	<term id="31">
		<trans lang="en">
			<word>authority, decisive say</word>
		</trans>
		<trans lang="ja">
			<word>~けん</word>
			<alt>-ken</alt>
		</trans>
	</term>
	<term id="32">
		<trans lang="en">
			<word>understanding, consent</word>
		</trans>
		<trans lang="ja">
			<word>なっとく [する]</word>
			<alt>nattoku</alt>
		</trans>
	</term>
	<term id="33">
		<trans lang="en">
			<word>speaking, utterance</word>
		</trans>
		<trans lang="ja">
			<word>発言 [する]</word>
			<alt>hatsugen</alt>
		</trans>
	</term>
	<term id="34">
		<trans lang="en">
			<word>right to speak, a voice</word>
		</trans>
		<trans lang="ja">
			<word>~けん</word>
			<alt>-ken</alt>
		</trans>
	</term>
	<term id="35">
		<trans lang="en">
			<word>middle of the night, midnight</word>
		</trans>
		<trans lang="ja">
			<word>よ中</word>
			<alt>yonaka</alt>
		</trans>
	</term>
	<term id="36">
		<trans lang="en">
			<word>be surprised</word>
		</trans>
		<trans lang="ja">
			<word>おどろく</word>
			<alt>odoroku</alt>
		</trans>
	</term>
	<term id="37">
		<trans lang="en">
			<word>reply, answer</word>
		</trans>
		<trans lang="ja">
			<word>へんじ [する]</word>
			<alt>henji</alt>
		</trans>
	</term>
	<term id="38">
		<trans lang="en">
			<word>be disappointed</word>
		</trans>
		<trans lang="ja">
			<word>がっかりする</word>
			<alt>gakkarisuru</alt>
		</trans>
	</term>
	<term id="39">
		<trans lang="en">
			<word>run</word>
		</trans>
		<trans lang="ja">
			<word>はしる</word>
			<alt>hashiru</alt>
		</trans>
	</term>
	<term id="40">
		<trans lang="en">
			<word>gather, collect (s.th.)</word>
		</trans>
		<trans lang="ja">
			<word>あつめる</word>
			<alt>atsumeru</alt>
		</trans>
	</term>
	<term id="41">
		<trans lang="en">
			<word>troublesome, annoying</word>
		</trans>
		<trans lang="ja">
			<word>めんどう [な]</word>
			<alt>mendoo</alt>
		</trans>
	</term>
	<term id="42">
		<trans lang="en">
			<word>joke</word>
		</trans>
		<trans lang="ja">
			<word>じょうだん</word>
			<alt>joodan</alt>
		</trans>
	</term>
	<term id="44">
		<trans lang="en">
			<word>homework</word>
		</trans>
		<trans lang="ja">
			<word>しゅくだい</word>
			<alt>shukudai</alt>
		</trans>
	</term>
	<term id="45">
		<trans lang="en">
			<word>soap</word>
		</trans>
		<trans lang="ja">
			<word>せっけん</word>
			<alt>sekken</alt>
		</trans>
	</term>
	<term id="46">
		<trans lang="en">
			<word>tower</word>
		</trans>
		<trans lang="ja">
			<word>タワー</word>
			<alt>tawaa</alt>
		</trans>
	</term>
	<term id="47">
		<trans lang="en">
			<word>long distance, far away</word>
		</trans>
		<trans lang="ja">
			<word>とおく [の]</word>
			<alt>tooku</alt>
		</trans>
	</term>
	<term id="48">
		<trans lang="en">
			<word>play (guitar, piano, violin)</word>
		</trans>
		<trans lang="ja">
			<word>ひく</word>
			<alt>hiku</alt>
		</trans>
	</term>
	<term id="49">
		<trans lang="en">
			<word>tooi    I can't hear you. (phone)</word>
		</trans>
		<trans lang="ja">
			<word>電話がとおい</word>
			<alt>denwaga</alt>
		</trans>
	</term>
</glossary>
