<?xml version="1.0"?>
<glossary id="275" name="54" author="Frédéric Bergeron">
	<desc></desc>
	<term id="1" imagePath="1.gif">
		<trans lang="en">
			<word>vegetable</word>
		</trans>
		<trans lang="ja">
			<word>野菜</word>
			<alt>やさい</alt>
		</trans>
	</term>
	<term id="2">
		<trans lang="en">
			<word>lack of water</word>
		</trans>
		<trans lang="ja">
			<word>水不足</word>
			<alt>みずぶそく</alt>
		</trans>
		<comment languages="en-ja">この植物は水不足で枯れかかっている。
This plant is dying for want of water.</comment>
	</term>
	<term id="3" imagePath="3.gif">
		<trans lang="en">
			<word>cancellation,liquidation</word>
		</trans>
		<trans lang="ja">
			<word>解消</word>
			<alt>かいしょう</alt>
		</trans>
	</term>
	<term id="4" imagePath="4.gif">
		<trans lang="en">
			<word>health,sound,wholesome</word>
		</trans>
		<trans lang="ja">
			<word>健康</word>
			<alt>けんこう</alt>
		</trans>
	</term>
	<term id="5" imagePath="5.gif">
		<trans lang="en">
			<word>reflection,reconsideration,introspection,meditation,contemplation (to)</word>
		</trans>
		<trans lang="ja">
			<word>反省(する)</word>
			<alt>はんせい(する)</alt>
		</trans>
	</term>
	<term id="6" imagePath="6.gif">
		<trans lang="en">
			<word>downstream,lower reaches of a river,lower classes</word>
		</trans>
		<trans lang="ja">
			<word>下流</word>
			<alt>かりゅう</alt>
		</trans>
	</term>
	<term id="7" imagePath="7.gif">
		<trans lang="en">
			<word>digestion (to)</word>
		</trans>
		<trans lang="ja">
			<word>消化(する)</word>
			<alt>しょうか(する)</alt>
		</trans>
	</term>
	<term id="8" imagePath="8.gif">
		<trans lang="en">
			<word>vegetable garden</word>
		</trans>
		<trans lang="ja">
			<word>菜園</word>
			<alt>さいえん</alt>
		</trans>
		<comment languages="en-ja">自家用の菜園で野菜を作る。
He grows vegetables in his own garden.</comment>
	</term>
	<term id="9">
		<trans lang="en">
			<word>own</word>
		</trans>
		<trans lang="ja">
			<word>自家用</word>
			<alt>じかよう</alt>
		</trans>
		<comment languages="en-ja">彼は自家用車を持っている。
He drives his own car.</comment>
	</term>
	<term id="10" imagePath="10.gif">
		<trans lang="en">
			<word>inferior,base,vulgar,low grade,lower class</word>
		</trans>
		<trans lang="ja">
			<word>下等</word>
			<alt>かとう</alt>
		</trans>
	</term>
	<term id="11" imagePath="11.gif">
		<trans lang="en">
			<word>fire fighting,extinguishing a fire (to)</word>
		</trans>
		<trans lang="ja">
			<word>消火(する)</word>
			<alt>しょうか(する)</alt>
		</trans>
	</term>
	<term id="12" imagePath="12.gif">
		<trans lang="en">
			<word>health,soundness,wholesome</word>
		</trans>
		<trans lang="ja">
			<word>健全</word>
			<alt>けんぜん</alt>
		</trans>
	</term>
	<term id="13">
		<trans lang="en">
			<word>to be brought up,to raise,to rear,to bring up</word>
		</trans>
		<trans lang="ja">
			<word>育てる</word>
			<alt>そだてる</alt>
		</trans>
	</term>
	<term id="14">
		<trans lang="en">
			<word>doctrine,rule,principle</word>
		</trans>
		<trans lang="ja">
			<word>主義</word>
			<alt>しゅぎ</alt>
		</trans>
	</term>
	<term id="15" imagePath="15.gif">
		<trans lang="en">
			<word>vegetable diet</word>
		</trans>
		<trans lang="ja">
			<word>菜食</word>
			<alt>さいしょく</alt>
		</trans>
	</term>
	<term id="16" imagePath="16.gif">
		<trans lang="en">
			<word>weather,climate</word>
		</trans>
		<trans lang="ja">
			<word>気象</word>
			<alt>きしょう</alt>
		</trans>
	</term>
	<term id="17">
		<trans lang="en">
			<word>broadcast,broadcasting</word>
		</trans>
		<trans lang="ja">
			<word>放送</word>
			<alt>ほうそう</alt>
		</trans>
	</term>
</glossary>
