<?xml version="1.0"?>
<glossary id="403" name="Qualités personnelles" author="Frédéric Bergeron">
	<desc></desc>
	<term id="1">
		<trans lang="de">
			<word>nett</word>
		</trans>
		<trans lang="fr">
			<word>gentil</word>
		</trans>
	</term>
	<term id="2">
		<trans lang="de">
			<word>alt</word>
		</trans>
		<trans lang="fr">
			<word>vieux</word>
		</trans>
	</term>
	<term id="3">
		<trans lang="de">
			<word>jung</word>
		</trans>
		<trans lang="fr">
			<word>jeune</word>
		</trans>
	</term>
	<term id="4">
		<trans lang="de">
			<word>groß</word>
		</trans>
		<trans lang="fr">
			<word>grand/gros</word>
		</trans>
	</term>
	<term id="5">
		<trans lang="de">
			<word>klein</word>
		</trans>
		<trans lang="fr">
			<word>petit</word>
		</trans>
	</term>
	<term id="6">
		<trans lang="de">
			<word>hübsch</word>
		</trans>
		<trans lang="fr">
			<word>beau,mignon</word>
		</trans>
	</term>
	<term id="7">
		<trans lang="de">
			<word>schön</word>
		</trans>
		<trans lang="fr">
			<word>beau</word>
		</trans>
	</term>
	<term id="8">
		<trans lang="de">
			<word>dick</word>
		</trans>
		<trans lang="fr">
			<word>gras/gros</word>
		</trans>
	</term>
	<term id="9">
		<trans lang="de">
			<word>dünn,schlank</word>
		</trans>
		<trans lang="fr">
			<word>mince</word>
		</trans>
		<comment languages="de-fr">Pour les personnes, on utilise surtout schlank.  Pour les objets, dünn.</comment>
	</term>
	<term id="10">
		<trans lang="de">
			<word>freundlich</word>
		</trans>
		<trans lang="fr">
			<word>amical</word>
		</trans>
	</term>
	<term id="11">
		<trans lang="de">
			<word>fleißig</word>
		</trans>
		<trans lang="fr">
			<word>appliqué,assidu,travaillant</word>
		</trans>
	</term>
	<term id="12">
		<trans lang="de">
			<word>faul</word>
		</trans>
		<trans lang="fr">
			<word>paresseux,fainéant</word>
		</trans>
	</term>
	<term id="13">
		<trans lang="de">
			<word>lustig</word>
		</trans>
		<trans lang="fr">
			<word>gai,joyeux,amusant,drôle</word>
		</trans>
	</term>
	<term id="14">
		<trans lang="de">
			<word>interessant</word>
		</trans>
		<trans lang="fr">
			<word>intéressant</word>
		</trans>
	</term>
	<term id="15">
		<trans lang="de">
			<word>langweilig</word>
		</trans>
		<trans lang="fr">
			<word>ennuyeux</word>
		</trans>
	</term>
	<term id="16">
		<trans lang="de">
			<word>attraktiv</word>
		</trans>
		<trans lang="fr">
			<word>séduisant</word>
		</trans>
	</term>
	<term id="17">
		<trans lang="de">
			<word>sympathisch</word>
		</trans>
		<trans lang="fr">
			<word>sympathique</word>
		</trans>
	</term>
	<term id="18">
		<trans lang="de">
			<word>finden</word>
		</trans>
		<trans lang="fr">
			<word>trouver</word>
		</trans>
		<comment languages="de-fr">Ich finde, er ist lustig.
Je trouve qu'il est drôle.</comment>
	</term>
	<term id="19">
		<trans lang="de">
			<word>streng</word>
		</trans>
		<trans lang="fr">
			<word>sévère,strict,rigoureux</word>
		</trans>
	</term>
	<term id="20">
		<trans lang="de">
			<word>intelligent</word>
			<alt>intelliguent</alt>
		</trans>
		<trans lang="fr">
			<word>intelligent</word>
		</trans>
	</term>
</glossary>
