<?xml version="1.0"?>
<glossary id="402" name="Professions" author="Frédéric Bergeron">
	<desc></desc>
	<term id="1">
		<trans lang="de">
			<word>Beruf (m.)</word>
		</trans>
		<trans lang="fr">
			<word>profession,emploi</word>
		</trans>
		<comment languages="de-fr">pl: Berufe</comment>
	</term>
	<term id="2">
		<trans lang="de">
			<word>Angestellter/Angestellte</word>
		</trans>
		<trans lang="fr">
			<word>employé(e)</word>
		</trans>
	</term>
	<term id="3">
		<trans lang="de">
			<word>Teilzeit arbeiten</word>
		</trans>
		<trans lang="fr">
			<word>travailler à temps partiel</word>
		</trans>
		<comment languages="de-fr">Sie arbeitet Teilzeit.
Vous travaillez à temps partiel.</comment>
	</term>
	<term id="4">
		<trans lang="de">
			<word>arbeitslos sein</word>
		</trans>
		<trans lang="fr">
			<word>être sans emploi</word>
		</trans>
		<comment languages="de-fr">Er ist arbeitslos.
Il est sans emploi.</comment>
	</term>
	<term id="5">
		<trans lang="de">
			<word>selbständig sein</word>
		</trans>
		<trans lang="fr">
			<word>travailleur autonome</word>
		</trans>
		<comment languages="de-fr">Sie ist selbständig.
Vous êtes travailleur autonome.</comment>
	</term>
	<term id="6">
		<trans lang="de">
			<word>Er arbeitet nicht mehr.</word>
		</trans>
		<trans lang="fr">
			<word>Il ne travaille plus.</word>
		</trans>
		<comment languages="de-fr">... nicht mehr.
ne ... plus.</comment>
	</term>
	<term id="7">
		<trans lang="de">
			<word>Was bist du von Beruf?</word>
		</trans>
		<trans lang="fr">
			<word>Quel est ton travail?</word>
		</trans>
	</term>
	<term id="8">
		<trans lang="de">
			<word>Arzt/Ärztin</word>
		</trans>
		<trans lang="fr">
			<word>docteur(e)</word>
		</trans>
	</term>
	<term id="9">
		<trans lang="de">
			<word>Bankangestellter/Bankangestellte</word>
		</trans>
		<trans lang="fr">
			<word>employé(e) de banque</word>
		</trans>
	</term>
	<term id="10">
		<trans lang="de">
			<word>Beamter/Beamtin</word>
		</trans>
		<trans lang="fr">
			<word>fonctionnaire</word>
		</trans>
	</term>
	<term id="11">
		<trans lang="de">
			<word>Friseur/Friseuse</word>
		</trans>
		<trans lang="fr">
			<word>coiffeure/coiffeuse</word>
		</trans>
	</term>
	<term id="12">
		<trans lang="de">
			<word>Hausmann/Hausfrau</word>
		</trans>
		<trans lang="fr">
			<word>homme/femme au foyer</word>
		</trans>
	</term>
	<term id="13">
		<trans lang="de">
			<word>Kaufmann/Kauffrau</word>
		</trans>
		<trans lang="fr">
			<word>marchand,commerçant</word>
		</trans>
	</term>
	<term id="14">
		<trans lang="de">
			<word>Erzieher(in)</word>
		</trans>
		<trans lang="fr">
			<word>éducateur/éducatrice</word>
		</trans>
	</term>
	<term id="15">
		<trans lang="de">
			<word>Krankenpfleger/Krankenschwester</word>
		</trans>
		<trans lang="fr">
			<word>infirmier/infirmière</word>
		</trans>
	</term>
	<term id="16">
		<trans lang="de">
			<word>Rentner(in)</word>
		</trans>
		<trans lang="fr">
			<word>retraité(e)</word>
		</trans>
	</term>
	<term id="17">
		<trans lang="de">
			<word>Polizist</word>
		</trans>
		<trans lang="fr">
			<word>police</word>
		</trans>
	</term>
	<term id="18">
		<trans lang="de">
			<word>Verkäufer(in)</word>
		</trans>
		<trans lang="fr">
			<word>veudeur/vendeuse</word>
		</trans>
	</term>
	<term id="19">
		<trans lang="de">
			<word>Kellner(in)</word>
		</trans>
		<trans lang="fr">
			<word>serveur/serveuse</word>
		</trans>
	</term>
	<term id="20">
		<trans lang="de">
			<word>Student(in)</word>
		</trans>
		<trans lang="fr">
			<word>étudiant(e)</word>
		</trans>
	</term>
	<term id="21">
		<trans lang="de">
			<word>Schüler(in)</word>
		</trans>
		<trans lang="fr">
			<word>écolier/écolière</word>
		</trans>
	</term>
	<term id="22">
		<trans lang="de">
			<word>Apotheker/in</word>
		</trans>
		<trans lang="fr">
			<word>pharmaciste</word>
		</trans>
	</term>
	<term id="23">
		<trans lang="de">
			<word>Berufsfahrer</word>
		</trans>
		<trans lang="fr">
			<word>chauffeur</word>
		</trans>
	</term>
	<term id="24">
		<trans lang="de">
			<word>Lehrer(in)</word>
		</trans>
		<trans lang="fr">
			<word>professeur(e)</word>
		</trans>
	</term>
	<term id="25">
		<trans lang="de">
			<word>Ingenieur</word>
		</trans>
		<trans lang="fr">
			<word>ingénieur</word>
		</trans>
	</term>
	<term id="26">
		<trans lang="de">
			<word>Landwirt</word>
		</trans>
		<trans lang="fr">
			<word>fermier</word>
		</trans>
	</term>
	<term id="27">
		<trans lang="de">
			<word>schon</word>
		</trans>
		<trans lang="fr">
			<word>déjà</word>
		</trans>
		<comment languages="de-fr">Ist er auch Student?  Nein, er arbeitet schon.
Est-il étudiant, lui-aussi?  Non, il travaille déjà.</comment>
	</term>
	<term id="28">
		<trans lang="de">
			<word>noch</word>
		</trans>
		<trans lang="fr">
			<word>encore/toujours</word>
		</trans>
		<comment languages="de-fr">Er ist 17 und noch Schüler.
Il a 17 ans et il étudie encore.</comment>
	</term>
</glossary>
