<?xml version="1.0"?>
<glossary id="2" name="03" author="">
	<desc></desc>
	<term id="1">
		<trans lang="en">
			<word>one</word>
		</trans>
		<trans lang="ja">
			<word>一</word>
			<alt>イチ; イッ; ひと</alt>
		</trans>
		<comment languages="en-ja">一 ; いち ; one
一時 ; いちじ ; one o'clock
一年生 ; いちねんせい ; first-year student
一分 ; いっぷん ; one minute
一つ ; ひとつ ; one
一万 ; いちまん ; ten thousand
一人で ; ひとりで ; alone
一月 ; いちがつ ; January
一年中 ; いちねんじゅう ; all year round
一行目 ; いちぎょうめ ; first line
一生に一度 ; いっしょうにいちど ; once in a life time</comment>
	</term>
	<term id="2">
		<trans lang="en">
			<word>two</word>
		</trans>
		<trans lang="ja">
			<word>二</word>
			<alt>ニ; ふた</alt>
		</trans>
		<comment languages="en-ja">二 ; に ; two
二時 ; にじ ; two o'clock
二年生 ; にねんせい ; second-year student
二つ ; ふたつ ; two
二日間 ; ふつかかん ; two days
二時間 ; にじかん ; two hours
二十歳 ; にじゅうさい ; twenty-five years old
二十歳 ; はたち ; twenty years old
二台 ; にだい ; two vechicles/machines/etc.</comment>
	</term>
	<term id="3">
		<trans lang="en">
			<word>three</word>
		</trans>
		<trans lang="ja">
			<word>三</word>
			<alt>サン; みっ</alt>
		</trans>
		<comment languages="en-ja">三 ; さん ; three
三時 ; さんじ ; three o'clock
三年生 ; さんねんせい ; third-year student
三つ ; みっつ ; three
三百 ; さんびゃく ; three hundred
三千 ; さんぜん ; three thousand
三日 ; みっか ; three days
三人 ; さんにん ; three people
三時半 ; さんじはん ; half past three
三十度 ; さんじゅうど ; 30 degrees
三世 ; さんせい ; third generation</comment>
	</term>
	<term id="4">
		<trans lang="en">
			<word>four</word>
		</trans>
		<trans lang="ja">
			<word>四 (5)</word>
			<alt>よん; よ; よっ; シ</alt>
		</trans>
		<comment languages="en-ja">四 ; よん ; four
四時 ; よじ ; four o'clock
四つ ; よっつ ; four
四月 ; しがつ ; April
四年生 ; よねんせい ; fourth-year student</comment>
	</term>
	<term id="5">
		<trans lang="en">
			<word>five</word>
		</trans>
		<trans lang="ja">
			<word>五 (4)</word>
			<alt>ゴ; いつ</alt>
		</trans>
		<comment languages="en-ja">五 ; ご ; five
五時 ; ごじ ; five o'clock
五つ ; いつつ ; five
五分 ; ごふん ; five minutes</comment>
	</term>
	<term id="6">
		<trans lang="en">
			<word>six</word>
		</trans>
		<trans lang="ja">
			<word>六 (4)</word>
			<alt>ロク; ロッ; むっ</alt>
		</trans>
		<comment languages="en-ja">六 ; ろく ; six
六時 ; ろくじ ; six o'clock
六百 ; ろっぴゃく ; six hundred
六分 ; ろっぷん ; six minutes
六つ ; むっつ ; six
六百 ; ろっぴゃく ; six hundred</comment>
	</term>
	<term id="7">
		<trans lang="en">
			<word>seven</word>
		</trans>
		<trans lang="ja">
			<word>七 (2)</word>
			<alt>シチ; なな</alt>
		</trans>
		<comment languages="en-ja">七 ; なな ; seven
七時 ; しちじ ; seven o'clock
七つ ; ななつ ; seven</comment>
	</term>
	<term id="8">
		<trans lang="en">
			<word>eight</word>
		</trans>
		<trans lang="ja">
			<word>八</word>
			<alt>ハチ; ハッ; やっ</alt>
		</trans>
		<comment languages="en-ja">八 ; はち ; eight
八時 ; はちじ ; eight o'clock
八百 ; はっぴゃく ; eight hundred
八歳 ; はっさい ; eight years old
八つ ; やっつ ; eight
八千 ; はっせん ; eight thousand</comment>
	</term>
	<term id="9">
		<trans lang="en">
			<word>nine</word>
		</trans>
		<trans lang="ja">
			<word>九</word>
			<alt>キュウ; ク; ここの</alt>
		</trans>
		<comment languages="en-ja">九 ; きゅう ; nine
九時 ; くじ ; nine o'clock
九歳 ; きゅうさい ; nine years old
九つ ; ここのつ ; nine</comment>
	</term>
	<term id="10">
		<trans lang="en">
			<word>ten</word>
		</trans>
		<trans lang="ja">
			<word>十</word>
			<alt>ジュウ; ジュッ; とお</alt>
		</trans>
		<comment languages="en-ja">十 ; じゅう ; ten
十時 ; じゅうじ ; ten o'clock
十歳 ; じゅっさい ; ten years old
十 ; とお ; ten
十万 ; じゅうまん ; one hundred thousand
十分 ; じゅっぷん ; ten minutes
三十度 ; さんじゅうど ; 30 degrees
赤十字 ; せきじゅうじ ; the Red Cross
二十歳 ; にじゅうさい ; twenty-five years old
二十歳 ; はたち ; twenty years old</comment>
	</term>
	<term id="11">
		<trans lang="en">
			<word>hundred</word>
		</trans>
		<trans lang="ja">
			<word>百 (6)</word>
			<alt>ヒャク; ピャク; ビャク</alt>
		</trans>
		<comment languages="en-ja">六百 ; ろっぴゃく ; six hundred
八百 ; はっぴゃく ; eight hundred
百 ; ひゃく ; hundred
三百 ; さんびゃく ; three hundred
六百 ; ろっぴゃく ; six hundred
百万 ; ひゃくまん ; one million
百円 ; ひゃくえん ; one hundred yen</comment>
	</term>
	<term id="12">
		<trans lang="en">
			<word>thousand</word>
		</trans>
		<trans lang="ja">
			<word>千 (3)</word>
			<alt>セン; ゼン</alt>
		</trans>
		<comment languages="en-ja">千 ; せん ; thousand
三千 ; さんぜん ; three thousand
八千 ; はっせん ; eight thousand</comment>
	</term>
	<term id="13">
		<trans lang="en">
			<word>ten thousand</word>
		</trans>
		<trans lang="ja">
			<word>万 (3)</word>
			<alt>マン</alt>
		</trans>
		<comment languages="en-ja">一万 ; いちまん ; ten thousand
十万 ; じゅうまん ; one hundred thousand
百万 ; ひゃくまん ; one million</comment>
	</term>
	<term id="14">
		<trans lang="en">
			<word>yen</word>
		</trans>
		<trans lang="ja">
			<word>円 (4)</word>
			<alt>エン</alt>
		</trans>
		<comment languages="en-ja">百円 ; ひゃくえん ; one hundred yen
円 ; えん ; circle</comment>
	</term>
	<term id="15">
		<trans lang="en">
			<word>time; o'clock</word>
		</trans>
		<trans lang="ja">
			<word>時 (10)</word>
			<alt>ジ; とき</alt>
		</trans>
	</term>
</glossary>
