<?xml version="1.0"?>
<glossary id="426" name="Lektion 08" author="Frédéric Bergeron">
	<desc></desc>
	<term id="1">
		<trans lang="de">
			<word>Kommode (f.)</word>
		</trans>
		<trans lang="fr">
			<word>commode</word>
		</trans>
		<comment languages="de-fr">Kommoden (pl.)</comment>
	</term>
	<term id="2">
		<trans lang="de">
			<word>Poster (n.),Poster (pl.)</word>
		</trans>
		<trans lang="fr">
			<word>affiche</word>
		</trans>
	</term>
	<term id="3">
		<trans lang="de">
			<word>Bücherregal (n.)</word>
		</trans>
		<trans lang="fr">
			<word>bibliothèque (meuble)</word>
		</trans>
		<comment languages="de-fr">Bücherregale (pl.)</comment>
	</term>
	<term id="4">
		<trans lang="de">
			<word>Teppich (m.)</word>
		</trans>
		<trans lang="fr">
			<word>tapis (m.)</word>
		</trans>
		<comment languages="de-fr">Teppiche (pl.)</comment>
	</term>
	<term id="5">
		<trans lang="de">
			<word>Schreibtish (m.)</word>
		</trans>
		<trans lang="fr">
			<word>bureau,pupitre</word>
		</trans>
		<comment languages="de-fr">Schreibtishe (pl.)</comment>
	</term>
	<term id="6">
		<trans lang="de">
			<word>Vorhang (m.)</word>
		</trans>
		<trans lang="fr">
			<word>rideau (m.)</word>
		</trans>
		<comment languages="de-fr">Vörhange (pl.)</comment>
	</term>
	<term id="7">
		<trans lang="de">
			<word>Stuhl (m.)</word>
		</trans>
		<trans lang="fr">
			<word>chaise (f.)</word>
		</trans>
		<comment languages="de-fr">Stühle (pl.)</comment>
	</term>
	<term id="8">
		<trans lang="de">
			<word>Lampe (f.)</word>
		</trans>
		<trans lang="fr">
			<word>lampe (f.)</word>
		</trans>
		<comment languages="de-fr">Lampen (pl.)</comment>
	</term>
	<term id="9">
		<trans lang="de">
			<word>Spiegel (m.)</word>
		</trans>
		<trans lang="fr">
			<word>miroir (m.)</word>
		</trans>
		<comment languages="de-fr">Spiegel (pl.)</comment>
	</term>
	<term id="10">
		<trans lang="de">
			<word>Tür (f.)</word>
		</trans>
		<trans lang="fr">
			<word>porte (f.)</word>
		</trans>
		<comment languages="de-fr">Türen (pl.)</comment>
	</term>
	<term id="11">
		<trans lang="de">
			<word>Bett (n.)</word>
		</trans>
		<trans lang="fr">
			<word>lit (m.)</word>
		</trans>
		<comment languages="de-fr">Betten (pl.)</comment>
	</term>
	<term id="12">
		<trans lang="de">
			<word>Fenster (n.)</word>
		</trans>
		<trans lang="fr">
			<word>fenêtre (f.)</word>
		</trans>
		<comment languages="de-fr">Fenster (pl.)</comment>
	</term>
	<term id="13">
		<trans lang="de">
			<word>Tisch (m.)</word>
		</trans>
		<trans lang="fr">
			<word>table (f.)</word>
		</trans>
		<comment languages="de-fr">Tische (pl.)</comment>
	</term>
	<term id="14">
		<trans lang="de">
			<word>Sofa (n.)</word>
		</trans>
		<trans lang="fr">
			<word>sofa (m.)</word>
		</trans>
		<comment languages="de-fr">Sofas (pl.)</comment>
	</term>
	<term id="15">
		<trans lang="de">
			<word>Kalender (m.)</word>
		</trans>
		<trans lang="fr">
			<word>calendrier (m.)</word>
		</trans>
		<comment languages="de-fr">Kalender (pl.)</comment>
	</term>
	<term id="16">
		<trans lang="de">
			<word>Boden (m.)</word>
		</trans>
		<trans lang="fr">
			<word>plancher (m.)</word>
		</trans>
		<comment languages="de-fr">Böden (pl.)</comment>
	</term>
	<term id="17">
		<trans lang="de">
			<word>Schrank (m.)</word>
		</trans>
		<trans lang="fr">
			<word>armoire</word>
		</trans>
		<comment languages="de-fr">Schränke (pl.)</comment>
	</term>
	<term id="18">
		<trans lang="de">
			<word>Kühlschrank (m.)</word>
		</trans>
		<trans lang="fr">
			<word>réfrigérateur</word>
		</trans>
		<comment languages="de-fr">Kühlschränke (pl.)</comment>
	</term>
	<term id="19">
		<trans lang="de">
			<word>Schlafzimmer (n.)</word>
		</trans>
		<trans lang="fr">
			<word>chambre à coucher (f.)</word>
		</trans>
	</term>
	<term id="20">
		<trans lang="de">
			<word>Wohnzimmer (n.)</word>
		</trans>
		<trans lang="fr">
			<word>salon (m.)</word>
		</trans>
	</term>
	<term id="21">
		<trans lang="de">
			<word>Arbeitszimmer (n.)</word>
		</trans>
		<trans lang="fr">
			<word>bureau (pièce,endroit)</word>
		</trans>
	</term>
	<term id="22">
		<trans lang="de">
			<word>Kinderzimmer (n.)</word>
		</trans>
		<trans lang="fr">
			<word>chambre d'enfant</word>
		</trans>
	</term>
	<term id="23">
		<trans lang="de">
			<word>Toilette (f.)</word>
		</trans>
		<trans lang="fr">
			<word>toilette</word>
		</trans>
		<comment languages="de-fr">Toiletten (pl.)</comment>
	</term>
	<term id="24">
		<trans lang="de">
			<word>Küche (f.)</word>
		</trans>
		<trans lang="fr">
			<word>cuisine</word>
		</trans>
	</term>
	<term id="25">
		<trans lang="de">
			<word>Flur (m.)</word>
		</trans>
		<trans lang="fr">
			<word>passage,corridor (m.)</word>
		</trans>
	</term>
	<term id="26">
		<trans lang="de">
			<word>Wohnung (f.)</word>
		</trans>
		<trans lang="fr">
			<word>résidence,logement</word>
		</trans>
		<comment languages="de-fr">Wohnungen (pl.)

Wie groß ist die Wohnung?
Combien grand est le logement?
</comment>
	</term>
	<term id="27">
		<trans lang="de">
			<word>Quadratmeter</word>
		</trans>
		<trans lang="fr">
			<word>mètre carré</word>
		</trans>
	</term>
	<term id="28">
		<trans lang="de">
			<word>Haus (n.)</word>
		</trans>
		<trans lang="fr">
			<word>maison (f.)</word>
		</trans>
		<comment languages="de-fr">Häuser (pl.)</comment>
	</term>
	<term id="29">
		<trans lang="de">
			<word>Balkon (m.)</word>
		</trans>
		<trans lang="fr">
			<word>balcon (m.)</word>
		</trans>
	</term>
	<term id="30">
		<trans lang="de">
			<word>Keller (m.)</word>
		</trans>
		<trans lang="fr">
			<word>sous-sol (m.)</word>
		</trans>
	</term>
	<term id="31">
		<trans lang="de">
			<word>Die Lamp steht auf dem Tisch.</word>
		</trans>
		<trans lang="fr">
			<word>La lampe est sur la table.</word>
		</trans>
	</term>
	<term id="32">
		<trans lang="de">
			<word>Das Poster hängt an der Wand.</word>
		</trans>
		<trans lang="fr">
			<word>L'affiche est collée au mur.</word>
		</trans>
	</term>
	<term id="33">
		<trans lang="de">
			<word>Die Katze ist unter dem Tisch.</word>
		</trans>
		<trans lang="fr">
			<word>Le chat est sous la table.</word>
		</trans>
	</term>
	<term id="34">
		<trans lang="de">
			<word>Die Uhr hängt über dem Fenster.</word>
		</trans>
		<trans lang="fr">
			<word>L'horloge est suspendue au-dessus de la fenêtre.</word>
		</trans>
	</term>
	<term id="35">
		<trans lang="de">
			<word>Regal (n.)</word>
		</trans>
		<trans lang="fr">
			<word>étagère</word>
		</trans>
	</term>
	<term id="36">
		<trans lang="de">
			<word>Die Bücher stehen im Regal.</word>
		</trans>
		<trans lang="fr">
			<word>Les livres sont rangés dans l'étagère.</word>
		</trans>
	</term>
	<term id="37">
		<trans lang="de">
			<word>Der Stuhl steht vor dem Tisch.</word>
		</trans>
		<trans lang="fr">
			<word>La chaise est devant la table.</word>
		</trans>
	</term>
	<term id="38">
		<trans lang="de">
			<word>Der Kalender hängt hinter der Tür.</word>
		</trans>
		<trans lang="fr">
			<word>Le calendrier est derrière la porte.</word>
		</trans>
	</term>
	<term id="39">
		<trans lang="de">
			<word>Der Fernseher steht zwishen dem Computer und dem Telefon.</word>
		</trans>
		<trans lang="fr">
			<word>La télévision est entre l'ordinateur et le téléphone.</word>
		</trans>
	</term>
	<term id="40">
		<trans lang="de">
			<word>suchen</word>
		</trans>
		<trans lang="fr">
			<word>chercher</word>
		</trans>
	</term>
	<term id="41">
		<trans lang="de">
			<word>Anschlag (m.)</word>
		</trans>
		<trans lang="fr">
			<word>affiche/annonce (f.)</word>
		</trans>
		<comment languages="de-fr">Er sucht jetzt ein Zimmer und macht einen Anschlag am schwarzen Brett in der Uni.
Il cherche maintenant une chambre et écrit (fait) une annonce sur le babillard de l'université.</comment>
	</term>
	<term id="42">
		<trans lang="de">
			<word>Brett (n.)</word>
		</trans>
		<trans lang="fr">
			<word>tableau [d'affichage],babillard</word>
		</trans>
	</term>
	<term id="43">
		<trans lang="de">
			<word>dort</word>
		</trans>
		<trans lang="fr">
			<word>là,là-bas</word>
		</trans>
	</term>
	<term id="44">
		<trans lang="de">
			<word>ein Paar</word>
		</trans>
		<trans lang="fr">
			<word>paire (f.),quelques ...</word>
		</trans>
	</term>
	<term id="45">
		<trans lang="de">
			<word>Angebot (n.)</word>
		</trans>
		<trans lang="fr">
			<word>offre (f.)</word>
		</trans>
		<comment languages="de-fr">Ein paar Zimmerangebote.
Quelques offres de chambres à louer.</comment>
	</term>
	<term id="46">
		<trans lang="de">
			<word>interessieren</word>
		</trans>
		<trans lang="fr">
			<word>intéresser</word>
		</trans>
		<comment languages="de-fr">Ein Angebot interessiert ihn.
Une offre l'intéresse.</comment>
	</term>
	<term id="47">
		<trans lang="de">
			<word>Zettel (m.)</word>
		</trans>
		<trans lang="fr">
			<word>bout de papier (m.)</word>
		</trans>
		<comment languages="de-fr">Er reißt einen Zettel mit Telefonnummer ab und ruft an.
Il arrache un bout de papier sur lequel est écrit un numéro de téléphone et effectue un appel.</comment>
	</term>
	<term id="48">
		<trans lang="de">
			<word>abreißen</word>
		</trans>
		<trans lang="fr">
			<word>arracher</word>
		</trans>
		<comment languages="de-fr">Er reißt einen Zettel mit Telefonnummer ab und ruft an.
Il arrache un bout de papier sur lequel est écrit un numéro de téléphone et effectue un appel.</comment>
	</term>
	<term id="49">
		<trans lang="de">
			<word>anrufen</word>
		</trans>
		<trans lang="fr">
			<word>faire/effectuer un appel</word>
		</trans>
	</term>
	<term id="50">
		<trans lang="de">
			<word>möblieren</word>
		</trans>
		<trans lang="fr">
			<word>meubler</word>
		</trans>
		<comment languages="de-fr">chambre meublée: möbliertes Zimmer</comment>
	</term>
	<term id="51">
		<trans lang="de">
			<word>Übung (f.)</word>
		</trans>
		<trans lang="fr">
			<word>exercice,étude (musique)</word>
		</trans>
	</term>
	<term id="52">
		<trans lang="de">
			<word>Möglichkeit (f.)</word>
		</trans>
		<trans lang="fr">
			<word>possibilité (f.)</word>
		</trans>
		<comment languages="de-fr">pl.: Möglichkeiten</comment>
	</term>
	<term id="53">
		<trans lang="de">
			<word>Vorzug (m.)</word>
		</trans>
		<trans lang="fr">
			<word>préférence (f.)</word>
		</trans>
	</term>
	<term id="54">
		<trans lang="de">
			<word>sofort</word>
		</trans>
		<trans lang="fr">
			<word>tout de suite,immédiatement,aussitôt,sur-le-champ</word>
		</trans>
	</term>
	<term id="55">
		<trans lang="de">
			<word>Wohngemeinshaft (WG) (f.)</word>
		</trans>
		<trans lang="fr">
			<word>communauté d'habitat,domicile en commun</word>
		</trans>
	</term>
	<term id="56">
		<trans lang="de">
			<word>welch,welche,welchen</word>
		</trans>
		<trans lang="fr">
			<word>lequel</word>
		</trans>
	</term>
	<term id="57">
		<trans lang="de">
			<word>fragen nach ...</word>
		</trans>
		<trans lang="fr">
			<word>s'informer à propos de ...</word>
		</trans>
		<comment languages="de-fr">Er ruft an und fragt nach dem Zimmer.
Il appelle et s'informe sur la chambre.</comment>
	</term>
	<term id="58">
		<trans lang="de">
			<word>bilden</word>
		</trans>
		<trans lang="fr">
			<word>fabriquer,construire</word>
		</trans>
		<comment languages="de-fr">Bilden Sie Fragesätze.
Construisez des phrases interrogatives.</comment>
	</term>
	<term id="59">
		<trans lang="de">
			<word>Waschmachine (f.)</word>
		</trans>
		<trans lang="fr">
			<word>machine à laver (f.)</word>
		</trans>
		<comment languages="de-fr">pl.: Waschmachinen</comment>
	</term>
	<term id="60">
		<trans lang="de">
			<word>bei ...</word>
		</trans>
		<trans lang="fr">
			<word>chez ...</word>
		</trans>
		<comment languages="de-fr">Ich wohne nei meinen Eltern.
J'habite chez mes parents.</comment>
	</term>
	<term id="61">
		<trans lang="de">
			<word>Studentenheim (n.)</word>
		</trans>
		<trans lang="fr">
			<word>résidence étudiante (f.)</word>
		</trans>
		<comment languages="de-fr">pl.: Studentenheime</comment>
	</term>
	<term id="62">
		<trans lang="de">
			<word>allein</word>
		</trans>
		<trans lang="fr">
			<word>seul</word>
		</trans>
		<comment languages="de-fr">Ich wohne allein.
J'habite seul.</comment>
	</term>
	<term id="63">
		<trans lang="de">
			<word>Miete (f.)</word>
		</trans>
		<trans lang="fr">
			<word>location (f.)</word>
		</trans>
		<comment languages="de-fr">sous-location: Untermiete</comment>
	</term>
	<term id="64">
		<trans lang="de">
			<word>Wie teuer ist die Miete?</word>
		</trans>
		<trans lang="fr">
			<word>Combien coûte la location?</word>
		</trans>
		<comment languages="de-fr">Litt.: Combien chère est la location?</comment>
	</term>
	<term id="65">
		<trans lang="de">
			<word>... im Monat.</word>
		</trans>
		<trans lang="fr">
			<word>... par mois.</word>
		</trans>
		<comment languages="de-fr">Die Miete ist 250 Euro im Monat.
La location est de 250 euros par mois.</comment>
	</term>
</glossary>
