<?xml version="1.0"?>
<glossary id="286" name="8.2.07" author="Frédéric Bergeron">
	<desc></desc>
	<term id="1">
		<trans lang="en">
			<word>share,joint ownership (to)</word>
		</trans>
		<trans lang="ja">
			<word>共有(する)</word>
			<alt>きょうゆう(する)</alt>
		</trans>
	</term>
	<term id="2">
		<trans lang="en">
			<word>totalization,aggregate (to)</word>
		</trans>
		<trans lang="ja">
			<word>集計(する)</word>
			<alt>しゅうけい(する)</alt>
		</trans>
	</term>
</glossary>
