<?xml version="1.0"?>
<glossary id="89" name="1.15" author="Frédéric Bergeron">
	<desc></desc>
	<term id="1">
		<trans lang="en">
			<word>to take in,to introduce,to be busy,to be confused</word>
		</trans>
		<trans lang="ja">
			<word>取り込む</word>
			<alt>とりこむ</alt>
		</trans>
	</term>
	<term id="2">
		<trans lang="en">
			<word>one's own work</word>
		</trans>
		<trans lang="ja">
			<word>自作</word>
			<alt>じさく</alt>
		</trans>
		<comment languages="en-ja">他のプログラムで自作メソッドをどうやって使いますか。
How can we use the methods we just defined in other programs?</comment>
	</term>
	<term id="3">
		<trans lang="en">
			<word>partition,division (to)</word>
		</trans>
		<trans lang="ja">
			<word>分割(する)</word>
			<alt>ぶんかつ(する)</alt>
		</trans>
	</term>
	<term id="4">
		<trans lang="en">
			<word>again,once more</word>
		</trans>
		<trans lang="ja">
			<word>再び</word>
			<alt>ふたたび</alt>
		</trans>
	</term>
	<term id="5">
		<trans lang="en">
			<word>reopening,resumption (to)</word>
		</trans>
		<trans lang="ja">
			<word>再開(する)</word>
			<alt>さいかい(する)</alt>
		</trans>
	</term>
	<term id="6">
		<trans lang="en">
			<word>attached,belonging,affiliated,annexed,associated,subordinate,incidental,dependent,auxiliary (to)</word>
		</trans>
		<trans lang="ja">
			<word>付属(する)</word>
			<alt>ふぞく(する)</alt>
		</trans>
	</term>
	<term id="7">
		<trans lang="en">
			<word>date,dating</word>
		</trans>
		<trans lang="ja">
			<word>日付</word>
			<alt>ひづけ</alt>
		</trans>
	</term>
</glossary>
