<?xml version="1.0"?>
<glossary id="95" name="2.1.6" author="Frédéric Bergeron">
	<desc></desc>
	<term id="1">
		<trans lang="en">
			<word>to apply</word>
		</trans>
		<trans lang="ja">
			<word>適用</word>
			<alt>てきよう</alt>
		</trans>
		<comment languages="en-ja">あなたはこの規制をすべての場合に適用するわけにはいかない。
You can't apply this rule to every case.</comment>
	</term>
	<term id="2">
		<trans lang="en">
			<word>preparation (to)</word>
		</trans>
		<trans lang="ja">
			<word>用意(する)</word>
			<alt>ようい(する)</alt>
		</trans>
	</term>
	<term id="3">
		<trans lang="en">
			<word>to touch,to be touched,to touch on a subject,to feel,to violate (law)</word>
		</trans>
		<trans lang="ja">
			<word>触れる</word>
			<alt>ふれる</alt>
		</trans>
	</term>
	<term id="4">
		<trans lang="en">
			<word>beginning,start,outset</word>
		</trans>
		<trans lang="ja">
			<word>冒頭</word>
			<alt>ぼうとう</alt>
		</trans>
	</term>
	<term id="5">
		<trans lang="en">
			<word>virtually,practically,in practice,currently,presently</word>
		</trans>
		<trans lang="ja">
			<word>実際に</word>
			<alt>じっさいに</alt>
		</trans>
	</term>
</glossary>
