<?xml version="1.0"?>
<glossary id="142" name="08" author="Frédéric Bergeron">
	<desc></desc>
	<term id="1">
		<trans lang="es">
			<word>desempeñar (un cargo)</word>
		</trans>
		<trans lang="fr">
			<word>exercer (une charge)</word>
		</trans>
		<comment languages="es-fr">Estoy seguro de que podrás desempeñar con sobrada competencia el cargo de astrónomo jefe.
Je suis certain que tu pourras exercer la charge d'astronome en chef avec plus de competence qu'il n'en faut.</comment>
	</term>
	<term id="2">
		<trans lang="es">
			<word>sobrado(a)</word>
		</trans>
		<trans lang="fr">
			<word>en avoir plus qu'il n'en faut</word>
		</trans>
		<comment languages="es-fr">Estar sobrado de dinero.
Avoir plus d'argent qu'il n'en faut.

Estoy seguro de que podrás desempeñar con sobrada competencia el cargo de astrónomo jefe.
Je suis certain que tu pourras exercer la charge d'astronome en chef avec plus de competence qu'il n'en faut.

</comment>
	</term>
	<term id="3">
		<trans lang="es">
			<word>enojoso</word>
		</trans>
		<trans lang="fr">
			<word>fâcheux</word>
		</trans>
	</term>
	<term id="4">
		<trans lang="es">
			<word>pozo</word>
		</trans>
		<trans lang="fr">
			<word>puits</word>
		</trans>
	</term>
	<term id="5">
		<trans lang="es">
			<word>semilla</word>
		</trans>
		<trans lang="fr">
			<word>graine</word>
		</trans>
	</term>
	<term id="6">
		<trans lang="es">
			<word>entorpecer</word>
		</trans>
		<trans lang="fr">
			<word>engourdir,gêner,paralyser</word>
		</trans>
	</term>
	<term id="7">
		<trans lang="es">
			<word>sandez</word>
		</trans>
		<trans lang="fr">
			<word>sottise</word>
		</trans>
	</term>
	<term id="8">
		<trans lang="es">
			<word>témpano</word>
		</trans>
		<trans lang="fr">
			<word>glaçon</word>
		</trans>
	</term>
	<term id="9">
		<trans lang="es">
			<word>rasgo</word>
		</trans>
		<trans lang="fr">
			<word>trait</word>
		</trans>
	</term>
	<term id="10">
		<trans lang="es">
			<word>ancla</word>
		</trans>
		<trans lang="fr">
			<word>ancre</word>
		</trans>
	</term>
</glossary>
