<?xml version="1.0"?>
<glossary id="160" name="20" author="Frédéric Bergeron">
	<desc></desc>
	<term id="1">
		<trans lang="es">
			<word>entregar</word>
		</trans>
		<trans lang="fr">
			<word>remettre,livrer</word>
		</trans>
	</term>
	<term id="2">
		<trans lang="es">
			<word>desperdiciar</word>
		</trans>
		<trans lang="fr">
			<word>gaspiller,perdre</word>
		</trans>
	</term>
	<term id="3">
		<trans lang="es">
			<word>talante</word>
		</trans>
		<trans lang="fr">
			<word>humeur</word>
		</trans>
	</term>
	<term id="4">
		<trans lang="es">
			<word>asueto</word>
		</trans>
		<trans lang="fr">
			<word>congé</word>
		</trans>
	</term>
	<term id="5">
		<trans lang="es">
			<word>ayunar</word>
		</trans>
		<trans lang="fr">
			<word>jeûner</word>
		</trans>
		<comment languages="es-fr">estar de ayuno
être à jeun (fig.: ne pas être au courant)</comment>
	</term>
</glossary>
