<?xml version="1.0"?>
<glossary id="324" name="JCS3-27" author="">
	<desc></desc>
	<term id="1">
		<trans lang="en">
			<word>research   ++</word>
		</trans>
		<trans lang="ja">
			<word>研究 [する]</word>
			<alt>kenkyuu</alt>
		</trans>
	</term>
	<term id="2">
		<trans lang="en">
			<word>become vacant, become free   +</word>
		</trans>
		<trans lang="ja">
			<word>空く</word>
			<alt>aku</alt>
		</trans>
	</term>
	<term id="3">
		<trans lang="en">
			<word>air</word>
		</trans>
		<trans lang="ja">
			<word>空気</word>
			<alt>kuuki</alt>
		</trans>
	</term>
	<term id="4">
		<trans lang="en">
			<word>karate (Jap. martial art)</word>
		</trans>
		<trans lang="ja">
			<word>空手</word>
			<alt>karate</alt>
		</trans>
	</term>
	<term id="5">
		<trans lang="en">
			<word>paper   +</word>
		</trans>
		<trans lang="ja">
			<word>紙</word>
			<alt>kami</alt>
		</trans>
	</term>
	<term id="6">
		<trans lang="en">
			<word>letter</word>
		</trans>
		<trans lang="ja">
			<word>手紙</word>
			<alt>tegami</alt>
		</trans>
	</term>
	<term id="7">
		<trans lang="en">
			<word>sell   +</word>
		</trans>
		<trans lang="ja">
			<word>売る</word>
			<alt>uru</alt>
		</trans>
	</term>
	<term id="8">
		<trans lang="en">
			<word>be sold, sell well</word>
		</trans>
		<trans lang="ja">
			<word>売れる</word>
			<alt>ureru</alt>
		</trans>
	</term>
	<term id="9">
		<trans lang="en">
			<word>wind (a wind blows)   +</word>
		</trans>
		<trans lang="ja">
			<word>風 [がふく]</word>
			<alt>kaze</alt>
		</trans>
	</term>
	<term id="10">
		<trans lang="en">
			<word>pamphlet</word>
		</trans>
		<trans lang="ja">
			<word>パンフレット</word>
			<alt>pamfuretto</alt>
		</trans>
	</term>
	<term id="11">
		<trans lang="en">
			<word>attendance, attend</word>
		</trans>
		<trans lang="ja">
			<word>出せき [する]</word>
			<alt>shusseki</alt>
		</trans>
	</term>
	<term id="12">
		<trans lang="en">
			<word>get off (a vehicle)</word>
		</trans>
		<trans lang="ja">
			<word>おりる</word>
			<alt>oriru</alt>
		</trans>
	</term>
	<term id="13">
		<trans lang="en">
			<word>departure, depart, take off   +</word>
		</trans>
		<trans lang="ja">
			<word>出発 [する]</word>
			<alt>shuppatsu</alt>
		</trans>
	</term>
	<term id="14">
		<trans lang="en">
			<word>short stay, visit, stay</word>
		</trans>
		<trans lang="ja">
			<word>たいざい [する]</word>
			<alt>taizai</alt>
		</trans>
	</term>
	<term id="15">
		<trans lang="en">
			<word>destination</word>
		</trans>
		<trans lang="ja">
			<word>行き先</word>
			<alt>ikisaki</alt>
		</trans>
	</term>
	<term id="16">
		<trans lang="en">
			<word>time, season</word>
		</trans>
		<trans lang="ja">
			<word>時き</word>
			<alt>jiki</alt>
		</trans>
	</term>
	<term id="17">
		<trans lang="en">
			<word>term, period</word>
		</trans>
		<trans lang="ja">
			<word>き間</word>
			<alt>kikan</alt>
		</trans>
	</term>
	<term id="18">
		<trans lang="en">
			<word>beginning, at first</word>
		</trans>
		<trans lang="ja">
			<word>はじめ [の/に]</word>
			<alt>hajime</alt>
		</trans>
	</term>
	<term id="19">
		<trans lang="en">
			<word>Europe</word>
		</trans>
		<trans lang="ja">
			<word>ヨーロッパ</word>
			<alt>yooroppa</alt>
		</trans>
	</term>
	<term id="20">
		<trans lang="en">
			<word>end (N)</word>
		</trans>
		<trans lang="ja">
			<word>おわり</word>
			<alt>owari</alt>
		</trans>
	</term>
	<term id="21">
		<trans lang="en">
			<word>Hawai</word>
		</trans>
		<trans lang="ja">
			<word>ハワイ</word>
			<alt>hawai</alt>
		</trans>
	</term>
	<term id="22">
		<trans lang="en">
			<word>call, summon</word>
		</trans>
		<trans lang="ja">
			<word>よぶ</word>
			<alt>yobu</alt>
		</trans>
	</term>
	<term id="23">
		<trans lang="en">
			<word>signature, sign</word>
		</trans>
		<trans lang="ja">
			<word>サイン [する]</word>
			<alt>sain</alt>
		</trans>
	</term>
	<term id="24">
		<trans lang="en">
			<word>classroom   +</word>
		</trans>
		<trans lang="ja">
			<word>教室</word>
			<alt>kyooshitsu</alt>
		</trans>
	</term>
</glossary>
