<?xml version="1.0"?>
<glossary id="344" name="JCS1-03" author="">
	<desc></desc>
	<term id="1">
		<trans lang="en">
			<word>what? (or: "nan")   +</word>
		</trans>
		<trans lang="ja">
			<word>何</word>
			<alt>nani</alt>
		</trans>
	</term>
	<term id="2">
		<trans lang="en">
			<word>what day? (of the week)</word>
		</trans>
		<trans lang="ja">
			<word>何よう日</word>
			<alt>nan'yoobi</alt>
		</trans>
	</term>
	<term id="3">
		<trans lang="en">
			<word>now   +</word>
		</trans>
		<trans lang="ja">
			<word>今</word>
			<alt>ima</alt>
		</trans>
	</term>
	<term id="4">
		<trans lang="en">
			<word>time, period, # hours   +</word>
		</trans>
		<trans lang="ja">
			<word>時かん</word>
			<alt>jikan</alt>
		</trans>
	</term>
	<term id="5">
		<trans lang="en">
			<word>p.m., afternoon   ++</word>
		</trans>
		<trans lang="ja">
			<word>午後</word>
			<alt>gogo</alt>
		</trans>
	</term>
	<term id="6">
		<trans lang="en">
			<word># o'clock</word>
		</trans>
		<trans lang="ja">
			<word>~時</word>
			<alt>-ji</alt>
		</trans>
	</term>
	<term id="7">
		<trans lang="en">
			<word>half   +</word>
		</trans>
		<trans lang="ja">
			<word>半</word>
			<alt>han</alt>
		</trans>
	</term>
	<term id="8">
		<trans lang="en">
			<word>before, in front of (space)   +</word>
		</trans>
		<trans lang="ja">
			<word>前</word>
			<alt>mae</alt>
		</trans>
	</term>
	<term id="9">
		<trans lang="en">
			<word>a.m., morning</word>
		</trans>
		<trans lang="ja">
			<word>午前</word>
			<alt>gozen</alt>
		</trans>
	</term>
	<term id="10">
		<trans lang="en">
			<word>what time?</word>
		</trans>
		<trans lang="ja">
			<word>何時</word>
			<alt>nanji</alt>
		</trans>
	</term>
	<term id="11">
		<trans lang="en">
			<word># minutes   +</word>
		</trans>
		<trans lang="ja">
			<word>~分</word>
			<alt>-fun</alt>
		</trans>
	</term>
	<term id="12">
		<trans lang="en">
			<word>always</word>
		</trans>
		<trans lang="ja">
			<word>いつも</word>
			<alt>itsumo</alt>
		</trans>
	</term>
	<term id="13">
		<trans lang="en">
			<word>get up, wake up</word>
		</trans>
		<trans lang="ja">
			<word>おきる</word>
			<alt>okiru</alt>
		</trans>
	</term>
	<term id="14">
		<trans lang="en">
			<word>tomorrow</word>
		</trans>
		<trans lang="ja">
			<word>あした</word>
			<alt>ashita</alt>
		</trans>
	</term>
	<term id="15">
		<trans lang="en">
			<word>go</word>
		</trans>
		<trans lang="ja">
			<word>いく</word>
			<alt>iku</alt>
		</trans>
	</term>
	<term id="16">
		<trans lang="en">
			<word>yesterday</word>
		</trans>
		<trans lang="ja">
			<word>きのう</word>
			<alt>kinoo</alt>
		</trans>
	</term>
	<term id="17">
		<trans lang="en">
			<word>movie, film</word>
		</trans>
		<trans lang="ja">
			<word>えいが</word>
			<alt>eiga</alt>
		</trans>
	</term>
	<term id="18">
		<trans lang="en">
			<word>see, watch, look at</word>
		</trans>
		<trans lang="ja">
			<word>みる</word>
			<alt>miru</alt>
		</trans>
	</term>
	<term id="19">
		<trans lang="en">
			<word>night</word>
		</trans>
		<trans lang="ja">
			<word>よる</word>
			<alt>yoru</alt>
		</trans>
	</term>
	<term id="20">
		<trans lang="en">
			<word>bus</word>
		</trans>
		<trans lang="ja">
			<word>バス</word>
			<alt>basu</alt>
		</trans>
	</term>
	<term id="21">
		<trans lang="en">
			<word>come</word>
		</trans>
		<trans lang="ja">
			<word>くる</word>
			<alt>kuru</alt>
		</trans>
	</term>
	<term id="22">
		<trans lang="en">
			<word>morning</word>
		</trans>
		<trans lang="ja">
			<word>あさ</word>
			<alt>asa</alt>
		</trans>
	</term>
	<term id="23">
		<trans lang="en">
			<word>tea, green tea</word>
		</trans>
		<trans lang="ja">
			<word>おちゃ</word>
			<alt>ocha</alt>
		</trans>
	</term>
	<term id="24">
		<trans lang="en">
			<word>drink; take (medicine)</word>
		</trans>
		<trans lang="ja">
			<word>のむ</word>
			<alt>nomu</alt>
		</trans>
	</term>
	<term id="25">
		<trans lang="en">
			<word>how many minutes?</word>
		</trans>
		<trans lang="ja">
			<word>何分</word>
			<alt>nampun</alt>
		</trans>
	</term>
	<term id="26">
		<trans lang="en">
			<word>write, draw</word>
		</trans>
		<trans lang="ja">
			<word>かく</word>
			<alt>kaku</alt>
		</trans>
	</term>
	<term id="27">
		<trans lang="en">
			<word>swim</word>
		</trans>
		<trans lang="ja">
			<word>およぐ</word>
			<alt>oyogu</alt>
		</trans>
	</term>
	<term id="28">
		<trans lang="en">
			<word>talk</word>
		</trans>
		<trans lang="ja">
			<word>はなす</word>
			<alt>hanasu</alt>
		</trans>
	</term>
	<term id="29">
		<trans lang="en">
			<word>wait</word>
		</trans>
		<trans lang="ja">
			<word>まつ</word>
			<alt>matsu</alt>
		</trans>
	</term>
	<term id="30">
		<trans lang="en">
			<word>die</word>
		</trans>
		<trans lang="ja">
			<word>しぬ</word>
			<alt>shinu</alt>
		</trans>
	</term>
	<term id="31">
		<trans lang="en">
			<word>call, call out to, invite</word>
		</trans>
		<trans lang="ja">
			<word>よぶ</word>
			<alt>yobu</alt>
		</trans>
	</term>
	<term id="32">
		<trans lang="en">
			<word>go home, return</word>
		</trans>
		<trans lang="ja">
			<word>かえる</word>
			<alt>kaeru</alt>
		</trans>
	</term>
	<term id="33">
		<trans lang="en">
			<word>buy</word>
		</trans>
		<trans lang="ja">
			<word>かう</word>
			<alt>kau</alt>
		</trans>
	</term>
	<term id="34">
		<trans lang="en">
			<word>eat</word>
		</trans>
		<trans lang="ja">
			<word>たべる</word>
			<alt>taberu</alt>
		</trans>
	</term>
	<term id="35">
		<trans lang="en">
			<word>do</word>
		</trans>
		<trans lang="ja">
			<word>する</word>
			<alt>suru</alt>
		</trans>
	</term>
	<term id="36">
		<trans lang="en">
			<word>today</word>
		</trans>
		<trans lang="ja">
			<word>きょう</word>
			<alt>kyoo</alt>
		</trans>
	</term>
	<term id="37">
		<trans lang="en">
			<word>go to bed, sleep</word>
		</trans>
		<trans lang="ja">
			<word>ねる</word>
			<alt>neru</alt>
		</trans>
	</term>
	<term id="38">
		<trans lang="en">
			<word>this evening</word>
		</trans>
		<trans lang="ja">
			<word>今ばん</word>
			<alt>komban</alt>
		</trans>
	</term>
	<term id="39">
		<trans lang="en">
			<word>friend</word>
		</trans>
		<trans lang="ja">
			<word>ともだち</word>
			<alt>tomodachi</alt>
		</trans>
	</term>
	<term id="40">
		<trans lang="en">
			<word>home</word>
		</trans>
		<trans lang="ja">
			<word>うち</word>
			<alt>uchi</alt>
		</trans>
	</term>
	<term id="41">
		<trans lang="en">
			<word>where?, which place?</word>
		</trans>
		<trans lang="ja">
			<word>どこ</word>
			<alt>doko</alt>
		</trans>
	</term>
	<term id="42">
		<trans lang="en">
			<word>when?</word>
		</trans>
		<trans lang="ja">
			<word>いつ</word>
			<alt>itsu</alt>
		</trans>
	</term>
	<term id="43">
		<trans lang="en">
			<word>read</word>
		</trans>
		<trans lang="ja">
			<word>よむ</word>
			<alt>yomu</alt>
		</trans>
	</term>
	<term id="44">
		<trans lang="en">
			<word>start (s.th. starts)</word>
		</trans>
		<trans lang="ja">
			<word>はじまる</word>
			<alt>hajimaru</alt>
		</trans>
	</term>
	<term id="45">
		<trans lang="en">
			<word>noon, daytime</word>
		</trans>
		<trans lang="ja">
			<word>ひる</word>
			<alt>hiru</alt>
		</trans>
	</term>
	<term id="46">
		<trans lang="en">
			<word>lunch</word>
		</trans>
		<trans lang="ja">
			<word>ひるごはん</word>
			<alt>hirugohan</alt>
		</trans>
	</term>
	<term id="47">
		<trans lang="en">
			<word>this morning</word>
		</trans>
		<trans lang="ja">
			<word>けさ</word>
			<alt>kesa</alt>
		</trans>
	</term>
	<term id="48">
		<trans lang="en">
			<word>radio</word>
		</trans>
		<trans lang="ja">
			<word>ラジオ</word>
			<alt>rajio</alt>
		</trans>
	</term>
	<term id="49">
		<trans lang="en">
			<word>news</word>
		</trans>
		<trans lang="ja">
			<word>ニュース</word>
			<alt>nyuusu</alt>
		</trans>
	</term>
	<term id="50">
		<trans lang="en">
			<word>listen, hear</word>
		</trans>
		<trans lang="ja">
			<word>きく</word>
			<alt>kiku</alt>
		</trans>
	</term>
	<term id="51">
		<trans lang="en">
			<word>restaurant</word>
		</trans>
		<trans lang="ja">
			<word>レストラン</word>
			<alt>resutoran</alt>
		</trans>
	</term>
	<term id="52">
		<trans lang="en">
			<word>supper, dinner, evening meal</word>
		</trans>
		<trans lang="ja">
			<word>ばんごはん</word>
			<alt>bangohan</alt>
		</trans>
	</term>
	<term id="53">
		<trans lang="en">
			<word>chopsticks</word>
		</trans>
		<trans lang="ja">
			<word>はし</word>
			<alt>hashi</alt>
		</trans>
	</term>
	<term id="54">
		<trans lang="en">
			<word>fork</word>
		</trans>
		<trans lang="ja">
			<word>フォーク</word>
			<alt>fooku</alt>
		</trans>
	</term>
	<term id="55">
		<trans lang="en">
			<word>hand</word>
		</trans>
		<trans lang="ja">
			<word>て</word>
			<alt>te</alt>
		</trans>
	</term>
	<term id="56">
		<trans lang="en">
			<word>knife</word>
		</trans>
		<trans lang="ja">
			<word>ナイフ</word>
			<alt>naifu</alt>
		</trans>
	</term>
	<term id="57">
		<trans lang="en">
			<word>airplane, plane</word>
		</trans>
		<trans lang="ja">
			<word>ひこうき</word>
			<alt>hikooki</alt>
		</trans>
	</term>
	<term id="58">
		<trans lang="en">
			<word>bicycle, bike</word>
		</trans>
		<trans lang="ja">
			<word>じてんしゃ</word>
			<alt>jitensha</alt>
		</trans>
	</term>
	<term id="59">
		<trans lang="en">
			<word>on foot, walking</word>
		</trans>
		<trans lang="ja">
			<word>あるいて</word>
			<alt>aruite</alt>
		</trans>
	</term>
	<term id="60">
		<trans lang="en">
			<word>bread</word>
		</trans>
		<trans lang="ja">
			<word>パン</word>
			<alt>pan</alt>
		</trans>
	</term>
	<term id="61">
		<trans lang="en">
			<word>breakfast</word>
		</trans>
		<trans lang="ja">
			<word>あさごはん</word>
			<alt>asagohan</alt>
		</trans>
	</term>
	<term id="62">
		<trans lang="en">
			<word>class</word>
		</trans>
		<trans lang="ja">
			<word>クラス</word>
			<alt>kurasu</alt>
		</trans>
	</term>
	<term id="63">
		<trans lang="en">
			<word>studying, study</word>
		</trans>
		<trans lang="ja">
			<word>べんきょう [する]</word>
			<alt>benkyoo</alt>
		</trans>
	</term>
	<term id="64">
		<trans lang="en">
			<word>television, TV</word>
		</trans>
		<trans lang="ja">
			<word>テレビ</word>
			<alt>terebi</alt>
		</trans>
	</term>
	<term id="65">
		<trans lang="en">
			<word>And then</word>
		</trans>
		<trans lang="ja">
			<word>それから</word>
			<alt>sorekara</alt>
		</trans>
	</term>
	<term id="66">
		<trans lang="en">
			<word>cooked rice, meal</word>
		</trans>
		<trans lang="ja">
			<word>ごはん</word>
			<alt>gohan</alt>
		</trans>
	</term>
	<term id="67">
		<trans lang="en">
			<word>juice</word>
		</trans>
		<trans lang="ja">
			<word>ジュース</word>
			<alt>juusu</alt>
		</trans>
	</term>
	<term id="68">
		<trans lang="en">
			<word>Coca Cola, coke</word>
		</trans>
		<trans lang="ja">
			<word>コーラ</word>
			<alt>koora</alt>
		</trans>
	</term>
	<term id="69">
		<trans lang="en">
			<word>black tea, tea</word>
		</trans>
		<trans lang="ja">
			<word>こうちゃ</word>
			<alt>koocha</alt>
		</trans>
	</term>
	<term id="70">
		<trans lang="en">
			<word>music</word>
		</trans>
		<trans lang="ja">
			<word>おんがく</word>
			<alt>ongaku</alt>
		</trans>
	</term>
	<term id="71">
		<trans lang="en">
			<word>tape (audio, video)</word>
		</trans>
		<trans lang="ja">
			<word>テープ</word>
			<alt>teepu</alt>
		</trans>
	</term>
	<term id="72">
		<trans lang="en">
			<word>coffee shop</word>
		</trans>
		<trans lang="ja">
			<word>きっさてん</word>
			<alt>kissaten</alt>
		</trans>
	</term>
	<term id="73">
		<trans lang="en">
			<word>department store</word>
		</trans>
		<trans lang="ja">
			<word>デパート</word>
			<alt>depaato</alt>
		</trans>
	</term>
	<term id="74">
		<trans lang="en">
			<word>bookshop, bookstore</word>
		</trans>
		<trans lang="ja">
			<word>本や</word>
			<alt>hon'ya</alt>
		</trans>
	</term>
	<term id="75">
		<trans lang="en">
			<word>flowershop</word>
		</trans>
		<trans lang="ja">
			<word>はなや</word>
			<alt>hanaya</alt>
		</trans>
	</term>
	<term id="76">
		<trans lang="en">
			<word>shopping</word>
		</trans>
		<trans lang="ja">
			<word>かいもの [する]</word>
			<alt>kaimono</alt>
		</trans>
	</term>
	<term id="77">
		<trans lang="en">
			<word>tennis</word>
		</trans>
		<trans lang="ja">
			<word>テニス</word>
			<alt>tenisu</alt>
		</trans>
	</term>
	<term id="78">
		<trans lang="en">
			<word>flower</word>
		</trans>
		<trans lang="ja">
			<word>はな</word>
			<alt>hana</alt>
		</trans>
	</term>
	<term id="79">
		<trans lang="en">
			<word>see, meet ("N ni")</word>
		</trans>
		<trans lang="ja">
			<word>あう</word>
			<alt>au</alt>
		</trans>
	</term>
</glossary>
