<?xml version="1.0"?>
<glossary id="306" name="JBPII-13" author="">
	<desc></desc>
	<term id="1">
		<trans lang="en">
			<word>open (s.th.)   +</word>
		</trans>
		<trans lang="ja">
			<word>開ける</word>
			<alt>akeru</alt>
		</trans>
	</term>
	<term id="2">
		<trans lang="en">
			<word>same   +</word>
		</trans>
		<trans lang="ja">
			<word>同じ</word>
			<alt>onaji</alt>
		</trans>
	</term>
	<term id="3">
		<trans lang="en">
			<word>woman, female   +</word>
		</trans>
		<trans lang="ja">
			<word>女</word>
			<alt>onna</alt>
		</trans>
	</term>
	<term id="4">
		<trans lang="en">
			<word>hito woman</word>
		</trans>
		<trans lang="ja">
			<word>女の人</word>
			<alt>onnano</alt>
		</trans>
	</term>
	<term id="5">
		<trans lang="en">
			<word>ko   girl</word>
		</trans>
		<trans lang="ja">
			<word>女の子</word>
			<alt>onnano</alt>
		</trans>
	</term>
	<term id="6">
		<trans lang="en">
			<word>the female sex, woman   +</word>
		</trans>
		<trans lang="ja">
			<word>女性</word>
			<alt>josei</alt>
		</trans>
	</term>
	<term id="7">
		<trans lang="en">
			<word>man, male   +</word>
		</trans>
		<trans lang="ja">
			<word>男</word>
			<alt>otoko</alt>
		</trans>
	</term>
	<term id="8">
		<trans lang="en">
			<word>hito    man</word>
		</trans>
		<trans lang="ja">
			<word>男の人</word>
			<alt>otokono</alt>
		</trans>
	</term>
	<term id="9">
		<trans lang="en">
			<word>ko  boy</word>
		</trans>
		<trans lang="ja">
			<word>男の子</word>
			<alt>otokono</alt>
		</trans>
	</term>
	<term id="10">
		<trans lang="en">
			<word>the male sex, male</word>
		</trans>
		<trans lang="ja">
			<word>男性</word>
			<alt>dansei</alt>
		</trans>
	</term>
	<term id="11">
		<trans lang="en">
			<word>eat   +</word>
		</trans>
		<trans lang="ja">
			<word>食べる</word>
			<alt>taberu</alt>
		</trans>
	</term>
	<term id="12">
		<trans lang="en">
			<word>present</word>
		</trans>
		<trans lang="ja">
			<word>プレゼント</word>
			<alt>purezento</alt>
		</trans>
	</term>
	<term id="13">
		<trans lang="en">
			<word>take care of, keep</word>
		</trans>
		<trans lang="ja">
			<word>あずかる</word>
			<alt>azukaru</alt>
		</trans>
	</term>
	<term id="14">
		<trans lang="en">
			<word>gift</word>
		</trans>
		<trans lang="ja">
			<word>おくりもの</word>
			<alt>okurimono</alt>
		</trans>
	</term>
	<term id="15">
		<trans lang="en">
			<word>delighted, happy</word>
		</trans>
		<trans lang="ja">
			<word>うれしい</word>
			<alt>ureshii</alt>
		</trans>
	</term>
	<term id="16">
		<trans lang="en">
			<word>chocolate</word>
		</trans>
		<trans lang="ja">
			<word>チョコレート</word>
			<alt>chokoreeto</alt>
		</trans>
	</term>
	<term id="17">
		<trans lang="en">
			<word>love letter</word>
		</trans>
		<trans lang="ja">
			<word>ラブレター</word>
			<alt>raburetaa</alt>
		</trans>
	</term>
	<term id="18">
		<trans lang="en">
			<word>shiremasen    may be</word>
		</trans>
		<trans lang="ja">
			<word>~かもしれません</word>
			<alt>-kamo</alt>
		</trans>
	</term>
	<term id="19">
		<trans lang="en">
			<word>In fact, Really</word>
		</trans>
		<trans lang="ja">
			<word>じつは</word>
			<alt>jitsuwa</alt>
		</trans>
	</term>
	<term id="20">
		<trans lang="en">
			<word>duty, obligation</word>
		</trans>
		<trans lang="ja">
			<word>ぎり</word>
			<alt>giri</alt>
		</trans>
	</term>
	<term id="21">
		<trans lang="en">
			<word>custom, habit</word>
		</trans>
		<trans lang="ja">
			<word>しゅうかん</word>
			<alt>shuukan</alt>
		</trans>
	</term>
	<term id="22">
		<trans lang="en">
			<word>workplace</word>
		</trans>
		<trans lang="ja">
			<word>しょくば</word>
			<alt>shokuba</alt>
		</trans>
	</term>
	<term id="23">
		<trans lang="en">
			<word>superior</word>
		</trans>
		<trans lang="ja">
			<word>じょうし</word>
			<alt>jooshi</alt>
		</trans>
	</term>
	<term id="24">
		<trans lang="en">
			<word>coworker, colleague</word>
		</trans>
		<trans lang="ja">
			<word>同りょう</word>
			<alt>dooryoo</alt>
		</trans>
	</term>
	<term id="25">
		<trans lang="en">
			<word>help, kindness, care</word>
		</trans>
		<trans lang="ja">
			<word>せ話</word>
			<alt>sewa</alt>
		</trans>
	</term>
	<term id="26">
		<trans lang="en">
			<word>naru    be indebted to</word>
		</trans>
		<trans lang="ja">
			<word>おせ話になる</word>
			<alt>osewani</alt>
		</trans>
	</term>
	<term id="27">
		<trans lang="en">
			<word>as expected ( = yahari)</word>
		</trans>
		<trans lang="ja">
			<word>やっぱり</word>
			<alt>yappari</alt>
		</trans>
	</term>
	<term id="28">
		<trans lang="en">
			<word>girlfriend</word>
		</trans>
		<trans lang="ja">
			<word>ガールフレンド</word>
			<alt>gaarufurendo</alt>
		</trans>
	</term>
	<term id="29">
		<trans lang="en">
			<word>confectioner</word>
		</trans>
		<trans lang="ja">
			<word>かし屋</word>
			<alt>kashiya</alt>
		</trans>
	</term>
	<term id="30">
		<trans lang="en">
			<word>accident</word>
		</trans>
		<trans lang="ja">
			<word>事こ</word>
			<alt>jiko</alt>
		</trans>
	</term>
	<term id="31">
		<trans lang="en">
			<word>karaoke, sing-along</word>
		</trans>
		<trans lang="ja">
			<word>カラオケ</word>
			<alt>karaoke</alt>
		</trans>
	</term>
	<term id="32">
		<trans lang="en">
			<word>hateful, dislike</word>
		</trans>
		<trans lang="ja">
			<word>きらい [な]</word>
			<alt>kirai</alt>
		</trans>
	</term>
	<term id="33">
		<trans lang="en">
			<word>person in charge</word>
		</trans>
		<trans lang="ja">
			<word>たんとうしゃ</word>
			<alt>tantoosha</alt>
		</trans>
	</term>
	<term id="34">
		<trans lang="en">
			<word>personal computer, PC</word>
		</trans>
		<trans lang="ja">
			<word>パソコン</word>
			<alt>pasokon</alt>
		</trans>
	</term>
	<term id="35">
		<trans lang="en">
			<word>machine, equipment</word>
		</trans>
		<trans lang="ja">
			<word>きかい</word>
			<alt>kikai</alt>
		</trans>
	</term>
	<term id="36">
		<trans lang="en">
			<word>Spanish</word>
		</trans>
		<trans lang="ja">
			<word>スペイン語</word>
			<alt>supeingo</alt>
		</trans>
	</term>
	<term id="37">
		<trans lang="en">
			<word>borrow, rent, hire</word>
		</trans>
		<trans lang="ja">
			<word>かりる</word>
			<alt>kariru</alt>
		</trans>
	</term>
	<term id="38">
		<trans lang="en">
			<word>date</word>
		</trans>
		<trans lang="ja">
			<word>デート</word>
			<alt>deeto</alt>
		</trans>
	</term>
	<term id="39">
		<trans lang="en">
			<word>decline, reject</word>
		</trans>
		<trans lang="ja">
			<word>ことわる</word>
			<alt>kotowaru</alt>
		</trans>
	</term>
	<term id="40">
		<trans lang="en">
			<word>decline, lose weight</word>
		</trans>
		<trans lang="ja">
			<word>やせる</word>
			<alt>yaseru</alt>
		</trans>
	</term>
	<term id="41">
		<trans lang="en">
			<word>full</word>
		</trans>
		<trans lang="ja">
			<word>いっぱい [の]</word>
			<alt>ippai</alt>
		</trans>
	</term>
	<term id="42">
		<trans lang="en">
			<word>happen, occur</word>
		</trans>
		<trans lang="ja">
			<word>おきる</word>
			<alt>okiru</alt>
		</trans>
	</term>
	<term id="43">
		<trans lang="en">
			<word>reserve, hesitate</word>
		</trans>
		<trans lang="ja">
			<word>えんりょう [する]</word>
			<alt>enryoo</alt>
		</trans>
	</term>
	<term id="44">
		<trans lang="en">
			<word>without reserve, freely</word>
		</trans>
		<trans lang="ja">
			<word>えんりょうなく</word>
			<alt>enryoonaku</alt>
		</trans>
	</term>
</glossary>
