<?xml version="1.0"?>
<glossary id="322" name="JBPI-25" author="">
	<desc></desc>
	<term id="1">
		<trans lang="en">
			<word>room</word>
		</trans>
		<trans lang="ja">
			<word>~しつ</word>
			<alt>-shitsu</alt>
		</trans>
	</term>
	<term id="2">
		<trans lang="en">
			<word>conference room</word>
		</trans>
		<trans lang="ja">
			<word>かいぎしつ</word>
			<alt>kaigishitsu</alt>
		</trans>
	</term>
	<term id="3">
		<trans lang="en">
			<word>iru   be doing</word>
		</trans>
		<trans lang="ja">
			<word>している</word>
			<alt>shite</alt>
		</trans>
	</term>
	<term id="4">
		<trans lang="en">
			<word>slide</word>
		</trans>
		<trans lang="ja">
			<word>スライド</word>
			<alt>suraido</alt>
		</trans>
	</term>
	<term id="5">
		<trans lang="en">
			<word>iru    be looking, be watching</word>
		</trans>
		<trans lang="ja">
			<word>みている</word>
			<alt>mite</alt>
		</trans>
	</term>
	<term id="6">
		<trans lang="en">
			<word>talk, have a talk</word>
		</trans>
		<trans lang="ja">
			<word>はなし [をする]</word>
			<alt>hanashi</alt>
		</trans>
	</term>
	<term id="7">
		<trans lang="en">
			<word>client, guest (hon.)</word>
		</trans>
		<trans lang="ja">
			<word>おきゃくさん</word>
			<alt>okyakusan</alt>
		</trans>
	</term>
</glossary>
