<?xml version="1.0"?>
<glossary id="39" name="1.08.3" author="Frédéric Bergeron">
	<desc></desc>
	<term id="1">
		<trans lang="en">
			<word>mathematics,arithmetic</word>
		</trans>
		<trans lang="ja">
			<word>数学</word>
			<alt>すうがく</alt>
		</trans>
	</term>
	<term id="2">
		<trans lang="en">
			<word>function (e.g. math, programming)</word>
		</trans>
		<trans lang="ja">
			<word>関数</word>
			<alt>かんすう</alt>
		</trans>
	</term>
	<term id="3">
		<trans lang="en">
			<word>square (e.g. metre)</word>
		</trans>
		<trans lang="ja">
			<word>平方</word>
			<alt>へいほう</alt>
		</trans>
		<comment languages="en-ja">縦横８フィートの部屋の面積は６４平方フィートである。
A room 8 feet square has an area of 64 square feet.</comment>
	</term>
	<term id="4">
		<trans lang="en">
			<word>trigonometric function</word>
		</trans>
		<trans lang="ja">
			<word>三角関数</word>
			<alt>さんかくかんすう</alt>
		</trans>
	</term>
	<term id="5">
		<trans lang="en">
			<word>index,index number,exponent</word>
		</trans>
		<trans lang="ja">
			<word>指数</word>
			<alt>しすう</alt>
		</trans>
	</term>
	<term id="6">
		<trans lang="en">
			<word>suspicious,dubious,doubtful</word>
		</trans>
		<trans lang="ja">
			<word>怪しい</word>
			<alt>あやしい</alt>
		</trans>
	</term>
	<term id="7">
		<trans lang="en">
			<word>to obtain,to acquire</word>
		</trans>
		<trans lang="ja">
			<word>得る</word>
			<alt>える</alt>
		</trans>
		<comment languages="en-ja">メソッドを実行すると、計算した結果を得ることができる。
Executing these methods, you can compute and obtain some results.</comment>
	</term>
	<term id="8">
		<trans lang="en">
			<word>value,price,cost,worth,merit</word>
		</trans>
		<trans lang="ja">
			<word>値</word>
			<alt>あたい</alt>
		</trans>
	</term>
	<term id="9">
		<trans lang="en">
			<word>return value</word>
		</trans>
		<trans lang="ja">
			<word>帰り値</word>
			<alt>かえりあたい</alt>
		</trans>
	</term>
	<term id="10">
		<trans lang="en">
			<word>extreme,extremity</word>
		</trans>
		<trans lang="ja">
			<word>極端</word>
			<alt>きょくたん</alt>
		</trans>
		<comment languages="en-ja">それは極端な場合だ。
They are the extreme cases.

一般的にイギリス人は飼っているペットを極端にかわいがっている。
The English people in general are extremely fond of their pets.</comment>
	</term>
	<term id="11">
		<trans lang="en">
			<word>declare,inscribing on the face of,publish (info),list (prices),address (package)</word>
		</trans>
		<trans lang="ja">
			<word>表記(する)</word>
			<alt>ひょうき(する)</alt>
		</trans>
		<comment languages="en-ja">日本語の難しい点は文字を使った表記の仕方です。
What is difficult about Japanese is the writing system.

1番目のsinの答えである「9.265358966e-05」ですが、これは、極端に大きいか、あるいは極端小さい数を表すときに便利な表記方法です。
The answer of the first sin is very small.  For such small or big numbers, a practical format (exponential notation) is used.</comment>
	</term>
	<term id="12">
		<trans lang="en">
			<word>or,possibly</word>
		</trans>
		<trans lang="ja">
			<word>或いは</word>
			<alt>あるいは</alt>
		</trans>
		<comment languages="en-ja">あなたかあるいは私が間違っている。
Either you or I am wrong.

あるいはそれは本当かもしれない。
Perhaps that's true.</comment>
	</term>
	<term id="13">
		<trans lang="en">
			<word>to belong to,to be affiliated with</word>
		</trans>
		<trans lang="ja">
			<word>属する</word>
			<alt>ぞくする</alt>
		</trans>
	</term>
	<term id="14">
		<trans lang="en">
			<word>direct,immediate,personal,firsthand</word>
		</trans>
		<trans lang="ja">
			<word>直接</word>
			<alt>ちょくせつ</alt>
		</trans>
		<comment languages="en-ja">このニュースは直接聞いたから間違いない。
You can believe me, because I heard this news at first hand.

すみませんが、私はこの知らせを彼に直接会って話してあげたい。
Sorry, but I want to tell him this news face to face.</comment>
	</term>
	<term id="15">
		<trans lang="en">
			<word>square root</word>
		</trans>
		<trans lang="ja">
			<word>平方根</word>
			<alt>へいほうこん</alt>
		</trans>
	</term>
</glossary>
