<?xml version="1.0"?>
<glossary id="280" name="8.1.02" author="Frédéric Bergeron">
	<desc></desc>
	<term id="1">
		<trans lang="en">
			<word>expansion,extension,enlargement,escape (ESC) (to)</word>
		</trans>
		<trans lang="ja">
			<word>拡張(する)</word>
			<alt>かくちょう(する)</alt>
		</trans>
		<comment languages="en-ja">すでに定義いるクラスを拡張して新しいクラスを作ることを継承といいます。
To create a new class by extending an already existing class is called inheritance.</comment>
	</term>
	<term id="2">
		<trans lang="en">
			<word>form,formality,format,math expression</word>
		</trans>
		<trans lang="ja">
			<word>形式</word>
			<alt>けいしき</alt>
		</trans>
	</term>
	<term id="3">
		<trans lang="en">
			<word>acquisition</word>
		</trans>
		<trans lang="ja">
			<word>取得</word>
			<alt>しゅとく</alt>
		</trans>
	</term>
	<term id="4">
		<trans lang="en">
			<word>by the way,in this connection,incidentally,in passing</word>
		</trans>
		<trans lang="ja">
			<word>因みに</word>
			<alt>ちなみに</alt>
		</trans>
		<comment languages="en-ja">ちなみに、instance_of?メソッドやis_a?メソッドはObjectクラスで定義されています。
By the way, the instance_of? and is_a? methods are defined in the Object class.</comment>
	</term>
</glossary>
