<?xml version="1.0"?>
<glossary id="154" name="Kaffe und Kuchen." author="Frédéric Bergeron">
	<desc></desc>
	<term id="1">
		<trans lang="de">
			<word>Trinken Sie ...?</word>
		</trans>
		<trans lang="fr">
			<word>Aimeriez-vous boire ...?</word>
		</trans>
	</term>
	<term id="2">
		<trans lang="de">
			<word>eine Tasse Kaffee</word>
		</trans>
		<trans lang="fr">
			<word>une tasse de café</word>
		</trans>
	</term>
	<term id="3">
		<trans lang="de">
			<word>Ja, gerne.</word>
		</trans>
		<trans lang="fr">
			<word>Oui, volontiers.</word>
		</trans>
	</term>
	<term id="4">
		<trans lang="de">
			<word>mit</word>
		</trans>
		<trans lang="fr">
			<word>avec</word>
		</trans>
		<comment languages="de-fr">Mit Milch und Zucker?
Avec lait et sucre?</comment>
	</term>
	<term id="5">
		<trans lang="de">
			<word>ohne</word>
		</trans>
		<trans lang="fr">
			<word>sans</word>
		</trans>
		<comment languages="de-fr">Ohne Zucker.
Sans sucre.</comment>
	</term>
	<term id="6">
		<trans lang="de">
			<word>Milch</word>
		</trans>
		<trans lang="fr">
			<word>lait</word>
		</trans>
	</term>
	<term id="7">
		<trans lang="de">
			<word>Zucker</word>
		</trans>
		<trans lang="fr">
			<word>sucre</word>
		</trans>
	</term>
	<term id="8">
		<trans lang="de">
			<word>ein Stück Kuchen</word>
		</trans>
		<trans lang="fr">
			<word>une part de gâteau</word>
		</trans>
	</term>
	<term id="9">
		<trans lang="de">
			<word>Bitte schön.</word>
		</trans>
		<trans lang="fr">
			<word>Je vous en prie.</word>
		</trans>
	</term>
	<term id="10">
		<trans lang="de">
			<word>Danke schön.</word>
		</trans>
		<trans lang="fr">
			<word>Merci bien.</word>
		</trans>
	</term>
	<term id="11">
		<trans lang="de">
			<word>Ich trinke keinen Kaffee.</word>
		</trans>
		<trans lang="fr">
			<word>Je ne bois pas de café.</word>
		</trans>
	</term>
</glossary>
