<?xml version="1.0"?>
<glossary id="179" name="44" author="Frédéric Bergeron">
	<desc></desc>
	<term id="1">
		<trans lang="es">
			<word>arrojar(se)</word>
		</trans>
		<trans lang="fr">
			<word>lancer,jeter (se)</word>
		</trans>
	</term>
	<term id="2">
		<trans lang="es">
			<word>veneno,ponzoña</word>
		</trans>
		<trans lang="fr">
			<word>poison</word>
		</trans>
	</term>
	<term id="3">
		<trans lang="es">
			<word>idóneo</word>
		</trans>
		<trans lang="fr">
			<word>approprié,indiqué</word>
		</trans>
	</term>
</glossary>
