<?xml version="1.0"?>
<glossary id="424" name="p378-393" author="Frédéric Bergeron">
	<desc></desc>
	<term id="1">
		<trans lang="es">
			<word>tapar</word>
		</trans>
		<trans lang="fr">
			<word>couvrir,boucher</word>
		</trans>
	</term>
	<term id="2">
		<trans lang="es">
			<word>consabido</word>
		</trans>
		<trans lang="fr">
			<word>classique,traditionnel</word>
		</trans>
	</term>
	<term id="3">
		<trans lang="es">
			<word>mustio</word>
		</trans>
		<trans lang="fr">
			<word>fané,triste,morne,cafardeux</word>
		</trans>
	</term>
	<term id="4">
		<trans lang="es">
			<word>colgadura</word>
		</trans>
		<trans lang="fr">
			<word>tenture</word>
		</trans>
	</term>
	<term id="5">
		<trans lang="es">
			<word>necio</word>
		</trans>
		<trans lang="fr">
			<word>sot</word>
		</trans>
	</term>
	<term id="6">
		<trans lang="es">
			<word>gozar</word>
		</trans>
		<trans lang="fr">
			<word>jouir</word>
		</trans>
	</term>
</glossary>
