<?xml version="1.0"?>
<glossary id="311" name="JBPI-14" author="">
	<desc></desc>
	<term id="1">
		<trans lang="en">
			<word>how?</word>
		</trans>
		<trans lang="ja">
			<word>どう</word>
			<alt>doo</alt>
		</trans>
	</term>
	<term id="2">
		<trans lang="en">
			<word>deshita ka  How was it?</word>
		</trans>
		<trans lang="ja">
			<word>どうでしたか</word>
			<alt>doo</alt>
		</trans>
	</term>
	<term id="3">
		<trans lang="en">
			<word>earphones</word>
		</trans>
		<trans lang="ja">
			<word>イヤホーン</word>
			<alt>iyahoon</alt>
		</trans>
	</term>
	<term id="4">
		<trans lang="en">
			<word>English (language)</word>
		</trans>
		<trans lang="ja">
			<word>えいご</word>
			<alt>eigo</alt>
		</trans>
	</term>
	<term id="5">
		<trans lang="en">
			<word>explanation, explain</word>
		</trans>
		<trans lang="ja">
			<word>せつめい [する]</word>
			<alt>setsumei</alt>
		</trans>
	</term>
	<term id="6">
		<trans lang="en">
			<word>cold (weather)</word>
		</trans>
		<trans lang="ja">
			<word>さむい</word>
			<alt>samui</alt>
		</trans>
	</term>
	<term id="7">
		<trans lang="en">
			<word>hot</word>
		</trans>
		<trans lang="ja">
			<word>あつい</word>
			<alt>atsui</alt>
		</trans>
	</term>
	<term id="8">
		<trans lang="en">
			<word>enjoyable, pleasant</word>
		</trans>
		<trans lang="ja">
			<word>たのしい</word>
			<alt>tanoshii</alt>
		</trans>
	</term>
	<term id="9">
		<trans lang="en">
			<word>town</word>
		</trans>
		<trans lang="ja">
			<word>まち</word>
			<alt>machi</alt>
		</trans>
	</term>
	<term id="10">
		<trans lang="en">
			<word>journey, trip</word>
		</trans>
		<trans lang="ja">
			<word>りょこう</word>
			<alt>ryokoo</alt>
		</trans>
	</term>
	<term id="11">
		<trans lang="en">
			<word>golf</word>
		</trans>
		<trans lang="ja">
			<word>ゴルフ</word>
			<alt>gorufu</alt>
		</trans>
	</term>
	<term id="12">
		<trans lang="en">
			<word>cuisine, cooking</word>
		</trans>
		<trans lang="ja">
			<word>りょうり [する]</word>
			<alt>ryoori</alt>
		</trans>
	</term>
</glossary>
