<?xml version="1.0"?>
<glossary id="303" name="JBPII-16" author="">
	<desc></desc>
	<term id="1">
		<trans lang="en">
			<word>forest, grove   +</word>
		</trans>
		<trans lang="ja">
			<word>林</word>
			<alt>hayashi</alt>
		</trans>
	</term>
	<term id="2">
		<trans lang="en">
			<word>next week   +</word>
		</trans>
		<trans lang="ja">
			<word>来週</word>
			<alt>raishuu</alt>
		</trans>
	</term>
	<term id="3">
		<trans lang="en">
			<word># weeks</word>
		</trans>
		<trans lang="ja">
			<word>~週間</word>
			<alt>-shuukan</alt>
		</trans>
	</term>
	<term id="4">
		<trans lang="en">
			<word>construction work   +</word>
		</trans>
		<trans lang="ja">
			<word>工事</word>
			<alt>kooji</alt>
		</trans>
	</term>
	<term id="5">
		<trans lang="en">
			<word>end of year   +</word>
		</trans>
		<trans lang="ja">
			<word>年末</word>
			<alt>nenmatsu</alt>
		</trans>
	</term>
	<term id="6">
		<trans lang="en">
			<word>weekend</word>
		</trans>
		<trans lang="ja">
			<word>週末</word>
			<alt>shuumatsu</alt>
		</trans>
	</term>
	<term id="7">
		<trans lang="en">
			<word>mouth   +</word>
		</trans>
		<trans lang="ja">
			<word>口</word>
			<alt>kuchi</alt>
		</trans>
	</term>
	<term id="8">
		<trans lang="en">
			<word>entrance</word>
		</trans>
		<trans lang="ja">
			<word>入口</word>
			<alt>iriguchi</alt>
		</trans>
	</term>
	<term id="9">
		<trans lang="en">
			<word>exit</word>
		</trans>
		<trans lang="ja">
			<word>出口</word>
			<alt>deguchi</alt>
		</trans>
	</term>
	<term id="10">
		<trans lang="en">
			<word>be closed, be shut   +</word>
		</trans>
		<trans lang="ja">
			<word>閉まる</word>
			<alt>shimaru</alt>
		</trans>
	</term>
	<term id="11">
		<trans lang="en">
			<word>design, plan</word>
		</trans>
		<trans lang="ja">
			<word>せっけい [する]</word>
			<alt>sekkei</alt>
		</trans>
	</term>
	<term id="12">
		<trans lang="en">
			<word>request</word>
		</trans>
		<trans lang="ja">
			<word>いらい</word>
			<alt>irai</alt>
		</trans>
	</term>
	<term id="13">
		<trans lang="en">
			<word>showroom</word>
		</trans>
		<trans lang="ja">
			<word>ショールーム</word>
			<alt>shooruumu</alt>
		</trans>
	</term>
	<term id="14">
		<trans lang="en">
			<word>be finished, be done</word>
		</trans>
		<trans lang="ja">
			<word>できあがる</word>
			<alt>dekiagaru</alt>
		</trans>
	</term>
	<term id="15">
		<trans lang="en">
			<word>blueprint, plan</word>
		</trans>
		<trans lang="ja">
			<word>ずめん</word>
			<alt>zumen</alt>
		</trans>
	</term>
	<term id="16">
		<trans lang="en">
			<word>something, anything</word>
		</trans>
		<trans lang="ja">
			<word>何か</word>
			<alt>nanika</alt>
		</trans>
	</term>
	<term id="17">
		<trans lang="en">
			<word>at once, directly</word>
		</trans>
		<trans lang="ja">
			<word>さっそく</word>
			<alt>sassoku</alt>
		</trans>
	</term>
	<term id="18">
		<trans lang="en">
			<word>trader, contractor</word>
		</trans>
		<trans lang="ja">
			<word>ぎょうしゃ</word>
			<alt>gyoosha</alt>
		</trans>
	</term>
	<term id="19">
		<trans lang="en">
			<word>visit, ask (hon.)</word>
		</trans>
		<trans lang="ja">
			<word>うかがう</word>
			<alt>ukagau</alt>
		</trans>
	</term>
	<term id="20">
		<trans lang="en">
			<word>front, face, surface</word>
		</trans>
		<trans lang="ja">
			<word>おもて</word>
			<alt>omote</alt>
		</trans>
	</term>
	<term id="21">
		<trans lang="en">
			<word>opposite</word>
		</trans>
		<trans lang="ja">
			<word>はんたい</word>
			<alt>hantai</alt>
		</trans>
	</term>
	<term id="22">
		<trans lang="en">
			<word>side</word>
		</trans>
		<trans lang="ja">
			<word>~がわ</word>
			<alt>-gawa</alt>
		</trans>
	</term>
	<term id="23">
		<trans lang="en">
			<word>back, reverse</word>
		</trans>
		<trans lang="ja">
			<word>うら</word>
			<alt>ura</alt>
		</trans>
	</term>
	<term id="24">
		<trans lang="en">
			<word>back entrance</word>
		</trans>
		<trans lang="ja">
			<word>うら口</word>
			<alt>uraguchi</alt>
		</trans>
	</term>
	<term id="25">
		<trans lang="en">
			<word>proper, right, all right</word>
		</trans>
		<trans lang="ja">
			<word>よろしい</word>
			<alt>yoroshii</alt>
		</trans>
	</term>
	<term id="26">
		<trans lang="en">
			<word>spring</word>
		</trans>
		<trans lang="ja">
			<word>はる</word>
			<alt>haru</alt>
		</trans>
	</term>
	<term id="27">
		<trans lang="en">
			<word>bloom, blossom, flower</word>
		</trans>
		<trans lang="ja">
			<word>さく</word>
			<alt>saku</alt>
		</trans>
	</term>
	<term id="28">
		<trans lang="en">
			<word>question, ask a question</word>
		</trans>
		<trans lang="ja">
			<word>しつもん [する]</word>
			<alt>shitsumon</alt>
		</trans>
	</term>
	<term id="29">
		<trans lang="en">
			<word>clearly</word>
		</trans>
		<trans lang="ja">
			<word>はっきり</word>
			<alt>hakkiri</alt>
		</trans>
	</term>
	<term id="30">
		<trans lang="en">
			<word>use, make use of</word>
		</trans>
		<trans lang="ja">
			<word>り用 [する]</word>
			<alt>riyoo</alt>
		</trans>
	</term>
	<term id="31">
		<trans lang="en">
			<word>hard, tough</word>
		</trans>
		<trans lang="ja">
			<word>かたい</word>
			<alt>katai</alt>
		</trans>
	</term>
	<term id="32">
		<trans lang="en">
			<word>rare, unusual</word>
		</trans>
		<trans lang="ja">
			<word>めずらしい</word>
			<alt>mezurashii</alt>
		</trans>
	</term>
	<term id="33">
		<trans lang="en">
			<word>few, little, scarce</word>
		</trans>
		<trans lang="ja">
			<word>すくない</word>
			<alt>sukunai</alt>
		</trans>
	</term>
	<term id="34">
		<trans lang="en">
			<word>woman, lady</word>
		</trans>
		<trans lang="ja">
			<word>ふ人</word>
			<alt>fujin</alt>
		</trans>
	</term>
	<term id="35">
		<trans lang="en">
			<word>flower show</word>
		</trans>
		<trans lang="ja">
			<word>フラワーショー</word>
			<alt>furawaashoo</alt>
		</trans>
	</term>
	<term id="36">
		<trans lang="en">
			<word>baby sitter</word>
		</trans>
		<trans lang="ja">
			<word>ベビーシッター</word>
			<alt>bebiishittaa</alt>
		</trans>
	</term>
	<term id="37">
		<trans lang="en">
			<word>be found</word>
		</trans>
		<trans lang="ja">
			<word>見付かる</word>
			<alt>mitsukaru</alt>
		</trans>
	</term>
	<term id="38">
		<trans lang="en">
			<word>husband, my husband</word>
		</trans>
		<trans lang="ja">
			<word>おっと</word>
			<alt>otto</alt>
		</trans>
	</term>
	<term id="39">
		<trans lang="en">
			<word>rent, house rent</word>
		</trans>
		<trans lang="ja">
			<word>家ちん</word>
			<alt>yachin</alt>
		</trans>
	</term>
	<term id="40">
		<trans lang="en">
			<word>salary</word>
		</trans>
		<trans lang="ja">
			<word>きゅうりょう</word>
			<alt>kyuuryoo</alt>
		</trans>
	</term>
	<term id="41">
		<trans lang="en">
			<word>mae    right in front</word>
		</trans>
		<trans lang="ja">
			<word>めの前</word>
			<alt>meno</alt>
		</trans>
	</term>
	<term id="42">
		<trans lang="en">
			<word>cancer</word>
		</trans>
		<trans lang="ja">
			<word>がん</word>
			<alt>gan</alt>
		</trans>
	</term>
	<term id="43">
		<trans lang="en">
			<word>button</word>
		</trans>
		<trans lang="ja">
			<word>ボタン</word>
			<alt>botan</alt>
		</trans>
	</term>
	<term id="44">
		<trans lang="en">
			<word>push</word>
		</trans>
		<trans lang="ja">
			<word>おす</word>
			<alt>osu</alt>
		</trans>
	</term>
	<term id="45">
		<trans lang="en">
			<word>put in</word>
		</trans>
		<trans lang="ja">
			<word>入れる</word>
			<alt>ireru</alt>
		</trans>
	</term>
	<term id="46">
		<trans lang="en">
			<word>go out, be extingushed</word>
		</trans>
		<trans lang="ja">
			<word>きえる</word>
			<alt>kieru</alt>
		</trans>
	</term>
	<term id="47">
		<trans lang="en">
			<word>lever</word>
		</trans>
		<trans lang="ja">
			<word>レバー</word>
			<alt>rebaa</alt>
		</trans>
	</term>
	<term id="48">
		<trans lang="en">
			<word>sound</word>
		</trans>
		<trans lang="ja">
			<word>おと</word>
			<alt>oto</alt>
		</trans>
	</term>
	<term id="49">
		<trans lang="en">
			<word>turn, send round</word>
		</trans>
		<trans lang="ja">
			<word>まわす</word>
			<alt>mawasu</alt>
		</trans>
	</term>
	<term id="50">
		<trans lang="en">
			<word>au be on time, in time</word>
		</trans>
		<trans lang="ja">
			<word>間にあう</word>
			<alt>mani</alt>
		</trans>
	</term>
	<term id="51">
		<trans lang="en">
			<word>inconvenience, troublesome</word>
		</trans>
		<trans lang="ja">
			<word>めいわく [な]</word>
			<alt>meiwaku</alt>
		</trans>
	</term>
</glossary>
