<?xml version="1.0"?>
<glossary id="156" name="Im Café" author="Frédéric Bergeron">
	<desc></desc>
	<term id="1">
		<trans lang="de">
			<word>Was darf es sein?</word>
		</trans>
		<trans lang="fr">
			<word>Que puis-je vous offrir?</word>
		</trans>
	</term>
	<term id="2">
		<trans lang="de">
			<word>Ich möchte...</word>
		</trans>
		<trans lang="fr">
			<word>J'aimerais...</word>
		</trans>
	</term>
	<term id="3">
		<trans lang="de">
			<word>Haben Sie...?</word>
		</trans>
		<trans lang="fr">
			<word>Avez-vous...?</word>
		</trans>
	</term>
	<term id="4">
		<trans lang="de">
			<word>zu süß</word>
		</trans>
		<trans lang="fr">
			<word>trop sucré</word>
		</trans>
	</term>
	<term id="5">
		<trans lang="de">
			<word>zu trocken</word>
		</trans>
		<trans lang="fr">
			<word>trop sec</word>
		</trans>
	</term>
	<term id="6">
		<trans lang="de">
			<word>halbtrocken</word>
		</trans>
		<trans lang="fr">
			<word>demi-sec</word>
		</trans>
	</term>
	<term id="7">
		<trans lang="de">
			<word>ein Glas Wein</word>
		</trans>
		<trans lang="fr">
			<word>un verre de vin</word>
		</trans>
	</term>
	<term id="8">
		<trans lang="de">
			<word>Zahlen, bitte.</word>
		</trans>
		<trans lang="fr">
			<word>L'addition, svp.</word>
		</trans>
	</term>
	<term id="9">
		<trans lang="de">
			<word>rot</word>
		</trans>
		<trans lang="fr">
			<word>rouge</word>
		</trans>
	</term>
	<term id="10">
		<trans lang="de">
			<word>weiß</word>
		</trans>
		<trans lang="fr">
			<word>blanc</word>
		</trans>
	</term>
	<term id="11">
		<trans lang="de">
			<word>ein Glas Bier</word>
		</trans>
		<trans lang="fr">
			<word>un verre de bière</word>
		</trans>
	</term>
	<term id="12">
		<trans lang="de">
			<word>zwei Glas Wein</word>
		</trans>
		<trans lang="fr">
			<word>deux verres de vin</word>
		</trans>
	</term>
	<term id="13">
		<trans lang="de">
			<word>Das macht 5 (fünf) Euro.</word>
		</trans>
		<trans lang="fr">
			<word>Cela fait 5 euros.</word>
		</trans>
	</term>
	<term id="14">
		<trans lang="de">
			<word>Ich trinke keinen Alkohol.</word>
		</trans>
		<trans lang="fr">
			<word>Je ne bois pas d'alcool.</word>
		</trans>
	</term>
</glossary>
