<?xml version="1.0"?>
<glossary id="309" name="JBPII-10" author="">
	<desc></desc>
	<term id="1">
		<trans lang="en">
			<word>mountain   +</word>
		</trans>
		<trans lang="ja">
			<word>山</word>
			<alt>yama</alt>
		</trans>
	</term>
	<term id="2">
		<trans lang="en">
			<word>Mount Fuji</word>
		</trans>
		<trans lang="ja">
			<word>ふじ山</word>
			<alt>fujisan</alt>
		</trans>
	</term>
	<term id="3">
		<trans lang="en">
			<word>husband, my husband; host   +</word>
		</trans>
		<trans lang="ja">
			<word>主人</word>
			<alt>shujin</alt>
		</trans>
	</term>
	<term id="4">
		<trans lang="en">
			<word>of family; landlord</word>
		</trans>
		<trans lang="ja">
			<alt>head</alt>
		</trans>
	</term>
	<term id="5">
		<trans lang="en">
			<word>river   +</word>
		</trans>
		<trans lang="ja">
			<word>川</word>
			<alt>kawa</alt>
		</trans>
	</term>
	<term id="6">
		<trans lang="en">
			<word>era, period   +</word>
		</trans>
		<trans lang="ja">
			<word>時代</word>
			<alt>jidai</alt>
		</trans>
	</term>
	<term id="7">
		<trans lang="en">
			<word># number   +</word>
		</trans>
		<trans lang="ja">
			<word>~番</word>
			<alt>-ban</alt>
		</trans>
	</term>
	<term id="8">
		<trans lang="en">
			<word>number one, most</word>
		</trans>
		<trans lang="ja">
			<word>一番</word>
			<alt>ichiban</alt>
		</trans>
	</term>
	<term id="9">
		<trans lang="en">
			<word>long   +</word>
		</trans>
		<trans lang="ja">
			<word>長い</word>
			<alt>nagai</alt>
		</trans>
	</term>
	<term id="10">
		<trans lang="en">
			<word>company president</word>
		</trans>
		<trans lang="ja">
			<word>社長</word>
			<alt>shachoo</alt>
		</trans>
	</term>
	<term id="11">
		<trans lang="en">
			<word>department head</word>
		</trans>
		<trans lang="ja">
			<word>部長</word>
			<alt>buchoo</alt>
		</trans>
	</term>
	<term id="12">
		<trans lang="en">
			<word>silence, neglect, be remiss</word>
		</trans>
		<trans lang="ja">
			<word>ごぶさた [する]</word>
			<alt>gobusata</alt>
		</trans>
	</term>
	<term id="13">
		<trans lang="en">
			<word>view</word>
		</trans>
		<trans lang="ja">
			<word>ながめ</word>
			<alt>nagame</alt>
		</trans>
	</term>
	<term id="14">
		<trans lang="en">
			<word>inn</word>
		</trans>
		<trans lang="ja">
			<word>りょかん</word>
			<alt>ryokan</alt>
		</trans>
	</term>
	<term id="15">
		<trans lang="en">
			<word>firefly</word>
		</trans>
		<trans lang="ja">
			<word>ほたる</word>
			<alt>hotaru</alt>
		</trans>
	</term>
	<term id="16">
		<trans lang="en">
			<word>Japanese restaurant, teahouse</word>
		</trans>
		<trans lang="ja">
			<word>りょうてい</word>
			<alt>ryootei</alt>
		</trans>
	</term>
	<term id="17">
		<trans lang="en">
			<word>cage, basket</word>
		</trans>
		<trans lang="ja">
			<word>かご</word>
			<alt>kago</alt>
		</trans>
	</term>
	<term id="18">
		<trans lang="en">
			<word>nature, natural</word>
		</trans>
		<trans lang="ja">
			<word>しぜん [の]</word>
			<alt>shizen</alt>
		</trans>
	</term>
	<term id="19">
		<trans lang="en">
			<word>agricultural chemicals</word>
		</trans>
		<trans lang="ja">
			<word>のう薬</word>
			<alt>nooyaku</alt>
		</trans>
	</term>
	<term id="20">
		<trans lang="en">
			<word>increase, proliferate</word>
		</trans>
		<trans lang="ja">
			<word>ふえる</word>
			<alt>fueru</alt>
		</trans>
	</term>
	<term id="21">
		<trans lang="en">
			<word>sightseeing</word>
		</trans>
		<trans lang="ja">
			<word>見ぶつ [する]</word>
			<alt>kembutsu</alt>
		</trans>
	</term>
	<term id="22">
		<trans lang="en">
			<word>only, just</word>
		</trans>
		<trans lang="ja">
			<word>たった~</word>
			<alt>tatta-</alt>
		</trans>
	</term>
	<term id="23">
		<trans lang="en">
			<word>trading, trade</word>
		</trans>
		<trans lang="ja">
			<word>ぼうえき [する]</word>
			<alt>booeki</alt>
		</trans>
	</term>
	<term id="24">
		<trans lang="en">
			<word>port</word>
		</trans>
		<trans lang="ja">
			<word>~こう</word>
			<alt>-koo</alt>
		</trans>
	</term>
	<term id="25">
		<trans lang="en">
			<word>like, -al, -istic</word>
		</trans>
		<trans lang="ja">
			<word>~てき [な]</word>
			<alt>-teki</alt>
		</trans>
	</term>
	<term id="26">
		<trans lang="en">
			<word>international</word>
		</trans>
		<trans lang="ja">
			<word>こくさいてき [な]</word>
			<alt>kokusaiteki</alt>
		</trans>
	</term>
	<term id="27">
		<trans lang="en">
			<word>interest</word>
		</trans>
		<trans lang="ja">
			<word>きょうみ</word>
			<alt>kyoomi</alt>
		</trans>
	</term>
	<term id="28">
		<trans lang="en">
			<word>south</word>
		</trans>
		<trans lang="ja">
			<word>みなみ</word>
			<alt>minami</alt>
		</trans>
	</term>
	<term id="29">
		<trans lang="en">
			<word>head office, main company</word>
		</trans>
		<trans lang="ja">
			<word>本社</word>
			<alt>honsha</alt>
		</trans>
	</term>
	<term id="30">
		<trans lang="en">
			<word>wife (hon.)</word>
		</trans>
		<trans lang="ja">
			<word>おくさま</word>
			<alt>okusama</alt>
		</trans>
	</term>
	<term id="31">
		<trans lang="en">
			<word>give, convey, impart, tell</word>
		</trans>
		<trans lang="ja">
			<word>つたえる</word>
			<alt>tsutaeru</alt>
		</trans>
	</term>
</glossary>
