<?xml version="1.0"?>
<glossary id="164" name="26" author="Frédéric Bergeron">
	<desc></desc>
	<term id="1">
		<trans lang="es">
			<word>caer de bruces</word>
		</trans>
		<trans lang="fr">
			<word>tomber à plat ventre</word>
		</trans>
	</term>
	<term id="2">
		<trans lang="es">
			<word>bártulos</word>
		</trans>
		<trans lang="fr">
			<word>affaires</word>
		</trans>
		<comment languages="es-fr">Ha ido a nuestro alojamiento para desempaquetar nuestros bártulos.
Elle est allée à notre logement pour déballer nos affaires.</comment>
	</term>
</glossary>
