<?xml version="1.0"?>
<glossary id="22" name="23" author="">
	<desc></desc>
	<term id="1">
		<trans lang="en">
			<word>face</word>
		</trans>
		<trans lang="ja">
			<word>顔 (18)</word>
			<alt>かお；がお；ガン</alt>
		</trans>
		<comment languages="en-ja">顔 ; かお ; face
笑顔 ; えがお ; a smiling face
顔色 ; かおいろ ; complexion
洗顔する ; せんがんする ; to wash one's face
顔面 ; がんめん ; the face</comment>
	</term>
	<term id="2">
		<trans lang="en">
			<word>emotion; condition</word>
		</trans>
		<trans lang="ja">
			<word>情 (11)</word>
			<alt>ジョウ；なさ</alt>
		</trans>
		<comment languages="en-ja">表情 ; ひょうじょう ; facial expression
感情 ; かんじょう ; emotion
同情する ; どうじょうする ; to sympathize
情報 ; じょうほう ; information
情けない ; なさけない ; miserable
愛情 ; あいじょう ; love; affection</comment>
	</term>
	<term id="3">
		<trans lang="en">
			<word>to get angry</word>
		</trans>
		<trans lang="ja">
			<word>怒 (9)</word>
			<alt>おこ；いか；ド</alt>
		</trans>
		<comment languages="en-ja">怒る ; おこる ; to get angry</comment>
	</term>
	<term id="4">
		<trans lang="en">
			<word>change; abnormal</word>
		</trans>
		<trans lang="ja">
			<word>変 (9)</word>
			<alt>ヘン；か</alt>
		</trans>
		<comment languages="en-ja">変な ; へんな ; strange
大変な ; たいへんな ; tough
変化 ; へんか ; change
変わる ; かわる ; to change
変える ; かえる ; to change (something)
変化する ; へんかする ; to change; to vary
大変 ; たいへん ; very; much</comment>
	</term>
	<term id="5">
		<trans lang="en">
			<word>mutual</word>
		</trans>
		<trans lang="ja">
			<word>相 (9)</word>
			<alt>あい；ショウ；ソウ</alt>
		</trans>
		<comment languages="en-ja">相手 ; あいて ; partner
相談する ; そうだんする ; to consult
首相 ; しゅしょう ; a Prime Minister
相続する ; そうぞくする ; to inherit</comment>
	</term>
	<term id="6">
		<trans lang="en">
			<word>sideways</word>
		</trans>
		<trans lang="ja">
			<word>横 (15)</word>
			<alt>よこ；オウ</alt>
		</trans>
		<comment languages="en-ja">横 ; よこ ; side
横浜 ; よこはま ; Yokohama
横断 ; おうだん ; crossing
横転する ; おうてんする ; to turn over</comment>
	</term>
	<term id="7">
		<trans lang="en">
			<word>to compare</word>
		</trans>
		<trans lang="ja">
			<word>比 (4)</word>
			<alt>くら；ヒ</alt>
		</trans>
		<comment languages="en-ja">比べる ; くらべる ; to compare
対比する ; たいひする ; to contrast
比重 ; ひじゅう ; specific gravity
比例する ; ひれいする ; to be proportional
比較する ; ひかくする ; to compare</comment>
	</term>
	<term id="8">
		<trans lang="en">
			<word>to change into</word>
		</trans>
		<trans lang="ja">
			<word>化 (4)</word>
			<alt>カ；ば；ケ</alt>
		</trans>
		<comment languages="en-ja">変化 ; へんか ; change
文化 ; ぶんか ; culture
化石 ; かせき ; a fossil
悪化する ; あっかする ; to change for the worse
変化する ; へんかする ; to change; to vary</comment>
	</term>
	<term id="9">
		<trans lang="en">
			<word>to differ</word>
		</trans>
		<trans lang="ja">
			<word>違 (13)</word>
			<alt>ちが；イ</alt>
		</trans>
		<comment languages="en-ja">違う ; ちがう ; different
間違える ; まちがえる ; to make a mistake
間違い ; まちがい ; a mistake
違い ; ちがい ; a difference
違反 ; いはん ; violation</comment>
	</term>
	<term id="10">
		<trans lang="en">
			<word>sad</word>
		</trans>
		<trans lang="ja">
			<word>悲 (12)</word>
			<alt>かな；ヒ</alt>
		</trans>
		<comment languages="en-ja">悲しい ; かなしい ; sad
悲しむ ; かなしむ ; to feel sad
悲劇 ; ひげき ; a tragedy</comment>
	</term>
	<term id="11">
		<trans lang="en">
			<word>to investigate</word>
		</trans>
		<trans lang="ja">
			<word>調 (15)</word>
			<alt>チョウ；しら</alt>
		</trans>
		<comment languages="en-ja">調査 ; ちょうさ ; survey; research
調べる ; しらべる ; to look into
調査する ; ちょうさする ; to investigate
調子 ; ちょうし ; condition; tone
調和 ; ちょうわ ; harmony</comment>
	</term>
	<term id="12">
		<trans lang="en">
			<word>to inspect</word>
		</trans>
		<trans lang="ja">
			<word>査 (9)</word>
			<alt>サ</alt>
		</trans>
		<comment languages="en-ja">調査 ; ちょうさ ; survey; research
調査する ; ちょうさする ; to investigate</comment>
	</term>
	<term id="13">
		<trans lang="en">
			<word>fruit; result</word>
		</trans>
		<trans lang="ja">
			<word>果 (8)</word>
			<alt>カ；は</alt>
		</trans>
		<comment languages="en-ja">結果 ; けっか ; result
果物 ; くだもの ; fruit
効果 ; こうか ; an effect
成果 ; せいか ; an outcome
効果 ; こうか ; an effect</comment>
	</term>
	<term id="14">
		<trans lang="en">
			<word>to sense; to feel</word>
		</trans>
		<trans lang="ja">
			<word>感 (13)</word>
			<alt>カン</alt>
		</trans>
		<comment languages="en-ja">感情 ; かんじょう ; emotion
感動する ; かんどうする ; to be moved
感覚 ; かんかく ; a sense
感心する ; かんしんする ; to be impressed
感謝する ; かんしゃする ; to thank</comment>
	</term>
	<term id="15">
		<trans lang="en">
			<word>answer</word>
		</trans>
		<trans lang="ja">
			<word>答 (12)</word>
			<alt>こた；こたえ；トウ</alt>
		</trans>
		<comment languages="en-ja">答える ; こたえる ; to answer
答え ; こたえ ; answer
正答 ; せいとう ; a correct answer</comment>
	</term>
</glossary>
