<?xml version="1.0"?>
<glossary id="11" name="12" author="">
	<desc></desc>
	<term id="1">
		<trans lang="en">
			<word>ancient times</word>
		</trans>
		<trans lang="ja">
			<word>昔 (8)</word>
			<alt>むかし</alt>
		</trans>
		<comment languages="en-ja">昔 ; むかし ; old times
昔話 ; むかしばなし ; old tale
昔々 ; むかしむかし ; once upon a time</comment>
	</term>
	<term id="2">
		<trans lang="en">
			<word>symbol of repetition of a kanji</word>
		</trans>
		<trans lang="ja">
			<word>々 (3)</word>
		</trans>
		<comment languages="en-ja">時々 ; ときどき ; sometimes
昔々 ; むかしむかし ; once upon a time
人々 ; ひとびと ; people
色々な ; いろいろな ; various
別々に ; べつべつに ; separately</comment>
	</term>
	<term id="3">
		<trans lang="en">
			<word>God</word>
		</trans>
		<trans lang="ja">
			<word>神 (9)</word>
			<alt>かみ；ジン；シン</alt>
		</trans>
		<comment languages="en-ja">神さま ; かみさま ; God
神道 ; しんとう ; Shinto religion
神社 ; じんじゃ ; shrine</comment>
	</term>
	<term id="4">
		<trans lang="en">
			<word>early</word>
		</trans>
		<trans lang="ja">
			<word>早 (6)</word>
			<alt>はや；ツウ</alt>
		</trans>
		<comment languages="en-ja">早い ; はやい ; early
早起きする ; はやおきする ; to get up early
早朝 ; そうちょう ; early morning
早春 ; そうしゅん ; early spring</comment>
	</term>
	<term id="5">
		<trans lang="en">
			<word>to get up</word>
		</trans>
		<trans lang="ja">
			<word>起 (10)</word>
			<alt>お；キ</alt>
		</trans>
		<comment languages="en-ja">早起きする ; はやおきする ; to get up early
起きる ; おきる ; to get up
起こす ; おこす ; to wake someone up
起立する ; きりつする ; to stand up
起こる ; おこる ; to happen; to occur</comment>
	</term>
	<term id="6">
		<trans lang="en">
			<word>cow</word>
		</trans>
		<trans lang="ja">
			<word>牛 (4)</word>
			<alt>うし；ギュウ</alt>
		</trans>
		<comment languages="en-ja">牛 ; うし ; cow
牛乳 ; ぎゅうにゅう ; milk
牛肉 ; ぎゅうにく ; beef
牛肉 ; ぎゅうにく ; beef</comment>
	</term>
	<term id="7">
		<trans lang="en">
			<word>to use</word>
		</trans>
		<trans lang="ja">
			<word>使 (8)</word>
			<alt>つか；シ</alt>
		</trans>
		<comment languages="en-ja">使う ; つかう ; to use
大使 ; たいし ; ambassador
使用中 ; しようちゅう ; "Occupied"
大使館 ; たいしかん ; embassy
使用する ; しようする ; to use
使い方 ; つかいかた ; way of using; directions for use</comment>
	</term>
	<term id="8">
		<trans lang="en">
			<word>to work</word>
		</trans>
		<trans lang="ja">
			<word>働 (13)</word>
			<alt>はたら；ばたら；ドウ</alt>
		</trans>
		<comment languages="en-ja">働く ; はたらく ; to work
共働き ; ともばたらき ; both husband and wife working for a living
労働 ; るうどう ; labor</comment>
	</term>
	<term id="9">
		<trans lang="en">
			<word>to link</word>
		</trans>
		<trans lang="ja">
			<word>連 (10)</word>
			<alt>つ；レン</alt>
		</trans>
		<comment languages="en-ja">連れて帰る ; つれてかえる ; to take home
国連 ; こくれん ; United Nations
連休 ; れんきゅう ; consecutive holidays
連続する ; れんぞくする ; to continue
連なる ; つらなる ; to stand in a row
連れて行く ; つれていく ; to take (someone)
連日 ; れんじつ ; day after day
連絡する ; れんらくする ; to contact; to inform
連絡先 ; れんらくさき ; contact address</comment>
	</term>
	<term id="10">
		<trans lang="en">
			<word>to separate</word>
		</trans>
		<trans lang="ja">
			<word>別 (7)</word>
			<alt>わか；ベツ</alt>
		</trans>
		<comment languages="en-ja">別れる ; わかれる ; to separate
別に ; べつに ; not in particular
差別 ; さべつ ; discrimination
別々に ; べつべつに ; separately
特別な ; とくべつな ; special
区別する ; くべつする ; to distinguish
送別会 ; そうべつかい ; a farewell party
別離 ; べつり ; separation</comment>
	</term>
	<term id="11">
		<trans lang="en">
			<word>time; degrees</word>
		</trans>
		<trans lang="ja">
			<word>度 (9)</word>
			<alt>ド</alt>
		</trans>
		<comment languages="en-ja">一生に一度 ; いっしょうにいちど ; once in a life time
一度 ; いちど ; once
今度 ; こんど ; near future
温度 ; おんど ; temperature
三十度 ; さんじゅうど ; 30 degrees
速度 ; そくど ; speed</comment>
	</term>
	<term id="12">
		<trans lang="en">
			<word>red</word>
		</trans>
		<trans lang="ja">
			<word>赤 (7)</word>
			<alt>あか；セキ</alt>
		</trans>
		<comment languages="en-ja">赤 ; あか ; red color
赤い ; あかい ; red
赤ちゃん ; あかちゃん ; baby
赤道 ; せきどう ; the equator
赤十字 ; せきじゅうじ ; the Red Cross
赤字 ; あかじ ; a deficit</comment>
	</term>
	<term id="13">
		<trans lang="en">
			<word>blue</word>
		</trans>
		<trans lang="ja">
			<word>青 (8)</word>
			<alt>あお；セイ</alt>
		</trans>
		<comment languages="en-ja">青 ; あお ; blue color
青い ; あおい ; blue
青年 ; せいねん ; youth
青春 ; せいしゅん ; youth</comment>
	</term>
	<term id="14">
		<trans lang="en">
			<word>color</word>
		</trans>
		<trans lang="ja">
			<word>色 (6)</word>
			<alt>いろ；シキ；ショク</alt>
		</trans>
		<comment languages="en-ja">色々な ; いろいろな ; various
色 ; いろ ; color
景色 ; けしき ; scenery
特色 ; とくしょく ; characteristic
茶色 ; ちゃいろ ; brown
原色 ; げんしょく ; primary colors
特色 ; とくしょく ; a characteristic
顔色 ; かおいろ ; complexion</comment>
	</term>
</glossary>
