<?xml version="1.0"?>
<glossary id="122" name="6.1" author="Frédéric Bergeron">
	<desc></desc>
	<term id="1">
		<trans lang="en">
			<word>frequency</word>
		</trans>
		<trans lang="ja">
			<word>頻繁</word>
			<alt>ひんぱん</alt>
		</trans>
	</term>
	<term id="2">
		<trans lang="en">
			<word>coming into existence,arrangements,establishment,completion</word>
		</trans>
		<trans lang="ja">
			<word>成立(する)</word>
			<alt>せいりつ(する)</alt>
		</trans>
	</term>
	<term id="3">
		<trans lang="en">
			<word>especially,above all</word>
		</trans>
		<trans lang="ja">
			<word>取り分</word>
			<alt>とりわけ</alt>
		</trans>
	</term>
	<term id="4">
		<trans lang="en">
			<word>side,row,surroundings,part,(watch) case</word>
		</trans>
		<trans lang="ja">
			<word>側</word>
			<alt>かわ</alt>
		</trans>
	</term>
	<term id="5">
		<trans lang="en">
			<word>to touch,to be touched,to feel,to violate (law,  copyright, etc.),to perceive</word>
		</trans>
		<trans lang="ja">
			<word>触れる</word>
			<alt>ふれる</alt>
		</trans>
	</term>
	<term id="6">
		<trans lang="en">
			<word>existing</word>
		</trans>
		<trans lang="ja">
			<word>既存</word>
			<alt>きそん</alt>
		</trans>
	</term>
</glossary>
