<?xml version="1.0"?>
<glossary id="144" name="10" author="Frédéric Bergeron">
	<desc></desc>
	<term id="1">
		<trans lang="es">
			<word>vergonzoso</word>
		</trans>
		<trans lang="fr">
			<word>honteux</word>
		</trans>
	</term>
	<term id="2">
		<trans lang="es">
			<word>desdichado</word>
		</trans>
		<trans lang="fr">
			<word>malheureux</word>
		</trans>
	</term>
	<term id="3">
		<trans lang="es">
			<word>trastornar</word>
		</trans>
		<trans lang="fr">
			<word>bouleverser</word>
		</trans>
	</term>
	<term id="4">
		<trans lang="es">
			<word>aferrar</word>
		</trans>
		<trans lang="fr">
			<word>saisir,accrocher</word>
		</trans>
	</term>
	<term id="5">
		<trans lang="es">
			<word>yerro</word>
		</trans>
		<trans lang="fr">
			<word>erreur</word>
		</trans>
	</term>
	<term id="6">
		<trans lang="es">
			<word>disparate</word>
		</trans>
		<trans lang="fr">
			<word>bêtise,sottise</word>
		</trans>
	</term>
</glossary>
