<?xml version="1.0"?>
<glossary id="41" name="Genki 19" author="">
	<desc></desc>
	<term id="884">
		<trans lang="en">
			<word>to invite someone (to an event/a place)</word>
		</trans>
		<trans lang="ja">
			<word>招待する</word>
			<alt>しょうたいする</alt>
		</trans>
	</term>
	<term id="885">
		<trans lang="en">
			<word>(your/his) wife (polite)</word>
		</trans>
		<trans lang="ja">
			<word>奥様</word>
			<alt>おくさま</alt>
		</trans>
	</term>
	<term id="886">
		<trans lang="en">
			<word>(your/their) child (polite)</word>
		</trans>
		<trans lang="ja">
			<word>お子さん</word>
			<alt>おこさん</alt>
		</trans>
	</term>
	<term id="887">
		<trans lang="en">
			<word>expression of gratitude</word>
		</trans>
		<trans lang="ja">
			<word>お礼</word>
			<alt>おれい</alt>
		</trans>
	</term>
	<term id="888">
		<trans lang="en">
			<word>honorific language</word>
		</trans>
		<trans lang="ja">
			<word>敬語</word>
			<alt>けいご</alt>
		</trans>
	</term>
	<term id="889">
		<trans lang="en">
			<word>this way (polite)</word>
		</trans>
		<trans lang="ja">
			<alt>こちら</alt>
		</trans>
	</term>
	<term id="890">
		<trans lang="en">
			<word>business trip</word>
		</trans>
		<trans lang="ja">
			<word>出張</word>
			<alt>しゅっちょう</alt>
		</trans>
	</term>
	<term id="891">
		<trans lang="en">
			<word>a kind; a sort</word>
		</trans>
		<trans lang="ja">
			<word>種類</word>
			<alt>しゅるい</alt>
		</trans>
	</term>
	<term id="892">
		<trans lang="en">
			<word>personality</word>
		</trans>
		<trans lang="ja">
			<word>性格</word>
			<alt>せいかく</alt>
		</trans>
	</term>
	<term id="893">
		<trans lang="en">
			<word>junior high school student</word>
		</trans>
		<trans lang="ja">
			<word>中学生</word>
			<alt>ちゅうがくせい</alt>
		</trans>
	</term>
	<term id="894">
		<trans lang="en">
			<word>where (polite)</word>
		</trans>
		<trans lang="ja">
			<alt>どちら</alt>
		</trans>
	</term>
	<term id="895">
		<trans lang="en">
			<word>lazy person</word>
		</trans>
		<trans lang="ja">
			<word>怠け者</word>
			<alt>なまけもの</alt>
		</trans>
	</term>
	<term id="896">
		<trans lang="en">
			<word>worry</word>
		</trans>
		<trans lang="ja">
			<word>悩み</word>
			<alt>なやみ</alt>
		</trans>
	</term>
	<term id="897">
		<trans lang="en">
			<word>shy person</word>
		</trans>
		<trans lang="ja">
			<word>恥ずかしがり屋</word>
			<alt>はずかしがりや</alt>
		</trans>
	</term>
	<term id="898">
		<trans lang="en">
			<word>chat; talk</word>
		</trans>
		<trans lang="ja">
			<word>話</word>
			<alt>はなし</alt>
		</trans>
	</term>
	<term id="899">
		<trans lang="en">
			<word>department manager</word>
		</trans>
		<trans lang="ja">
			<word>部長</word>
			<alt>ぶちょう</alt>
		</trans>
	</term>
	<term id="900">
		<trans lang="en">
			<word>culture</word>
		</trans>
		<trans lang="ja">
			<word>文化</word>
			<alt>ぶんか</alt>
		</trans>
	</term>
	<term id="901">
		<trans lang="en">
			<word>mistake</word>
		</trans>
		<trans lang="ja">
			<word>間違い</word>
			<alt>まちがい</alt>
		</trans>
	</term>
	<term id="902">
		<trans lang="en">
			<word>be on good/close terms; to get along well</word>
		</trans>
		<trans lang="ja">
			<word>仲がいい</word>
			<alt>なかがいい</alt>
		</trans>
	</term>
	<term id="903">
		<trans lang="en">
			<word>serious; sober; diligent</word>
		</trans>
		<trans lang="ja">
			<alt>まじめ</alt>
		</trans>
	</term>
	<term id="904">
		<trans lang="en">
			<word>"honorific expression for いく, くる, and いる"</word>
		</trans>
		<trans lang="ja">
			<alt>いらっしゃる</alt>
		</trans>
	</term>
	<term id="905">
		<trans lang="en">
			<word>to walk/drive (someone)</word>
		</trans>
		<trans lang="ja">
			<word>送る</word>
			<alt>おくる</alt>
		</trans>
	</term>
	<term id="906">
		<trans lang="en">
			<word>to get angry</word>
		</trans>
		<trans lang="ja">
			<word>怒る</word>
			<alt>おこる</alt>
		</trans>
	</term>
	<term id="907">
		<trans lang="en">
			<word>honorific expression for いう</word>
		</trans>
		<trans lang="ja">
			<alt>おっしゃる</alt>
		</trans>
	</term>
	<term id="908">
		<trans lang="en">
			<word>honorific expression for ねる</word>
		</trans>
		<trans lang="ja">
			<word>お休みになる</word>
			<alt>おやすみになる</alt>
		</trans>
	</term>
	<term id="909">
		<trans lang="en">
			<word>to be decided</word>
		</trans>
		<trans lang="ja">
			<word>決まる</word>
			<alt>きまる</alt>
		</trans>
	</term>
	<term id="910">
		<trans lang="en">
			<word>honorific expression for くれる</word>
		</trans>
		<trans lang="ja">
			<word>下さる</word>
			<alt>くださる</alt>
		</trans>
	</term>
	<term id="911">
		<trans lang="en">
			<word>honorific expression for みる</word>
		</trans>
		<trans lang="ja">
			<word>ご覧になる</word>
			<alt>ごらんになる</alt>
		</trans>
	</term>
	<term id="912">
		<trans lang="en">
			<word>to get aquainted with</word>
		</trans>
		<trans lang="ja">
			<word>知り合う</word>
			<alt>しりあう</alt>
		</trans>
	</term>
	<term id="913">
		<trans lang="en">
			<word>honorific expression for ~ている</word>
		</trans>
		<trans lang="ja">
			<alt>~ていらっしゃる</alt>
		</trans>
	</term>
	<term id="914">
		<trans lang="en">
			<word>honorific expression for する</word>
		</trans>
		<trans lang="ja">
			<alt>なさる</alt>
		</trans>
	</term>
	<term id="915">
		<trans lang="en">
			<word>to move (to another place to live)</word>
		</trans>
		<trans lang="ja">
			<word>引っ越す</word>
			<alt>ひっこす</alt>
		</trans>
	</term>
	<term id="916">
		<trans lang="en">
			<word>honorific expression for たべる and のむ</word>
		</trans>
		<trans lang="ja">
			<word>召し上がる</word>
			<alt>めしあがる</alt>
		</trans>
	</term>
	<term id="917">
		<trans lang="en">
			<word>to call (one's name); to invite</word>
		</trans>
		<trans lang="ja">
			<word>呼ぶ</word>
			<alt>よぶ</alt>
		</trans>
	</term>
	<term id="918">
		<trans lang="en">
			<word>to stop by</word>
		</trans>
		<trans lang="ja">
			<word>寄る</word>
			<alt>よる</alt>
		</trans>
	</term>
	<term id="919">
		<trans lang="en">
			<word>to become late</word>
		</trans>
		<trans lang="ja">
			<word>遅れる</word>
			<alt>おくれる</alt>
		</trans>
	</term>
	<term id="920">
		<trans lang="en">
			<word>to sit down</word>
		</trans>
		<trans lang="ja">
			<alt>かける</alt>
		</trans>
	</term>
	<term id="921">
		<trans lang="en">
			<word>to become sunny</word>
		</trans>
		<trans lang="ja">
			<word>晴れる</word>
			<alt>はれる</alt>
		</trans>
	</term>
	<term id="922">
		<trans lang="en">
			<word>to be popular (in terms of romantic interest)</word>
		</trans>
		<trans lang="ja">
			<alt>もてる</alt>
		</trans>
	</term>
	<term id="923">
		<trans lang="en">
			<word>to hold back for the time being; to refrain from</word>
		</trans>
		<trans lang="ja">
			<word>遠慮する</word>
			<alt>えんりょする</alt>
		</trans>
	</term>
	<term id="924">
		<trans lang="en">
			<word>to treat/invite (someone) to a meal</word>
		</trans>
		<trans lang="ja">
			<alt>ごちそうする</alt>
		</trans>
	</term>
	<term id="925">
		<trans lang="en">
			<word>to watch out; to give warning</word>
		</trans>
		<trans lang="ja">
			<word>注意する</word>
			<alt>ちゅういする</alt>
		</trans>
	</term>
	<term id="926">
		<trans lang="en">
			<word>to have a talk</word>
		</trans>
		<trans lang="ja">
			<word>話をする</word>
			<alt>はなしをする</alt>
		</trans>
	</term>
	<term id="927">
		<trans lang="en">
			<word>the day before yesterday</word>
		</trans>
		<trans lang="ja">
			<alt>おととい</alt>
		</trans>
	</term>
	<term id="928">
		<trans lang="en">
			<word>why (=どうして)</word>
		</trans>
		<trans lang="ja">
			<alt>なぜ</alt>
		</trans>
	</term>
	<term id="929">
		<trans lang="en">
			<word>in fact; originally</word>
		</trans>
		<trans lang="ja">
			<word>本当は</word>
			<alt>ほんとうは</alt>
		</trans>
	</term>
	<term id="930">
		<trans lang="en">
			<word>every morning</word>
		</trans>
		<trans lang="ja">
			<word>毎朝</word>
			<alt>まいあさ</alt>
		</trans>
	</term>
	<term id="931">
		<trans lang="en">
			<word>still</word>
		</trans>
		<trans lang="ja">
			<alt>まだ</alt>
		</trans>
	</term>
	<term id="932">
		<trans lang="en">
			<word>party of ... people</word>
		</trans>
		<trans lang="ja">
			<word>~名様</word>
			<alt>~めいさま</alt>
		</trans>
	</term>
	<term id="933">
		<trans lang="en">
			<word>Welcome.</word>
		</trans>
		<trans lang="ja">
			<alt>ようこそ</alt>
		</trans>
	</term>
	<term id="934">
		<trans lang="en">
			<word>Please give my best regards (to ...)</word>
		</trans>
		<trans lang="ja">
			<word>よろしくお伝えください</word>
			<alt>よろしくおつたえください</alt>
		</trans>
	</term>
</glossary>
