<?xml version="1.0"?>
<glossary id="177" name="41" author="Frédéric Bergeron">
	<desc></desc>
	<term id="1">
		<trans lang="es">
			<word>juicio</word>
		</trans>
		<trans lang="fr">
			<word>jugement</word>
		</trans>
	</term>
	<term id="2">
		<trans lang="es">
			<word>jactarse</word>
		</trans>
		<trans lang="fr">
			<word>se vanter</word>
		</trans>
	</term>
	<term id="3">
		<trans lang="es">
			<word>mirar de hito en hito</word>
		</trans>
		<trans lang="fr">
			<word>regarder fixement, droit dans les yeux</word>
		</trans>
	</term>
</glossary>
