<?xml version="1.0"?>
<glossary id="339" name="JCS2-12" author="">
	<desc></desc>
	<term id="1">
		<trans lang="en">
			<word>country, birthplace   +</word>
		</trans>
		<trans lang="ja">
			<word>国</word>
			<alt>kuni</alt>
		</trans>
	</term>
	<term id="2">
		<trans lang="en">
			<word>China</word>
		</trans>
		<trans lang="ja">
			<word>中国</word>
			<alt>chuugoku</alt>
		</trans>
	</term>
	<term id="3">
		<trans lang="en">
			<word>South Korea</word>
		</trans>
		<trans lang="ja">
			<word>かん国</word>
			<alt>kankoku</alt>
		</trans>
	</term>
	<term id="4">
		<trans lang="en">
			<word>foreign country, abroad</word>
		</trans>
		<trans lang="ja">
			<word>外国</word>
			<alt>gaikoku</alt>
		</trans>
	</term>
	<term id="5">
		<trans lang="en">
			<word>foreigner</word>
		</trans>
		<trans lang="ja">
			<word>外国人</word>
			<alt>gaikokujin</alt>
		</trans>
	</term>
	<term id="6">
		<trans lang="en">
			<word>library   ++</word>
		</trans>
		<trans lang="ja">
			<word>図書館</word>
			<alt>toshokan</alt>
		</trans>
	</term>
	<term id="7">
		<trans lang="en">
			<word>movie, film   ++</word>
		</trans>
		<trans lang="ja">
			<word>映画</word>
			<alt>eiga</alt>
		</trans>
	</term>
	<term id="8">
		<trans lang="en">
			<word>movie theatre, cinema</word>
		</trans>
		<trans lang="ja">
			<word>映画館</word>
			<alt>eigakan</alt>
		</trans>
	</term>
	<term id="9">
		<trans lang="en">
			<word>bank   +</word>
		</trans>
		<trans lang="ja">
			<word>銀行</word>
			<alt>ginkoo</alt>
		</trans>
	</term>
	<term id="10">
		<trans lang="en">
			<word>dining hall, cafeteria   +</word>
		</trans>
		<trans lang="ja">
			<word>食堂</word>
			<alt>shokudoo</alt>
		</trans>
	</term>
	<term id="11">
		<trans lang="en">
			<word>station, train station   +</word>
		</trans>
		<trans lang="ja">
			<word>駅</word>
			<alt>eki</alt>
		</trans>
	</term>
	<term id="12">
		<trans lang="en">
			<word>more than   +</word>
		</trans>
		<trans lang="ja">
			<word>~以上</word>
			<alt>-ijoo</alt>
		</trans>
	</term>
	<term id="13">
		<trans lang="en">
			<word>may be, might ("S[plain] / NA / N")</word>
		</trans>
		<trans lang="ja">
			<word>〜かもしれない</word>
			<alt>-kamo shirenai</alt>
		</trans>
	</term>
	<term id="14">
		<trans lang="en">
			<word>cost (money), take (time, "N ga")</word>
		</trans>
		<trans lang="ja">
			<word>かかる</word>
			<alt>kakaru</alt>
		</trans>
	</term>
	<term id="15">
		<trans lang="en">
			<word>think, believe</word>
		</trans>
		<trans lang="ja">
			<word>おもう</word>
			<alt>omou</alt>
		</trans>
	</term>
	<term id="16">
		<trans lang="en">
			<word>next year</word>
		</trans>
		<trans lang="ja">
			<word>来年</word>
			<alt>rainen</alt>
		</trans>
	</term>
	<term id="17">
		<trans lang="en">
			<word>Chinese (language)</word>
		</trans>
		<trans lang="ja">
			<word>中国ご</word>
			<alt>chuugokugo</alt>
		</trans>
	</term>
	<term id="18">
		<trans lang="en">
			<word>learn</word>
		</trans>
		<trans lang="ja">
			<word>ならう</word>
			<alt>narau</alt>
		</trans>
	</term>
	<term id="19">
		<trans lang="en">
			<word>when ("S[plain] / N no")</word>
		</trans>
		<trans lang="ja">
			<word>~とき [に]</word>
			<alt>-toki</alt>
		</trans>
	</term>
	<term id="20">
		<trans lang="en">
			<word>boat, ship</word>
		</trans>
		<trans lang="ja">
			<word>ふね</word>
			<alt>fune</alt>
		</trans>
	</term>
	<term id="21">
		<trans lang="en">
			<word>winter holiday, winter vacation</word>
		</trans>
		<trans lang="ja">
			<word>ふゆ休み</word>
			<alt>fuyuyasumi</alt>
		</trans>
	</term>
	<term id="22">
		<trans lang="en">
			<word>clear up (weather)</word>
		</trans>
		<trans lang="ja">
			<word>はれる</word>
			<alt>hareru</alt>
		</trans>
	</term>
	<term id="23">
		<trans lang="en">
			<word>illness, ill</word>
		</trans>
		<trans lang="ja">
			<word>びょう気 [な]</word>
			<alt>byooki</alt>
		</trans>
	</term>
	<term id="24">
		<trans lang="en">
			<word>tennis court</word>
		</trans>
		<trans lang="ja">
			<word>テニスコート</word>
			<alt>tenisukooto</alt>
		</trans>
	</term>
	<term id="25">
		<trans lang="en">
			<word>seminar</word>
		</trans>
		<trans lang="ja">
			<word>セミナー</word>
			<alt>seminaa</alt>
		</trans>
	</term>
	<term id="26">
		<trans lang="en">
			<word>cloudyness, cloudy</word>
		</trans>
		<trans lang="ja">
			<word>くもり [の]</word>
			<alt>kumori</alt>
		</trans>
	</term>
	<term id="27">
		<trans lang="en">
			<word>Mount Fuji</word>
		</trans>
		<trans lang="ja">
			<word>ふじ山</word>
			<alt>fujisan</alt>
		</trans>
	</term>
	<term id="28">
		<trans lang="en">
			<word>homestay</word>
		</trans>
		<trans lang="ja">
			<word>ホームステイ [する]</word>
			<alt>hoomusutei</alt>
		</trans>
	</term>
	<term id="29">
		<trans lang="en">
			<word>begin, start (s.th.)</word>
		</trans>
		<trans lang="ja">
			<word>はじめる</word>
			<alt>hajimeru</alt>
		</trans>
	</term>
	<term id="30">
		<trans lang="en">
			<word>reach, arrive ("N ni")</word>
		</trans>
		<trans lang="ja">
			<word>着く</word>
			<alt>tsuku</alt>
		</trans>
	</term>
	<term id="31">
		<trans lang="en">
			<word>probably</word>
		</trans>
		<trans lang="ja">
			<word>たぶん</word>
			<alt>tabun</alt>
		</trans>
	</term>
	<term id="32">
		<trans lang="en">
			<word>wind (a wind blows)</word>
		</trans>
		<trans lang="ja">
			<word>かぜ [がふく]</word>
			<alt>kaze</alt>
		</trans>
	</term>
	<term id="33">
		<trans lang="en">
			<word>strong, powerful</word>
		</trans>
		<trans lang="ja">
			<word>つよい</word>
			<alt>tsuyoi</alt>
		</trans>
	</term>
	<term id="34">
		<trans lang="en">
			<word>guidebook</word>
		</trans>
		<trans lang="ja">
			<word>ガイドブック</word>
			<alt>gaidobukku</alt>
		</trans>
	</term>
	<term id="35">
		<trans lang="en">
			<word>talk, story, tale</word>
		</trans>
		<trans lang="ja">
			<word>話</word>
			<alt>hanashi</alt>
		</trans>
	</term>
	<term id="36">
		<trans lang="en">
			<word>sell</word>
		</trans>
		<trans lang="ja">
			<word>うる</word>
			<alt>uru</alt>
		</trans>
	</term>
	<term id="37">
		<trans lang="en">
			<word>souvenir, small gift</word>
		</trans>
		<trans lang="ja">
			<word>おみやけ</word>
			<alt>omiyake</alt>
		</trans>
	</term>
	<term id="38">
		<trans lang="en">
			<word>climb ("N ni")</word>
		</trans>
		<trans lang="ja">
			<word>のぼる</word>
			<alt>noboru</alt>
		</trans>
	</term>
</glossary>
