<?xml version="1.0"?>
<glossary id="204" name="An der Rezeption." author="Frédéric Bergeron">
	<desc></desc>
	<term id="1">
		<trans lang="de">
			<word>Langsamer, bitte.</word>
		</trans>
		<trans lang="fr">
			<word>Plus lentement, svp.</word>
		</trans>
	</term>
	<term id="2">
		<trans lang="de">
			<word>der Name</word>
		</trans>
		<trans lang="fr">
			<word>le nom</word>
		</trans>
	</term>
	<term id="3">
		<trans lang="de">
			<word>die Postleitzahl</word>
		</trans>
		<trans lang="fr">
			<word>le code postal</word>
		</trans>
	</term>
	<term id="4">
		<trans lang="de">
			<word>die Vorwahl</word>
		</trans>
		<trans lang="fr">
			<word>l'indicatif téléphonique</word>
		</trans>
	</term>
	<term id="5">
		<trans lang="de">
			<word>der Vorname</word>
		</trans>
		<trans lang="fr">
			<word>le prénom</word>
		</trans>
	</term>
	<term id="6">
		<trans lang="de">
			<word>der Nachname/Familienname</word>
		</trans>
		<trans lang="fr">
			<word>le nom de famille</word>
		</trans>
	</term>
	<term id="7">
		<trans lang="de">
			<word>der Bindestrich</word>
		</trans>
		<trans lang="fr">
			<word>le trait d'union</word>
		</trans>
	</term>
	<term id="8">
		<trans lang="de">
			<word>der Buchstabe</word>
		</trans>
		<trans lang="fr">
			<word>la lettre (le caractère)</word>
		</trans>
	</term>
	<term id="9">
		<trans lang="de">
			<word>Wie buchstabiert man das?</word>
		</trans>
		<trans lang="fr">
			<word>Comment l'épelez-vous?</word>
		</trans>
	</term>
</glossary>
