<?xml version="1.0"?>
<glossary id="289" name="8.2.10" author="Frédéric Bergeron">
	<desc></desc>
	<term id="1">
		<trans lang="en">
			<word>restriction,restraint,limitation (to)</word>
		</trans>
		<trans lang="ja">
			<word>制限(する)</word>
			<alt>せいげん(する)</alt>
		</trans>
	</term>
	<term id="2">
		<trans lang="en">
			<word>unreasonably,absurdly,recklessly,indiscreetly,at random</word>
		</trans>
		<trans lang="ja">
			<word>無闇に</word>
			<alt>むやみに</alt>
		</trans>
	</term>
	<term id="3">
		<trans lang="en">
			<word>always</word>
		</trans>
		<trans lang="ja">
			<word>常に</word>
			<alt>つねに</alt>
		</trans>
	</term>
	<term id="4">
		<trans lang="en">
			<word>coordinate(s)</word>
		</trans>
		<trans lang="ja">
			<word>座標</word>
			<alt>ざひょう</alt>
		</trans>
	</term>
</glossary>
