<?xml version="1.0"?>
<glossary id="397" name="p244-248" author="Frédéric Bergeron">
	<desc></desc>
	<term id="1">
		<trans lang="es">
			<word>empeñar</word>
		</trans>
		<trans lang="fr">
			<word>engager</word>
		</trans>
	</term>
	<term id="2">
		<trans lang="es">
			<word>linde (f.)</word>
		</trans>
		<trans lang="fr">
			<word>limite</word>
		</trans>
	</term>
	<term id="3">
		<trans lang="es">
			<word>desapego</word>
		</trans>
		<trans lang="fr">
			<word>détachement</word>
		</trans>
	</term>
	<term id="4">
		<trans lang="es">
			<word>cansancio</word>
		</trans>
		<trans lang="fr">
			<word>fatigue</word>
		</trans>
	</term>
</glossary>
