<?xml version="1.0"?>
<glossary id="308" name="JBPI-11" author="">
	<desc></desc>
	<term id="1">
		<trans lang="en">
			<word>this year</word>
		</trans>
		<trans lang="ja">
			<word>ことし</word>
			<alt>kotoshi</alt>
		</trans>
	</term>
	<term id="2">
		<trans lang="en">
			<word>sometimes</word>
		</trans>
		<trans lang="ja">
			<word>ときどき</word>
			<alt>tokidoki</alt>
		</trans>
	</term>
	<term id="3">
		<trans lang="en">
			<word>about, approximately</word>
		</trans>
		<trans lang="ja">
			<word>~ごろ</word>
			<alt>-goro</alt>
		</trans>
	</term>
	<term id="4">
		<trans lang="en">
			<word>about 7 o'clock, about 7:00</word>
		</trans>
		<trans lang="ja">
			<word>七じごろ</word>
			<alt>shichijigoro</alt>
		</trans>
	</term>
</glossary>
