<?xml version="1.0"?>
<glossary id="401" name="Famille" author="Frédéric Bergeron">
	<desc></desc>
	<term id="1">
		<trans lang="de">
			<word>Kind/er (n.)</word>
		</trans>
		<trans lang="fr">
			<word>enfant/s</word>
		</trans>
	</term>
	<term id="2">
		<trans lang="de">
			<word>Frau (f.)</word>
		</trans>
		<trans lang="fr">
			<word>femme (épouse)</word>
		</trans>
	</term>
	<term id="3">
		<trans lang="de">
			<word>Tochter (f.)</word>
		</trans>
		<trans lang="fr">
			<word>fille</word>
		</trans>
	</term>
	<term id="4">
		<trans lang="de">
			<word>Sohn (m.)</word>
		</trans>
		<trans lang="fr">
			<word>fils</word>
		</trans>
	</term>
	<term id="5">
		<trans lang="de">
			<word>Bruder (m.)</word>
		</trans>
		<trans lang="fr">
			<word>frère</word>
		</trans>
	</term>
	<term id="6">
		<trans lang="de">
			<word>Geschwister</word>
		</trans>
		<trans lang="fr">
			<word>frères &amp; soeurs</word>
		</trans>
		<comment languages="de-fr">Hast du Geschwister? Ja, ich habe einen Bruder und eine Schwester. Und du?
Ich habe keine Geschwister. Ich bin Einzelkind. Und du?
Ich habe zwei Brüder, aber keine Schwester.</comment>
	</term>
	<term id="7">
		<trans lang="de">
			<word>Großmutter</word>
		</trans>
		<trans lang="fr">
			<word>grand-mère</word>
		</trans>
	</term>
	<term id="8">
		<trans lang="de">
			<word>Großeltern</word>
		</trans>
		<trans lang="fr">
			<word>grand-parents</word>
		</trans>
	</term>
	<term id="9">
		<trans lang="de">
			<word>Großvater</word>
		</trans>
		<trans lang="fr">
			<word>grand-père</word>
		</trans>
	</term>
	<term id="10">
		<trans lang="de">
			<word>Mann (m.)</word>
		</trans>
		<trans lang="fr">
			<word>mari</word>
		</trans>
	</term>
	<term id="11">
		<trans lang="de">
			<word>Mutter (f.)</word>
		</trans>
		<trans lang="fr">
			<word>mère</word>
		</trans>
	</term>
	<term id="12">
		<trans lang="de">
			<word>Onkel (m.)</word>
		</trans>
		<trans lang="fr">
			<word>oncle</word>
		</trans>
	</term>
	<term id="13">
		<trans lang="de">
			<word>Eltern</word>
		</trans>
		<trans lang="fr">
			<word>parents</word>
		</trans>
	</term>
	<term id="14">
		<trans lang="de">
			<word>Vater (m.)</word>
		</trans>
		<trans lang="fr">
			<word>père</word>
		</trans>
	</term>
	<term id="15">
		<trans lang="de">
			<word>Schwester (f.)</word>
		</trans>
		<trans lang="fr">
			<word>soeur</word>
		</trans>
	</term>
	<term id="16">
		<trans lang="de">
			<word>Tante (f.)</word>
		</trans>
		<trans lang="fr">
			<word>tante</word>
		</trans>
	</term>
	<term id="17">
		<trans lang="de">
			<word>Schwiegervater</word>
		</trans>
		<trans lang="fr">
			<word>beau-père</word>
		</trans>
	</term>
	<term id="18">
		<trans lang="de">
			<word>Schwiegerschwester</word>
		</trans>
		<trans lang="fr">
			<word>belle-soeur</word>
		</trans>
	</term>
	<term id="19">
		<trans lang="de">
			<word>Neffe</word>
		</trans>
		<trans lang="fr">
			<word>neveu</word>
		</trans>
	</term>
	<term id="20">
		<trans lang="de">
			<word>Nichte</word>
		</trans>
		<trans lang="fr">
			<word>nièce</word>
		</trans>
	</term>
</glossary>
