<?xml version="1.0"?>
<glossary id="343" name="JCS1-02" author="">
	<desc></desc>
	<term id="1">
		<trans lang="en">
			<word>one, 1   +</word>
		</trans>
		<trans lang="ja">
			<word>一</word>
			<alt>ichi</alt>
		</trans>
	</term>
	<term id="2">
		<trans lang="en">
			<word>two, 2   +</word>
		</trans>
		<trans lang="ja">
			<word>二</word>
			<alt>ni</alt>
		</trans>
	</term>
	<term id="3">
		<trans lang="en">
			<word>three, 3   +</word>
		</trans>
		<trans lang="ja">
			<word>三</word>
			<alt>san</alt>
		</trans>
	</term>
	<term id="4">
		<trans lang="en">
			<word>four, 4 (also: "shi")   +</word>
		</trans>
		<trans lang="ja">
			<word>四</word>
			<alt>yon</alt>
		</trans>
	</term>
	<term id="5">
		<trans lang="en">
			<word>five, 5   +</word>
		</trans>
		<trans lang="ja">
			<word>五</word>
			<alt>go</alt>
		</trans>
	</term>
	<term id="6">
		<trans lang="en">
			<word>six, 6   +</word>
		</trans>
		<trans lang="ja">
			<word>六</word>
			<alt>roku</alt>
		</trans>
	</term>
	<term id="7">
		<trans lang="en">
			<word>seven, 7 (also: "shichi")   +</word>
		</trans>
		<trans lang="ja">
			<word>七</word>
			<alt>nana</alt>
		</trans>
	</term>
	<term id="8">
		<trans lang="en">
			<word>eight, 8   +</word>
		</trans>
		<trans lang="ja">
			<word>八</word>
			<alt>hachi</alt>
		</trans>
	</term>
	<term id="9">
		<trans lang="en">
			<word>nine, 9 (also: "ku")   +</word>
		</trans>
		<trans lang="ja">
			<word>九</word>
			<alt>kyuu</alt>
		</trans>
	</term>
	<term id="10">
		<trans lang="en">
			<word>ten, 10   +</word>
		</trans>
		<trans lang="ja">
			<word>十　 (on)</word>
			<alt>juu</alt>
		</trans>
	</term>
	<term id="11">
		<trans lang="en">
			<word>one, 1 (Jap.)</word>
		</trans>
		<trans lang="ja">
			<word>一つ</word>
			<alt>hitotsu</alt>
		</trans>
	</term>
	<term id="12">
		<trans lang="en">
			<word>two, 2 (Jap.)</word>
		</trans>
		<trans lang="ja">
			<word>二つ</word>
			<alt>futatsu</alt>
		</trans>
	</term>
	<term id="13">
		<trans lang="en">
			<word>three, 3 (Jap.)</word>
		</trans>
		<trans lang="ja">
			<word>三つ</word>
			<alt>mittsu</alt>
		</trans>
	</term>
	<term id="14">
		<trans lang="en">
			<word>four, 4 (Jap.)</word>
		</trans>
		<trans lang="ja">
			<word>四つ</word>
			<alt>yottsu</alt>
		</trans>
	</term>
	<term id="15">
		<trans lang="en">
			<word>five, 5 (Jap.)</word>
		</trans>
		<trans lang="ja">
			<word>五つ</word>
			<alt>itsutsu</alt>
		</trans>
	</term>
	<term id="16">
		<trans lang="en">
			<word>six, 6 (Jap.)</word>
		</trans>
		<trans lang="ja">
			<word>六つ</word>
			<alt>muttsu</alt>
		</trans>
	</term>
	<term id="17">
		<trans lang="en">
			<word>seven, 7 (Jap.)</word>
		</trans>
		<trans lang="ja">
			<word>七つ</word>
			<alt>nanatsu</alt>
		</trans>
	</term>
	<term id="18">
		<trans lang="en">
			<word>eight, 8 (Jap.)</word>
		</trans>
		<trans lang="ja">
			<word>八つ</word>
			<alt>yattsu</alt>
		</trans>
	</term>
	<term id="19">
		<trans lang="en">
			<word>nine, 9 (Jap.)</word>
		</trans>
		<trans lang="ja">
			<word>九つ</word>
			<alt>kokonotsu</alt>
		</trans>
	</term>
	<term id="20">
		<trans lang="en">
			<word>ten, 10 (Jap.)</word>
		</trans>
		<trans lang="ja">
			<word>十　 (kun)</word>
			<alt>too</alt>
		</trans>
	</term>
	<term id="21">
		<trans lang="en">
			<word>now</word>
		</trans>
		<trans lang="ja">
			<word>いま</word>
			<alt>ima</alt>
		</trans>
	</term>
	<term id="22">
		<trans lang="en">
			<word>time, period, # hours</word>
		</trans>
		<trans lang="ja">
			<word>じかん</word>
			<alt>jikan</alt>
		</trans>
	</term>
	<term id="23">
		<trans lang="en">
			<word>p.m., afternoon</word>
		</trans>
		<trans lang="ja">
			<word>ごご</word>
			<alt>gogo</alt>
		</trans>
	</term>
	<term id="24">
		<trans lang="en">
			<word># o'clock</word>
		</trans>
		<trans lang="ja">
			<word>~じ</word>
			<alt>-ji</alt>
		</trans>
	</term>
	<term id="25">
		<trans lang="en">
			<word>half</word>
		</trans>
		<trans lang="ja">
			<word>はん</word>
			<alt>han</alt>
		</trans>
	</term>
	<term id="26">
		<trans lang="en">
			<word>test</word>
		</trans>
		<trans lang="ja">
			<word>テスト</word>
			<alt>tesuto</alt>
		</trans>
	</term>
	<term id="27">
		<trans lang="en">
			<word>Tuesday</word>
		</trans>
		<trans lang="ja">
			<word>かよう日</word>
			<alt>kayoobi</alt>
		</trans>
	</term>
	<term id="28">
		<trans lang="en">
			<word>-day, day of the week</word>
		</trans>
		<trans lang="ja">
			<word>~よう日</word>
			<alt>-yoobi</alt>
		</trans>
	</term>
	<term id="29">
		<trans lang="en">
			<word>sweets</word>
		</trans>
		<trans lang="ja">
			<word>おかし</word>
			<alt>okashi</alt>
		</trans>
	</term>
	<term id="30">
		<trans lang="en">
			<word># yen</word>
		</trans>
		<trans lang="ja">
			<word>~えん</word>
			<alt>-en</alt>
		</trans>
	</term>
	<term id="31">
		<trans lang="en">
			<word>this (pre-N)</word>
		</trans>
		<trans lang="ja">
			<word>この</word>
			<alt>kono</alt>
		</trans>
	</term>
	<term id="32">
		<trans lang="en">
			<word>newspaper</word>
		</trans>
		<trans lang="ja">
			<word>しんぶん</word>
			<alt>shimbun</alt>
		</trans>
	</term>
	<term id="33">
		<trans lang="en">
			<word>before, in front of (space)</word>
		</trans>
		<trans lang="ja">
			<word>まえ</word>
			<alt>mae</alt>
		</trans>
	</term>
	<term id="34">
		<trans lang="en">
			<word>a.m., morning</word>
		</trans>
		<trans lang="ja">
			<word>ごぜん</word>
			<alt>gozen</alt>
		</trans>
	</term>
	<term id="35">
		<trans lang="en">
			<word>fee</word>
		</trans>
		<trans lang="ja">
			<word>りょうきん</word>
			<alt>ryookin</alt>
		</trans>
	</term>
	<term id="36">
		<trans lang="en">
			<word>what time?</word>
		</trans>
		<trans lang="ja">
			<word>なんじ</word>
			<alt>nanji</alt>
		</trans>
	</term>
	<term id="37">
		<trans lang="en">
			<word>Sunday</word>
		</trans>
		<trans lang="ja">
			<word>日よう日</word>
			<alt>nichiyoobi</alt>
		</trans>
	</term>
	<term id="38">
		<trans lang="en">
			<word>Monday</word>
		</trans>
		<trans lang="ja">
			<word>げつよう日</word>
			<alt>getsuyoobi</alt>
		</trans>
	</term>
	<term id="39">
		<trans lang="en">
			<word>Wednesday</word>
		</trans>
		<trans lang="ja">
			<word>すいよう日</word>
			<alt>suiyoobi</alt>
		</trans>
	</term>
	<term id="40">
		<trans lang="en">
			<word>Thursday</word>
		</trans>
		<trans lang="ja">
			<word>もくよう日</word>
			<alt>mokuyoobi</alt>
		</trans>
	</term>
	<term id="41">
		<trans lang="en">
			<word>Friday</word>
		</trans>
		<trans lang="ja">
			<word>きんよう日</word>
			<alt>kin'yoobi</alt>
		</trans>
	</term>
	<term id="42">
		<trans lang="en">
			<word>Saturday</word>
		</trans>
		<trans lang="ja">
			<word>どよう日</word>
			<alt>doyoobi</alt>
		</trans>
	</term>
	<term id="43">
		<trans lang="en">
			<word>what day? (of the week)</word>
		</trans>
		<trans lang="ja">
			<word>なんよう日</word>
			<alt>nan'yoobi</alt>
		</trans>
	</term>
	<term id="44">
		<trans lang="en">
			<word>how much? (cost)</word>
		</trans>
		<trans lang="ja">
			<word>いくら</word>
			<alt>ikura</alt>
		</trans>
	</term>
	<term id="45">
		<trans lang="en">
			<word>gum, chewing gum</word>
		</trans>
		<trans lang="ja">
			<word>ガム</word>
			<alt>gamu</alt>
		</trans>
	</term>
	<term id="46">
		<trans lang="en">
			<word>that, that over there (pre-N)</word>
		</trans>
		<trans lang="ja">
			<word>あの</word>
			<alt>ano</alt>
		</trans>
	</term>
	<term id="47">
		<trans lang="en">
			<word>magazine</word>
		</trans>
		<trans lang="ja">
			<word>ざっし</word>
			<alt>zasshi</alt>
		</trans>
	</term>
	<term id="48">
		<trans lang="en">
			<word>film, camera film</word>
		</trans>
		<trans lang="ja">
			<word>フィルム</word>
			<alt>firumu</alt>
		</trans>
	</term>
	<term id="49">
		<trans lang="en">
			<word>that, that near you (pre-N)</word>
		</trans>
		<trans lang="ja">
			<word>その</word>
			<alt>sono</alt>
		</trans>
	</term>
	<term id="50">
		<trans lang="en">
			<word>concert</word>
		</trans>
		<trans lang="ja">
			<word>コンサート</word>
			<alt>konsaato</alt>
		</trans>
	</term>
	<term id="51">
		<trans lang="en">
			<word>post office</word>
		</trans>
		<trans lang="ja">
			<word>ゆうびんきょく</word>
			<alt>yuubinkyoku</alt>
		</trans>
	</term>
	<term id="52">
		<trans lang="en">
			<word>bank</word>
		</trans>
		<trans lang="ja">
			<word>ぎんこう</word>
			<alt>ginkoo</alt>
		</trans>
	</term>
	<term id="53">
		<trans lang="en">
			<word>Tokyo (Jap. capital)</word>
		</trans>
		<trans lang="ja">
			<word>とうきょう</word>
			<alt>tookyoo</alt>
		</trans>
	</term>
	<term id="54">
		<trans lang="en">
			<word>England, UK</word>
		</trans>
		<trans lang="ja">
			<word>イギリス</word>
			<alt>igirisu</alt>
		</trans>
	</term>
	<term id="55">
		<trans lang="en">
			<word>pool, swimming pool</word>
		</trans>
		<trans lang="ja">
			<word>プール</word>
			<alt>puuru</alt>
		</trans>
	</term>
	<term id="56">
		<trans lang="en">
			<word>laboratory, language lab</word>
		</trans>
		<trans lang="ja">
			<word>ラボ</word>
			<alt>rabo</alt>
		</trans>
	</term>
	<term id="57">
		<trans lang="en">
			<word>conversation</word>
		</trans>
		<trans lang="ja">
			<word>かいわ</word>
			<alt>kaiwa</alt>
		</trans>
	</term>
	<term id="58">
		<trans lang="en">
			<word>reading, way of reading</word>
		</trans>
		<trans lang="ja">
			<word>よみかた</word>
			<alt>yomikata</alt>
		</trans>
	</term>
	<term id="59">
		<trans lang="en">
			<word>kanji, character</word>
		</trans>
		<trans lang="ja">
			<word>かんじ</word>
			<alt>kanji</alt>
		</trans>
	</term>
	<term id="60">
		<trans lang="en">
			<word>video, video tape</word>
		</trans>
		<trans lang="ja">
			<word>ビデオ</word>
			<alt>bideo</alt>
		</trans>
	</term>
	<term id="61">
		<trans lang="en">
			<word>composition, essay</word>
		</trans>
		<trans lang="ja">
			<word>さくぶん</word>
			<alt>sakubun</alt>
		</trans>
	</term>
	<term id="62">
		<trans lang="en">
			<word>holiday</word>
		</trans>
		<trans lang="ja">
			<word>やすみ</word>
			<alt>yasumi</alt>
		</trans>
	</term>
	<term id="63">
		<trans lang="en">
			<word>coffee</word>
		</trans>
		<trans lang="ja">
			<word>コーヒー</word>
			<alt>koohii</alt>
		</trans>
	</term>
	<term id="64">
		<trans lang="en">
			<word>battery</word>
		</trans>
		<trans lang="ja">
			<word>でんち</word>
			<alt>denchi</alt>
		</trans>
	</term>
</glossary>
