<?xml version="1.0"?>
<glossary id="362" name="Ist es weit?" author="Frédéric Bergeron">
	<desc></desc>
	<term id="1">
		<trans lang="de">
			<word>weit</word>
		</trans>
		<trans lang="fr">
			<word>loin</word>
		</trans>
		<comment languages="de-fr">Ist es weit?
Est-ce loin?</comment>
	</term>
	<term id="2">
		<trans lang="de">
			<word>da</word>
		</trans>
		<trans lang="fr">
			<word>là</word>
		</trans>
	</term>
	<term id="3">
		<trans lang="de">
			<word>hier vorne</word>
		</trans>
		<trans lang="fr">
			<word>juste devant</word>
		</trans>
		<comment languages="de-fr">Littéralement: ici devant.</comment>
	</term>
	<term id="4">
		<trans lang="de">
			<word>hier hinten</word>
		</trans>
		<trans lang="fr">
			<word>juste derrière</word>
		</trans>
		<comment languages="de-fr">Littéralement: ici derrière.</comment>
	</term>
	<term id="5">
		<trans lang="de">
			<word>gleich hier</word>
		</trans>
		<trans lang="fr">
			<word>juste ici</word>
		</trans>
	</term>
	<term id="6">
		<trans lang="de">
			<word>um die Ecke</word>
		</trans>
		<trans lang="fr">
			<word>à l'angle,au coin</word>
		</trans>
	</term>
	<term id="7">
		<trans lang="de">
			<word>gegenüber</word>
		</trans>
		<trans lang="fr">
			<word>en face</word>
		</trans>
		<comment languages="de-fr">Mot déclencheur</comment>
	</term>
	<term id="8">
		<trans lang="de">
			<word>Briefmarke (f.)</word>
		</trans>
		<trans lang="fr">
			<word>timbre (m.)</word>
		</trans>
		<comment languages="de-fr">Wo kann ich Briefmarken kaufen?
Où puis-je acheter des timbres?</comment>
	</term>
	<term id="9">
		<trans lang="de">
			<word>Ich bin hier fremd.</word>
		</trans>
		<trans lang="fr">
			<word>Je ne suis pas d'ici.</word>
		</trans>
		<comment languages="de-fr">Littéralement: Je suis étranger ici.</comment>
	</term>
</glossary>
