<?xml version="1.0"?>
<glossary id="243" name="ミイラのラムさん" author="Frédéric Bergeron">
	<desc>This glossary contains words taken from this book for children.  It tells the funny tale of Mr. Miraa, the mummy, who had hard time to retrieve the bandage he had bought for his wife and that he forgot in a bar when he met his werewolf friend.</desc>
	<term id="1">
		<trans lang="en">
			<word>monster</word>
		</trans>
		<trans lang="ja">
			<word>妖怪</word>
			<alt>ようかい</alt>
		</trans>
	</term>
	<term id="2">
		<trans lang="en">
			<word>broom</word>
		</trans>
		<trans lang="ja">
			<word>帚</word>
			<alt>ほうき</alt>
		</trans>
		<comment languages="en-ja">帚に乗れない魔女がいる。
There is a witch unable to ride her broom.

台所を帚ではく。
He sweeps the broom in the kitchen.</comment>
	</term>
	<term id="3">
		<trans lang="en">
			<word>radiance</word>
		</trans>
		<trans lang="ja">
			<word>輝き</word>
			<alt>かがやき</alt>
		</trans>
	</term>
	<term id="4">
		<trans lang="en">
			<word>to live,to get along</word>
		</trans>
		<trans lang="ja">
			<word>暮らす</word>
			<alt>くらす</alt>
		</trans>
		<comment languages="en-ja">ミイラさんは奥さんと一緒にぞくぞく村で暮らしている。
Mr. Miraa and his wife live together in the village of Zokuzoku.</comment>
	</term>
	<term id="5">
		<trans lang="en">
			<word>antique</word>
		</trans>
		<trans lang="ja">
			<word>骨董</word>
			<alt>こっとう</alt>
		</trans>
		<comment languages="en-ja">彼の家は骨董屋さん。
His house is a shop selling antiquities.</comment>
	</term>
	<term id="6">
		<trans lang="en">
			<word>door,opening</word>
		</trans>
		<trans lang="ja">
			<word>扉</word>
			<alt>とびら</alt>
		</trans>
	</term>
	<term id="7">
		<trans lang="en">
			<word>to stretch,to extend,to make progress,to grow (beard, body height)</word>
		</trans>
		<trans lang="ja">
			<word>伸びる</word>
			<alt>のびる</alt>
		</trans>
		<comment languages="en-ja">背が伸びる。
He's getting taller (or he's growing up).</comment>
	</term>
	<term id="8">
		<trans lang="en">
			<word>ancient times</word>
		</trans>
		<trans lang="ja">
			<word>古代</word>
			<alt>こだい</alt>
		</trans>
	</term>
	<term id="9">
		<trans lang="en">
			<word>retainer,servant</word>
		</trans>
		<trans lang="ja">
			<word>家来</word>
			<alt>けらい</alt>
		</trans>
		<comment languages="en-ja">これは女王の家来が使ったベッドです。
This is bed that was used by a queen's servant.</comment>
	</term>
	<term id="10">
		<trans lang="en">
			<word>to shoulder,to carry on shoulder</word>
		</trans>
		<trans lang="ja">
			<word>担ぐ</word>
			<alt>かつぐ</alt>
		</trans>
		<comment languages="en-ja">ベッドを担いで、帰りました。
They carried the bed on their shoulders on their way going back home.</comment>
	</term>
	<term id="11">
		<trans lang="en">
			<word>to boil,to grow hot </word>
		</trans>
		<trans lang="ja">
			<word>沸く</word>
			<alt>わく</alt>
		</trans>
		<comment languages="en-ja">お湯が沸く。
Water is boiling.</comment>
	</term>
	<term id="12">
		<trans lang="en">
			<word>to unfasten</word>
		</trans>
		<trans lang="ja">
			<word>解く</word>
			<alt>ほどく</alt>
		</trans>
	</term>
	<term id="13">
		<trans lang="en">
			<word>to wind,to coil,to roll</word>
		</trans>
		<trans lang="ja">
			<word>巻く</word>
			<alt>まく</alt>
		</trans>
	</term>
	<term id="14">
		<trans lang="en">
			<word>needle (e.g. clock),fish hook,pointer,hand</word>
		</trans>
		<trans lang="ja">
			<word>針</word>
			<alt>はり</alt>
		</trans>
		<comment languages="en-ja">時計の長い針</comment>
	</term>
	<term id="15">
		<trans lang="en">
			<word>loose,lenient,slow</word>
		</trans>
		<trans lang="ja">
			<word>緩い</word>
			<alt>ゆるい</alt>
		</trans>
		<comment languages="en-ja">包帯は緩すぎる。
The bandages are too loose.</comment>
	</term>
	<term id="16">
		<trans lang="en">
			<word>scale</word>
		</trans>
		<trans lang="ja">
			<word>体重計</word>
			<alt>たいじゅうけい</alt>
		</trans>
		<comment languages="en-ja">マミさんは体重計に乗った。
Mami stood on the scale.</comment>
	</term>
	<term id="17">
		<trans lang="en">
			<word>shameful,indecent</word>
		</trans>
		<trans lang="ja">
			<word>見っともない</word>
			<alt>みっともない</alt>
		</trans>
		<comment languages="en-ja">人前でああいうみっともないことはするな。
Don't do such a shameful thing in public.</comment>
	</term>
	<term id="18">
		<trans lang="en">
			<word>to concern,to be related</word>
		</trans>
		<trans lang="ja">
			<word>関する</word>
			<alt>かんする</alt>
		</trans>
	</term>
	<term id="19">
		<trans lang="en">
			<word>to prosper,to be crowded with people</word>
		</trans>
		<trans lang="ja">
			<word>賑わう</word>
			<alt>にぎわう</alt>
		</trans>
	</term>
	<term id="20">
		<trans lang="en">
			<word>extraordinary,superior,choice</word>
		</trans>
		<trans lang="ja">
			<word>飛び切り</word>
			<alt>とびきり</alt>
		</trans>
		<comment languages="en-ja">彼はとびきりやさしい男だった。
He was as gentle a man as ever lived.</comment>
	</term>
	<term id="21">
		<trans lang="en">
			<word>to ask</word>
		</trans>
		<trans lang="ja">
			<word>尋ねる</word>
			<alt>たずねる</alt>
		</trans>
	</term>
	<term id="22">
		<trans lang="en">
			<word>rubbing one's hands together</word>
		</trans>
		<trans lang="ja">
			<word>揉み手</word>
			<alt>もみで</alt>
		</trans>
	</term>
	<term id="23">
		<trans lang="en">
			<word>cordial smile</word>
		</trans>
		<trans lang="ja">
			<word>愛想笑い</word>
			<alt>あいそわらい</alt>
		</trans>
	</term>
	<term id="24">
		<trans lang="en">
			<word>bundle,bunch,sheaf,coil</word>
		</trans>
		<trans lang="ja">
			<word>束</word>
			<alt>たば</alt>
		</trans>
		<comment languages="en-ja">包帯の束をもってきました。
He brought a bundle of bandages.</comment>
	</term>
	<term id="25">
		<trans lang="en">
			<word>wife,Mrs,madam</word>
		</trans>
		<trans lang="ja">
			<word>夫人</word>
			<alt>ふじん</alt>
		</trans>
	</term>
	<term id="26">
		<trans lang="en">
			<word>gentleman</word>
		</trans>
		<trans lang="ja">
			<word>紳士</word>
			<alt>しんし</alt>
		</trans>
	</term>
	<term id="27">
		<trans lang="en">
			<word>width,breadth</word>
		</trans>
		<trans lang="ja">
			<word>幅</word>
			<alt>はば</alt>
		</trans>
		<comment languages="en-ja">幅が広い包帯
Wide bandages</comment>
	</term>
	<term id="28">
		<trans lang="en">
			<word>to be hurt,to be wounded,to get injured</word>
		</trans>
		<trans lang="ja">
			<word>傷つく</word>
			<alt>きずつく</alt>
		</trans>
	</term>
	<term id="29">
		<trans lang="en">
			<word>to hold or carry under or in the arms</word>
		</trans>
		<trans lang="ja">
			<word>抱える</word>
			<alt>かかえる</alt>
		</trans>
	</term>
	<term id="30">
		<trans lang="en">
			<word>to challenge,to call somebody to halt</word>
		</trans>
		<trans lang="ja">
			<word>呼び止める</word>
			<alt>よびとめる</alt>
		</trans>
		<comment languages="en-ja">その時、後ろから、だれかが呼び止めました。
At this moment, someone called from behind.</comment>
	</term>
	<term id="31">
		<trans lang="en">
			<word>little while</word>
		</trans>
		<trans lang="ja">
			<word>暫く</word>
			<alt>しばらく</alt>
		</trans>
		<comment languages="en-ja">こんにちは。暫くだね。
Hi! It's been a while, isn't.</comment>
	</term>
	<term id="32">
		<trans lang="en">
			<word>to turn around,to look back</word>
		</trans>
		<trans lang="ja">
			<word>振り返る</word>
			<alt>ふりかえる</alt>
		</trans>
	</term>
	<term id="33">
		<trans lang="en">
			<word>whisperingly</word>
		</trans>
		<trans lang="ja">
			<word>ひそひそ</word>
			<alt>ひそひそ</alt>
		</trans>
		<comment languages="en-ja">ひそひそ声で「僕だ」と言いました。
He said whisperingly: "It's me."</comment>
	</term>
	<term id="34">
		<trans lang="en">
			<word>to unfasten,to remove</word>
		</trans>
		<trans lang="ja">
			<word>外す</word>
			<alt>はずす</alt>
		</trans>
		<comment languages="en-ja">サングラスを外す。
He removes his sunglasses.</comment>
	</term>
	<term id="35">
		<trans lang="en">
			<word>cowardice,timidity</word>
		</trans>
		<trans lang="ja">
			<word>臆病</word>
			<alt>おくびょう</alt>
		</trans>
	</term>
	<term id="36">
		<trans lang="en">
			<word>nicotine,resin,sleep in one's eyes (eye mucus)</word>
		</trans>
		<trans lang="ja">
			<word>脂</word>
			<alt>やに</alt>
		</trans>
		<comment languages="en-ja">松脂ビールを飲んでいた。
He was drnking pine tree's resin beer.</comment>
	</term>
	<term id="37">
		<trans lang="en">
			<word>pine tree</word>
		</trans>
		<trans lang="ja">
			<word>松</word>
			<alt>まつ</alt>
		</trans>
	</term>
	<term id="38">
		<trans lang="en">
			<word>sawdust</word>
		</trans>
		<trans lang="ja">
			<word>大鋸屑</word>
			<alt>おがくず</alt>
		</trans>
	</term>
	<term id="39">
		<trans lang="en">
			<word>order,request (to)</word>
		</trans>
		<trans lang="ja">
			<word>注文(する)</word>
			<alt>ちゅうもん(する)</alt>
		</trans>
	</term>
	<term id="40">
		<trans lang="en">
			<word>coolness,calmness,composure,unconcern</word>
		</trans>
		<trans lang="ja">
			<word>平気</word>
			<alt>へいき</alt>
		</trans>
	</term>
	<term id="41">
		<trans lang="en">
			<word>moment,time</word>
		</trans>
		<trans lang="ja">
			<word>一時</word>
			<alt>ひととき</alt>
		</trans>
		<comment languages="en-ja">一緒に楽しい一時を過ごしました。
They spent a good time together.</comment>
	</term>
	<term id="42">
		<trans lang="en">
			<word>to pass,to spend,to go through</word>
		</trans>
		<trans lang="ja">
			<word>過ごす</word>
			<alt>すごす</alt>
		</trans>
		<comment languages="en-ja">一緒に楽しい一時を過ごしました。
They spent a good time together.</comment>
	</term>
	<term id="43">
		<trans lang="en">
			<word>alternately</word>
		</trans>
		<trans lang="ja">
			<word>代る代る</word>
			<alt>かわるがわる</alt>
		</trans>
		<comment languages="en-ja">「ミラー男のラムさんです。」
「こんいちは。」
お化けたちはかわるがわる言いました。
The ghosts said, alternately:
"Here comes Mr. Ramu, the mummy."
"Hello!"
</comment>
	</term>
	<term id="44">
		<trans lang="en">
			<word>shout,scream,outcry</word>
		</trans>
		<trans lang="ja">
			<word>叫び</word>
			<alt>さけび</alt>
		</trans>
	</term>
	<term id="45">
		<trans lang="en">
			<word>to flourish,to thrive,to be popular,to come into fashion</word>
		</trans>
		<trans lang="ja">
			<word>流行る</word>
			<alt>はやる</alt>
		</trans>
	</term>
	<term id="46">
		<trans lang="en">
			<word>a good deal,much,a lot</word>
		</trans>
		<trans lang="ja">
			<word>大分</word>
			<alt>だいぶ</alt>
		</trans>
		<comment languages="en-ja">ありがとう。これで大分、もどってきたよ。でも全部じゃない。
Thank you!  This is a lot (that came back).  But that's not all.</comment>
	</term>
	<term id="47">
		<trans lang="en">
			<word>to ripen,to mature</word>
		</trans>
		<trans lang="ja">
			<word>熟す</word>
			<alt>じゅくす</alt>
		</trans>
		<comment languages="en-ja">このバナナは熟していますか。
Are these bananas ripe?</comment>
	</term>
	<term id="48">
		<trans lang="en">
			<word>diaper</word>
		</trans>
		<trans lang="ja">
			<word>襁褓</word>
			<alt>おしめ</alt>
		</trans>
	</term>
	<term id="49">
		<trans lang="en">
			<word>pride,triumph,one's forte,one's specialty,customer,client</word>
		</trans>
		<trans lang="ja">
			<word>得意</word>
			<alt>とくい</alt>
		</trans>
		<comment languages="en-ja">あなたの得意なものは何ですか。
What's your specialty?</comment>
	</term>
	<term id="50">
		<trans lang="en">
			<word>morning sun</word>
		</trans>
		<trans lang="ja">
			<word>朝日</word>
			<alt>あさひ</alt>
		</trans>
	</term>
	<term id="51">
		<trans lang="en">
			<word>extremely</word>
		</trans>
		<trans lang="ja">
			<word>随分</word>
			<alt>ずいぶん</alt>
		</trans>
		<comment languages="en-ja">随分時間が長かった。
It took extremely long time.</comment>
	</term>
	<term id="52">
		<trans lang="en">
			<word>false tooth,denture</word>
		</trans>
		<trans lang="ja">
			<word>入れ歯</word>
			<alt>いれば</alt>
		</trans>
	</term>
	<term id="53">
		<trans lang="en">
			<word>pleasant,happy</word>
		</trans>
		<trans lang="ja">
			<word>愉快</word>
			<alt>ゆかい</alt>
		</trans>
		<comment languages="en-ja">愉快に暮らしている。
They're living happily.</comment>
	</term>
	<term id="54">
		<trans lang="en">
			<word>to chuckle to oneself,to be pleased with oneself</word>
		</trans>
		<trans lang="ja">
			<word>ほくほくする</word>
			<alt>ほくほくする</alt>
		</trans>
	</term>
	<term id="55">
		<trans lang="en">
			<word>store tending,salesperson</word>
		</trans>
		<trans lang="ja">
			<word>店番</word>
			<alt>みせばん</alt>
		</trans>
	</term>
	<term id="56">
		<trans lang="en">
			<word>to wilt,to fade</word>
		</trans>
		<trans lang="ja">
			<word>萎びる</word>
			<alt>しなびる</alt>
		</trans>
	</term>
	<term id="57">
		<trans lang="en">
			<word>time,about,toward,approximately (time)</word>
		</trans>
		<trans lang="ja">
			<word>頃</word>
			<alt>ころ</alt>
		</trans>
	</term>
	<term id="58">
		<trans lang="en">
			<word>shriek,scream</word>
		</trans>
		<trans lang="ja">
			<word>悲鳴</word>
			<alt>ひめい</alt>
		</trans>
	</term>
	<term id="59">
		<trans lang="en">
			<word>master,head (of a household),landlord,one's husband,employer,host</word>
		</trans>
		<trans lang="ja">
			<word>主人</word>
			<alt>しゅじん</alt>
		</trans>
	</term>
</glossary>
