<?xml version="1.0"?>
<glossary id="250" name="30" author="Frédéric Bergeron">
	<desc></desc>
	<term id="1" imagePath="1.gif">
		<trans lang="en">
			<word>cooperation,collaboration (to)</word>
		</trans>
		<trans lang="ja">
			<word>協力(する)</word>
			<alt>きょうりょく(する)</alt>
		</trans>
	</term>
	<term id="2" imagePath="2.gif">
		<trans lang="en">
			<word>traffic lights,signal,semaphore (to)</word>
		</trans>
		<trans lang="ja">
			<word>信号(する)</word>
			<alt>しんごう(する)</alt>
		</trans>
	</term>
	<term id="3" imagePath="3.gif">
		<trans lang="en">
			<word>driver,chauffeur</word>
		</trans>
		<trans lang="ja">
			<word>運転手</word>
			<alt>うんてんしゅ</alt>
		</trans>
	</term>
	<term id="4" imagePath="4.gif">
		<trans lang="en">
			<word>express,special delivery</word>
		</trans>
		<trans lang="ja">
			<word>速達</word>
			<alt>そくたつ</alt>
		</trans>
		<comment languages="en-ja">速達で送る。
I send by express mail.</comment>
	</term>
	<term id="5">
		<trans lang="en">
			<word>roadway</word>
		</trans>
		<trans lang="ja">
			<word>車道</word>
			<alt>しゃどう</alt>
		</trans>
	</term>
	<term id="6" imagePath="6.gif">
		<trans lang="en">
			<word>driver's seat (in a car)</word>
		</trans>
		<trans lang="ja">
			<word>運転席</word>
			<alt>うんてんせき</alt>
		</trans>
	</term>
	<term id="7" imagePath="7.gif">
		<trans lang="en">
			<word>correspondence,communication,news,signal (to)</word>
		</trans>
		<trans lang="ja">
			<word>通信(する)</word>
			<alt>つうしん(する)</alt>
		</trans>
		<comment languages="en-ja">通信員:Correspondent</comment>
	</term>
	<term id="8" imagePath="8.gif">
		<trans lang="en">
			<word>development,growth (to)</word>
		</trans>
		<trans lang="ja">
			<word>発達(する)</word>
			<alt>はったつ(する)</alt>
		</trans>
	</term>
	<term id="9" imagePath="9.gif">
		<trans lang="en">
			<word>those present,attendance</word>
		</trans>
		<trans lang="ja">
			<word>出席者</word>
			<alt>しゅっせきしゃ</alt>
		</trans>
	</term>
	<term id="10" imagePath="10.gif">
		<trans lang="en">
			<word>self-confidence</word>
		</trans>
		<trans lang="ja">
			<word>自信</word>
			<alt>じしん</alt>
		</trans>
	</term>
	<term id="11" imagePath="11.gif">
		<trans lang="en">
			<word>sit down,seat (to)</word>
		</trans>
		<trans lang="ja">
			<word>着席(する)</word>
			<alt>ちゃくせき(する)</alt>
		</trans>
	</term>
	<term id="12">
		<trans lang="en">
			<word>cliff</word>
		</trans>
		<trans lang="ja">
			<word>崖</word>
			<alt>がけ</alt>
		</trans>
	</term>
	<term id="13" imagePath="13.gif">
		<trans lang="en">
			<word>fall,degradation,slump (to)</word>
		</trans>
		<trans lang="ja">
			<word>転落(する)</word>
			<alt>てんらく(する)</alt>
		</trans>
		<comment languages="en-ja">崖から転落した。
He fell from the cliff.</comment>
	</term>
</glossary>
