<?xml version="1.0"?>
<glossary id="383" name="p140-150" author="Frédéric Bergeron">
	<desc></desc>
	<term id="1">
		<trans lang="es">
			<word>sentido</word>
		</trans>
		<trans lang="fr">
			<word>sens</word>
		</trans>
		<comment languages="es-fr">Todos mis sentidos entran en alerta.
Tous mes sens entrent en état d'alerte.</comment>
	</term>
	<term id="2">
		<trans lang="es">
			<word>aguzar</word>
		</trans>
		<trans lang="fr">
			<word>aiguiser</word>
		</trans>
		<comment languages="es-fr">aguzar las orejas o el oído: tendre l'oreille</comment>
	</term>
	<term id="3">
		<trans lang="es">
			<word>roce (m.)</word>
		</trans>
		<trans lang="fr">
			<word>frôlement,frottement</word>
		</trans>
	</term>
	<term id="4">
		<trans lang="es">
			<word>escudriñar</word>
		</trans>
		<trans lang="fr">
			<word>fouiller du regard,scruter</word>
		</trans>
		<comment languages="es-fr">Vuelvo a escudriñar alrededor : no se ve a nadie.
Je retourne scruter alentour : personne n'est en vue.</comment>
	</term>
	<term id="5">
		<trans lang="es">
			<word>siseo</word>
		</trans>
		<trans lang="fr">
			<word>sifflement</word>
		</trans>
		<comment languages="es-fr">sisear: siffler</comment>
	</term>
	<term id="6">
		<trans lang="es">
			<word>rasguñar</word>
		</trans>
		<trans lang="fr">
			<word>égratigner</word>
		</trans>
	</term>
	<term id="7">
		<trans lang="es">
			<word>desplomarse</word>
		</trans>
		<trans lang="fr">
			<word>s'écrouler</word>
		</trans>
	</term>
	<term id="8">
		<trans lang="es">
			<word>mohín (n.m.)</word>
		</trans>
		<trans lang="fr">
			<word>moue (n.f.)</word>
		</trans>
		<comment languages="es-fr">Dhuoda hace un mohín de disgusto.
Dhuoda fait une moue de dégoût.</comment>
	</term>
</glossary>
