<?xml version="1.0"?>
<glossary id="316" name="JBPII-03" author="">
	<desc></desc>
	<term id="1">
		<trans lang="en">
			<word>see, watch, look   +</word>
		</trans>
		<trans lang="ja">
			<word>見る</word>
			<alt>miru</alt>
		</trans>
	</term>
	<term id="2">
		<trans lang="en">
			<word>person   +</word>
		</trans>
		<trans lang="ja">
			<word>人</word>
			<alt>hito</alt>
		</trans>
	</term>
	<term id="3">
		<trans lang="en">
			<word>Japanese (person)</word>
		</trans>
		<trans lang="ja">
			<word>日本人</word>
			<alt>nihonjin</alt>
		</trans>
	</term>
	<term id="4">
		<trans lang="en">
			<word># persons</word>
		</trans>
		<trans lang="ja">
			<word>~人</word>
			<alt>-nin</alt>
		</trans>
	</term>
	<term id="5">
		<trans lang="en">
			<word>year   +</word>
		</trans>
		<trans lang="ja">
			<word>年</word>
			<alt>toshi</alt>
		</trans>
	</term>
	<term id="6">
		<trans lang="en">
			<word># year</word>
		</trans>
		<trans lang="ja">
			<word>~年</word>
			<alt>-nen</alt>
		</trans>
	</term>
	<term id="7">
		<trans lang="en">
			<word>next year</word>
		</trans>
		<trans lang="ja">
			<word>来年</word>
			<alt>rainen</alt>
		</trans>
	</term>
	<term id="8">
		<trans lang="en">
			<word>spirit, mind   +</word>
		</trans>
		<trans lang="ja">
			<word>気</word>
			<alt>ki</alt>
		</trans>
	</term>
	<term id="9">
		<trans lang="en">
			<word>feeling, mood</word>
		</trans>
		<trans lang="ja">
			<word>気分</word>
			<alt>kibun</alt>
		</trans>
	</term>
	<term id="10">
		<trans lang="en">
			<word>enter, go in; include; join   +</word>
		</trans>
		<trans lang="ja">
			<word>入る</word>
			<alt>hairu</alt>
		</trans>
	</term>
	<term id="11">
		<trans lang="en">
			<word>name   +</word>
		</trans>
		<trans lang="ja">
			<word>名前</word>
			<alt>namae</alt>
		</trans>
	</term>
	<term id="12">
		<trans lang="en">
			<word>live, reside ("ni")   +</word>
		</trans>
		<trans lang="ja">
			<word>住む</word>
			<alt>sumu</alt>
		</trans>
	</term>
	<term id="13">
		<trans lang="en">
			<word>place   +</word>
		</trans>
		<trans lang="ja">
			<word>所</word>
			<alt>tokoro</alt>
		</trans>
	</term>
	<term id="14">
		<trans lang="en">
			<word>address</word>
		</trans>
		<trans lang="ja">
			<word>住所</word>
			<alt>juusho</alt>
		</trans>
	</term>
	<term id="15">
		<trans lang="en">
			<word>health club</word>
		</trans>
		<trans lang="ja">
			<word>スポーツクラブ</word>
			<alt>supootsukurabu</alt>
		</trans>
	</term>
	<term id="16">
		<trans lang="en">
			<word>application</word>
		</trans>
		<trans lang="ja">
			<word>もうしこみ</word>
			<alt>mooshikomi</alt>
		</trans>
	</term>
	<term id="17">
		<trans lang="en">
			<word>application form</word>
		</trans>
		<trans lang="ja">
			<word>もうしこみしょ</word>
			<alt>mooshikomisho</alt>
		</trans>
	</term>
	<term id="18">
		<trans lang="en">
			<word>be possible</word>
		</trans>
		<trans lang="ja">
			<word>~ことができる</word>
			<alt>-kotoga dekiru</alt>
		</trans>
	</term>
	<term id="19">
		<trans lang="en">
			<word>guidance, guide</word>
		</trans>
		<trans lang="ja">
			<word>あんない [する]</word>
			<alt>annai</alt>
		</trans>
	</term>
	<term id="20">
		<trans lang="en">
			<word>tennis court</word>
		</trans>
		<trans lang="ja">
			<word>テニスコート</word>
			<alt>tenisukooto</alt>
		</trans>
	</term>
	<term id="21">
		<trans lang="en">
			<word>coach</word>
		</trans>
		<trans lang="ja">
			<word>コーチ</word>
			<alt>koochi</alt>
		</trans>
	</term>
	<term id="22">
		<trans lang="en">
			<word>learn</word>
		</trans>
		<trans lang="ja">
			<word>ならう</word>
			<alt>narau</alt>
		</trans>
	</term>
	<term id="23">
		<trans lang="en">
			<word>warm water</word>
		</trans>
		<trans lang="ja">
			<word>おん水</word>
			<alt>onsui</alt>
		</trans>
	</term>
	<term id="24">
		<trans lang="en">
			<word>pool</word>
		</trans>
		<trans lang="ja">
			<word>プール</word>
			<alt>puuru</alt>
		</trans>
	</term>
	<term id="25">
		<trans lang="en">
			<word>all year, throughout the year</word>
		</trans>
		<trans lang="ja">
			<word>一年中</word>
			<alt>ichinenjuu</alt>
		</trans>
	</term>
	<term id="26">
		<trans lang="en">
			<word>swim</word>
		</trans>
		<trans lang="ja">
			<word>およぐ</word>
			<alt>oyogu</alt>
		</trans>
	</term>
	<term id="27">
		<trans lang="en">
			<word>machine</word>
		</trans>
		<trans lang="ja">
			<word>マシーン</word>
			<alt>mashiin</alt>
		</trans>
	</term>
	<term id="28">
		<trans lang="en">
			<word>thing</word>
		</trans>
		<trans lang="ja">
			<word>もの</word>
			<alt>mono</alt>
		</trans>
	</term>
	<term id="29">
		<trans lang="en">
			<word>begin, start (s.th.)</word>
		</trans>
		<trans lang="ja">
			<word>はじめる</word>
			<alt>hajimeru</alt>
		</trans>
	</term>
	<term id="30">
		<trans lang="en">
			<word>instructor</word>
		</trans>
		<trans lang="ja">
			<word>インストラクター</word>
			<alt>insutorakutaa</alt>
		</trans>
	</term>
	<term id="31">
		<trans lang="en">
			<word>consultation, consult</word>
		</trans>
		<trans lang="ja">
			<word>そうだん [する]</word>
			<alt>soodan</alt>
		</trans>
	</term>
	<term id="32">
		<trans lang="en">
			<word>iru    be satisfactory, be pleased</word>
		</trans>
		<trans lang="ja">
			<word>気に入る</word>
			<alt>kini</alt>
		</trans>
	</term>
	<term id="33">
		<trans lang="en">
			<word>die</word>
		</trans>
		<trans lang="ja">
			<word>しぬ</word>
			<alt>shinu</alt>
		</trans>
	</term>
	<term id="34">
		<trans lang="en">
			<word>play, relax, take it easy</word>
		</trans>
		<trans lang="ja">
			<word>あそぶ</word>
			<alt>asobu</alt>
		</trans>
	</term>
	<term id="35">
		<trans lang="en">
			<word>hurry</word>
		</trans>
		<trans lang="ja">
			<word>いそぐ</word>
			<alt>isogu</alt>
		</trans>
	</term>
	<term id="36">
		<trans lang="en">
			<word>call, invite</word>
		</trans>
		<trans lang="ja">
			<word>よぶ</word>
			<alt>yobu</alt>
		</trans>
	</term>
	<term id="37">
		<trans lang="en">
			<word>correct, improve, repair</word>
		</trans>
		<trans lang="ja">
			<word>なおす</word>
			<alt>naosu</alt>
		</trans>
	</term>
	<term id="38">
		<trans lang="en">
			<word>have, hold</word>
		</trans>
		<trans lang="ja">
			<word>もつ</word>
			<alt>motsu</alt>
		</trans>
	</term>
	<term id="39">
		<trans lang="en">
			<word>take off</word>
		</trans>
		<trans lang="ja">
			<word>ぬぐ</word>
			<alt>nugu</alt>
		</trans>
	</term>
	<term id="40">
		<trans lang="en">
			<word>song</word>
		</trans>
		<trans lang="ja">
			<word>うた</word>
			<alt>uta</alt>
		</trans>
	</term>
	<term id="41">
		<trans lang="en">
			<word>sing</word>
		</trans>
		<trans lang="ja">
			<word>うたう</word>
			<alt>utau</alt>
		</trans>
	</term>
	<term id="42">
		<trans lang="en">
			<word>driving, drive</word>
		</trans>
		<trans lang="ja">
			<word>うんてん [する]</word>
			<alt>unten</alt>
		</trans>
	</term>
	<term id="43">
		<trans lang="en">
			<word>polish</word>
		</trans>
		<trans lang="ja">
			<word>みがく</word>
			<alt>migaku</alt>
		</trans>
	</term>
	<term id="44">
		<trans lang="en">
			<word>sleep, go to bed</word>
		</trans>
		<trans lang="ja">
			<word>ねる</word>
			<alt>neru</alt>
		</trans>
	</term>
	<term id="45">
		<trans lang="en">
			<word>hand, arm</word>
		</trans>
		<trans lang="ja">
			<word>て</word>
			<alt>te</alt>
		</trans>
	</term>
	<term id="46">
		<trans lang="en">
			<word>wash</word>
		</trans>
		<trans lang="ja">
			<word>あらう</word>
			<alt>arau</alt>
		</trans>
	</term>
	<term id="47">
		<trans lang="en">
			<word>bathe, pour</word>
		</trans>
		<trans lang="ja">
			<word>あびる</word>
			<alt>abiru</alt>
		</trans>
	</term>
	<term id="48">
		<trans lang="en">
			<word>shower</word>
		</trans>
		<trans lang="ja">
			<word>シャワー</word>
			<alt>shawaa</alt>
		</trans>
	</term>
	<term id="50">
		<trans lang="en">
			<word>go out</word>
		</trans>
		<trans lang="ja">
			<word>でかける</word>
			<alt>dekakeru</alt>
		</trans>
	</term>
	<term id="51">
		<trans lang="en">
			<word>box lunch</word>
		</trans>
		<trans lang="ja">
			<word>べんとう</word>
			<alt>bentoo</alt>
		</trans>
	</term>
	<term id="52">
		<trans lang="en">
			<word>flower arranging</word>
		</trans>
		<trans lang="ja">
			<word>いけばな</word>
			<alt>ikebana</alt>
		</trans>
	</term>
	<term id="53">
		<trans lang="en">
			<word>class</word>
		</trans>
		<trans lang="ja">
			<word>クラス</word>
			<alt>kurasu</alt>
		</trans>
	</term>
	<term id="54">
		<trans lang="en">
			<word>this time, next time</word>
		</trans>
		<trans lang="ja">
			<word>こんど</word>
			<alt>kondo</alt>
		</trans>
	</term>
	<term id="55">
		<trans lang="en">
			<word># times</word>
		</trans>
		<trans lang="ja">
			<word>~かい</word>
			<alt>-kai</alt>
		</trans>
	</term>
</glossary>
