<?xml version="1.0"?>
<glossary id="256" name="40" author="Frédéric Bergeron">
	<desc></desc>
	<term id="1" imagePath="1.gif">
		<trans lang="en">
			<word>hope,wish,aspiration (to)</word>
		</trans>
		<trans lang="ja">
			<word>希望(する)</word>
			<alt>きぼう(する)</alt>
		</trans>
	</term>
	<term id="2">
		<trans lang="en">
			<word>popularity</word>
		</trans>
		<trans lang="ja">
			<word>人望</word>
			<alt>じんぼう</alt>
		</trans>
		<comment languages="en-ja">人望のある人。
People that have popularity.</comment>
	</term>
	<term id="3" imagePath="3.gif">
		<trans lang="en">
			<word>scorn,disdain (to)</word>
		</trans>
		<trans lang="ja">
			<word>軽蔑(する)</word>
			<alt>けいべつ(する)</alt>
		</trans>
		<comment languages="en-ja">人から軽蔑される。
He is looked with disdain by the people.</comment>
	</term>
	<term id="4">
		<trans lang="en">
			<word>to comfort,to console</word>
		</trans>
		<trans lang="ja">
			<word>慰める</word>
			<alt>なぐさめる</alt>
		</trans>
		<comment languages="en-ja">夫を慰める。
She consoles her husband.</comment>
	</term>
	<term id="5" imagePath="5.gif">
		<trans lang="en">
			<word>unreasonable,impossible,overdoing</word>
		</trans>
		<trans lang="ja">
			<word>無理</word>
			<alt>むり</alt>
		</trans>
	</term>
	<term id="6" imagePath="6.gif">
		<trans lang="en">
			<word>fellow,associate,group,circle of friends,partner</word>
		</trans>
		<trans lang="ja">
			<word>仲間</word>
			<alt>なかま</alt>
		</trans>
	</term>
	<term id="7" imagePath="7.gif">
		<trans lang="en">
			<word>countless number,infinite number</word>
		</trans>
		<trans lang="ja">
			<word>無数</word>
			<alt>むすう</alt>
		</trans>
		<comment languages="en-ja">無数の星を見える。
I can see a countless number of stars.</comment>
	</term>
	<term id="8" imagePath="8.gif">
		<trans lang="en">
			<word>monotony,monotone,dullness</word>
		</trans>
		<trans lang="ja">
			<word>単調</word>
			<alt>たんちょう</alt>
		</trans>
		<comment languages="en-ja">毎日単調な仕事をする。
Every day, I do the same monotone work.</comment>
	</term>
	<term id="9" imagePath="9.gif">
		<trans lang="en">
			<word>broker,jobber</word>
		</trans>
		<trans lang="ja">
			<word>仲買人</word>
			<alt>なかがいにん</alt>
		</trans>
	</term>
	<term id="10" imagePath="10.gif">
		<trans lang="en">
			<word>unsigned,nameless,anonymous,anonymity</word>
		</trans>
		<trans lang="ja">
			<word>無名</word>
			<alt>むめい</alt>
		</trans>
	</term>
	<term id="11">
		<trans lang="en">
			<word>ambition,aspiration,designs,treachery</word>
		</trans>
		<trans lang="ja">
			<word>野望</word>
			<alt>やぼう</alt>
		</trans>
	</term>
	<term id="12">
		<trans lang="en">
			<word>to embrace,to hug,to harbour,to entertain,‘to sleep with'</word>
		</trans>
		<trans lang="ja">
			<word>抱く</word>
			<alt>いだく</alt>
		</trans>
		<comment languages="en-ja">とんでもない野望を抱く。
You embrace (you have) outragous ambitions.</comment>
	</term>
	<term id="14">
		<trans lang="en">
			<word>damage,injury,loss</word>
		</trans>
		<trans lang="ja">
			<word>損害</word>
			<alt>そんがい</alt>
		</trans>
	</term>
	<term id="15" imagePath="15.gif">
		<trans lang="en">
			<word>unit,denomination,credit (in school)</word>
		</trans>
		<trans lang="ja">
			<word>単位</word>
			<alt>たんい</alt>
		</trans>
		<comment languages="en-ja">メートル法の単位を習う。
We study the meter units. (km, dm, cm, mm, etc.)</comment>
	</term>
	<term id="16">
		<trans lang="en">
			<word>unexpected,offensive,outrageous,What a thing to say!,No way!</word>
		</trans>
		<trans lang="ja">
			<word>とんでもない</word>
			<alt>とんでもない</alt>
		</trans>
		<comment languages="en-ja">とんでもない野望を抱く。
You embrace (you have) outragous ambitions.</comment>
	</term>
	<term id="17" imagePath="17.gif">
		<trans lang="en">
			<word>slight degree</word>
		</trans>
		<trans lang="ja">
			<word>軽度</word>
			<alt>けいど</alt>
		</trans>
		<comment languages="en-ja">
</comment>
	</term>
	<term id="18">
		<trans lang="en">
			<word>to finish,to end,to be completed</word>
		</trans>
		<trans lang="ja">
			<word>済む</word>
			<alt>すむ</alt>
		</trans>
		<comment languages="en-ja">軽度の損害で済んだ。
It ended up with light damage.</comment>
	</term>
</glossary>
