<?xml version="1.0"?>
<glossary id="25" name="Genki 03" author="">
	<desc></desc>
	<term id="105">
		<trans lang="en">
			<word>movie</word>
		</trans>
		<trans lang="ja">
			<word>映画</word>
			<alt>えいが</alt>
		</trans>
	</term>
	<term id="106">
		<trans lang="en">
			<word>music</word>
		</trans>
		<trans lang="ja">
			<word>音楽</word>
			<alt>おんがく</alt>
		</trans>
	</term>
	<term id="107">
		<trans lang="en">
			<word>magazine</word>
		</trans>
		<trans lang="ja">
			<word>雑誌</word>
			<alt>ざっし</alt>
		</trans>
	</term>
	<term id="108">
		<trans lang="en">
			<word>sports</word>
		</trans>
		<trans lang="ja">
			<alt>スポーツ</alt>
		</trans>
	</term>
	<term id="109">
		<trans lang="en">
			<word>date (romantic, not calendar)</word>
		</trans>
		<trans lang="ja">
			<alt>デート</alt>
		</trans>
	</term>
	<term id="110">
		<trans lang="en">
			<word>tennis</word>
		</trans>
		<trans lang="ja">
			<alt>テニス</alt>
		</trans>
	</term>
	<term id="111">
		<trans lang="en">
			<word>TV</word>
		</trans>
		<trans lang="ja">
			<alt>テレビ</alt>
		</trans>
	</term>
	<term id="112">
		<trans lang="en">
			<word>video tape; VCR</word>
		</trans>
		<trans lang="ja">
			<alt>ビデオ</alt>
		</trans>
	</term>
	<term id="113">
		<trans lang="en">
			<word>breakfast</word>
		</trans>
		<trans lang="ja">
			<word>朝御飯</word>
			<alt>あさごはん</alt>
		</trans>
	</term>
	<term id="114">
		<trans lang="en">
			<word>sake; alcohol</word>
		</trans>
		<trans lang="ja">
			<word>お酒</word>
			<alt>おさけ</alt>
		</trans>
	</term>
	<term id="115">
		<trans lang="en">
			<word>green tea</word>
		</trans>
		<trans lang="ja">
			<word>お茶</word>
			<alt>おちゃ</alt>
		</trans>
	</term>
	<term id="116">
		<trans lang="en">
			<word>coffee</word>
		</trans>
		<trans lang="ja">
			<alt>コーヒー</alt>
		</trans>
	</term>
	<term id="117">
		<trans lang="en">
			<word>dinner</word>
		</trans>
		<trans lang="ja">
			<word>晩御飯</word>
			<alt>ばんごはん</alt>
		</trans>
	</term>
	<term id="118">
		<trans lang="en">
			<word>hamburger</word>
		</trans>
		<trans lang="ja">
			<alt>ハンバーガー</alt>
		</trans>
	</term>
	<term id="119">
		<trans lang="en">
			<word>lunch</word>
		</trans>
		<trans lang="ja">
			<word>昼御飯</word>
			<alt>ひるごはん</alt>
		</trans>
	</term>
	<term id="120">
		<trans lang="en">
			<word>water</word>
		</trans>
		<trans lang="ja">
			<word>水</word>
			<alt>みず</alt>
		</trans>
	</term>
	<term id="121">
		<trans lang="en">
			<word>home; house</word>
		</trans>
		<trans lang="ja">
			<word>家</word>
			<alt>いえ</alt>
		</trans>
		<comment languages="en-ja">3　also うち</comment>
	</term>
	<term id="122">
		<trans lang="en">
			<word>home; house; my place</word>
		</trans>
		<trans lang="ja">
			<word>家</word>
			<alt>うち</alt>
		</trans>
		<comment languages="en-ja">3　also いえ</comment>
	</term>
	<term id="123">
		<trans lang="en">
			<word>language lab</word>
		</trans>
		<trans lang="ja">
			<alt>LL（エルエル）</alt>
		</trans>
	</term>
	<term id="124">
		<trans lang="en">
			<word>school</word>
		</trans>
		<trans lang="ja">
			<word>学校</word>
			<alt>がっこう</alt>
		</trans>
	</term>
	<term id="125">
		<trans lang="en">
			<word>morning</word>
		</trans>
		<trans lang="ja">
			<word>朝</word>
			<alt>あさ</alt>
		</trans>
	</term>
	<term id="126">
		<trans lang="en">
			<word>tomorrow</word>
		</trans>
		<trans lang="ja">
			<alt>あした</alt>
		</trans>
	</term>
	<term id="127">
		<trans lang="en">
			<word>when?</word>
		</trans>
		<trans lang="ja">
			<word>何時</word>
			<alt>いつ</alt>
		</trans>
	</term>
	<term id="128">
		<trans lang="en">
			<word>today</word>
		</trans>
		<trans lang="ja">
			<word>今日</word>
			<alt>きょう</alt>
		</trans>
	</term>
	<term id="129">
		<trans lang="en">
			<word>at about</word>
		</trans>
		<trans lang="ja">
			<alt>~ごろ</alt>
		</trans>
	</term>
	<term id="130">
		<trans lang="en">
			<word>tonight</word>
		</trans>
		<trans lang="ja">
			<word>今晩</word>
			<alt>こんばん</alt>
		</trans>
	</term>
	<term id="131">
		<trans lang="en">
			<word>weekend</word>
		</trans>
		<trans lang="ja">
			<word>週末</word>
			<alt>しゅうまつ</alt>
		</trans>
	</term>
	<term id="132">
		<trans lang="en">
			<word>Saturday</word>
		</trans>
		<trans lang="ja">
			<word>土曜日</word>
			<alt>どようび</alt>
		</trans>
	</term>
	<term id="133">
		<trans lang="en">
			<word>Sunday</word>
		</trans>
		<trans lang="ja">
			<word>日曜日</word>
			<alt>にちようび</alt>
		</trans>
	</term>
	<term id="134">
		<trans lang="en">
			<word>every day</word>
		</trans>
		<trans lang="ja">
			<word>毎日</word>
			<alt>まいにち</alt>
		</trans>
	</term>
	<term id="135">
		<trans lang="en">
			<word>every night</word>
		</trans>
		<trans lang="ja">
			<word>毎晩</word>
			<alt>まいばん</alt>
		</trans>
	</term>
	<term id="136">
		<trans lang="en">
			<word>to go</word>
		</trans>
		<trans lang="ja">
			<word>行く</word>
			<alt>いく</alt>
		</trans>
	</term>
	<term id="137">
		<trans lang="en">
			<word>to go back; to return</word>
		</trans>
		<trans lang="ja">
			<word>帰る</word>
			<alt>かえる</alt>
		</trans>
		<comment languages="en-ja">3 u-verb</comment>
	</term>
	<term id="138">
		<trans lang="en">
			<word>to listen; to hear</word>
		</trans>
		<trans lang="ja">
			<word>聞く</word>
			<alt>きく</alt>
		</trans>
	</term>
	<term id="139">
		<trans lang="en">
			<word>to drink</word>
		</trans>
		<trans lang="ja">
			<word>飲む</word>
			<alt>のむ</alt>
		</trans>
	</term>
	<term id="140">
		<trans lang="en">
			<word>to speak; to talk</word>
		</trans>
		<trans lang="ja">
			<word>話す</word>
			<alt>はなす</alt>
		</trans>
	</term>
	<term id="141">
		<trans lang="en">
			<word>to read</word>
		</trans>
		<trans lang="ja">
			<word>読む</word>
			<alt>よむ</alt>
		</trans>
	</term>
	<term id="142">
		<trans lang="en">
			<word>to get up</word>
		</trans>
		<trans lang="ja">
			<word>起きる</word>
			<alt>おきる</alt>
		</trans>
		<comment languages="en-ja">3 ru-verb</comment>
	</term>
	<term id="143">
		<trans lang="en">
			<word>to eat</word>
		</trans>
		<trans lang="ja">
			<word>食べる</word>
			<alt>たべる</alt>
		</trans>
		<comment languages="en-ja">3 ru-verb</comment>
	</term>
	<term id="144">
		<trans lang="en">
			<word>to sleep; to go to sleep</word>
		</trans>
		<trans lang="ja">
			<word>寝る</word>
			<alt>ねる</alt>
		</trans>
		<comment languages="en-ja">3　ru-verb</comment>
	</term>
	<term id="145">
		<trans lang="en">
			<word>to see; to look at; to watch</word>
		</trans>
		<trans lang="ja">
			<word>見る</word>
			<alt>みる</alt>
		</trans>
		<comment languages="en-ja">3 you look at MIRror</comment>
	</term>
	<term id="146">
		<trans lang="en">
			<word>to come</word>
		</trans>
		<trans lang="ja">
			<word>来る</word>
			<alt>くる</alt>
		</trans>
	</term>
	<term id="147">
		<trans lang="en">
			<word>to do</word>
		</trans>
		<trans lang="ja">
			<alt>する</alt>
		</trans>
	</term>
	<term id="148">
		<trans lang="en">
			<word>to study</word>
		</trans>
		<trans lang="ja">
			<word>勉強する</word>
			<alt>べんきょうする</alt>
		</trans>
	</term>
	<term id="149">
		<trans lang="en">
			<word>good</word>
		</trans>
		<trans lang="ja">
			<word>良い</word>
			<alt>いい</alt>
		</trans>
	</term>
	<term id="150">
		<trans lang="en">
			<word>early</word>
		</trans>
		<trans lang="ja">
			<word>早い</word>
			<alt>はやい</alt>
		</trans>
	</term>
	<term id="151">
		<trans lang="en">
			<word>not much</word>
		</trans>
		<trans lang="ja">
			<alt>あまり+ negative</alt>
		</trans>
	</term>
	<term id="152">
		<trans lang="en">
			<word>not at all</word>
		</trans>
		<trans lang="ja">
			<word>全然</word>
			<alt>ぜんぜん + negative</alt>
		</trans>
	</term>
	<term id="153">
		<trans lang="en">
			<word>usually</word>
		</trans>
		<trans lang="ja">
			<word>大抵</word>
			<alt>たいてい</alt>
		</trans>
	</term>
	<term id="154">
		<trans lang="en">
			<word>a little</word>
		</trans>
		<trans lang="ja">
			<alt>ちょっと</alt>
		</trans>
	</term>
	<term id="155">
		<trans lang="en">
			<word>sometimes</word>
		</trans>
		<trans lang="ja">
			<word>時々</word>
			<alt>ときどき</alt>
		</trans>
	</term>
	<term id="156">
		<trans lang="en">
			<word>often; much</word>
		</trans>
		<trans lang="ja">
			<alt>よく</alt>
		</trans>
	</term>
	<term id="157">
		<trans lang="en">
			<word>That's right.; Let me see.</word>
		</trans>
		<trans lang="ja">
			<alt>そうですね</alt>
		</trans>
	</term>
	<term id="158">
		<trans lang="en">
			<word>but</word>
		</trans>
		<trans lang="ja">
			<alt>でも</alt>
		</trans>
	</term>
	<term id="159">
		<trans lang="en">
			<word>How about...?; How is...?</word>
		</trans>
		<trans lang="ja">
			<alt>どうですか</alt>
		</trans>
	</term>
</glossary>
