<?xml version="1.0"?>
<glossary id="313" name="JNI-08" author="">
	<desc></desc>
	<term id="1">
		<trans lang="en">
			<word>already, yet; more (another)</word>
		</trans>
		<trans lang="ja">
			<word>もう</word>
			<alt>moo</alt>
		</trans>
	</term>
	<term id="2">
		<trans lang="en">
			<word>breakfast</word>
		</trans>
		<trans lang="ja">
			<word>あさごはん</word>
			<alt>asagohan</alt>
		</trans>
	</term>
	<term id="3">
		<trans lang="en">
			<word>hot</word>
		</trans>
		<trans lang="ja">
			<word>あつい</word>
			<alt>atsui</alt>
		</trans>
	</term>
	<term id="4">
		<trans lang="en">
			<word>Good morning.</word>
		</trans>
		<trans lang="ja">
			<word>おはよう</word>
			<alt>ohayoo</alt>
		</trans>
	</term>
	<term id="6">
		<trans lang="en">
			<word>morning</word>
		</trans>
		<trans lang="ja">
			<word>あさ</word>
			<alt>asa</alt>
		</trans>
	</term>
	<term id="7">
		<trans lang="en">
			<word>quick, early</word>
		</trans>
		<trans lang="ja">
			<word>はやい</word>
			<alt>hayai</alt>
		</trans>
	</term>
	<term id="8">
		<trans lang="en">
			<word>cleaning, do the cleaning</word>
		</trans>
		<trans lang="ja">
			<word>そうじ [する]</word>
			<alt>sooji</alt>
		</trans>
	</term>
</glossary>
