<?xml version="1.0"?>
<glossary id="307" name="JNI-13" author="">
	<desc></desc>
	<term id="1">
		<trans lang="en">
			<word>stomach</word>
		</trans>
		<trans lang="ja">
			<word>おなか</word>
			<alt>onaka</alt>
		</trans>
	</term>
	<term id="2">
		<trans lang="en">
			<word>become empty</word>
		</trans>
		<trans lang="ja">
			<word>すく</word>
			<alt>suku</alt>
		</trans>
	</term>
	<term id="3">
		<trans lang="en">
			<word>suita   be hungry</word>
		</trans>
		<trans lang="ja">
			<word>おなかがすいた</word>
			<alt>onakaga</alt>
		</trans>
	</term>
	<term id="4">
		<trans lang="en">
			<word>nearby, close (to: "kara")</word>
		</trans>
		<trans lang="ja">
			<word>ちかい</word>
			<alt>chikai</alt>
		</trans>
	</term>
	<term id="5">
		<trans lang="en">
			<word>noodles</word>
		</trans>
		<trans lang="ja">
			<word>ラーメン</word>
			<alt>raamen</alt>
		</trans>
	</term>
	<term id="6">
		<trans lang="en">
			<word>noodle shop</word>
		</trans>
		<trans lang="ja">
			<word>ラーメンや</word>
			<alt>raamenya</alt>
		</trans>
	</term>
	<term id="7">
		<trans lang="en">
			<word>wait, await</word>
		</trans>
		<trans lang="ja">
			<word>まつ</word>
			<alt>matsu</alt>
		</trans>
	</term>
	<term id="8">
		<trans lang="en">
			<word>bad</word>
		</trans>
		<trans lang="ja">
			<word>わるい</word>
			<alt>warui</alt>
		</trans>
	</term>
	<term id="9">
		<trans lang="en">
			<word>at all (with -ve)</word>
		</trans>
		<trans lang="ja">
			<word>ちっとも</word>
			<alt>chittomo</alt>
		</trans>
	</term>
	<term id="10">
		<trans lang="en">
			<word>a.m., morning</word>
		</trans>
		<trans lang="ja">
			<word>ごぜん</word>
			<alt>gozen</alt>
		</trans>
	</term>
	<term id="11">
		<trans lang="en">
			<word>p.m., afternoon</word>
		</trans>
		<trans lang="ja">
			<word>ごご</word>
			<alt>gogo</alt>
		</trans>
	</term>
	<term id="12">
		<trans lang="en">
			<word>come   +</word>
		</trans>
		<trans lang="ja">
			<word>来る</word>
			<alt>kuru</alt>
		</trans>
	</term>
	<term id="13">
		<trans lang="en">
			<word>will come (pol.)</word>
		</trans>
		<trans lang="ja">
			<word>来ます</word>
			<alt>kimasu</alt>
		</trans>
	</term>
	<term id="14">
		<trans lang="en">
			<word>eat   +</word>
		</trans>
		<trans lang="ja">
			<word>食べる</word>
			<alt>taberu</alt>
		</trans>
	</term>
	<term id="15">
		<trans lang="en">
			<word>food</word>
		</trans>
		<trans lang="ja">
			<word>食べもの</word>
			<alt>tabemono</alt>
		</trans>
	</term>
	<term id="16">
		<trans lang="en">
			<word>half   +</word>
		</trans>
		<trans lang="ja">
			<word>~半</word>
			<alt>-han</alt>
		</trans>
	</term>
	<term id="17">
		<trans lang="en">
			<word>half past eight, 8:30</word>
		</trans>
		<trans lang="ja">
			<word>八時半</word>
			<alt>hachijihan</alt>
		</trans>
	</term>
</glossary>
