<?xml version="1.0"?>
<glossary id="304" name="JNI-16" author="">
	<desc></desc>
	<term id="1">
		<trans lang="en">
			<word>fall (rain, snow)</word>
		</trans>
		<trans lang="ja">
			<word>ふる</word>
			<alt>furu</alt>
		</trans>
	</term>
	<term id="2">
		<trans lang="en">
			<word>be over, end</word>
		</trans>
		<trans lang="ja">
			<word>やむ</word>
			<alt>yamu</alt>
		</trans>
	</term>
	<term id="3">
		<trans lang="en">
			<word>umbrella</word>
		</trans>
		<trans lang="ja">
			<word>かさ</word>
			<alt>kasa</alt>
		</trans>
	</term>
	<term id="4">
		<trans lang="en">
			<word>well, often</word>
		</trans>
		<trans lang="ja">
			<word>よく</word>
			<alt>yoku</alt>
		</trans>
	</term>
	<term id="5">
		<trans lang="en">
			<word>something, anything</word>
		</trans>
		<trans lang="ja">
			<word>なにか</word>
			<alt>nanika</alt>
		</trans>
	</term>
	<term id="6">
		<trans lang="en">
			<word>toilet</word>
		</trans>
		<trans lang="ja">
			<word>トイレ</word>
			<alt>toire</alt>
		</trans>
	</term>
	<term id="7">
		<trans lang="en">
			<word>taxi</word>
		</trans>
		<trans lang="ja">
			<word>タクシー</word>
			<alt>takushii</alt>
		</trans>
	</term>
	<term id="8">
		<trans lang="en">
			<word>answer, an answer</word>
		</trans>
		<trans lang="ja">
			<word>こたえ</word>
			<alt>kotae</alt>
		</trans>
	</term>
	<term id="9">
		<trans lang="en">
			<word>answer, give an answer</word>
		</trans>
		<trans lang="ja">
			<word>こたえる</word>
			<alt>kotaeru</alt>
		</trans>
	</term>
	<term id="10">
		<trans lang="en">
			<word>rain, it rains   +</word>
		</trans>
		<trans lang="ja">
			<word>雨 [がふる]</word>
			<alt>ame</alt>
		</trans>
	</term>
	<term id="11">
		<trans lang="en">
			<word>return, come home   +</word>
		</trans>
		<trans lang="ja">
			<word>帰る</word>
			<alt>kaeru</alt>
		</trans>
	</term>
</glossary>
