<?xml version="1.0"?>
<glossary id="8" name="04" author="Frédéric Bergeron">
	<desc></desc>
	<term id="1" imagePath="1.gif">
		<trans lang="en">
			<word>last,end,conclusion</word>
		</trans>
		<trans lang="ja">
			<word>最後</word>
			<alt>さいご</alt>
		</trans>
		<comment languages="en-ja">最後の電車は何時ですか。
What time is the last train?</comment>
	</term>
	<term id="2" imagePath="2.gif">
		<trans lang="en">
			<word>to heal,to be cured/repaired/fixed</word>
		</trans>
		<trans lang="ja">
			<word>治る</word>
			<alt>なおる</alt>
		</trans>
		<comment languages="en-ja">風邪が治る。
My cold is getting better.</comment>
	</term>
	<term id="3" imagePath="3.gif">
		<trans lang="en">
			<word>mark,objective,target (long-term, serious)</word>
		</trans>
		<trans lang="ja">
			<word>目標</word>
			<alt>もくひょう</alt>
		</trans>
		<comment languages="en-ja">目標をもって勉強する。
I have an objective and will study to reach it.</comment>
	</term>
	<term id="4" imagePath="4.gif">
		<trans lang="en">
			<word>to be handed down,introduced,transmitted,circulated</word>
		</trans>
		<trans lang="ja">
			<word>伝わる</word>
			<alt>つたわる</alt>
		</trans>
		<comment languages="en-ja">あなたの議論は良く相手に伝わった。
Your argument came across well.</comment>
	</term>
	<term id="5" imagePath="5.gif">
		<trans lang="en">
			<word>ingredients,material</word>
		</trans>
		<trans lang="ja">
			<word>材料</word>
			<alt>ざいりょう</alt>
		</trans>
	</term>
	<term id="6">
		<trans lang="en">
			<word>to put things in order,to arrange,to make uniform,to get something ready</word>
		</trans>
		<trans lang="ja">
			<word>揃える</word>
			<alt>そろえる</alt>
		</trans>
		<comment languages="en-ja">料理の材料を揃える。
He prepares the meal ingredients.</comment>
	</term>
	<term id="7" imagePath="7.gif">
		<trans lang="en">
			<word>example,specimen</word>
		</trans>
		<trans lang="ja">
			<word>標本</word>
			<alt>ひょうほん</alt>
		</trans>
		<comment languages="en-ja">石の標本を調べる。
I check the rock specimen.</comment>
	</term>
	<term id="8" imagePath="8.gif">
		<trans lang="en">
			<word>raw materials</word>
		</trans>
		<trans lang="ja">
			<word>原料</word>
			<alt>げんりょう</alt>
		</trans>
		<comment languages="en-ja">日本は原料を輸入に頼っている。
Japan depends on imports for raw materials.</comment>
	</term>
	<term id="9" imagePath="9.gif">
		<trans lang="en">
			<word>food</word>
		</trans>
		<trans lang="ja">
			<word>食料</word>
			<alt>しょくりょう</alt>
		</trans>
		<comment languages="en-ja">あれだけの食料があれば、彼らは１週間持つだろう。
That amount of food will last them for a week.</comment>
	</term>
</glossary>
