<?xml version="1.0"?>
<glossary id="118" name="5.5" author="Frédéric Bergeron">
	<desc></desc>
	<term id="1">
		<trans lang="en">
			<word>request,appeal,claim,demand</word>
		</trans>
		<trans lang="ja">
			<word>求め</word>
			<alt>もとめ</alt>
		</trans>
	</term>
	<term id="2">
		<trans lang="en">
			<word>to base on</word>
		</trans>
		<trans lang="ja">
			<word>基づく</word>
			<alt>もとづく</alt>
		</trans>
	</term>
	<term id="3">
		<trans lang="en">
			<word>analysis (to)</word>
		</trans>
		<trans lang="ja">
			<word>解析(する)</word>
			<alt>かいせき(する)</alt>
		</trans>
	</term>
	<term id="4">
		<trans lang="en">
			<word>simplification (to)</word>
		</trans>
		<trans lang="ja">
			<word>簡略化(する)</word>
			<alt>かんりゃくか(する)</alt>
		</trans>
	</term>
	<term id="5">
		<trans lang="en">
			<word>disregard,ignore (to)</word>
		</trans>
		<trans lang="ja">
			<word>無視(する)</word>
			<alt>むし(する)</alt>
		</trans>
	</term>
	<term id="6">
		<trans lang="en">
			<word>rough,broad,generous,general</word>
		</trans>
		<trans lang="ja">
			<word>大まか</word>
			<alt>おおまか</alt>
		</trans>
	</term>
	<term id="7">
		<trans lang="en">
			<word>framework</word>
		</trans>
		<trans lang="ja">
			<word>枠組み</word>
			<alt>わくぐみ</alt>
		</trans>
	</term>
	<term id="8">
		<trans lang="en">
			<word>that is,namely,i.e.</word>
		</trans>
		<trans lang="ja">
			<word>即ち</word>
			<alt>すなわち</alt>
		</trans>
	</term>
	<term id="9">
		<trans lang="en">
			<word>blank line</word>
		</trans>
		<trans lang="ja">
			<word>空行</word>
			<alt>くうぎょう</alt>
		</trans>
	</term>
	<term id="10">
		<trans lang="en">
			<word>to inform</word>
		</trans>
		<trans lang="ja">
			<word>告げる</word>
			<alt>つげる</alt>
		</trans>
	</term>
</glossary>
