<?xml version="1.0"?>
<glossary id="174" name="38" author="Frédéric Bergeron">
	<desc></desc>
	<term id="1">
		<trans lang="es">
			<word>vacío</word>
		</trans>
		<trans lang="fr">
			<word>vide</word>
		</trans>
	</term>
	<term id="2">
		<trans lang="es">
			<word>ni siquiera ...</word>
		</trans>
		<trans lang="fr">
			<word>pas même ...,ni ...</word>
		</trans>
		<comment languages="es-fr">Nada puede mover el Universo, ni su voluntad quisiera.
Rien ne peut déplacer l'Univers, pas même votre volonté.</comment>
	</term>
</glossary>
