<?xml version="1.0"?>
<glossary id="242" name="骸骨ガチャさん" author="Frederic Bergeron">
	<desc>This glossary contains words taken from this book for children.  It tells the funny tale of ガチャさん, a romantic skeleton falling in love with ビショビショさん, a zombie lady that is fond of mud baths.</desc>
	<term id="1">
		<trans lang="en">
			<word>skeleton</word>
		</trans>
		<trans lang="ja">
			<word>骸骨</word>
			<alt>がいこつ</alt>
		</trans>
	</term>
	<term id="2">
		<trans lang="en">
			<word>swamp,bog,pond,lake</word>
		</trans>
		<trans lang="ja">
			<word>沼</word>
			<alt>ぬま</alt>
		</trans>
		<comment languages="en-ja">[It's a small muddy pond.]</comment>
	</term>
	<term id="3">
		<trans lang="en">
			<word>small rain,shower</word>
		</trans>
		<trans lang="ja">
			<word>小雨</word>
			<alt>こさめ</alt>
		</trans>
	</term>
	<term id="4">
		<trans lang="en">
			<word>nearby,in the neighborhood</word>
		</trans>
		<trans lang="ja">
			<word>辺り</word>
			<alt>ほとり</alt>
		</trans>
	</term>
	<term id="5">
		<trans lang="en">
			<word>rainbow</word>
		</trans>
		<trans lang="ja">
			<word>虹</word>
			<alt>にじ</alt>
		</trans>
	</term>
	<term id="6">
		<trans lang="en">
			<word>vivid,clear,brillant</word>
		</trans>
		<trans lang="ja">
			<word>鮮やか</word>
			<alt>あざやか</alt>
		</trans>
		<comment languages="en-ja">それに関する私の記憶は今も鮮やかに残ったいる。
My memory of that is still vivid.

月は鮮やかに輝いていた。
The moon was shining brightly.</comment>
	</term>
	<term id="7">
		<trans lang="en">
			<word>waterfall</word>
		</trans>
		<trans lang="ja">
			<word>滝</word>
			<alt>たき</alt>
		</trans>
	</term>
	<term id="8">
		<trans lang="en">
			<word>tornado</word>
		</trans>
		<trans lang="ja">
			<word>竜巻</word>
			<alt>たつまき</alt>
		</trans>
	</term>
	<term id="9">
		<trans lang="en">
			<word>breast,chest</word>
		</trans>
		<trans lang="ja">
			<word>胸</word>
			<alt>むね</alt>
		</trans>
	</term>
	<term id="10">
		<trans lang="en">
			<word>rib,rib cage</word>
		</trans>
		<trans lang="ja">
			<word>肋</word>
			<alt>あばら</alt>
		</trans>
	</term>
	<term id="11">
		<trans lang="en">
			<word>love,tender,passion (to)</word>
		</trans>
		<trans lang="ja">
			<word>恋(する)</word>
			<alt>こい(する)</alt>
		</trans>
		<comment languages="en-ja">あの人は私の姉に恋しているのです。
That man is in love with my sister.

その男は一目で恋に落ちた。
The man fell in love at first sight.</comment>
	</term>
	<term id="12">
		<trans lang="en">
			<word>thick,dense,strong</word>
		</trans>
		<trans lang="ja">
			<word>濃い</word>
			<alt>こい</alt>
		</trans>
	</term>
	<term id="13">
		<trans lang="en">
			<word>to grab at</word>
		</trans>
		<trans lang="ja">
			<word>掴み掛かる</word>
			<alt>つかみかかる</alt>
		</trans>
		<comment languages="en-ja">ビショビショは、いきなり、ガチャンさんにつかみかかって来ました。
ビショビショ,suddenly,grabbed ガチャンさん.</comment>
	</term>
	<term id="14">
		<trans lang="en">
			<word>abruptly,suddenly,all of a sudden,without warning</word>
		</trans>
		<trans lang="ja">
			<word>行成</word>
			<alt>いきなり</alt>
		</trans>
	</term>
	<term id="15">
		<trans lang="en">
			<word>to collapse,to crumble</word>
		</trans>
		<trans lang="ja">
			<word>崩れる</word>
			<alt>くずれる</alt>
		</trans>
		<comment languages="en-ja">彼女は床に崩れるようにして倒れた。
She fell in a heap to the floor.

壁が地震い崩れた。
The wall gave way in the earth quake.</comment>
	</term>
	<term id="16">
		<trans lang="en">
			<word>dentistry</word>
		</trans>
		<trans lang="ja">
			<word>歯科</word>
			<alt>しか</alt>
		</trans>
		<comment languages="en-ja">歯科医は彼女の虫歯を引き抜いた。
The dentist pulled out her bad tooth.

彼女には息子が２人いる。１人は医者で、もう１人は歯科医だ。
She has two sons; one of them is a doctor, and the other is a dentist.</comment>
	</term>
	<term id="17">
		<trans lang="en">
			<word>full moon</word>
		</trans>
		<trans lang="ja">
			<word>満月</word>
			<alt>まんげつ</alt>
		</trans>
		<comment languages="en-ja">満月でしたか新月でしたか。
Was it a full moon or a new moon?

あの日見えたのは満月でした。
It was a full moon that it was seen that day.</comment>
	</term>
	<term id="18">
		<trans lang="en">
			<word>metamorphosis,disguise,transformation</word>
		</trans>
		<trans lang="ja">
			<word>変身(する)</word>
			<alt>へんしん(する)</alt>
		</trans>
		<comment languages="en-ja">この歯医者さんは、満月の晩になると、おおかみ男に変身するのです。
This dentist, on full moon nights, transforms himself into a wolfman (werewolf).</comment>
	</term>
	<term id="19">
		<trans lang="en">
			<word>to aim at,to have an eye on</word>
		</trans>
		<trans lang="ja">
			<word>目指す</word>
			<alt>めざす</alt>
		</trans>
		<comment languages="en-ja">今度は、ぐずぐず谷を目指しました。
This time, he headed toward ぐずぐず valley.
[We use this verb for goals more than target point]</comment>
	</term>
	<term id="20">
		<trans lang="en">
			<word>witch</word>
		</trans>
		<trans lang="ja">
			<word>魔女</word>
			<alt>まじょ</alt>
		</trans>
	</term>
	<term id="21">
		<trans lang="en">
			<word>mummy</word>
		</trans>
		<trans lang="ja">
			<word>ミイラ</word>
			<alt>ミイラ</alt>
		</trans>
	</term>
	<term id="22">
		<trans lang="en">
			<word>(to) bandage,dressing</word>
		</trans>
		<trans lang="ja">
			<word>包帯(する)</word>
			<alt>ほうたい(する)</alt>
		</trans>
		<comment languages="en-ja">ミイラのラムさんと奥さんが、お揃いの包帯姿で、ジョギングしていました。
Mr. ラム (the mummy) and his wife were jogging in their suit of bandages.</comment>
	</term>
	<term id="23">
		<trans lang="en">
			<word>set,suit,uniform</word>
		</trans>
		<trans lang="ja">
			<word>お揃い</word>
			<alt>おそろい</alt>
		</trans>
		<comment languages="en-ja">ミイラのラムさんと奥さんが、お揃いの包帯姿で、ジョギングしていました。
Mr. ラム (the mummy) and his wife were jogging in their suit of bandages.</comment>
	</term>
	<term id="24">
		<trans lang="en">
			<word>to wave hand,to salute</word>
		</trans>
		<trans lang="ja">
			<word>手を振る</word>
			<alt>てをふる</alt>
		</trans>
		<comment languages="en-ja">ガチャンさんに手を振った。
He waved his hand to ガチャンさん.</comment>
	</term>
	<term id="25">
		<trans lang="en">
			<word>to mutter,to murmur</word>
		</trans>
		<trans lang="ja">
			<word>呟く</word>
			<alt>つぶやく</alt>
		</trans>
		<comment languages="en-ja">[Similar to ぶつぶつ言う.  Talking to yourself.]</comment>
	</term>
	<term id="26">
		<trans lang="en">
			<word>to aim at</word>
		</trans>
		<trans lang="ja">
			<word>目掛ける</word>
			<alt>めがける</alt>
		</trans>
		<comment languages="en-ja">私はその鳥めがけて石を投げた。
I threw a stone at the bird.

[We usually use this verb in て-form in conjunction with another verb.]</comment>
	</term>
	<term id="27">
		<trans lang="en">
			<word>hair's breadth</word>
		</trans>
		<trans lang="ja">
			<word>間一髪</word>
			<alt>かんいっぱつ</alt>
		</trans>
		<comment languages="en-ja">間一髪、ナイフは、ガチャさんの頭の骨をかすめて、後ろの木に入った。
The knife missed ガチャさん's head by one hair's breadth and hit the tree behind.</comment>
	</term>
	<term id="28">
		<trans lang="en">
			<word>crucifixion (to crucify)</word>
		</trans>
		<trans lang="ja">
			<word>磔刑(する)</word>
			<alt>はりつけ(する)</alt>
		</trans>
		<comment languages="en-ja">その木には、藁人形がはりつけになっていた。
On the tree a straw doll had been crucified.</comment>
	</term>
	<term id="29">
		<trans lang="en">
			<word>heart</word>
		</trans>
		<trans lang="ja">
			<word>心臓</word>
			<alt>しんぞう</alt>
		</trans>
	</term>
	<term id="30">
		<trans lang="en">
			<word>to shake,to sway</word>
		</trans>
		<trans lang="ja">
			<word>揺れる</word>
			<alt>ゆれる</alt>
		</trans>
		<comment languages="en-ja">まだ微かに揺れていた。
He was still shaking faintly.</comment>
	</term>
	<term id="31">
		<trans lang="en">
			<word>faint,dim,weak,indistinct,hazy,poor,wretched</word>
		</trans>
		<trans lang="ja">
			<word>微か</word>
			<alt>かすか</alt>
		</trans>
		<comment languages="en-ja">すぐそばでかすかな音がした。
I heard a faint sound near by.

私は祖母のことをかすかに覚えている。
I have a dim memory of my grandmother.

少年は容貌が父親にかすかに似ている。
The boy faintly resembled his father in appearance.

川の向こうにかすかな明りが見えた。
We saw a dim light beyond the river.</comment>
	</term>
	<term id="32">
		<trans lang="en">
			<word>lure,decoy</word>
		</trans>
		<trans lang="ja">
			<word>囮</word>
			<alt>おとり</alt>
		</trans>
	</term>
	<term id="33">
		<trans lang="en">
			<word>timidly</word>
		</trans>
		<trans lang="ja">
			<word>恐る恐る</word>
			<alt>おそるおそる</alt>
		</trans>
		<comment languages="en-ja">ガチャさんは恐る恐る声を「ありがとう」と言った。
ガチャさん timidly said "Thanks".</comment>
	</term>
	<term id="34">
		<trans lang="en">
			<word>iron pot,kettle</word>
		</trans>
		<trans lang="ja">
			<word>釜</word>
			<alt>かま</alt>
		</trans>
		<comment languages="en-ja">ふたを開けて見ると、お釜の中にご飯が入ってあった。
He removed the cover then looked.  Inside the pot was some rice.</comment>
	</term>
	<term id="35">
		<trans lang="en">
			<word>lizard</word>
		</trans>
		<trans lang="ja">
			<word>蜥蜴</word>
			<alt>とかげ</alt>
		</trans>
	</term>
	<term id="36">
		<trans lang="en">
			<word>bat</word>
		</trans>
		<trans lang="ja">
			<word>蝙蝠</word>
			<alt>こうもり</alt>
		</trans>
	</term>
	<term id="37">
		<trans lang="en">
			<word>to dye</word>
		</trans>
		<trans lang="ja">
			<word>染まる</word>
			<alt>そまる</alt>
		</trans>
	</term>
	<term id="38">
		<trans lang="en">
			<word>only,merely,but,no more than</word>
		</trans>
		<trans lang="ja">
			<word>たった</word>
			<alt>たった</alt>
		</trans>
		<comment languages="en-ja">「えー？たったこれだけ？」と言った。
He said: "What! Only this?"</comment>
	</term>
	<term id="39">
		<trans lang="en">
			<word>good luck charm</word>
		</trans>
		<trans lang="ja">
			<word>おまじない</word>
			<alt>おまじない</alt>
		</trans>
	</term>
	<term id="40">
		<trans lang="en">
			<word>spell,charm,incantation</word>
		</trans>
		<trans lang="ja">
			<word>呪文</word>
			<alt>じゅもん</alt>
		</trans>
	</term>
	<term id="41">
		<trans lang="en">
			<word>to recite,to chant,to call upon</word>
		</trans>
		<trans lang="ja">
			<word>唱える</word>
			<alt>となえる</alt>
		</trans>
		<comment languages="en-ja">魔女は呪文を唱え始ました。
The witch began to recite an incantation (to cast a spell).</comment>
	</term>
	<term id="42">
		<trans lang="en">
			<word>painful,trying,oppressive,suffocating</word>
		</trans>
		<trans lang="ja">
			<word>切ない</word>
			<alt>せつない</alt>
		</trans>
	</term>
	<term id="43">
		<trans lang="en">
			<word>dear,wanted,beloved,darling</word>
		</trans>
		<trans lang="ja">
			<word>恋しい</word>
			<alt>こいしい</alt>
		</trans>
	</term>
	<term id="44">
		<trans lang="en">
			<word>sign,signboard,doorplate</word>
		</trans>
		<trans lang="ja">
			<word>看板</word>
			<alt>かんばん</alt>
		</trans>
		<comment languages="en-ja">店の看板を見ていました。
He was looking at the shop's signboard.</comment>
	</term>
	<term id="45">
		<trans lang="en">
			<word>wings</word>
		</trans>
		<trans lang="ja">
			<word>翼</word>
			<alt>つばさ</alt>
		</trans>
		<comment languages="en-ja">鳥の翼は大きく広げた。
The bird spread his wings.</comment>
	</term>
	<term id="46">
		<trans lang="en">
			<word>petal</word>
		</trans>
		<trans lang="ja">
			<word>花びら</word>
			<alt>はなびら</alt>
		</trans>
	</term>
	<term id="47">
		<trans lang="en">
			<word>to seize,to catch,to grasp,to grip,to grab,to hold</word>
		</trans>
		<trans lang="ja">
			<word>掴む</word>
			<alt>つかむ</alt>
		</trans>
	</term>
	<term id="48">
		<trans lang="en">
			<word>snow storm</word>
		</trans>
		<trans lang="ja">
			<word>吹雪</word>
			<alt>ふぶき</alt>
		</trans>
	</term>
	<term id="49">
		<trans lang="en">
			<word>transparency,cleanness</word>
		</trans>
		<trans lang="ja">
			<word>透明</word>
			<alt>とうめい</alt>
		</trans>
		<comment languages="en-ja">透明人間サマガリーが、顔を出しました。
サマガリー, the invisible man, put out his face.</comment>
	</term>
	<term id="50">
		<trans lang="en">
			<word>noisy</word>
		</trans>
		<trans lang="ja">
			<word>騒がしい</word>
			<alt>さわがしい</alt>
		</trans>
		<comment languages="en-ja">あんなに騒がしくては何事にも身がはいらない。
I can't apply my mind to anything with all that noise!</comment>
	</term>
	<term id="51">
		<trans lang="en">
			<word>at once,in a moment,suddenly,all at once</word>
		</trans>
		<trans lang="ja">
			<word>たちまち</word>
			<alt>たちまち</alt>
		</trans>
	</term>
	<term id="52">
		<trans lang="en">
			<word>at once,immediately,without delay,promptly</word>
		</trans>
		<trans lang="ja">
			<word>早速</word>
			<alt>さっそく</alt>
		</trans>
	</term>
	<term id="53">
		<trans lang="en">
			<word>notebook</word>
		</trans>
		<trans lang="ja">
			<word>手帖</word>
			<alt>てちょう</alt>
		</trans>
	</term>
	<term id="54">
		<trans lang="en">
			<word>phantom,vision,illusion,dream</word>
		</trans>
		<trans lang="ja">
			<word>幻</word>
			<alt>まぼろし</alt>
		</trans>
		<comment languages="en-ja">その幻は意識の中に宿り、静寂のなかで動かない。
The vision that was planted in my senses still silently lingers.

私の罪は幻のように思える。
My crime is an illusion.</comment>
	</term>
	<term id="55">
		<trans lang="en">
			<word>to break,to be folded,to give in</word>
		</trans>
		<trans lang="ja">
			<word>折れる</word>
			<alt>おれる</alt>
		</trans>
	</term>
	<term id="56">
		<trans lang="en">
			<word>reality</word>
		</trans>
		<trans lang="ja">
			<word>現実</word>
			<alt>げんじつ</alt>
		</trans>
		<comment languages="en-ja">あなたの夢が現実のものとなった。
Your dreams have come true.

いい加減に現実をみつめろ。
Open your eyes to the reality.</comment>
	</term>
	<term id="57">
		<trans lang="en">
			<word>footprints</word>
		</trans>
		<trans lang="ja">
			<word>足跡</word>
			<alt>あしあと</alt>
		</trans>
	</term>
	<term id="58">
		<trans lang="en">
			<word>heartbroken</word>
		</trans>
		<trans lang="ja">
			<word>がっくり</word>
			<alt>がっくり</alt>
		</trans>
		<comment languages="en-ja">その知らせを聞いて彼はがっくりと肩を落とした。
His shoulders sagged when he heard the news.

彼はがっくりとなりひざをついた。
He collapsed to his knees.

彼はがっくりひざをついた。
His knees gave way.</comment>
	</term>
	<term id="59">
		<trans lang="en">
			<word>vexing,irritating,impatient</word>
		</trans>
		<trans lang="ja">
			<word>焦れったい</word>
			<alt>じれったい</alt>
		</trans>
		<comment languages="en-ja">君のやることはじれったいね。
I am losing my patience with you.</comment>
	</term>
	<term id="60">
		<trans lang="en">
			<word>to gulp down,to swallow deeply,to understand</word>
		</trans>
		<trans lang="ja">
			<word>飲み込む</word>
			<alt>のみこむ</alt>
		</trans>
	</term>
	<term id="61">
		<trans lang="en">
			<word>universe,cosmos,space</word>
		</trans>
		<trans lang="ja">
			<word>宇宙</word>
			<alt>うちゅう</alt>
		</trans>
	</term>
	<term id="62">
		<trans lang="en">
			<word>faraway,far-off</word>
		</trans>
		<trans lang="ja">
			<word>遥か彼方</word>
			<alt>はるかかなた</alt>
		</trans>
		<comment languages="en-ja">宇宙の遥か彼方を見つめていました。
They were staring in the faraway space.</comment>
	</term>
	<term id="63">
		<trans lang="en">
			<word>carelessness,stupidity</word>
		</trans>
		<trans lang="ja">
			<word>迂闊</word>
			<alt>うかつ</alt>
		</trans>
		<comment languages="en-ja">うかつにもそれを見逃してしまった。
I missed it inadvertently.

そんな事をするとはうかつだった。
It was careless of me to do something like that.</comment>
	</term>
	<term id="64">
		<trans lang="en">
			<word>unexpectedly</word>
		</trans>
		<trans lang="ja">
			<word>案外</word>
			<alt>あんがい</alt>
		</trans>
		<comment languages="en-ja">でもオバサンは、案外、「大丈夫」サバサバと言いました。
But Obasan, unexpectedly, said with relief and candidness: "It should be OK".</comment>
	</term>
	<term id="65">
		<trans lang="en">
			<word>shrill voice,piercing cry,shriek,scream</word>
		</trans>
		<trans lang="ja">
			<word>金切り声</word>
			<alt>かなきりごえ</alt>
		</trans>
	</term>
	<term id="66">
		<trans lang="en">
			<word>bedroom</word>
		</trans>
		<trans lang="ja">
			<word>寝室</word>
			<alt>しんしつ</alt>
		</trans>
	</term>
	<term id="67">
		<trans lang="en">
			<word>ominous,sinister,bad luck,ill omen</word>
		</trans>
		<trans lang="ja">
			<word>不吉</word>
			<alt>ふきつ</alt>
		</trans>
		<comment languages="en-ja">彼は１３が不吉な数だという迷信を信じている。
He believes in the superstition that 13 is an unlucky number.</comment>
	</term>
	<term id="68">
		<trans lang="en">
			<word>sit cross-legged (i.e., Indian style)</word>
		</trans>
		<trans lang="ja">
			<word>胡座</word>
			<alt>あぐら</alt>
		</trans>
		<comment languages="en-ja">女の子があぐらをかいて座るものではない。
A girl should not sit with her legs crossed.</comment>
	</term>
	<term id="69">
		<trans lang="en">
			<word>stealthily,secretly</word>
		</trans>
		<trans lang="ja">
			<word>こっそり</word>
			<alt>こっそり</alt>
		</trans>
		<comment languages="en-ja">私は彼にこっそり手紙をわたした。
He slipped the letter to me.

泥棒はこっそり家に入った。
The thief slipped into the house.</comment>
	</term>
	<term id="70">
		<trans lang="en">
			<word>hip</word>
		</trans>
		<trans lang="ja">
			<word>腰</word>
			<alt>こし</alt>
		</trans>
	</term>
	<term id="71">
		<trans lang="en">
			<word>noisy,boisterous</word>
		</trans>
		<trans lang="ja">
			<word>騒々しい</word>
			<alt>そうぞうしい</alt>
		</trans>
	</term>
	<term id="72">
		<trans lang="en">
			<word>to run down,to pursue,to chase down</word>
		</trans>
		<trans lang="ja">
			<word>追いかける</word>
			<alt>おいかける</alt>
		</trans>
		<comment languages="en-ja">２匹のうさぎを追いかけると両方ともとらえられない。
If you run after two hares, you will catch neither.</comment>
	</term>
	<term id="73">
		<trans lang="en">
			<word>to deliver,to forward,to send,to report,to file notice (to the  authorities)</word>
		</trans>
		<trans lang="ja">
			<word>届ける</word>
			<alt>とどける</alt>
		</trans>
	</term>
	<term id="74">
		<trans lang="en">
			<word>to chase,to run after</word>
		</trans>
		<trans lang="ja">
			<word>追う</word>
			<alt>おう</alt>
		</trans>
	</term>
	<term id="75">
		<trans lang="en">
			<word>sky,high-altitude sky,upper air</word>
		</trans>
		<trans lang="ja">
			<word>上空</word>
			<alt>じょうくう</alt>
		</trans>
	</term>
	<term id="76">
		<trans lang="en">
			<word>fruit,nut,seed,content,good result</word>
		</trans>
		<trans lang="ja">
			<word>実</word>
			<alt>み</alt>
		</trans>
	</term>
</glossary>
