<?xml version="1.0"?>
<glossary id="354" name="Lektion 00" author="Frédéric Bergeron">
	<desc></desc>
	<term id="1">
		<trans lang="de">
			<word>Wie spricht man das aus?</word>
		</trans>
		<trans lang="fr">
			<word>Comment prononce-t-on celà?</word>
		</trans>
	</term>
	<term id="2">
		<trans lang="de">
			<word>Bitte langsam!</word>
		</trans>
		<trans lang="fr">
			<word>Veuillez le (re)dire lentement svp!</word>
		</trans>
	</term>
	<term id="3">
		<trans lang="de">
			<word>Bitte noch einmal!</word>
		</trans>
		<trans lang="fr">
			<word>Veuillez le dire une autre fois, svp.</word>
		</trans>
		<comment languages="de-fr">noch: encore</comment>
	</term>
	<term id="4">
		<trans lang="de">
			<word>Antworten Sie bitte!</word>
		</trans>
		<trans lang="fr">
			<word>Répondez svp!</word>
		</trans>
	</term>
	<term id="5">
		<trans lang="de">
			<word>Haben Sie Fragen?</word>
		</trans>
		<trans lang="fr">
			<word>Avez-vous des questions?</word>
		</trans>
	</term>
	<term id="6">
		<trans lang="de">
			<word>Hören Sie bitte gut zu!</word>
		</trans>
		<trans lang="fr">
			<word>Veuillez écouter attentivement svp!</word>
		</trans>
	</term>
	<term id="7">
		<trans lang="de">
			<word>Bitte lesen Sie alle zusammen!</word>
		</trans>
		<trans lang="fr">
			<word>Lisons tous ensembles.</word>
		</trans>
	</term>
	<term id="8">
		<trans lang="de">
			<word>Schlagen Sie bitte das Buch auf Seite ... auf!</word>
		</trans>
		<trans lang="fr">
			<word>Ouvrez le livre à la page ...</word>
		</trans>
	</term>
	<term id="9">
		<trans lang="de">
			<word>Lesen Sie bitte vor!</word>
		</trans>
		<trans lang="fr">
			<word>Veuillez lire tout haut.</word>
		</trans>
	</term>
	<term id="10">
		<trans lang="de">
			<word>Sprechen Sie bitte lauter!</word>
		</trans>
		<trans lang="fr">
			<word>Veuillez parler plus fort, svp!</word>
		</trans>
	</term>
	<term id="11">
		<trans lang="de">
			<word>Ich verstehe nicht.</word>
		</trans>
		<trans lang="fr">
			<word>Je ne comprends pas.</word>
		</trans>
	</term>
	<term id="12">
		<trans lang="de">
			<word>Seite</word>
		</trans>
		<trans lang="fr">
			<word>page</word>
		</trans>
	</term>
</glossary>
