<?xml version="1.0"?>
<glossary id="272" name="7.1" author="Frédéric Bergeron">
	<desc></desc>
	<term id="1">
		<trans lang="en">
			<word>to interpose,to hold between,to insert</word>
		</trans>
		<trans lang="ja">
			<word>挟む</word>
			<alt>はさむ</alt>
		</trans>
		<comment languages="en-ja">その後ろにピリオド「.」を挟み、メソッド名が続きます。
After, we insert a period, then the method name follows.</comment>
	</term>
	<term id="2">
		<trans lang="en">
			<word>sharing with,participate in,both,alike,together,along with,with,including</word>
		</trans>
		<trans lang="ja">
			<word>共に</word>
			<alt>ともに</alt>
		</trans>
		<comment languages="en-ja">いくつかの引数と共にメッセージが送られる。
Parameters are sent together with the message.</comment>
	</term>
</glossary>
