<?xml version="1.0"?>
<glossary id="322" name="JCS3-29" author="">
	<desc></desc>
	<term id="1">
		<trans lang="en">
			<word>meeting place, gathering spot   +</word>
		</trans>
		<trans lang="ja">
			<word>会場</word>
			<alt>kaijoo</alt>
		</trans>
	</term>
	<term id="2">
		<trans lang="en">
			<word>way, road, street   +</word>
		</trans>
		<trans lang="ja">
			<word>道</word>
			<alt>michi</alt>
		</trans>
	</term>
	<term id="3">
		<trans lang="en">
			<word>Hokkaido (Jap. island)</word>
		</trans>
		<trans lang="ja">
			<word>北海道</word>
			<alt>hokkaidoo</alt>
		</trans>
	</term>
	<term id="4">
		<trans lang="en">
			<word>calligraphy</word>
		</trans>
		<trans lang="ja">
			<word>書道</word>
			<alt>shodoo</alt>
		</trans>
	</term>
	<term id="5">
		<trans lang="en">
			<word>-day, day of the week   +</word>
		</trans>
		<trans lang="ja">
			<word>~曜日</word>
			<alt>-yoobi</alt>
		</trans>
	</term>
	<term id="6">
		<trans lang="en">
			<word>Sunday</word>
		</trans>
		<trans lang="ja">
			<word>日曜日</word>
			<alt>nichiyoobi</alt>
		</trans>
	</term>
	<term id="7">
		<trans lang="en">
			<word>song   +</word>
		</trans>
		<trans lang="ja">
			<word>歌</word>
			<alt>uta</alt>
		</trans>
	</term>
	<term id="8">
		<trans lang="en">
			<word>sing</word>
		</trans>
		<trans lang="ja">
			<word>歌う</word>
			<alt>utau</alt>
		</trans>
	</term>
	<term id="9">
		<trans lang="en">
			<word>inconvenient   +</word>
		</trans>
		<trans lang="ja">
			<word>不べん [な]</word>
			<alt>fuben</alt>
		</trans>
	</term>
	<term id="10">
		<trans lang="en">
			<word>sound   +</word>
		</trans>
		<trans lang="ja">
			<word>音</word>
			<alt>oto</alt>
		</trans>
	</term>
	<term id="11">
		<trans lang="en">
			<word>pronunciation</word>
		</trans>
		<trans lang="ja">
			<word>発音</word>
			<alt>hatsuon</alt>
		</trans>
	</term>
	<term id="12">
		<trans lang="en">
			<word>pleasant, enjoyable   +</word>
		</trans>
		<trans lang="ja">
			<word>楽しい</word>
			<alt>tanoshii</alt>
		</trans>
	</term>
	<term id="13">
		<trans lang="en">
			<word>music</word>
		</trans>
		<trans lang="ja">
			<word>音楽</word>
			<alt>ongaku</alt>
		</trans>
	</term>
	<term id="14">
		<trans lang="en">
			<word>speech, give a speech</word>
		</trans>
		<trans lang="ja">
			<word>スピーチ [する]</word>
			<alt>supiichi</alt>
		</trans>
	</term>
	<term id="15">
		<trans lang="en">
			<word>translate</word>
		</trans>
		<trans lang="ja">
			<word>やくす</word>
			<alt>yakusu</alt>
		</trans>
	</term>
	<term id="16">
		<trans lang="en">
			<word>grieve, be sad</word>
		</trans>
		<trans lang="ja">
			<word>かなしむ</word>
			<alt>kanashimu</alt>
		</trans>
	</term>
	<term id="17">
		<trans lang="en">
			<word>rejoice, be happy</word>
		</trans>
		<trans lang="ja">
			<word>よろこぶ</word>
			<alt>yorokobu</alt>
		</trans>
	</term>
	<term id="18">
		<trans lang="en">
			<word>worry, anxious</word>
		</trans>
		<trans lang="ja">
			<word>心ぱい [な/する]</word>
			<alt>shimpai</alt>
		</trans>
	</term>
	<term id="19">
		<trans lang="en">
			<word>discussion, negotiation</word>
		</trans>
		<trans lang="ja">
			<word>話しあい</word>
			<alt>hanashiai</alt>
		</trans>
	</term>
	<term id="20">
		<trans lang="en">
			<word>preside, take the chair</word>
		</trans>
		<trans lang="ja">
			<word>し会 [する]</word>
			<alt>shikai</alt>
		</trans>
	</term>
	<term id="21">
		<trans lang="en">
			<word>child (hon.)</word>
		</trans>
		<trans lang="ja">
			<word>子どもさん</word>
			<alt>kodomosan</alt>
		</trans>
	</term>
	<term id="22">
		<trans lang="en">
			<word>shop clerk, shop assistant</word>
		</trans>
		<trans lang="ja">
			<word>店員</word>
			<alt>ten'in</alt>
		</trans>
	</term>
	<term id="23">
		<trans lang="en">
			<word>long time</word>
		</trans>
		<trans lang="ja">
			<word>長く</word>
			<alt>nagaku</alt>
		</trans>
	</term>
	<term id="24">
		<trans lang="en">
			<word>be employed, work for ("N ni")</word>
		</trans>
		<trans lang="ja">
			<word>つとめる</word>
			<alt>tsutomeru</alt>
		</trans>
	</term>
	<term id="25">
		<trans lang="en">
			<word>customs house, customs</word>
		</trans>
		<trans lang="ja">
			<word>ぜいかん</word>
			<alt>zeikan</alt>
		</trans>
	</term>
	<term id="26">
		<trans lang="en">
			<word>opinion</word>
		</trans>
		<trans lang="ja">
			<word>意見</word>
			<alt>iken</alt>
		</trans>
	</term>
	<term id="27">
		<trans lang="en">
			<word>rudeness, be rude</word>
		</trans>
		<trans lang="ja">
			<word>しつれい [な/する]</word>
			<alt>shitsurei</alt>
		</trans>
	</term>
	<term id="28">
		<trans lang="en">
			<word>for a while</word>
		</trans>
		<trans lang="ja">
			<word>しばらく</word>
			<alt>shibaraku</alt>
		</trans>
	</term>
	<term id="29">
		<trans lang="en">
			<word>parent</word>
		</trans>
		<trans lang="ja">
			<word>親</word>
			<alt>oya</alt>
		</trans>
	</term>
	<term id="30">
		<trans lang="en">
			<word>iku go meet (s.o. arriving)</word>
		</trans>
		<trans lang="ja">
			<word>むかえに行く</word>
			<alt>mukaeni</alt>
		</trans>
	</term>
	<term id="31">
		<trans lang="en">
			<word>submission, hand in</word>
		</trans>
		<trans lang="ja">
			<word>てい出 [する]</word>
			<alt>teishutsu</alt>
		</trans>
	</term>
	<term id="32">
		<trans lang="en">
			<word>postpone, put off</word>
		</trans>
		<trans lang="ja">
			<word>のばす</word>
			<alt>nobasu</alt>
		</trans>
	</term>
	<term id="33">
		<trans lang="en">
			<word>visit, inquire (= "tazuneru", humble)</word>
		</trans>
		<trans lang="ja">
			<word>うかがう</word>
			<alt>ukagau</alt>
		</trans>
	</term>
	<term id="34">
		<trans lang="en">
			<word>interpretation, interpret   +</word>
		</trans>
		<trans lang="ja">
			<word>通やく [する]</word>
			<alt>tsuuyaku</alt>
		</trans>
	</term>
</glossary>
