<?xml version="1.0"?>
<glossary id="310" name="JBPI-12" author="">
	<desc></desc>
	<term id="1">
		<trans lang="en">
			<word>Hello., I say.</word>
		</trans>
		<trans lang="ja">
			<word>もしもし</word>
			<alt>moshimoshi</alt>
		</trans>
	</term>
	<term id="2">
		<trans lang="en">
			<word>residence (hon.)</word>
		</trans>
		<trans lang="ja">
			<word>おたく</word>
			<alt>otaku</alt>
		</trans>
	</term>
	<term id="3">
		<trans lang="en">
			<word>husband (hon.)</word>
		</trans>
		<trans lang="ja">
			<word>ごしゅじん</word>
			<alt>goshujin</alt>
		</trans>
	</term>
	<term id="4">
		<trans lang="en">
			<word>be, come (hon.)</word>
		</trans>
		<trans lang="ja">
			<word>いらっしゃいます</word>
			<alt>irasshaimasu</alt>
		</trans>
	</term>
	<term id="5">
		<trans lang="en">
			<word>desu ka I see.</word>
		</trans>
		<trans lang="ja">
			<word>そうですか</word>
			<alt>soo</alt>
		</trans>
	</term>
	<term id="6">
		<trans lang="en">
			<word>again</word>
		</trans>
		<trans lang="ja">
			<word>また</word>
			<alt>mata</alt>
		</trans>
	</term>
	<term id="7">
		<trans lang="en">
			<word>mata See you.</word>
		</trans>
		<trans lang="ja">
			<word>じゃまた</word>
			<alt>ja</alt>
		</trans>
	</term>
	<term id="8">
		<trans lang="en">
			<word>afterwards, later</word>
		</trans>
		<trans lang="ja">
			<word>あと [で]</word>
			<alt>ato</alt>
		</trans>
	</term>
	<term id="9">
		<trans lang="en">
			<word>Please (request, humble)</word>
		</trans>
		<trans lang="ja">
			<word>おねがいします</word>
			<alt>onegaishimasu</alt>
		</trans>
	</term>
	<term id="10">
		<trans lang="en">
			<word>Good-bye.</word>
		</trans>
		<trans lang="ja">
			<word>さようなら</word>
			<alt>sayoonara</alt>
		</trans>
	</term>
	<term id="11">
		<trans lang="en">
			<word>meet ("ni")</word>
		</trans>
		<trans lang="ja">
			<word>あう</word>
			<alt>au</alt>
		</trans>
	</term>
	<term id="12">
		<trans lang="en">
			<word>write, draw</word>
		</trans>
		<trans lang="ja">
			<word>かく</word>
			<alt>kaku</alt>
		</trans>
	</term>
	<term id="13">
		<trans lang="en">
			<word>not too, not very (-ve verb)</word>
		</trans>
		<trans lang="ja">
			<word>あまり</word>
			<alt>amari</alt>
		</trans>
	</term>
	<term id="14">
		<trans lang="en">
			<word>every year</word>
		</trans>
		<trans lang="ja">
			<word>まいねん</word>
			<alt>mainen</alt>
		</trans>
	</term>
	<term id="15">
		<trans lang="en">
			<word>Christmas</word>
		</trans>
		<trans lang="ja">
			<word>クリスマス</word>
			<alt>kurisumasu</alt>
		</trans>
	</term>
	<term id="16">
		<trans lang="en">
			<word>kaado    Christmas card</word>
		</trans>
		<trans lang="ja">
			<word>クリスマスカード</word>
			<alt>kurisumasu</alt>
		</trans>
	</term>
	<term id="17">
		<trans lang="en">
			<word>New Year's card</word>
		</trans>
		<trans lang="ja">
			<word>ねんがじょう</word>
			<alt>nengajoo</alt>
		</trans>
	</term>
	<term id="18">
		<trans lang="en">
			<word>mother, my mother</word>
		</trans>
		<trans lang="ja">
			<word>はは</word>
			<alt>haha</alt>
		</trans>
	</term>
	<term id="19">
		<trans lang="en">
			<word>hotel</word>
		</trans>
		<trans lang="ja">
			<word>ホテル</word>
			<alt>hoteru</alt>
		</trans>
	</term>
	<term id="20">
		<trans lang="en">
			<word>teach, tell</word>
		</trans>
		<trans lang="ja">
			<word>おしえる</word>
			<alt>oshieru</alt>
		</trans>
	</term>
	<term id="21">
		<trans lang="en">
			<word>store, shop</word>
		</trans>
		<trans lang="ja">
			<word>みせ</word>
			<alt>mise</alt>
		</trans>
	</term>
	<term id="22">
		<trans lang="en">
			<word>extension number</word>
		</trans>
		<trans lang="ja">
			<word>ないせんばんごう</word>
			<alt>naisenbangoo</alt>
		</trans>
	</term>
	<term id="23">
		<trans lang="en">
			<word>ask, ask s.o., enquire</word>
		</trans>
		<trans lang="ja">
			<word>~にきく</word>
			<alt>-ni kiku </alt>
		</trans>
	</term>
	<term id="24">
		<trans lang="en">
			<word>teacher</word>
		</trans>
		<trans lang="ja">
			<word>せんせい</word>
			<alt>sensei</alt>
		</trans>
	</term>
	<term id="25">
		<trans lang="en">
			<word>father (hon.)</word>
		</trans>
		<trans lang="ja">
			<word>おとうさん</word>
			<alt>otoosan</alt>
		</trans>
	</term>
	<term id="26">
		<trans lang="en">
			<word>mother (hon.)</word>
		</trans>
		<trans lang="ja">
			<word>おかあさん</word>
			<alt>okaasan</alt>
		</trans>
	</term>
	<term id="27">
		<trans lang="en">
			<word>never, at all (-ve verb)</word>
		</trans>
		<trans lang="ja">
			<word>ぜんぜん</word>
			<alt>zenzen</alt>
		</trans>
	</term>
	<term id="28">
		<trans lang="en">
			<word>be wrong, differ</word>
		</trans>
		<trans lang="ja">
			<word>ちがう</word>
			<alt>chigau</alt>
		</trans>
	</term>
	<term id="29">
		<trans lang="en">
			<word>switchboard operator</word>
		</trans>
		<trans lang="ja">
			<word>こうかんしゅ</word>
			<alt>kookanshu</alt>
		</trans>
	</term>
	<term id="30">
		<trans lang="en">
			<word>gozaimasu    be ( = desu, humble)</word>
		</trans>
		<trans lang="ja">
			<word>でございます</word>
			<alt>de</alt>
		</trans>
	</term>
	<term id="31">
		<trans lang="en">
			<word>a moment</word>
		</trans>
		<trans lang="ja">
			<word>しょうしょう</word>
			<alt>shooshoo</alt>
		</trans>
	</term>
	<term id="32">
		<trans lang="en">
			<word>wait</word>
		</trans>
		<trans lang="ja">
			<word>まつ</word>
			<alt>matsu</alt>
		</trans>
	</term>
	<term id="33">
		<trans lang="en">
			<word>kudasai  Please wait. (hon.)</word>
		</trans>
		<trans lang="ja">
			<word>おまちください</word>
			<alt>omachi</alt>
		</trans>
	</term>
	<term id="34">
		<trans lang="en">
			<word>jogging, jog</word>
		</trans>
		<trans lang="ja">
			<word>ジョギング [する]</word>
			<alt>jogingu</alt>
		</trans>
	</term>
</glossary>
