<?xml version="1.0"?>
<glossary id="9" name="Thai time" author="Lyndon Hill">
	<desc>Telling the time, words about time.</desc>
	<term id="1">
		<trans lang="en">
			<word>when ?</word>
		</trans>
		<trans lang="th">
			<word>เมื่อไร</word>
			<alt>meurai</alt>
		</trans>
	</term>
	<term id="2">
		<trans lang="en">
			<word>when/at</word>
		</trans>
		<trans lang="th">
			<word>ตอน</word>
			<alt>dton</alt>
		</trans>
	</term>
	<term id="3">
		<trans lang="en">
			<word>now</word>
		</trans>
		<trans lang="th">
			<word>ตอนนี้</word>
			<alt>dton nee</alt>
		</trans>
	</term>
	<term id="4">
		<trans lang="en">
			<word>midday</word>
		</trans>
		<trans lang="th">
			<word>เที่ยงวัน</word>
			<alt>tieng wan</alt>
		</trans>
	</term>
	<term id="5">
		<trans lang="en">
			<word>midnight</word>
		</trans>
		<trans lang="th">
			<word>เที่ยงคืน</word>
			<alt>tieng keun</alt>
		</trans>
	</term>
	<term id="6">
		<trans lang="en">
			<word>soon</word>
		</trans>
		<trans lang="th">
			<word>เร็วนี้</word>
			<alt>rayew nee</alt>
		</trans>
	</term>
	<term id="7">
		<trans lang="en">
			<word>recently</word>
		</trans>
		<trans lang="th">
			<word>ช่วงนี้</word>
			<alt>chuwang nee</alt>
		</trans>
		<comment languages="en-th">Literally, in this period</comment>
	</term>
	<term id="8">
		<trans lang="en">
			<word>today</word>
		</trans>
		<trans lang="th">
			<word>วันนี้</word>
			<alt>wan nee</alt>
		</trans>
	</term>
	<term id="9">
		<trans lang="en">
			<word>yesterday</word>
		</trans>
		<trans lang="th">
			<word>เมื่อวานนี้</word>
			<alt>meua wan nee</alt>
		</trans>
		<comment languages="en-th">Note irregular spelling for วัน here</comment>
	</term>
	<term id="10">
		<trans lang="en">
			<word>tomorrow</word>
		</trans>
		<trans lang="th">
			<word>วันพรุ่งนี้</word>
			<alt>wan proong nee</alt>
		</trans>
	</term>
	<term id="11">
		<trans lang="en">
			<word>minute</word>
		</trans>
		<trans lang="th">
			<word>นาที</word>
			<alt>natee</alt>
		</trans>
	</term>
	<term id="12">
		<trans lang="en">
			<word>second</word>
		</trans>
		<trans lang="th">
			<word>วินาที</word>
			<alt>wee natee</alt>
		</trans>
	</term>
	<term id="13">
		<trans lang="en">
			<word>hour</word>
		</trans>
		<trans lang="th">
			<word>โมง</word>
			<alt>mong</alt>
		</trans>
		<comment languages="en-th">Use for telling the time.</comment>
	</term>
	<term id="14">
		<trans lang="en">
			<word>year</word>
		</trans>
		<trans lang="th">
			<word>ปี</word>
			<alt>bpee</alt>
		</trans>
	</term>
	<term id="15">
		<trans lang="en">
			<word>in 5 minutes</word>
		</trans>
		<trans lang="th">
			<word>อีก 5 นาที</word>
			<alt>eek ha natee</alt>
		</trans>
	</term>
	<term id="16">
		<trans lang="en">
			<word>Monday</word>
		</trans>
		<trans lang="th">
			<word>วันจานทร์</word>
			<alt>wan jan</alt>
		</trans>
	</term>
	<term id="17">
		<trans lang="en">
			<word>Tuesday</word>
		</trans>
		<trans lang="th">
			<word>วันอังคาร</word>
			<alt>wan angkan</alt>
		</trans>
	</term>
	<term id="18">
		<trans lang="en">
			<word>Wednesday</word>
		</trans>
		<trans lang="th">
			<word>วันพุธ</word>
			<alt>wan poot</alt>
		</trans>
	</term>
	<term id="19">
		<trans lang="en">
			<word>Thursday</word>
		</trans>
		<trans lang="th">
			<word>วันพฤหัส</word>
			<alt>wan pareuhat</alt>
		</trans>
	</term>
	<term id="20">
		<trans lang="en">
			<word>Friday</word>
		</trans>
		<trans lang="th">
			<word>วันศุกร์</word>
			<alt>wan suk</alt>
		</trans>
	</term>
	<term id="21">
		<trans lang="en">
			<word>Saturday</word>
		</trans>
		<trans lang="th">
			<word>วันเสาร์</word>
			<alt>wan sao</alt>
		</trans>
	</term>
	<term id="22">
		<trans lang="en">
			<word>Sunday</word>
		</trans>
		<trans lang="th">
			<word>วันอาทิตย์</word>
			<alt>wan ahtit</alt>
		</trans>
	</term>
	<term id="23">
		<trans lang="en">
			<word>weekend</word>
		</trans>
		<trans lang="th">
			<word>เสาร์อาทิตย์</word>
			<alt>saoahtit</alt>
		</trans>
	</term>
	<term id="24">
		<trans lang="en">
			<word>time</word>
		</trans>
		<trans lang="th">
			<word>เวลา</word>
			<alt>wayla</alt>
		</trans>
	</term>
	<term id="25">
		<trans lang="en">
			<word>rush (v)</word>
		</trans>
		<trans lang="th">
			<word>รีบ</word>
			<alt>reeb</alt>
		</trans>
	</term>
	<term id="26">
		<trans lang="en">
			<word>late</word>
		</trans>
		<trans lang="th">
			<word>สาย</word>
			<alt>sai</alt>
		</trans>
	</term>
	<term id="27">
		<trans lang="en">
			<word>what time is it?</word>
		</trans>
		<trans lang="th">
			<word>กี่โมงแล้ว</word>
			<alt>gee mong lairo</alt>
		</trans>
	</term>
	<term id="28">
		<trans lang="en">
			<word>begin (v)</word>
		</trans>
		<trans lang="th">
			<word>เริ่ม</word>
			<alt>rerm</alt>
		</trans>
	</term>
	<term id="29">
		<trans lang="en">
			<word>finish (doing something) (v)</word>
		</trans>
		<trans lang="th">
			<word>ทำให้เสร็จ</word>
			<alt>tam hai set</alt>
		</trans>
	</term>
	<term id="30">
		<trans lang="en">
			<word>finish</word>
		</trans>
		<trans lang="th">
			<word>จบ</word>
			<alt>job</alt>
		</trans>
	</term>
	<term id="31">
		<trans lang="en">
			<word>January</word>
		</trans>
		<trans lang="th">
			<word>มกราคม</word>
			<alt>mogarahkom</alt>
		</trans>
	</term>
	<term id="32">
		<trans lang="en">
			<word>February</word>
		</trans>
		<trans lang="th">
			<word>กุมภาพัน</word>
			<alt>goompapan</alt>
		</trans>
	</term>
	<term id="33">
		<trans lang="en">
			<word>March</word>
		</trans>
		<trans lang="th">
			<word>มีนาคม</word>
			<alt>meenahkom</alt>
		</trans>
	</term>
	<term id="34">
		<trans lang="en">
			<word>April</word>
		</trans>
		<trans lang="th">
			<word>เมษายน</word>
			<alt>maysahyon</alt>
		</trans>
	</term>
	<term id="35">
		<trans lang="en">
			<word>May</word>
		</trans>
		<trans lang="th">
			<word>พฤษภาคม</word>
			<alt>prisapakom</alt>
		</trans>
	</term>
	<term id="36">
		<trans lang="en">
			<word>June</word>
		</trans>
		<trans lang="th">
			<word>มิถุนายน</word>
			<alt>meetoonahyon</alt>
		</trans>
	</term>
	<term id="37">
		<trans lang="en">
			<word>July</word>
		</trans>
		<trans lang="th">
			<word>กรกฎาคม</word>
			<alt>garagadahkom</alt>
		</trans>
	</term>
	<term id="38">
		<trans lang="en">
			<word>August</word>
		</trans>
		<trans lang="th">
			<word>สิงหาคม</word>
			<alt>singhakom</alt>
		</trans>
	</term>
	<term id="39">
		<trans lang="en">
			<word>September</word>
		</trans>
		<trans lang="th">
			<word>กันยายน</word>
			<alt>ganyahyon</alt>
		</trans>
	</term>
	<term id="40">
		<trans lang="en">
			<word>October</word>
		</trans>
		<trans lang="th">
			<word>ตุลาคม</word>
			<alt>dtoolahkom</alt>
		</trans>
	</term>
	<term id="41">
		<trans lang="en">
			<word>November</word>
		</trans>
		<trans lang="th">
			<word>พฤศจิกายน</word>
			<alt>prisijigahyon</alt>
		</trans>
	</term>
	<term id="42">
		<trans lang="en">
			<word>December</word>
		</trans>
		<trans lang="th">
			<word>ธันวาคม</word>
			<alt>tanwakom</alt>
		</trans>
	</term>
	<term id="43">
		<trans lang="en">
			<word>the morning (in)</word>
		</trans>
		<trans lang="th">
			<word>ตอนเช้า</word>
			<alt>dton chao</alt>
		</trans>
	</term>
	<term id="44">
		<trans lang="en">
			<word>the afternoon (in)</word>
		</trans>
		<trans lang="th">
			<word>ตอนบ่าย</word>
			<alt>dton bai</alt>
		</trans>
	</term>
	<term id="45">
		<trans lang="en">
			<word>the evening</word>
		</trans>
		<trans lang="th">
			<word>ตอนเย็น</word>
			<alt>dton yen</alt>
		</trans>
	</term>
	<term id="46">
		<trans lang="en">
			<word>appointment</word>
		</trans>
		<trans lang="th">
			<word>นัด</word>
			<alt>nat</alt>
		</trans>
		<comment languages="en-th">both a verb and noun</comment>
	</term>
	<term id="47">
		<trans lang="en">
			<word>late (at night)</word>
		</trans>
		<trans lang="th">
			<word>ดึก</word>
			<alt>deuk</alt>
		</trans>
	</term>
	<term id="48">
		<trans lang="en">
			<word>free time</word>
		</trans>
		<trans lang="th">
			<word>เวลาว่าง</word>
			<alt>wayla wang</alt>
		</trans>
	</term>
	<term id="49">
		<trans lang="en">
			<word>busy</word>
		</trans>
		<trans lang="th">
			<word>ยุ่ง</word>
			<alt>yoong</alt>
		</trans>
	</term>
	<term id="50">
		<trans lang="en">
			<word>week</word>
		</trans>
		<trans lang="th">
			<word>อาทิตย์</word>
			<alt>ahtit</alt>
		</trans>
	</term>
	<term id="51">
		<trans lang="en">
			<word>hour (spent time)</word>
		</trans>
		<trans lang="th">
			<word>ชั่วโมง</word>
			<alt>chaw mong</alt>
		</trans>
		<comment languages="en-th">Use when some action takes time.
Don't use for telling the time.</comment>
	</term>
	<term id="52">
		<trans lang="en">
			<word>next week</word>
		</trans>
		<trans lang="th">
			<word>อาทิตย์หน้า</word>
			<alt>ahtit na</alt>
		</trans>
	</term>
	<term id="53">
		<trans lang="en">
			<word>last week</word>
		</trans>
		<trans lang="th">
			<word>เมื่ออาทิตย์</word>
			<alt>meua ahtit</alt>
		</trans>
	</term>
	<term id="54">
		<trans lang="en">
			<word>previously</word>
		</trans>
		<trans lang="th">
			<word>เมี่อก่อน</word>
			<alt>meua gon</alt>
		</trans>
	</term>
	<term id="55">
		<trans lang="en">
			<word>before</word>
		</trans>
		<trans lang="th">
			<word>ก่อน</word>
			<alt>gon</alt>
		</trans>
	</term>
	<term id="56">
		<trans lang="en">
			<word>after</word>
		</trans>
		<trans lang="th">
			<word>หลังจาก</word>
			<alt>lang jak</alt>
		</trans>
	</term>
	<term id="57">
		<trans lang="en">
			<word>until</word>
		</trans>
		<trans lang="th">
			<word>จนถึง</word>
			<alt>jon teung</alt>
		</trans>
	</term>
	<term id="58">
		<trans lang="en">
			<word>holiday</word>
		</trans>
		<trans lang="th">
			<word>วันหยุด</word>
			<alt>wan yoot</alt>
		</trans>
	</term>
	<term id="59">
		<trans lang="en">
			<word>clock/watch</word>
		</trans>
		<trans lang="th">
			<word>นาฬิกา</word>
			<alt>narigar</alt>
		</trans>
	</term>
	<term id="60">
		<trans lang="en">
			<word>8 a.m.</word>
		</trans>
		<trans lang="th">
			<word>แปดโมงเช่า</word>
			<alt>bpairt mong chao</alt>
		</trans>
	</term>
	<term id="61">
		<trans lang="en">
			<word>half past 8</word>
		</trans>
		<trans lang="th">
			<word>แปดโมงครึ่ง</word>
			<alt>bpairt mong kreung</alt>
		</trans>
	</term>
	<term id="62">
		<trans lang="en">
			<word>4 a.m.</word>
		</trans>
		<trans lang="th">
			<word>ตีสี่</word>
			<alt>dtee see</alt>
		</trans>
	</term>
	<term id="63">
		<trans lang="en">
			<word>2 p.m.</word>
		</trans>
		<trans lang="th">
			<word>บ่ายสอง</word>
			<alt>bai song</alt>
		</trans>
	</term>
	<term id="64">
		<trans lang="en">
			<word>6 p.m.</word>
		</trans>
		<trans lang="th">
			<word>หกโมงเย็น</word>
			<alt>hok mong yen</alt>
		</trans>
	</term>
	<term id="65">
		<trans lang="en">
			<word>7 p.m.</word>
		</trans>
		<trans lang="th">
			<word>ทุ่มหนึ่ง</word>
			<alt>toom neung</alt>
		</trans>
	</term>
	<term id="66">
		<trans lang="en">
			<word>8 p.m.</word>
		</trans>
		<trans lang="th">
			<word>สองทุ่ม</word>
			<alt>song toom</alt>
		</trans>
	</term>
	<term id="67">
		<trans lang="en">
			<word>15:00 (24 hours clock)</word>
		</trans>
		<trans lang="th">
			<word>สิบห้านาฬิกา</word>
			<alt>sip ha nareega</alt>
		</trans>
	</term>
	<term id="68">
		<trans lang="en">
			<word>by (within)</word>
		</trans>
		<trans lang="th">
			<word>ภายใน</word>
			<alt>pay nai</alt>
		</trans>
	</term>
	<term id="69">
		<trans lang="en">
			<word>month</word>
		</trans>
		<trans lang="th">
			<word>เดือน</word>
			<alt>dteuan</alt>
		</trans>
	</term>
	<term id="70">
		<trans lang="en">
			<word>early</word>
		</trans>
		<trans lang="th">
			<word>แต่เช้า</word>
			<alt>dtair chao</alt>
		</trans>
		<comment languages="en-th">very early =in the morning=, have to confirm this</comment>
	</term>
	<term id="71">
		<trans lang="en">
			<word>date</word>
		</trans>
		<trans lang="th">
			<word>วันที่</word>
			<alt>wan tee</alt>
		</trans>
		<comment languages="en-th">Thai don't seem to have a word for date, just say "the day..." e.g. วันทื่ 1 - the first.</comment>
	</term>
</glossary>
