<?xml version="1.0"?>
<glossary id="107" name="Reina del Sur" author="Frédéric Bergeron">
	<desc>Mots tirés du roman policier écrit par Arturo Pérez-Reverte.</desc>
	<term id="1">
		<trans lang="es">
			<word>acera</word>
		</trans>
		<trans lang="fr">
			<word>trottoir</word>
		</trans>
	</term>
	<term id="2">
		<trans lang="es">
			<word>cesta</word>
		</trans>
		<trans lang="fr">
			<word>panier</word>
		</trans>
	</term>
	<term id="3">
		<trans lang="es">
			<word>sollozar</word>
		</trans>
		<trans lang="fr">
			<word>sangloter</word>
		</trans>
	</term>
	<term id="4">
		<trans lang="es">
			<word>acechar</word>
		</trans>
		<trans lang="fr">
			<word>guetter</word>
		</trans>
	</term>
	<term id="5">
		<trans lang="es">
			<word>rostro</word>
		</trans>
		<trans lang="fr">
			<word>visage</word>
		</trans>
	</term>
	<term id="6">
		<trans lang="es">
			<word>amenazar</word>
		</trans>
		<trans lang="fr">
			<word>menacer</word>
		</trans>
	</term>
	<term id="7">
		<trans lang="es">
			<word>fajo</word>
		</trans>
		<trans lang="fr">
			<word>liasse (d'argent)</word>
		</trans>
	</term>
	<term id="8">
		<trans lang="es">
			<word>vigente </word>
		</trans>
		<trans lang="fr">
			<word>en vigueur,valide</word>
		</trans>
	</term>
	<term id="9">
		<trans lang="es">
			<word>fogón</word>
		</trans>
		<trans lang="fr">
			<word>fourneau</word>
		</trans>
	</term>
	<term id="10">
		<trans lang="es">
			<word>mejilla</word>
		</trans>
		<trans lang="fr">
			<word>joue</word>
		</trans>
	</term>
	<term id="11">
		<trans lang="es">
			<word>pizca</word>
		</trans>
		<trans lang="fr">
			<word>miette</word>
		</trans>
	</term>
	<term id="12">
		<trans lang="es">
			<word>corte</word>
		</trans>
		<trans lang="fr">
			<word>coupure,coupe</word>
		</trans>
	</term>
	<term id="13">
		<trans lang="es">
			<word>pulgar</word>
		</trans>
		<trans lang="fr">
			<word>pouce</word>
		</trans>
	</term>
	<term id="14">
		<trans lang="es">
			<word>hundir</word>
		</trans>
		<trans lang="fr">
			<word>enfoncer</word>
		</trans>
	</term>
	<term id="15">
		<trans lang="es">
			<word>raza</word>
		</trans>
		<trans lang="fr">
			<word>race</word>
		</trans>
	</term>
	<term id="16">
		<trans lang="es">
			<word>hembra</word>
		</trans>
		<trans lang="fr">
			<word>femelle</word>
		</trans>
	</term>
	<term id="17">
		<trans lang="es">
			<word>ceja</word>
		</trans>
		<trans lang="fr">
			<word>sourcil</word>
		</trans>
	</term>
	<term id="18">
		<trans lang="es">
			<word>manotada,manotazo</word>
		</trans>
		<trans lang="fr">
			<word>tape</word>
		</trans>
	</term>
	<term id="19">
		<trans lang="es">
			<word>muslo</word>
		</trans>
		<trans lang="fr">
			<word>cuisse</word>
		</trans>
	</term>
	<term id="20">
		<trans lang="es">
			<word>disparar</word>
		</trans>
		<trans lang="fr">
			<word>tirer sur quelqu'un (avec un fusil)</word>
		</trans>
	</term>
	<term id="21">
		<trans lang="es">
			<word>espiar</word>
		</trans>
		<trans lang="fr">
			<word>espionner</word>
		</trans>
	</term>
	<term id="22">
		<trans lang="es">
			<word>aferrar</word>
		</trans>
		<trans lang="fr">
			<word>saisir,accrocher</word>
		</trans>
	</term>
	<term id="23">
		<trans lang="es">
			<word>hilo</word>
		</trans>
		<trans lang="fr">
			<word>fil</word>
		</trans>
	</term>
	<term id="24">
		<trans lang="es">
			<word>escoltar</word>
		</trans>
		<trans lang="fr">
			<word>escorter</word>
		</trans>
	</term>
	<term id="25">
		<trans lang="es">
			<word>camarote</word>
		</trans>
		<trans lang="fr">
			<word>cabine</word>
		</trans>
	</term>
	<term id="26">
		<trans lang="es">
			<word>ladear</word>
		</trans>
		<trans lang="fr">
			<word>incliner</word>
		</trans>
	</term>
	<term id="27">
		<trans lang="es">
			<word>de soslayo</word>
		</trans>
		<trans lang="fr">
			<word>de travers</word>
		</trans>
	</term>
	<term id="28">
		<trans lang="es">
			<word>ladearse</word>
		</trans>
		<trans lang="fr">
			<word>se pencher</word>
		</trans>
	</term>
	<term id="29">
		<trans lang="es">
			<word>anudar</word>
		</trans>
		<trans lang="fr">
			<word>nouer,renouer</word>
		</trans>
	</term>
	<term id="30">
		<trans lang="es">
			<word>entierro</word>
		</trans>
		<trans lang="fr">
			<word>enterrement</word>
		</trans>
	</term>
	<term id="31">
		<trans lang="es">
			<word>mordaz</word>
		</trans>
		<trans lang="fr">
			<word>mordant/e</word>
		</trans>
	</term>
	<term id="32">
		<trans lang="es">
			<word>parpadear</word>
		</trans>
		<trans lang="fr">
			<word>cligner des yeux,clignotter</word>
		</trans>
	</term>
	<term id="33">
		<trans lang="es">
			<word>mechero</word>
		</trans>
		<trans lang="fr">
			<word>briquet</word>
		</trans>
	</term>
	<term id="34">
		<trans lang="es">
			<word>navajazo</word>
		</trans>
		<trans lang="fr">
			<word>coup de couteau</word>
		</trans>
	</term>
	<term id="35">
		<trans lang="es">
			<word>vejez</word>
		</trans>
		<trans lang="fr">
			<word>vieillesse</word>
		</trans>
	</term>
	<term id="36">
		<trans lang="es">
			<word>cabello</word>
		</trans>
		<trans lang="fr">
			<word>cheveux</word>
		</trans>
	</term>
	<term id="37">
		<trans lang="es">
			<word>cabal</word>
		</trans>
		<trans lang="fr">
			<word>juste</word>
		</trans>
	</term>
	<term id="38">
		<trans lang="es">
			<word>navaja</word>
		</trans>
		<trans lang="fr">
			<word>couteau</word>
		</trans>
	</term>
	<term id="39">
		<trans lang="es">
			<word>respaldo</word>
		</trans>
		<trans lang="fr">
			<word>dossier,appui</word>
		</trans>
	</term>
	<term id="40">
		<trans lang="es">
			<word>duermevela</word>
		</trans>
		<trans lang="fr">
			<word>demi-sommeil</word>
		</trans>
	</term>
	<term id="41">
		<trans lang="es">
			<word>huida</word>
		</trans>
		<trans lang="fr">
			<word>fuite</word>
		</trans>
	</term>
	<term id="42">
		<trans lang="es">
			<word>osado</word>
		</trans>
		<trans lang="fr">
			<word>audacieux</word>
		</trans>
	</term>
	<term id="43">
		<trans lang="es">
			<word>caza</word>
		</trans>
		<trans lang="fr">
			<word>chasse</word>
		</trans>
	</term>
	<term id="44">
		<trans lang="es">
			<word>tropiezo</word>
		</trans>
		<trans lang="fr">
			<word>faux-pas</word>
		</trans>
	</term>
	<term id="45">
		<trans lang="es">
			<word>vaquero</word>
		</trans>
		<trans lang="fr">
			<word>blue-jeans</word>
		</trans>
	</term>
	<term id="46">
		<trans lang="es">
			<word>despacho</word>
		</trans>
		<trans lang="fr">
			<word>bureau</word>
		</trans>
	</term>
	<term id="47">
		<trans lang="es">
			<word>oquedad</word>
		</trans>
		<trans lang="fr">
			<word>creux,vide</word>
		</trans>
	</term>
	<term id="48">
		<trans lang="es">
			<word>plegar</word>
		</trans>
		<trans lang="fr">
			<word>plier</word>
		</trans>
	</term>
	<term id="49">
		<trans lang="es">
			<word>advenedizo</word>
		</trans>
		<trans lang="fr">
			<word>parvenu</word>
		</trans>
	</term>
	<term id="50">
		<trans lang="es">
			<word>clavo</word>
		</trans>
		<trans lang="fr">
			<word>clou</word>
		</trans>
	</term>
	<term id="51">
		<trans lang="es">
			<word>esconder</word>
		</trans>
		<trans lang="fr">
			<word>cacher</word>
		</trans>
	</term>
	<term id="52">
		<trans lang="es">
			<word>homenaje</word>
		</trans>
		<trans lang="fr">
			<word>hommage</word>
		</trans>
	</term>
	<term id="53">
		<trans lang="es">
			<word>por chamba</word>
		</trans>
		<trans lang="fr">
			<word>par hasard</word>
		</trans>
	</term>
	<term id="54">
		<trans lang="es">
			<word>mostrador</word>
		</trans>
		<trans lang="fr">
			<word>comptoir</word>
		</trans>
	</term>
	<term id="55">
		<trans lang="es">
			<word>sumar</word>
		</trans>
		<trans lang="fr">
			<word>additionner</word>
		</trans>
	</term>
	<term id="56">
		<trans lang="es">
			<word>tumbona</word>
		</trans>
		<trans lang="fr">
			<word>chaise longue</word>
		</trans>
	</term>
	<term id="57">
		<trans lang="es">
			<word>hogar</word>
		</trans>
		<trans lang="fr">
			<word>foyer</word>
		</trans>
	</term>
	<term id="58">
		<trans lang="es">
			<word>gaviota</word>
		</trans>
		<trans lang="fr">
			<word>mouette</word>
		</trans>
	</term>
	<term id="59">
		<trans lang="es">
			<word>malesta</word>
		</trans>
		<trans lang="fr">
			<word>malaise</word>
		</trans>
	</term>
	<term id="60">
		<trans lang="es">
			<word>temporada</word>
		</trans>
		<trans lang="fr">
			<word>saison (touristique)</word>
		</trans>
	</term>
	<term id="61">
		<trans lang="es">
			<word>procurar</word>
		</trans>
		<trans lang="fr">
			<word>essayer de,tenter de,procurer</word>
		</trans>
	</term>
	<term id="62">
		<trans lang="es">
			<word>celda</word>
		</trans>
		<trans lang="fr">
			<word>cellule (prison)</word>
		</trans>
	</term>
	<term id="63">
		<trans lang="es">
			<word>superficie</word>
		</trans>
		<trans lang="fr">
			<word>surface</word>
		</trans>
	</term>
	<term id="64">
		<trans lang="es">
			<word>alba,madrugada</word>
		</trans>
		<trans lang="fr">
			<word>aube</word>
		</trans>
	</term>
	<term id="65">
		<trans lang="es">
			<word>condena</word>
		</trans>
		<trans lang="fr">
			<word>condamnation</word>
		</trans>
	</term>
	<term id="66">
		<trans lang="es">
			<word>encierro</word>
		</trans>
		<trans lang="fr">
			<word>retraite</word>
		</trans>
	</term>
	<term id="67">
		<trans lang="es">
			<word>esfumar</word>
		</trans>
		<trans lang="fr">
			<word>estomper</word>
		</trans>
	</term>
	<term id="68">
		<trans lang="es">
			<word>niebla</word>
		</trans>
		<trans lang="fr">
			<word>brouillard,brume</word>
		</trans>
	</term>
	<term id="69">
		<trans lang="es">
			<word>manguera</word>
		</trans>
		<trans lang="fr">
			<word>tuyau d'arrosage</word>
		</trans>
	</term>
	<term id="70">
		<trans lang="es">
			<word>mueca</word>
		</trans>
		<trans lang="fr">
			<word>grimace</word>
		</trans>
	</term>
	<term id="71">
		<trans lang="es">
			<word>pradera</word>
		</trans>
		<trans lang="fr">
			<word>prairie</word>
		</trans>
	</term>
	<term id="72">
		<trans lang="es">
			<word>loro</word>
		</trans>
		<trans lang="fr">
			<word>perroquet</word>
		</trans>
	</term>
	<term id="73">
		<trans lang="es">
			<word>sudar</word>
		</trans>
		<trans lang="fr">
			<word>suer</word>
		</trans>
	</term>
	<term id="75">
		<trans lang="es">
			<word>pelar</word>
		</trans>
		<trans lang="fr">
			<word>tondre,plumer,peler</word>
		</trans>
	</term>
	<term id="76">
		<trans lang="es">
			<word>polvo</word>
		</trans>
		<trans lang="fr">
			<word>poussière,poudre</word>
		</trans>
	</term>
	<term id="77">
		<trans lang="es">
			<word>índice</word>
		</trans>
		<trans lang="fr">
			<word>index (doigt)</word>
		</trans>
	</term>
	<term id="78">
		<trans lang="es">
			<word>puñetazo</word>
		</trans>
		<trans lang="fr">
			<word>coup de poing</word>
		</trans>
	</term>
	<term id="79">
		<trans lang="es">
			<word>guasón,guasona</word>
		</trans>
		<trans lang="fr">
			<word>blagueur,blagueuse</word>
		</trans>
	</term>
	<term id="80">
		<trans lang="es">
			<word>quemazón</word>
		</trans>
		<trans lang="fr">
			<word>brûlure</word>
		</trans>
	</term>
	<term id="81">
		<trans lang="es">
			<word>estremecer</word>
		</trans>
		<trans lang="fr">
			<word>faire trembler,faire frémir</word>
		</trans>
	</term>
	<term id="82">
		<trans lang="es">
			<word>forastero/a</word>
		</trans>
		<trans lang="fr">
			<word>étrangèr(e)</word>
		</trans>
	</term>
	<term id="83">
		<trans lang="es">
			<word>lápida</word>
		</trans>
		<trans lang="fr">
			<word>pierre tombale</word>
		</trans>
	</term>
	<term id="84">
		<trans lang="es">
			<word>trámite</word>
		</trans>
		<trans lang="fr">
			<word>formalité,démarche</word>
		</trans>
	</term>
	<term id="85">
		<trans lang="es">
			<word>cachear</word>
		</trans>
		<trans lang="fr">
			<word>fouiller</word>
		</trans>
	</term>
	<term id="86">
		<trans lang="es">
			<word>avestruz</word>
		</trans>
		<trans lang="fr">
			<word>autruche</word>
		</trans>
	</term>
	<term id="87">
		<trans lang="es">
			<word>socarrón/a</word>
		</trans>
		<trans lang="fr">
			<word>sournois(e)</word>
		</trans>
	</term>
	<term id="88">
		<trans lang="es">
			<word>lujo</word>
		</trans>
		<trans lang="fr">
			<word>luxe</word>
		</trans>
	</term>
	<term id="89">
		<trans lang="es">
			<word>sobrino</word>
		</trans>
		<trans lang="fr">
			<word>neveu</word>
		</trans>
	</term>
	<term id="90">
		<trans lang="es">
			<word>madrina</word>
		</trans>
		<trans lang="fr">
			<word>marraine</word>
		</trans>
	</term>
	<term id="91">
		<trans lang="es">
			<word>disfrutar</word>
		</trans>
		<trans lang="fr">
			<word>jouir</word>
		</trans>
	</term>
	<term id="92">
		<trans lang="es">
			<word>feria</word>
		</trans>
		<trans lang="fr">
			<word>foire</word>
		</trans>
	</term>
	<term id="93">
		<trans lang="es">
			<word>águila</word>
		</trans>
		<trans lang="fr">
			<word>aigle</word>
		</trans>
	</term>
	<term id="94">
		<trans lang="es">
			<word>murciélago</word>
		</trans>
		<trans lang="fr">
			<word>chauve-souris</word>
		</trans>
	</term>
	<term id="95">
		<trans lang="es">
			<word>torcer</word>
		</trans>
		<trans lang="fr">
			<word>tordre,dévier</word>
		</trans>
	</term>
	<term id="96">
		<trans lang="es">
			<word>maniobrar</word>
		</trans>
		<trans lang="fr">
			<word>manoeuvrer</word>
		</trans>
	</term>
	<term id="97">
		<trans lang="es">
			<word>desconfiar</word>
		</trans>
		<trans lang="fr">
			<word>se méfier</word>
		</trans>
	</term>
	<term id="98">
		<trans lang="es">
			<word>capilla</word>
		</trans>
		<trans lang="fr">
			<word>chapelle</word>
		</trans>
	</term>
	<term id="99">
		<trans lang="es">
			<word>farol</word>
		</trans>
		<trans lang="fr">
			<word>lanterne</word>
		</trans>
	</term>
	<term id="100">
		<trans lang="es">
			<word>vela</word>
		</trans>
		<trans lang="fr">
			<word>bougie</word>
		</trans>
	</term>
	<term id="101">
		<trans lang="es">
			<word>tapia</word>
		</trans>
		<trans lang="fr">
			<word>mur</word>
		</trans>
	</term>
	<term id="102">
		<trans lang="es">
			<word>rezar</word>
		</trans>
		<trans lang="fr">
			<word>prier</word>
		</trans>
	</term>
	<term id="103">
		<trans lang="es">
			<word>rezo</word>
		</trans>
		<trans lang="fr">
			<word>prière</word>
		</trans>
	</term>
	<term id="104">
		<trans lang="es">
			<word>cautela</word>
		</trans>
		<trans lang="fr">
			<word>soin</word>
		</trans>
		<comment languages="es-fr">Con cautela.
Avec soin.</comment>
	</term>
	<term id="105">
		<trans lang="es">
			<word>hueco</word>
		</trans>
		<trans lang="fr">
			<word>creux (n.)</word>
		</trans>
	</term>
	<term id="106">
		<trans lang="es">
			<word>brasa</word>
		</trans>
		<trans lang="fr">
			<word>braise</word>
		</trans>
	</term>
	<term id="107">
		<trans lang="es">
			<word>cosecha</word>
		</trans>
		<trans lang="fr">
			<word>récolte</word>
		</trans>
	</term>
	<term id="108">
		<trans lang="es">
			<word>sequía</word>
		</trans>
		<trans lang="fr">
			<word>sécheresse</word>
		</trans>
	</term>
	<term id="109">
		<trans lang="es">
			<word>hombro</word>
		</trans>
		<trans lang="fr">
			<word>épaule</word>
		</trans>
	</term>
	<term id="110">
		<trans lang="es">
			<word>ahorcar</word>
		</trans>
		<trans lang="fr">
			<word>pendre</word>
		</trans>
	</term>
	<term id="111">
		<trans lang="es">
			<word>agarrar</word>
		</trans>
		<trans lang="fr">
			<word>saisir,empoigner</word>
		</trans>
	</term>
	<term id="112">
		<trans lang="es">
			<word>azar</word>
		</trans>
		<trans lang="fr">
			<word>hasard</word>
		</trans>
	</term>
	<term id="113">
		<trans lang="es">
			<word>envejecer</word>
		</trans>
		<trans lang="fr">
			<word>vieillir</word>
		</trans>
	</term>
	<term id="114">
		<trans lang="es">
			<word>rastro</word>
		</trans>
		<trans lang="fr">
			<word>trace</word>
		</trans>
	</term>
	<term id="115">
		<trans lang="es">
			<word>huellas dactilares</word>
		</trans>
		<trans lang="fr">
			<word>empreintes digitales</word>
		</trans>
	</term>
	<term id="116">
		<trans lang="es">
			<word>mancha</word>
		</trans>
		<trans lang="fr">
			<word>tache</word>
		</trans>
	</term>
	<term id="117">
		<trans lang="es">
			<word>despedir</word>
		</trans>
		<trans lang="fr">
			<word>reconduire,accompagner,renvoyer,licencier,jeter,lancer</word>
		</trans>
	</term>
	<term id="118">
		<trans lang="es">
			<word>cuaderno</word>
		</trans>
		<trans lang="fr">
			<word>cahier</word>
		</trans>
	</term>
	<term id="119">
		<trans lang="es">
			<word>herida </word>
		</trans>
		<trans lang="fr">
			<word>blessure</word>
		</trans>
	</term>
	<term id="120">
		<trans lang="es">
			<word>escaso</word>
		</trans>
		<trans lang="fr">
			<word>faible</word>
		</trans>
	</term>
	<term id="121">
		<trans lang="es">
			<word>encanto</word>
		</trans>
		<trans lang="fr">
			<word>enchantement</word>
		</trans>
	</term>
	<term id="122">
		<trans lang="es">
			<word>herramienta</word>
		</trans>
		<trans lang="fr">
			<word>outil</word>
		</trans>
	</term>
	<term id="123">
		<trans lang="es">
			<word>soltura</word>
		</trans>
		<trans lang="fr">
			<word>aisance</word>
		</trans>
	</term>
	<term id="124">
		<trans lang="es">
			<word>asustar</word>
		</trans>
		<trans lang="fr">
			<word>effrayer,faire peur</word>
		</trans>
	</term>
	<term id="125">
		<trans lang="es">
			<word>deslumbrar</word>
		</trans>
		<trans lang="fr">
			<word>éblouir</word>
		</trans>
	</term>
	<term id="126">
		<trans lang="es">
			<word>tenedor</word>
		</trans>
		<trans lang="fr">
			<word>fourchette</word>
		</trans>
	</term>
	<term id="127">
		<trans lang="es">
			<word>apacible</word>
		</trans>
		<trans lang="fr">
			<word>calme,paisible</word>
		</trans>
	</term>
	<term id="128">
		<trans lang="es">
			<word>alijo</word>
		</trans>
		<trans lang="fr">
			<word>contrebande</word>
		</trans>
	</term>
	<term id="129">
		<trans lang="es">
			<word>eje</word>
		</trans>
		<trans lang="fr">
			<word>axe</word>
		</trans>
	</term>
	<term id="130">
		<trans lang="es">
			<word>foco</word>
		</trans>
		<trans lang="fr">
			<word>projecteur</word>
		</trans>
	</term>
	<term id="131">
		<trans lang="es">
			<word>engañar</word>
		</trans>
		<trans lang="fr">
			<word>tromper</word>
		</trans>
	</term>
	<term id="132">
		<trans lang="es">
			<word>señuelo</word>
		</trans>
		<trans lang="fr">
			<word>leurre</word>
		</trans>
	</term>
	<term id="133">
		<trans lang="es">
			<word>vaivén</word>
		</trans>
		<trans lang="fr">
			<word>va-et-vient</word>
		</trans>
	</term>
	<term id="134">
		<trans lang="es">
			<word>afán</word>
		</trans>
		<trans lang="fr">
			<word>ardeur,soif,désir</word>
		</trans>
	</term>
	<term id="135">
		<trans lang="es">
			<word>encuesta</word>
		</trans>
		<trans lang="fr">
			<word>enquête</word>
		</trans>
	</term>
	<term id="136">
		<trans lang="es">
			<word>pendejo</word>
		</trans>
		<trans lang="fr">
			<word>crétin</word>
		</trans>
	</term>
	<term id="137">
		<trans lang="es">
			<word>pega</word>
		</trans>
		<trans lang="fr">
			<word>difficulté,"colle"</word>
		</trans>
	</term>
	<term id="138">
		<trans lang="es">
			<word>tela de araña</word>
		</trans>
		<trans lang="fr">
			<word>toile d'araignée</word>
		</trans>
	</term>
	<term id="139">
		<trans lang="es">
			<word>hallar/se</word>
		</trans>
		<trans lang="fr">
			<word>trouver/se trouver</word>
		</trans>
	</term>
	<term id="140">
		<trans lang="es">
			<word>matiz</word>
		</trans>
		<trans lang="fr">
			<word>nuance</word>
		</trans>
	</term>
	<term id="141">
		<trans lang="es">
			<word>intuir </word>
		</trans>
		<trans lang="fr">
			<word>deviner</word>
		</trans>
	</term>
	<term id="142">
		<trans lang="es">
			<word>amargor,amargura</word>
		</trans>
		<trans lang="fr">
			<word>amertume</word>
		</trans>
	</term>
	<term id="143">
		<trans lang="es">
			<word>peldañolos (de la escalera)</word>
		</trans>
		<trans lang="fr">
			<word>marches d'escalier</word>
		</trans>
	</term>
	<term id="144">
		<trans lang="es">
			<word>osadía</word>
		</trans>
		<trans lang="fr">
			<word>audace,ardiesse</word>
		</trans>
	</term>
	<term id="145">
		<trans lang="es">
			<word>sobremesa</word>
		</trans>
		<trans lang="fr">
			<word>après le repas</word>
		</trans>
	</term>
	<term id="146">
		<trans lang="es">
			<word>derrota</word>
		</trans>
		<trans lang="fr">
			<word>défaite</word>
		</trans>
	</term>
	<term id="147">
		<trans lang="es">
			<word>tesoro</word>
		</trans>
		<trans lang="fr">
			<word>trésor</word>
		</trans>
	</term>
	<term id="148">
		<trans lang="es">
			<word>malvado</word>
		</trans>
		<trans lang="fr">
			<word>méchant</word>
		</trans>
	</term>
	<term id="149">
		<trans lang="es">
			<word>ráfaga</word>
		</trans>
		<trans lang="fr">
			<word>rafale</word>
		</trans>
	</term>
	<term id="150">
		<trans lang="es">
			<word>nitidez</word>
		</trans>
		<trans lang="fr">
			<word>netteté</word>
		</trans>
	</term>
	<term id="151">
		<trans lang="es">
			<word>crío</word>
		</trans>
		<trans lang="fr">
			<word>gosse (enfant)</word>
		</trans>
	</term>
	<term id="152">
		<trans lang="es">
			<word>alborotar</word>
		</trans>
		<trans lang="fr">
			<word>jeter le trouble</word>
		</trans>
	</term>
	<term id="153">
		<trans lang="es">
			<word>comprobar</word>
		</trans>
		<trans lang="fr">
			<word>vérifier,confirmer,prouver</word>
		</trans>
	</term>
	<term id="154">
		<trans lang="es">
			<word>lejía</word>
		</trans>
		<trans lang="fr">
			<word>eau de javel</word>
		</trans>
	</term>
	<term id="155">
		<trans lang="es">
			<word>preso</word>
		</trans>
		<trans lang="fr">
			<word>prisonnier,détenu</word>
		</trans>
	</term>
	<term id="156">
		<trans lang="es">
			<word>preña</word>
		</trans>
		<trans lang="fr">
			<word>enceinte</word>
		</trans>
	</term>
	<term id="157">
		<trans lang="es">
			<word>alambro/ada</word>
		</trans>
		<trans lang="fr">
			<word>clôture de fils barbelés</word>
		</trans>
	</term>
	<term id="158">
		<trans lang="es">
			<word>... o algo parecido.</word>
		</trans>
		<trans lang="fr">
			<word>... ou qqch comme ca.</word>
		</trans>
	</term>
	<term id="159">
		<trans lang="es">
			<word>féretro</word>
		</trans>
		<trans lang="fr">
			<word>cercueuil</word>
		</trans>
	</term>
	<term id="160">
		<trans lang="es">
			<word>paradero</word>
		</trans>
		<trans lang="fr">
			<word>le sort,le destin de qqch.</word>
		</trans>
	</term>
	<term id="161">
		<trans lang="es">
			<word>párrafo</word>
		</trans>
		<trans lang="fr">
			<word>paragraphe</word>
		</trans>
	</term>
	<term id="162">
		<trans lang="es">
			<word>polo opueso</word>
		</trans>
		<trans lang="fr">
			<word>pôle inverse</word>
		</trans>
	</term>
	<term id="163">
		<trans lang="es">
			<word>escayola(r)</word>
		</trans>
		<trans lang="fr">
			<word>plâtre(r)</word>
		</trans>
	</term>
	<term id="164">
		<trans lang="es">
			<word>gentío</word>
		</trans>
		<trans lang="fr">
			<word>foule</word>
		</trans>
	</term>
	<term id="165">
		<trans lang="es">
			<word>cepillar</word>
		</trans>
		<trans lang="fr">
			<word>brosser</word>
		</trans>
	</term>
	<term id="166">
		<trans lang="es">
			<word>salpicar</word>
		</trans>
		<trans lang="fr">
			<word>éclabousser</word>
		</trans>
	</term>
	<term id="167">
		<trans lang="es">
			<word>vislumbar,atisbar</word>
		</trans>
		<trans lang="fr">
			<word>entrevoir</word>
		</trans>
	</term>
	<term id="168">
		<trans lang="es">
			<word>tener agallas</word>
		</trans>
		<trans lang="fr">
			<word>avoir du cran</word>
		</trans>
	</term>
	<term id="169">
		<trans lang="es">
			<word>relámpago</word>
		</trans>
		<trans lang="fr">
			<word>éclair</word>
		</trans>
	</term>
	<term id="170">
		<trans lang="es">
			<word>lamer</word>
		</trans>
		<trans lang="fr">
			<word>lécher</word>
		</trans>
	</term>
	<term id="171">
		<trans lang="es">
			<word>escueto/a</word>
		</trans>
		<trans lang="fr">
			<word>concis(e)</word>
		</trans>
	</term>
	<term id="172">
		<trans lang="es">
			<word>sembrar</word>
		</trans>
		<trans lang="fr">
			<word>semer</word>
		</trans>
	</term>
	<term id="173">
		<trans lang="es">
			<word>entregar</word>
		</trans>
		<trans lang="fr">
			<word>remettre,livrer</word>
		</trans>
	</term>
	<term id="174">
		<trans lang="es">
			<word>entrega</word>
		</trans>
		<trans lang="fr">
			<word>remise</word>
		</trans>
	</term>
	<term id="175">
		<trans lang="es">
			<word>buque</word>
		</trans>
		<trans lang="fr">
			<word>navire</word>
		</trans>
	</term>
	<term id="176">
		<trans lang="es">
			<word>bombilla</word>
		</trans>
		<trans lang="fr">
			<word>ampoule</word>
		</trans>
	</term>
	<term id="177">
		<trans lang="es">
			<word>guiar</word>
		</trans>
		<trans lang="fr">
			<word>guider,conduire</word>
		</trans>
	</term>
	<term id="178">
		<trans lang="es">
			<word>aliviar/o</word>
		</trans>
		<trans lang="fr">
			<word>soulager/soulagement</word>
		</trans>
	</term>
	<term id="179">
		<trans lang="es">
			<word>pantalla</word>
		</trans>
		<trans lang="fr">
			<word>écran</word>
		</trans>
	</term>
	<term id="180">
		<trans lang="es">
			<word>llano/a</word>
		</trans>
		<trans lang="fr">
			<word>plat(e)</word>
		</trans>
	</term>
	<term id="181">
		<trans lang="es">
			<word>honra</word>
		</trans>
		<trans lang="fr">
			<word>honneur</word>
		</trans>
	</term>
	<term id="182">
		<trans lang="es">
			<word>acantilado</word>
		</trans>
		<trans lang="fr">
			<word>falaise</word>
		</trans>
	</term>
	<term id="183">
		<trans lang="es">
			<word>caño</word>
		</trans>
		<trans lang="fr">
			<word>tuyau</word>
		</trans>
	</term>
	<term id="184">
		<trans lang="es">
			<word>sueldo</word>
		</trans>
		<trans lang="fr">
			<word>salaire,solde</word>
		</trans>
	</term>
	<term id="185">
		<trans lang="es">
			<word>indumento</word>
		</trans>
		<trans lang="fr">
			<word>vêtement</word>
		</trans>
	</term>
	<term id="186">
		<trans lang="es">
			<word>rumbo</word>
		</trans>
		<trans lang="fr">
			<word>cap,direction</word>
		</trans>
		<comment languages="es-fr">mantener el rumbo
maintenir le cap</comment>
	</term>
	<term id="187">
		<trans lang="es">
			<word>harto/a/ar</word>
		</trans>
		<trans lang="fr">
			<word>rassasié/e/er (las, fatigué)</word>
		</trans>
	</term>
	<term id="188">
		<trans lang="es">
			<word>husmear</word>
		</trans>
		<trans lang="fr">
			<word>flairer,renifler</word>
		</trans>
	</term>
	<term id="189">
		<trans lang="es">
			<word>chupada</word>
		</trans>
		<trans lang="fr">
			<word>bouffée</word>
		</trans>
	</term>
	<term id="190">
		<trans lang="es">
			<word>axila</word>
		</trans>
		<trans lang="fr">
			<word>aisselle</word>
		</trans>
	</term>
	<term id="191">
		<trans lang="es">
			<word>vencido/a</word>
		</trans>
		<trans lang="fr">
			<word>vaincu/e</word>
		</trans>
	</term>
	<term id="192">
		<trans lang="es">
			<word>acudir</word>
		</trans>
		<trans lang="fr">
			<word>aller,se rendre à,arriver,venir</word>
		</trans>
	</term>
	<term id="193">
		<trans lang="es">
			<word>auge</word>
		</trans>
		<trans lang="fr">
			<word>apogée,essor</word>
		</trans>
	</term>
	<term id="194">
		<trans lang="es">
			<word>estrecimiento</word>
		</trans>
		<trans lang="fr">
			<word>tremblement</word>
		</trans>
	</term>
	<term id="195">
		<trans lang="es">
			<word>vislumbre</word>
		</trans>
		<trans lang="fr">
			<word>indice,soupçon</word>
		</trans>
	</term>
	<term id="196">
		<trans lang="es">
			<word>búho</word>
		</trans>
		<trans lang="fr">
			<word>hibou</word>
		</trans>
	</term>
	<term id="197">
		<trans lang="es">
			<word>recelar</word>
		</trans>
		<trans lang="fr">
			<word>soupçonner,méfier,craindre</word>
		</trans>
	</term>
	<term id="198">
		<trans lang="es">
			<word>a medida</word>
		</trans>
		<trans lang="fr">
			<word>à mesure,au fur et à mesure</word>
		</trans>
	</term>
	<term id="199">
		<trans lang="es">
			<word>trajinar</word>
		</trans>
		<trans lang="fr">
			<word>s'activer,se mettre les mains à la pâte</word>
		</trans>
	</term>
	<term id="200">
		<trans lang="es">
			<word>ceño</word>
		</trans>
		<trans lang="fr">
			<word>froncement de sourcils</word>
		</trans>
	</term>
	<term id="201">
		<trans lang="es">
			<word>costra</word>
		</trans>
		<trans lang="fr">
			<word>croûte</word>
		</trans>
	</term>
	<term id="202">
		<trans lang="es">
			<word>sartén</word>
		</trans>
		<trans lang="fr">
			<word>poêle à frire</word>
		</trans>
	</term>
	<term id="203">
		<trans lang="es">
			<word>muelle</word>
		</trans>
		<trans lang="fr">
			<word>quai (port,station)</word>
		</trans>
	</term>
	<term id="204">
		<trans lang="es">
			<word>eslabón</word>
		</trans>
		<trans lang="fr">
			<word>maillon</word>
		</trans>
	</term>
	<term id="205">
		<trans lang="es">
			<word>tarea</word>
		</trans>
		<trans lang="fr">
			<word>tâche,travail</word>
		</trans>
	</term>
	<term id="206">
		<trans lang="es">
			<word>bostezo</word>
		</trans>
		<trans lang="fr">
			<word>bâillement</word>
		</trans>
	</term>
	<term id="207">
		<trans lang="es">
			<word>arrojarse</word>
		</trans>
		<trans lang="fr">
			<word>se jeter</word>
		</trans>
	</term>
	<term id="208">
		<trans lang="es">
			<word>previo/a</word>
		</trans>
		<trans lang="fr">
			<word>préalable, après</word>
		</trans>
		<comment languages="es-fr">previa entrega del cupón
après remise du coupon</comment>
	</term>
	<term id="209">
		<trans lang="es">
			<word>vínculo</word>
		</trans>
		<trans lang="fr">
			<word>lien</word>
		</trans>
	</term>
	<term id="210">
		<trans lang="es">
			<word>ademán</word>
		</trans>
		<trans lang="fr">
			<word>geste,attitude,manières,façons</word>
		</trans>
		<comment languages="es-fr">hacer adenán de...
faire mine de...</comment>
	</term>
</glossary>
