<?xml version="1.0"?>
<glossary id="326" name="JCS3-25" author="">
	<desc></desc>
	<term id="1">
		<trans lang="en">
			<word>fish   +</word>
		</trans>
		<trans lang="ja">
			<word>魚</word>
			<alt>sakana</alt>
		</trans>
	</term>
	<term id="2">
		<trans lang="en">
			<word>meat   +</word>
		</trans>
		<trans lang="ja">
			<word>肉</word>
			<alt>niku</alt>
		</trans>
	</term>
	<term id="3">
		<trans lang="en">
			<word>vegetables   +</word>
		</trans>
		<trans lang="ja">
			<word>野さい</word>
			<alt>yasai</alt>
		</trans>
	</term>
	<term id="4">
		<trans lang="en">
			<word>dog   +</word>
		</trans>
		<trans lang="ja">
			<word>犬</word>
			<alt>inu</alt>
		</trans>
	</term>
	<term id="5">
		<trans lang="en">
			<word>cooked rice, meal   +</word>
		</trans>
		<trans lang="ja">
			<word>ご飯</word>
			<alt>gohan</alt>
		</trans>
	</term>
	<term id="6">
		<trans lang="en">
			<word>interest, hobby   +</word>
		</trans>
		<trans lang="ja">
			<word>しゅ味</word>
			<alt>shumi</alt>
		</trans>
	</term>
	<term id="7">
		<trans lang="en">
			<word>distant place, far away</word>
		</trans>
		<trans lang="ja">
			<word>とおく</word>
			<alt>tooku</alt>
		</trans>
	</term>
	<term id="8">
		<trans lang="en">
			<word>au be on time, make it</word>
		</trans>
		<trans lang="ja">
			<word>間にあう</word>
			<alt>mani</alt>
		</trans>
	</term>
	<term id="9">
		<trans lang="en">
			<word>(TV/radio) programme</word>
		</trans>
		<trans lang="ja">
			<word>ばんぐみ</word>
			<alt>bangumi</alt>
		</trans>
	</term>
	<term id="10">
		<trans lang="en">
			<word>pick up, find; get (a taxi)</word>
		</trans>
		<trans lang="ja">
			<word>ひろう</word>
			<alt>hirou</alt>
		</trans>
	</term>
	<term id="11">
		<trans lang="en">
			<word>bird   +</word>
		</trans>
		<trans lang="ja">
			<word>鳥</word>
			<alt>tori</alt>
		</trans>
	</term>
	<term id="12">
		<trans lang="en">
			<word>be late, be behind time</word>
		</trans>
		<trans lang="ja">
			<word>ちこくする</word>
			<alt>chikokusuru</alt>
		</trans>
	</term>
	<term id="13">
		<trans lang="en">
			<word>manual</word>
		</trans>
		<trans lang="ja">
			<word>マニュアル</word>
			<alt>manyuaru</alt>
		</trans>
	</term>
	<term id="14">
		<trans lang="en">
			<word>embassy</word>
		</trans>
		<trans lang="ja">
			<word>大使館</word>
			<alt>taishikan</alt>
		</trans>
	</term>
	<term id="15">
		<trans lang="en">
			<word>apologise</word>
		</trans>
		<trans lang="ja">
			<word>あやまる</word>
			<alt>ayamaru</alt>
		</trans>
	</term>
	<term id="16">
		<trans lang="en">
			<word>ticket</word>
		</trans>
		<trans lang="ja">
			<word>チケット</word>
			<alt>chiketto</alt>
		</trans>
	</term>
	<term id="17">
		<trans lang="en">
			<word>play guide</word>
		</trans>
		<trans lang="ja">
			<word>プレイガイド</word>
			<alt>pureigaido</alt>
		</trans>
	</term>
	<term id="18">
		<trans lang="en">
			<word>marriage, marry</word>
		</trans>
		<trans lang="ja">
			<word>けっこん [する]</word>
			<alt>kekkon</alt>
		</trans>
	</term>
	<term id="19">
		<trans lang="en">
			<word>wedding, marriage (ceremony)</word>
		</trans>
		<trans lang="ja">
			<word>けっこんしき</word>
			<alt>kekkonshiki</alt>
		</trans>
	</term>
	<term id="20">
		<trans lang="en">
			<word>realtor, estate agent</word>
		</trans>
		<trans lang="ja">
			<word>ぶ動さん屋</word>
			<alt>budoosan'ya</alt>
		</trans>
	</term>
	<term id="21">
		<trans lang="en">
			<word>play, drama</word>
		</trans>
		<trans lang="ja">
			<word>げき</word>
			<alt>geki</alt>
		</trans>
	</term>
	<term id="22">
		<trans lang="en">
			<word>participation, participate, join</word>
		</trans>
		<trans lang="ja">
			<word>さんか [する]</word>
			<alt>sanka</alt>
		</trans>
	</term>
	<term id="23">
		<trans lang="en">
			<word>over and over</word>
		</trans>
		<trans lang="ja">
			<word>何ども</word>
			<alt>nandomo</alt>
		</trans>
	</term>
	<term id="24">
		<trans lang="en">
			<word>reply, answer</word>
		</trans>
		<trans lang="ja">
			<word>へん事 [する]</word>
			<alt>henji</alt>
		</trans>
	</term>
	<term id="25">
		<trans lang="en">
			<word>cow, bull, ox   +</word>
		</trans>
		<trans lang="ja">
			<word>牛</word>
			<alt>ushi</alt>
		</trans>
	</term>
</glossary>
