<?xml version="1.0"?>
<glossary id="416" name="p314-325" author="Frédéric Bergeron">
	<desc></desc>
	<term id="1">
		<trans lang="es">
			<word>encomienda</word>
		</trans>
		<trans lang="fr">
			<word>charge (de travail),responsabilité</word>
		</trans>
	</term>
	<term id="2">
		<trans lang="es">
			<word>iracundo</word>
		</trans>
		<trans lang="fr">
			<word>coléreux</word>
		</trans>
	</term>
	<term id="3">
		<trans lang="es">
			<word>tinieblas</word>
		</trans>
		<trans lang="fr">
			<word>ténèbres</word>
		</trans>
	</term>
	<term id="4">
		<trans lang="es">
			<word>zozobrante</word>
		</trans>
		<trans lang="fr">
			<word>angoissant</word>
		</trans>
		<comment languages="es-fr">zozobrantes dudas: des doutes angoissants</comment>
	</term>
	<term id="5">
		<trans lang="es">
			<word>cadera</word>
		</trans>
		<trans lang="fr">
			<word>hanche</word>
		</trans>
	</term>
</glossary>
