<?xml version="1.0"?>
<glossary id="103" name="3.2.2" author="Frédéric Bergeron">
	<desc></desc>
	<term id="1">
		<trans lang="en">
			<word>futility,uselessness</word>
		</trans>
		<trans lang="ja">
			<word>無駄</word>
			<alt>むだ</alt>
		</trans>
	</term>
	<term id="2">
		<trans lang="en">
			<word>start,commencement,beginning (to)</word>
		</trans>
		<trans lang="ja">
			<word>開始(する)</word>
			<alt>かいし(する)</alt>
		</trans>
	</term>
	<term id="3">
		<trans lang="en">
			<word>to finish,to end,to be completed</word>
		</trans>
		<trans lang="ja">
			<word>済む</word>
			<alt>すむ</alt>
		</trans>
	</term>
	<term id="4">
		<trans lang="en">
			<word>on and after,hereafter,thereafter</word>
		</trans>
		<trans lang="ja">
			<word>以降</word>
			<alt>いこう</alt>
		</trans>
	</term>
	<term id="5">
		<trans lang="en">
			<word>lie,falsehood,(logical) false,deception</word>
		</trans>
		<trans lang="ja">
			<word>偽</word>
			<alt>ぎ</alt>
		</trans>
	</term>
	<term id="6">
		<trans lang="en">
			<word>(pref) just,right,due (east),pure,genuine,true</word>
		</trans>
		<trans lang="ja">
			<word>真</word>
			<alt>ま</alt>
		</trans>
		<comment languages="en-ja">Opposite of 偽 (false) for logical conditions.</comment>
	</term>
</glossary>
