<?xml version="1.0"?>
<glossary id="262" name="50" author="Frédéric Bergeron">
	<desc></desc>
	<term id="1" imagePath="1.gif">
		<trans lang="en">
			<word>improvement,reform (to)</word>
		</trans>
		<trans lang="ja">
			<word>改良(する)</word>
			<alt>かいりょう(する)</alt>
		</trans>
		<comment languages="en-ja">改良を加える。
We are performing a reform.</comment>
	</term>
	<term id="2">
		<trans lang="en">
			<word>to append,to sum up,to add (up),to include,to increase,to inflict</word>
		</trans>
		<trans lang="ja">
			<word>加える</word>
			<alt>くわえる</alt>
		</trans>
		<comment languages="en-ja">改良を加える。
We are performing a reform.</comment>
	</term>
	<term id="3" imagePath="3.gif">
		<trans lang="en">
			<word>inferior goods,defective product</word>
		</trans>
		<trans lang="ja">
			<word>不良品</word>
			<alt>ふりょうひん</alt>
		</trans>
		<comment languages="en-ja">そこに不良品を集める。
I gather the inferior goods there.</comment>
	</term>
	<term id="4" imagePath="4.gif">
		<trans lang="en">
			<word>fruit,nut,berry</word>
		</trans>
		<trans lang="ja">
			<word>果実</word>
			<alt>かじつ</alt>
		</trans>
		<comment languages="en-ja">見事な果実が実った。
It's bearing admirable fruits.</comment>
	</term>
	<term id="5">
		<trans lang="en">
			<word>splendid,magnificent,beautiful,admirable</word>
		</trans>
		<trans lang="ja">
			<word>見事</word>
			<alt>みごと</alt>
		</trans>
		<comment languages="en-ja">見事な果実が実った。
It's bearing admirable fruits.</comment>
	</term>
	<term id="6">
		<trans lang="en">
			<word>to bear fruit,to ripen</word>
		</trans>
		<trans lang="ja">
			<word>実る</word>
			<alt>みのる</alt>
		</trans>
		<comment languages="en-ja">見事な果実が実った。
It's bearing admirable fruits.</comment>
	</term>
	<term id="7">
		<trans lang="en">
			<word>order,system,structure,set-up,organization</word>
		</trans>
		<trans lang="ja">
			<word>体制</word>
			<alt>たいせい</alt>
		</trans>
	</term>
	<term id="8">
		<trans lang="en">
			<word>to try,to test</word>
		</trans>
		<trans lang="ja">
			<word>試みる</word>
			<alt>こころみる</alt>
		</trans>
	</term>
	<term id="9">
		<trans lang="en">
			<word>settlement,conclusion,regulation,rule,custom</word>
		</trans>
		<trans lang="ja">
			<word>決まり</word>
			<alt>きまり</alt>
		</trans>
		<comment languages="en-ja">学校の決まりを改正する。
They are amending the school's regulation.</comment>
	</term>
	<term id="10">
		<trans lang="en">
			<word>revision,amendment,alteration (to)</word>
		</trans>
		<trans lang="ja">
			<word>改正(する)</word>
			<alt>かいせい(する)</alt>
		</trans>
		<comment languages="en-ja">学校の決まりを改正する。
They are amending the school's regulation.</comment>
	</term>
	<term id="11">
		<trans lang="en">
			<word>conclusion,completion</word>
		</trans>
		<trans lang="ja">
			<word>完結</word>
			<alt>かんけつ</alt>
		</trans>
		<comment languages="en-ja">物語りが完結した。
And so concluded the story.</comment>
	</term>
	<term id="12" imagePath="12.gif">
		<trans lang="en">
			<word>the best,ideal</word>
		</trans>
		<trans lang="ja">
			<word>最良</word>
			<alt>さいりょう</alt>
		</trans>
		<comment languages="en-ja">最良の結果が出た。
They produced the best results.</comment>
	</term>
	<term id="13" imagePath="13.gif">
		<trans lang="en">
			<word>directions,rules of use</word>
		</trans>
		<trans lang="ja">
			<word>用法</word>
			<alt>ようほう</alt>
		</trans>
		<comment languages="en-ja">薬の用法に注意してください。
Pay attention to the medicine's directions.</comment>
	</term>
	<term id="14">
		<trans lang="en">
			<word>combination,union (to)</word>
		</trans>
		<trans lang="ja">
			<word>結合(する)</word>
			<alt>けつごう(する)</alt>
		</trans>
		<comment languages="en-ja">二つの材料を結合する。
He combines both ingredients.

[Used in chemistry]</comment>
	</term>
	<term id="15" imagePath="15.gif">
		<trans lang="en">
			<word>conscience</word>
		</trans>
		<trans lang="ja">
			<word>良心</word>
			<alt>りょうしん</alt>
		</trans>
	</term>
	<term id="16">
		<trans lang="en">
			<word>to feel ashamed</word>
		</trans>
		<trans lang="ja">
			<word>恥じる</word>
			<alt>はじる</alt>
		</trans>
	</term>
</glossary>
