<?xml version="1.0"?>
<glossary id="293" name="8.3.3" author="Frédéric Bergeron">
	<desc></desc>
	<term id="1">
		<trans lang="en">
			<word>coincidence,agreement,union,match,conformity,consistency,co-operation (to)</word>
		</trans>
		<trans lang="ja">
			<word>一致(する)</word>
			<alt>いっち(する)</alt>
		</trans>
	</term>
	<term id="2">
		<trans lang="en">
			<word>request,demand,requisition (to)</word>
		</trans>
		<trans lang="ja">
			<word>要求(する)</word>
			<alt>ようきゅう(する)</alt>
		</trans>
	</term>
	<term id="3">
		<trans lang="en">
			<word>cheerful,buoyant,lighthearted</word>
		</trans>
		<trans lang="ja">
			<word>気軽</word>
			<alt>きがる</alt>
		</trans>
	</term>
	<term id="4">
		<trans lang="en">
			<word>perception,intuition,the sixth sense</word>
		</trans>
		<trans lang="ja">
			<word>勘</word>
			<alt>かん</alt>
		</trans>
	</term>
</glossary>
