<?xml version="1.0"?>
<glossary id="26" name="1.03.2" author="Frédéric Bergeron">
	<desc></desc>
	<term id="1">
		<trans lang="en">
			<word>an end,a stop,punctuation,delimiter</word>
		</trans>
		<trans lang="ja">
			<word>区切り</word>
			<alt>くぎり</alt>
		</trans>
		<comment languages="en-ja">名前のあいだに「、」を付けて区切る。
We delimitate the names putting a comma between them.</comment>
	</term>
	<term id="2">
		<trans lang="en">
			<word>to enclose</word>
		</trans>
		<trans lang="ja">
			<word>囲う</word>
			<alt>かこう</alt>
		</trans>
		<comment languages="en-ja">コメントをかっこで囲う。
Enclose your comments between parenthesis.</comment>
	</term>
	<term id="3">
		<trans lang="en">
			<word>interpretation,explanation (to)</word>
		</trans>
		<trans lang="ja">
			<word>解釈(する)</word>
			<alt>かいしゃく(する)</alt>
		</trans>
		<comment languages="en-ja">この規制はいくとおりにも解釈できる。
This rule reads several ways.

この詩をどのように解釈しますか。
How do you interpret this poem?</comment>
	</term>
</glossary>
