<?xml version="1.0"?>
<glossary id="364" name="Lektion 05" author="Frédéric Bergeron">
	<desc></desc>
	<term id="1">
		<trans lang="de">
			<word>Getränk (n.)</word>
		</trans>
		<trans lang="fr">
			<word>boisson (f.)</word>
		</trans>
	</term>
	<term id="2">
		<trans lang="de">
			<word>Reis (m.)</word>
		</trans>
		<trans lang="fr">
			<word>riz (m.)</word>
		</trans>
	</term>
	<term id="3">
		<trans lang="de">
			<word>Nudeln</word>
		</trans>
		<trans lang="fr">
			<word>nouilles</word>
		</trans>
	</term>
	<term id="4">
		<trans lang="de">
			<word>Brot (n.)</word>
		</trans>
		<trans lang="fr">
			<word>pain</word>
		</trans>
	</term>
	<term id="5">
		<trans lang="de">
			<word>Brötchen (n.)</word>
		</trans>
		<trans lang="fr">
			<word>petit pain</word>
		</trans>
	</term>
	<term id="6">
		<trans lang="de">
			<word>Mineralwasser (n.)</word>
		</trans>
		<trans lang="fr">
			<word>eau minérale</word>
		</trans>
	</term>
	<term id="7">
		<trans lang="de">
			<word>Limonade (f.)</word>
		</trans>
		<trans lang="fr">
			<word>limonade (f.)</word>
		</trans>
	</term>
	<term id="8">
		<trans lang="de">
			<word>Fisch (m.)</word>
		</trans>
		<trans lang="fr">
			<word>poisson (m.)</word>
		</trans>
	</term>
	<term id="9">
		<trans lang="de">
			<word>Fleisch (n.)</word>
		</trans>
		<trans lang="fr">
			<word>viande (f.)</word>
		</trans>
	</term>
	<term id="10">
		<trans lang="de">
			<word>Ei(er) (n.)</word>
		</trans>
		<trans lang="fr">
			<word>oeuf(s)</word>
		</trans>
	</term>
	<term id="11">
		<trans lang="de">
			<word>Gemüse (n.)</word>
		</trans>
		<trans lang="fr">
			<word>légume (m.)</word>
		</trans>
	</term>
	<term id="12">
		<trans lang="de">
			<word>Kopfsalat (m.)</word>
		</trans>
		<trans lang="fr">
			<word>laitue (f.)</word>
		</trans>
	</term>
	<term id="13">
		<trans lang="de">
			<word>Paprika (f.)</word>
		</trans>
		<trans lang="fr">
			<word>piment,poivron (m.)</word>
		</trans>
	</term>
	<term id="14">
		<trans lang="de">
			<word>Kartoffel (f.)</word>
		</trans>
		<trans lang="fr">
			<word>patate,pomme de terre (f.)</word>
		</trans>
	</term>
	<term id="15">
		<trans lang="de">
			<word>Gurke (f.)</word>
		</trans>
		<trans lang="fr">
			<word>concombre,cornichon</word>
		</trans>
	</term>
	<term id="16">
		<trans lang="de">
			<word>Wurst (f.)</word>
		</trans>
		<trans lang="fr">
			<word>saucisse (f.)</word>
		</trans>
	</term>
	<term id="17">
		<trans lang="de">
			<word>Käse (m.)</word>
		</trans>
		<trans lang="fr">
			<word>fromage (m.)</word>
		</trans>
	</term>
	<term id="18">
		<trans lang="de">
			<word>Suppe (f.)</word>
		</trans>
		<trans lang="fr">
			<word>soupe (f.)</word>
		</trans>
	</term>
	<term id="19">
		<trans lang="de">
			<word>Salat (m.)</word>
		</trans>
		<trans lang="fr">
			<word>salade (f.)</word>
		</trans>
	</term>
	<term id="20">
		<trans lang="de">
			<word>Obst (n.)</word>
		</trans>
		<trans lang="fr">
			<word>fruit (m.)</word>
		</trans>
	</term>
	<term id="21">
		<trans lang="de">
			<word>Kirsche (f.)</word>
		</trans>
		<trans lang="fr">
			<word>cerise (f.)</word>
		</trans>
	</term>
	<term id="22">
		<trans lang="de">
			<word>Erdbeere(n) (f.)</word>
		</trans>
		<trans lang="fr">
			<word>fraise(s) (f.)</word>
		</trans>
	</term>
	<term id="23">
		<trans lang="de">
			<word>Banane (f.)</word>
		</trans>
		<trans lang="fr">
			<word>banane (f.)</word>
		</trans>
	</term>
	<term id="24">
		<trans lang="de">
			<word>Melone(n) (f.)</word>
		</trans>
		<trans lang="fr">
			<word>melon(s) (m.)</word>
		</trans>
	</term>
	<term id="25">
		<trans lang="de">
			<word>Eis (n.)</word>
		</trans>
		<trans lang="fr">
			<word>crème glacée (f.)</word>
		</trans>
	</term>
	<term id="26">
		<trans lang="de">
			<word>Joghurt (m.)</word>
		</trans>
		<trans lang="fr">
			<word>yogourt (m.)</word>
		</trans>
	</term>
	<term id="27">
		<trans lang="de">
			<word>Schokolade (f.)</word>
		</trans>
		<trans lang="fr">
			<word>chocolat (m.)</word>
		</trans>
	</term>
	<term id="28">
		<trans lang="de">
			<word>[Wein]trauben</word>
		</trans>
		<trans lang="fr">
			<word>raisins</word>
		</trans>
	</term>
	<term id="29">
		<trans lang="de">
			<word>Sekt (m.)</word>
		</trans>
		<trans lang="fr">
			<word>vin mousseux (m.)</word>
		</trans>
	</term>
	<term id="30">
		<trans lang="de">
			<word>Zwiebel (f.)</word>
		</trans>
		<trans lang="fr">
			<word>oignon</word>
		</trans>
	</term>
	<term id="31">
		<trans lang="de">
			<word>Tomate (n.)</word>
		</trans>
		<trans lang="fr">
			<word>tomate (f.)</word>
		</trans>
	</term>
	<term id="32">
		<trans lang="de">
			<word>heiß,warm</word>
		</trans>
		<trans lang="fr">
			<word>chaud</word>
		</trans>
	</term>
	<term id="33">
		<trans lang="de">
			<word>kalt</word>
		</trans>
		<trans lang="fr">
			<word>froid (adj.)</word>
		</trans>
	</term>
	<term id="34">
		<trans lang="de">
			<word>Koffein</word>
		</trans>
		<trans lang="fr">
			<word>cafféine</word>
		</trans>
	</term>
	<term id="35">
		<trans lang="de">
			<word>Sahne (f.)</word>
		</trans>
		<trans lang="fr">
			<word>crème (f.)</word>
		</trans>
	</term>
	<term id="36">
		<trans lang="de">
			<word>grüner Tee,Grüntee</word>
		</trans>
		<trans lang="fr">
			<word>thé vert</word>
		</trans>
	</term>
	<term id="37">
		<trans lang="de">
			<word>schwarzer Tee</word>
		</trans>
		<trans lang="fr">
			<word>thé noir</word>
		</trans>
	</term>
	<term id="38">
		<trans lang="de">
			<word>roter Tee,früchte Tee</word>
		</trans>
		<trans lang="fr">
			<word>thé fruité</word>
		</trans>
		<comment languages="de-fr">roter: rouge</comment>
	</term>
	<term id="39">
		<trans lang="de">
			<word>Sprudel (m.)</word>
			<alt>schproudel</alt>
		</trans>
		<trans lang="fr">
			<word>eau minérale gazeuse (f.)</word>
		</trans>
	</term>
	<term id="40">
		<trans lang="de">
			<word>Sort</word>
		</trans>
		<trans lang="fr">
			<word>sorte,espèce (f.)</word>
		</trans>
		<comment languages="de-fr">Teesorten: sortes de thé</comment>
	</term>
	<term id="41">
		<trans lang="de">
			<word>Kugel (f.)</word>
		</trans>
		<trans lang="fr">
			<word>boule,balle,bille (f.)</word>
		</trans>
		<comment languages="de-fr">Kaffee mit Eiskugeln und Sahne</comment>
	</term>
	<term id="42">
		<trans lang="de">
			<word>Kräuter Tee</word>
		</trans>
		<trans lang="fr">
			<word>thé aux herbes</word>
		</trans>
	</term>
	<term id="43">
		<trans lang="de">
			<word>Honig (m.)</word>
		</trans>
		<trans lang="fr">
			<word>miel (m.)</word>
		</trans>
	</term>
	<term id="44">
		<trans lang="de">
			<word>wild</word>
		</trans>
		<trans lang="fr">
			<word>sauvage</word>
		</trans>
		<comment languages="de-fr">wild Kirch: cerise sauvage</comment>
	</term>
	<term id="45">
		<trans lang="de">
			<word>indischer tee</word>
		</trans>
		<trans lang="fr">
			<word>thé indien</word>
		</trans>
	</term>
	<term id="46">
		<trans lang="de">
			<word>Zimt (m.)</word>
		</trans>
		<trans lang="fr">
			<word>cannelle (f.)</word>
		</trans>
	</term>
	<term id="47">
		<trans lang="de">
			<word>Arzneitee</word>
		</trans>
		<trans lang="fr">
			<word>thé médecinal</word>
		</trans>
	</term>
	<term id="48">
		<trans lang="de">
			<word>schmecksüß</word>
		</trans>
		<trans lang="fr">
			<word>aigredoux</word>
		</trans>
		<comment languages="de-fr">schmecken: avoir un goût amer</comment>
	</term>
	<term id="49">
		<trans lang="de">
			<word>Kinderbier</word>
		</trans>
		<trans lang="fr">
			<word>bière pour enfants</word>
		</trans>
	</term>
	<term id="50">
		<trans lang="de">
			<word>Nektar</word>
		</trans>
		<trans lang="fr">
			<word>jus (non pur,moins que 100%)</word>
		</trans>
		<comment languages="de-fr">Par opposition à Saft (100% pur)</comment>
	</term>
	<term id="51">
		<trans lang="de">
			<word>oft</word>
		</trans>
		<trans lang="fr">
			<word>souvent,fréquemment</word>
		</trans>
	</term>
	<term id="52">
		<trans lang="de">
			<word>jede</word>
		</trans>
		<trans lang="fr">
			<word>chaque,tout</word>
		</trans>
		<comment languages="de-fr">jeden zweiten Tag: tous les 2 jours
jede woche Samstag: chaque samedi</comment>
	</term>
	<term id="53">
		<trans lang="de">
			<word>Vormittag</word>
		</trans>
		<trans lang="fr">
			<word>avant-midi</word>
		</trans>
	</term>
	<term id="54">
		<trans lang="de">
			<word>Nachmittag</word>
		</trans>
		<trans lang="fr">
			<word>après-midi</word>
		</trans>
	</term>
	<term id="55">
		<trans lang="de">
			<word>Alter (n.)</word>
		</trans>
		<trans lang="fr">
			<word>âge (m.)</word>
		</trans>
	</term>
	<term id="56">
		<trans lang="de">
			<word>Zeitung (f.)</word>
		</trans>
		<trans lang="fr">
			<word>journal (m.)</word>
		</trans>
	</term>
	<term id="57">
		<trans lang="de">
			<word>Buch (n.)</word>
		</trans>
		<trans lang="fr">
			<word>livre (m.)</word>
		</trans>
		<comment languages="de-fr">Bücher lesen</comment>
	</term>
	<term id="58">
		<trans lang="de">
			<word>Schinken (m.)</word>
		</trans>
		<trans lang="fr">
			<word>jambon (m.)</word>
		</trans>
	</term>
	<term id="59">
		<trans lang="de">
			<word>sauer</word>
		</trans>
		<trans lang="fr">
			<word>sûr (goût)</word>
		</trans>
		<comment languages="de-fr">Das ist sauer.
Ceci goûte sûr.</comment>
	</term>
	<term id="60">
		<trans lang="de">
			<word>richtig</word>
		</trans>
		<trans lang="fr">
			<word>correct</word>
		</trans>
	</term>
	<term id="61">
		<trans lang="de">
			<word>besonders</word>
		</trans>
		<trans lang="fr">
			<word>particulièrement,surtout</word>
		</trans>
		<comment languages="de-fr">Ich esse gern italienish, besonders Pizza und Spaghetti.
J'aime la cuisine italienne, particulièrement la pizza et le spaghetti.</comment>
	</term>
	<term id="62">
		<trans lang="de">
			<word>Bratwurst (f.)</word>
		</trans>
		<trans lang="fr">
			<word>saucisse grillée</word>
		</trans>
	</term>
	<term id="63">
		<trans lang="de">
			<word>Baguette</word>
		</trans>
		<trans lang="fr">
			<word>pain baguette</word>
		</trans>
	</term>
	<term id="64">
		<trans lang="de">
			<word>Mittagessen</word>
		</trans>
		<trans lang="fr">
			<word>dîner (midi)</word>
		</trans>
	</term>
	<term id="65">
		<trans lang="de">
			<word>Abendessen</word>
		</trans>
		<trans lang="fr">
			<word>souper (soir)</word>
		</trans>
	</term>
	<term id="66">
		<trans lang="de">
			<word>... dazu.</word>
		</trans>
		<trans lang="fr">
			<word>... en plus.</word>
		</trans>
		<comment languages="de-fr">Ich esse Brot und Käse. Und ich trinke Milch dazu.
Je mange du pain et du fromage. Et je bois du lait en plus.</comment>
	</term>
	<term id="67">
		<trans lang="de">
			<word>viele</word>
		</trans>
		<trans lang="fr">
			<word>beaucoup</word>
		</trans>
		<comment languages="de-fr">Viele Deutsche trinken morgens gern Kaffee.
Beaucoup d'Allemands aiment boire du café le matin.</comment>
	</term>
	<term id="68">
		<trans lang="de">
			<word>zum Beispiel (z.B)</word>
		</trans>
		<trans lang="fr">
			<word>par exemple (e.g.)</word>
		</trans>
	</term>
	<term id="69">
		<trans lang="de">
			<word>die beiden</word>
		</trans>
		<trans lang="fr">
			<word>les deux</word>
		</trans>
		<comment languages="de-fr">Abends essen die beiden meistens kalt.
Les soirs, les deux mangent habituellement froid.</comment>
	</term>
	<term id="70">
		<trans lang="de">
			<word>meistens</word>
		</trans>
		<trans lang="fr">
			<word>habituellement,la plupart du temps</word>
		</trans>
		<comment languages="de-fr">Abends essen die beiden meistens kalt.
Les soirs, les deux mangent habituellement froid.</comment>
	</term>
	<term id="71">
		<trans lang="de">
			<word>manchmal</word>
		</trans>
		<trans lang="fr">
			<word>parfois,de temps en temps</word>
		</trans>
		<comment languages="de-fr">Manchmal gehen sie türkish oder griechish essen.
Parfois, ils vont manger de la cuisine turque ou grecque.</comment>
	</term>
	<term id="72">
		<trans lang="de">
			<word>immer</word>
		</trans>
		<trans lang="fr">
			<word>toujours</word>
		</trans>
	</term>
	<term id="73">
		<trans lang="de">
			<word>selten</word>
		</trans>
		<trans lang="fr">
			<word>rarement</word>
		</trans>
	</term>
	<term id="74">
		<trans lang="de">
			<word>Pfeffer (m.)</word>
		</trans>
		<trans lang="fr">
			<word>poivre</word>
		</trans>
	</term>
	<term id="75">
		<trans lang="de">
			<word>Salz (n.)</word>
		</trans>
		<trans lang="fr">
			<word>sel</word>
		</trans>
	</term>
	<term id="76">
		<trans lang="de">
			<word>Sojasoße (f.)</word>
		</trans>
		<trans lang="fr">
			<word>sauce soja</word>
		</trans>
	</term>
	<term id="77">
		<trans lang="de">
			<word>Besteck (n.)</word>
			<alt>béschtek</alt>
		</trans>
		<trans lang="fr">
			<word>couvert (set d'ustensiles)</word>
		</trans>
	</term>
	<term id="78">
		<trans lang="de">
			<word>Gabel (f.)</word>
		</trans>
		<trans lang="fr">
			<word>fourchette</word>
		</trans>
	</term>
	<term id="79">
		<trans lang="de">
			<word>Messer (n.)</word>
		</trans>
		<trans lang="fr">
			<word>couteau</word>
		</trans>
	</term>
	<term id="80">
		<trans lang="de">
			<word>Löffel (m.)</word>
		</trans>
		<trans lang="fr">
			<word>cuillère</word>
		</trans>
	</term>
	<term id="81">
		<trans lang="de">
			<word>Teelöffel</word>
		</trans>
		<trans lang="fr">
			<word>cuillère à thé</word>
		</trans>
	</term>
	<term id="82">
		<trans lang="de">
			<word>Stäbchen</word>
		</trans>
		<trans lang="fr">
			<word>baguettes</word>
		</trans>
	</term>
	<term id="83">
		<trans lang="de">
			<word>benutzen</word>
		</trans>
		<trans lang="fr">
			<word>utiliser</word>
		</trans>
		<comment languages="de-fr">Japaner essen mit Stäbchen.  Benutzen Japaner auch Messer und Gabel?
Les Japonais mangent avec des baguettes.  Est-ce que les Japonais utilisent aussi un couteau et une fourchette?</comment>
	</term>
	<term id="84">
		<trans lang="de">
			<word>Guten Appetit!</word>
		</trans>
		<trans lang="fr">
			<word>Bon appétit!</word>
		</trans>
	</term>
	<term id="85">
		<trans lang="de">
			<word>geben</word>
		</trans>
		<trans lang="fr">
			<word>donner,mettre</word>
		</trans>
		<comment languages="de-fr">Geben Sie mir bitte mal das Salz?
Pourriez-vous me donner le sel quelques instants?</comment>
	</term>
	<term id="86">
		<trans lang="de">
			<word>Spiegelei/er (n.)</word>
		</trans>
		<trans lang="fr">
			<word>oeuf miroir</word>
		</trans>
	</term>
	<term id="87">
		<trans lang="de">
			<word>Rührei (n.)</word>
		</trans>
		<trans lang="fr">
			<word>oeuf brouillé</word>
		</trans>
	</term>
	<term id="88">
		<trans lang="de">
			<word>Omelette (n.)</word>
		</trans>
		<trans lang="fr">
			<word>omelette</word>
		</trans>
	</term>
	<term id="89">
		<trans lang="de">
			<word>Sandwich (m.)</word>
		</trans>
		<trans lang="fr">
			<word>sandwich</word>
		</trans>
	</term>
	<term id="90">
		<trans lang="de">
			<word>Serviette (f.)</word>
		</trans>
		<trans lang="fr">
			<word>serviette</word>
		</trans>
	</term>
	<term id="91">
		<trans lang="de">
			<word>Butter</word>
		</trans>
		<trans lang="fr">
			<word>beurre</word>
		</trans>
	</term>
	<term id="92">
		<trans lang="de">
			<word>beide</word>
		</trans>
		<trans lang="fr">
			<word>les deux</word>
		</trans>
		<comment languages="de-fr">Ich esse beides gern, aber am liebsten esse ich Kartoffeln.
J'aime manger les deux mais ce que j'aime le plus manger, c'est des pommes de terre.</comment>
	</term>
	<term id="93">
		<trans lang="de">
			<word>gestern</word>
		</trans>
		<trans lang="fr">
			<word>hier</word>
		</trans>
	</term>
	<term id="94">
		<trans lang="de">
			<word>vorgestern</word>
		</trans>
		<trans lang="fr">
			<word>avant-hier</word>
		</trans>
		<comment languages="de-fr">avant avant-hier: vorvorgestern</comment>
	</term>
	<term id="95">
		<trans lang="de">
			<word>übermorgen</word>
		</trans>
		<trans lang="fr">
			<word>après-demain</word>
		</trans>
		<comment languages="de-fr">après après-demain: überübermorgen</comment>
	</term>
</glossary>
