<?xml version="1.0"?>
<glossary id="32" name="Genki 10" author="">
	<desc></desc>
	<term id="470">
		<trans lang="en">
			<word>fall</word>
		</trans>
		<trans lang="ja">
			<word>秋</word>
			<alt>あき</alt>
		</trans>
	</term>
	<term id="471">
		<trans lang="en">
			<word>station</word>
		</trans>
		<trans lang="ja">
			<word>駅</word>
			<alt>えき</alt>
		</trans>
	</term>
	<term id="472">
		<trans lang="en">
			<word>rich person</word>
		</trans>
		<trans lang="ja">
			<word>お金持ち</word>
			<alt>おかねもち</alt>
		</trans>
	</term>
	<term id="473">
		<trans lang="en">
			<word>face</word>
		</trans>
		<trans lang="ja">
			<word>顔</word>
			<alt>かお</alt>
		</trans>
	</term>
	<term id="474">
		<trans lang="en">
			<word>season</word>
		</trans>
		<trans lang="ja">
			<word>季節</word>
			<alt>きせつ</alt>
		</trans>
	</term>
	<term id="475">
		<trans lang="en">
			<word>credit card</word>
		</trans>
		<trans lang="ja">
			<alt>クレジットカード</alt>
		</trans>
	</term>
	<term id="476">
		<trans lang="en">
			<word>this year</word>
		</trans>
		<trans lang="ja">
			<word>今年</word>
			<alt>ことし</alt>
		</trans>
	</term>
	<term id="477">
		<trans lang="en">
			<word>soccer</word>
		</trans>
		<trans lang="ja">
			<alt>サッカー</alt>
		</trans>
	</term>
	<term id="478">
		<trans lang="en">
			<word>shirt</word>
		</trans>
		<trans lang="ja">
			<alt>シャツ</alt>
		</trans>
	</term>
	<term id="479">
		<trans lang="en">
			<word>life; living</word>
		</trans>
		<trans lang="ja">
			<word>生活</word>
			<alt>せいかつ</alt>
		</trans>
	</term>
	<term id="480">
		<trans lang="en">
			<word>world</word>
		</trans>
		<trans lang="ja">
			<word>世界</word>
			<alt>せかい</alt>
		</trans>
	</term>
	<term id="481">
		<trans lang="en">
			<word>subway</word>
		</trans>
		<trans lang="ja">
			<word>地下鉄</word>
			<alt>ちかてつ</alt>
		</trans>
	</term>
	<term id="482">
		<trans lang="en">
			<word>gloves</word>
		</trans>
		<trans lang="ja">
			<word>手袋</word>
			<alt>てぶくろ</alt>
		</trans>
	</term>
	<term id="483">
		<trans lang="en">
			<word>barber's</word>
		</trans>
		<trans lang="ja">
			<word>床屋</word>
			<alt>とこや</alt>
		</trans>
	</term>
	<term id="484">
		<trans lang="en">
			<word>spring</word>
		</trans>
		<trans lang="ja">
			<word>春</word>
			<alt>はる</alt>
		</trans>
	</term>
	<term id="485">
		<trans lang="en">
			<word>pants</word>
		</trans>
		<trans lang="ja">
			<alt>パンツ</alt>
		</trans>
	</term>
	<term id="486">
		<trans lang="en">
			<word>beauty parlor</word>
		</trans>
		<trans lang="ja">
			<word>美容院</word>
			<alt>びよういん</alt>
		</trans>
	</term>
	<term id="487">
		<trans lang="en">
			<word>flight</word>
		</trans>
		<trans lang="ja">
			<word>便</word>
			<alt>びん</alt>
		</trans>
	</term>
	<term id="488">
		<trans lang="en">
			<word>ship; boat</word>
		</trans>
		<trans lang="ja">
			<word>船</word>
			<alt>ふね</alt>
		</trans>
	</term>
	<term id="489">
		<trans lang="en">
			<word>baseball</word>
		</trans>
		<trans lang="ja">
			<word>野球</word>
			<alt>やきゅう</alt>
		</trans>
	</term>
	<term id="490">
		<trans lang="en">
			<word>celebrity</word>
		</trans>
		<trans lang="ja">
			<word>有名人</word>
			<alt>ゆうめいじん</alt>
		</trans>
	</term>
	<term id="491">
		<trans lang="en">
			<word>reservation</word>
		</trans>
		<trans lang="ja">
			<word>予約</word>
			<alt>よやく</alt>
		</trans>
	</term>
	<term id="492">
		<trans lang="en">
			<word>next semester</word>
		</trans>
		<trans lang="ja">
			<word>来学期</word>
			<alt>らいがっき</alt>
		</trans>
	</term>
	<term id="493">
		<trans lang="en">
			<word>apple</word>
		</trans>
		<trans lang="ja">
			<alt>りんご</alt>
		</trans>
	</term>
	<term id="494">
		<trans lang="en">
			<word>warm</word>
		</trans>
		<trans lang="ja">
			<word>暖かい</word>
			<alt>あたたかい</alt>
		</trans>
	</term>
	<term id="495">
		<trans lang="en">
			<word>slow; late</word>
		</trans>
		<trans lang="ja">
			<word>遅い</word>
			<alt>おそい</alt>
		</trans>
	</term>
	<term id="496">
		<trans lang="en">
			<word>cool (weather)</word>
		</trans>
		<trans lang="ja">
			<word>涼しい</word>
			<alt>すずしい</alt>
		</trans>
	</term>
	<term id="497">
		<trans lang="en">
			<word>cold (thing/people)</word>
		</trans>
		<trans lang="ja">
			<word>冷たい</word>
			<alt>つめたい</alt>
		</trans>
	</term>
	<term id="498">
		<trans lang="en">
			<word>sleepy</word>
		</trans>
		<trans lang="ja">
			<word>眠い</word>
			<alt>ねむい</alt>
		</trans>
	</term>
	<term id="499">
		<trans lang="en">
			<word>easy; simple</word>
		</trans>
		<trans lang="ja">
			<word>簡単</word>
			<alt>かんたん</alt>
		</trans>
	</term>
	<term id="500">
		<trans lang="en">
			<word>to take (amount of time / money)</word>
		</trans>
		<trans lang="ja">
			<alt>かかる</alt>
		</trans>
	</term>
	<term id="501">
		<trans lang="en">
			<word>"to stay (at a hotel, etc.)"</word>
		</trans>
		<trans lang="ja">
			<word>泊まる</word>
			<alt>とまる</alt>
		</trans>
	</term>
	<term id="502">
		<trans lang="en">
			<word>to become</word>
		</trans>
		<trans lang="ja">
			<alt>なる</alt>
		</trans>
	</term>
	<term id="503">
		<trans lang="en">
			<word>to pay</word>
		</trans>
		<trans lang="ja">
			<word>払う</word>
			<alt>はらう</alt>
		</trans>
	</term>
	<term id="504">
		<trans lang="en">
			<word>to decide</word>
		</trans>
		<trans lang="ja">
			<word>決める</word>
			<alt>きめる</alt>
		</trans>
	</term>
	<term id="505">
		<trans lang="en">
			<word>to practice</word>
		</trans>
		<trans lang="ja">
			<word>練習する</word>
			<alt>れんしゅうする</alt>
		</trans>
	</term>
	<term id="506">
		<trans lang="en">
			<word>on foot</word>
		</trans>
		<trans lang="ja">
			<word>歩いて</word>
			<alt>あるいて</alt>
		</trans>
	</term>
	<term id="507">
		<trans lang="en">
			<word>best</word>
		</trans>
		<trans lang="ja">
			<word>一番</word>
			<alt>いちばん</alt>
		</trans>
	</term>
	<term id="508">
		<trans lang="en">
			<word>these days</word>
		</trans>
		<trans lang="ja">
			<alt>このごろ</alt>
		</trans>
	</term>
	<term id="509">
		<trans lang="en">
			<word>how; by what means</word>
		</trans>
		<trans lang="ja">
			<alt>どうやって</alt>
		</trans>
	</term>
	<term id="510">
		<trans lang="en">
			<word>which</word>
		</trans>
		<trans lang="ja">
			<alt>どちら</alt>
		</trans>
	</term>
	<term id="511">
		<trans lang="en">
			<word>how much; how long</word>
		</trans>
		<trans lang="ja">
			<alt>どのぐらい</alt>
		</trans>
	</term>
	<term id="512">
		<trans lang="en">
			<word>(do something) early; fast</word>
		</trans>
		<trans lang="ja">
			<word>早く</word>
			<alt>はやく</alt>
		</trans>
	</term>
</glossary>
