<?xml version="1.0"?>
<glossary id="300" name="JNI-20" author="">
	<desc></desc>
	<term id="1">
		<trans lang="en">
			<word>everyone, all</word>
		</trans>
		<trans lang="ja">
			<word>みんな</word>
			<alt>minna</alt>
		</trans>
	</term>
	<term id="2">
		<trans lang="en">
			<word>packed lunch, box lunch</word>
		</trans>
		<trans lang="ja">
			<word>べんとう</word>
			<alt>bentoo</alt>
		</trans>
	</term>
	<term id="3">
		<trans lang="en">
			<word>friend</word>
		</trans>
		<trans lang="ja">
			<word>ともだち</word>
			<alt>tomodachi</alt>
		</trans>
	</term>
	<term id="4">
		<trans lang="en">
			<word># glasses, # spoons, ...</word>
		</trans>
		<trans lang="ja">
			<word>~はい</word>
			<alt>-hai</alt>
		</trans>
	</term>
	<term id="5">
		<trans lang="en">
			<word>one glassful, ...   *</word>
		</trans>
		<trans lang="ja">
			<word>一ぱい</word>
			<alt>ippai</alt>
		</trans>
	</term>
	<term id="6">
		<trans lang="en">
			<word>a little, some, a few</word>
		</trans>
		<trans lang="ja">
			<word>すこし</word>
			<alt>sukoshi</alt>
		</trans>
	</term>
	<term id="7">
		<trans lang="en">
			<word>thanks to, because of</word>
		</trans>
		<trans lang="ja">
			<word>おかげで</word>
			<alt>okagede</alt>
		</trans>
	</term>
	<term id="8">
		<trans lang="en">
			<word>Thank you.</word>
		</trans>
		<trans lang="ja">
			<word>おかげさまで</word>
			<alt>okagesamade</alt>
		</trans>
	</term>
	<term id="9">
		<trans lang="en">
			<word>good at, skilful ("ga")</word>
		</trans>
		<trans lang="ja">
			<word>じょうず [な]</word>
			<alt>joozu</alt>
		</trans>
	</term>
	<term id="10">
		<trans lang="en">
			<word>become ("N ni, Adj-ku")</word>
		</trans>
		<trans lang="ja">
			<word>なる</word>
			<alt>naru</alt>
		</trans>
	</term>
	<term id="11">
		<trans lang="en">
			<word> ay do ("V-te")</word>
		</trans>
		<trans lang="ja">
			<word>~もいいです</word>
			<alt>-mo ii desu</alt>
		</trans>
	</term>
	<term id="12">
		<trans lang="en">
			<word>boring; trifling, worthless</word>
		</trans>
		<trans lang="ja">
			<word>つまらない</word>
			<alt>tsumaranai</alt>
		</trans>
	</term>
	<term id="13">
		<trans lang="en">
			<word>be possible, be done ("ga")</word>
		</trans>
		<trans lang="ja">
			<word>できる</word>
			<alt>dekiru</alt>
		</trans>
	</term>
	<term id="14">
		<trans lang="en">
			<word>pretty, clean</word>
		</trans>
		<trans lang="ja">
			<word>きれい [な]</word>
			<alt>kirei</alt>
		</trans>
	</term>
	<term id="15">
		<trans lang="en">
			<word>bad at, inept ("ga")</word>
		</trans>
		<trans lang="ja">
			<word>へた [な]</word>
			<alt>heta</alt>
		</trans>
	</term>
	<term id="16">
		<trans lang="en">
			<word>famous</word>
		</trans>
		<trans lang="ja">
			<word>ゆうめい [な]</word>
			<alt>yuumei</alt>
		</trans>
	</term>
	<term id="17">
		<trans lang="en">
			<word>doctor</word>
		</trans>
		<trans lang="ja">
			<word>いしゃ</word>
			<alt>isha</alt>
		</trans>
	</term>
	<term id="18">
		<trans lang="en">
			<word>day, sun   +</word>
		</trans>
		<trans lang="ja">
			<word>日</word>
			<alt>hi</alt>
		</trans>
	</term>
	<term id="19">
		<trans lang="en">
			<word>Children's Day, Boy's Day</word>
		</trans>
		<trans lang="ja">
			<word>子どもの日</word>
			<alt>kodomonohi</alt>
		</trans>
	</term>
	<term id="20">
		<trans lang="en">
			<word>book   +</word>
		</trans>
		<trans lang="ja">
			<word>本</word>
			<alt>hon</alt>
		</trans>
	</term>
	<term id="21">
		<trans lang="en">
			<word>bookshelf</word>
		</trans>
		<trans lang="ja">
			<word>本だな</word>
			<alt>hondana</alt>
		</trans>
	</term>
	<term id="22">
		<trans lang="en">
			<word>Honshu (Jap. island)</word>
		</trans>
		<trans lang="ja">
			<word>本しゅう</word>
			<alt>honshuu</alt>
		</trans>
	</term>
	<term id="23">
		<trans lang="en">
			<word>Japan</word>
		</trans>
		<trans lang="ja">
			<word>日本</word>
			<alt>nihon</alt>
		</trans>
	</term>
	<term id="24">
		<trans lang="en">
			<word>Japanese (person)</word>
		</trans>
		<trans lang="ja">
			<word>日本人</word>
			<alt>nihonjin</alt>
		</trans>
	</term>
	<term id="25">
		<trans lang="en">
			<word>-day (of the week)   +</word>
		</trans>
		<trans lang="ja">
			<word>~曜日</word>
			<alt>-yoobi</alt>
		</trans>
	</term>
	<term id="26">
		<trans lang="en">
			<word>Sunday</word>
		</trans>
		<trans lang="ja">
			<word>日曜日</word>
			<alt>nichiyoobi</alt>
		</trans>
	</term>
	<term id="27">
		<trans lang="en">
			<word>moon   +</word>
		</trans>
		<trans lang="ja">
			<word>月</word>
			<alt>tsuki</alt>
		</trans>
	</term>
	<term id="28">
		<trans lang="en">
			<word>Monday</word>
		</trans>
		<trans lang="ja">
			<word>月曜日</word>
			<alt>getsuyoobi</alt>
		</trans>
	</term>
	<term id="29">
		<trans lang="en">
			<word>fire   +</word>
		</trans>
		<trans lang="ja">
			<word>火</word>
			<alt>hi</alt>
		</trans>
	</term>
	<term id="30">
		<trans lang="en">
			<word>fire, conflagration</word>
		</trans>
		<trans lang="ja">
			<word>火じ</word>
			<alt>kaji</alt>
		</trans>
	</term>
	<term id="31">
		<trans lang="en">
			<word>Tuesday</word>
		</trans>
		<trans lang="ja">
			<word>火曜日</word>
			<alt>kayoobi</alt>
		</trans>
	</term>
	<term id="32">
		<trans lang="en">
			<word>water   +</word>
		</trans>
		<trans lang="ja">
			<word>水</word>
			<alt>mizu</alt>
		</trans>
	</term>
	<term id="33">
		<trans lang="en">
			<word>Wednesday</word>
		</trans>
		<trans lang="ja">
			<word>水曜日</word>
			<alt>suiyoobi</alt>
		</trans>
	</term>
	<term id="34">
		<trans lang="en">
			<word>tree, wood   +</word>
		</trans>
		<trans lang="ja">
			<word>木</word>
			<alt>ki</alt>
		</trans>
	</term>
	<term id="35">
		<trans lang="en">
			<word>Thursday</word>
		</trans>
		<trans lang="ja">
			<word>木曜日</word>
			<alt>mokuyoobi</alt>
		</trans>
	</term>
	<term id="36">
		<trans lang="en">
			<word>gold   +</word>
		</trans>
		<trans lang="ja">
			<word>金</word>
			<alt>kin</alt>
		</trans>
	</term>
	<term id="37">
		<trans lang="en">
			<word>money</word>
		</trans>
		<trans lang="ja">
			<word>お金</word>
			<alt>okane</alt>
		</trans>
	</term>
	<term id="38">
		<trans lang="en">
			<word>Friday</word>
		</trans>
		<trans lang="ja">
			<word>金曜日</word>
			<alt>kin'yoobi</alt>
		</trans>
	</term>
	<term id="39">
		<trans lang="en">
			<word>Saturday   +</word>
		</trans>
		<trans lang="ja">
			<word>土曜日</word>
			<alt>doyoobi</alt>
		</trans>
	</term>
	<term id="40">
		<trans lang="en">
			<word>which day? (of the week)</word>
		</trans>
		<trans lang="ja">
			<word>なん曜日</word>
			<alt>nan'yoobi</alt>
		</trans>
	</term>
	<term id="41">
		<trans lang="en">
			<word>rest, stay away (from: "wo")   +</word>
		</trans>
		<trans lang="ja">
			<word>休む</word>
			<alt>yasumu</alt>
		</trans>
	</term>
	<term id="42">
		<trans lang="en">
			<word>rest, holiday, day off</word>
		</trans>
		<trans lang="ja">
			<word>休み</word>
			<alt>yasumi</alt>
		</trans>
	</term>
	<term id="43">
		<trans lang="en">
			<word>take a vacation</word>
		</trans>
		<trans lang="ja">
			<word>~をとる</word>
			<alt>-wo toru</alt>
		</trans>
	</term>
	<term id="44">
		<trans lang="en">
			<word>summer</word>
		</trans>
		<trans lang="ja">
			<word>なつ</word>
			<alt>natsu</alt>
		</trans>
	</term>
	<term id="45">
		<trans lang="en">
			<word>summer holiday</word>
		</trans>
		<trans lang="ja">
			<word>なつ休み</word>
			<alt>natsuyasumi</alt>
		</trans>
	</term>
	<term id="46">
		<trans lang="en">
			<word>winter</word>
		</trans>
		<trans lang="ja">
			<word>ふゆ</word>
			<alt>fuyu</alt>
		</trans>
	</term>
	<term id="47">
		<trans lang="en">
			<word>winter holiday</word>
		</trans>
		<trans lang="ja">
			<word>ふゆ休み</word>
			<alt>fuyuyasumi</alt>
		</trans>
	</term>
	<term id="48">
		<trans lang="en">
			<word>language of ...   +</word>
		</trans>
		<trans lang="ja">
			<word>~語</word>
			<alt>-go</alt>
		</trans>
	</term>
	<term id="49">
		<trans lang="en">
			<word>Japanese (language)</word>
		</trans>
		<trans lang="ja">
			<word>日本語</word>
			<alt>nihongo</alt>
		</trans>
	</term>
	<term id="50">
		<trans lang="en">
			<word>English (language)</word>
		</trans>
		<trans lang="ja">
			<word>えい語</word>
			<alt>eigo</alt>
		</trans>
	</term>
	<term id="51">
		<trans lang="en">
			<word>Latin</word>
		</trans>
		<trans lang="ja">
			<word>ラテン語</word>
			<alt>ratengo</alt>
		</trans>
	</term>
	<term id="52">
		<trans lang="en">
			<word>which language?</word>
		</trans>
		<trans lang="ja">
			<word>なに語</word>
			<alt>nanigo</alt>
		</trans>
	</term>
	<term id="53">
		<trans lang="en">
			<word># month (of the year)</word>
		</trans>
		<trans lang="ja">
			<word>~月</word>
			<alt>-gatsu</alt>
		</trans>
	</term>
	<term id="54">
		<trans lang="en">
			<word>February, Feb</word>
		</trans>
		<trans lang="ja">
			<word>二月</word>
			<alt>nigatsu</alt>
		</trans>
	</term>
	<term id="55">
		<trans lang="en">
			<word>April</word>
		</trans>
		<trans lang="ja">
			<word>四月</word>
			<alt>shigatsu</alt>
		</trans>
	</term>
	<term id="56">
		<trans lang="en">
			<word>July</word>
		</trans>
		<trans lang="ja">
			<word>七月</word>
			<alt>shichigatsu</alt>
		</trans>
	</term>
	<term id="57">
		<trans lang="en">
			<word>September, Sept</word>
		</trans>
		<trans lang="ja">
			<word>九月</word>
			<alt>kugatsu</alt>
		</trans>
	</term>
	<term id="58">
		<trans lang="en">
			<word>November, Nov</word>
		</trans>
		<trans lang="ja">
			<word>十一月</word>
			<alt>juuichigatsu</alt>
		</trans>
	</term>
	<term id="59">
		<trans lang="en">
			<word>what month?</word>
		</trans>
		<trans lang="ja">
			<word>なん月</word>
			<alt>nangatsu</alt>
		</trans>
	</term>
	<term id="60">
		<trans lang="en">
			<word># day (of the month)</word>
		</trans>
		<trans lang="ja">
			<word>~日</word>
			<alt>-nichi</alt>
		</trans>
	</term>
	<term id="61">
		<trans lang="en">
			<word>1st (day)   *</word>
		</trans>
		<trans lang="ja">
			<word>一日</word>
			<alt>tsuitachi</alt>
		</trans>
	</term>
	<term id="62">
		<trans lang="en">
			<word>2nd (day)   *</word>
		</trans>
		<trans lang="ja">
			<word>二日</word>
			<alt>futsuka</alt>
		</trans>
	</term>
	<term id="63">
		<trans lang="en">
			<word>3rd (day)   *</word>
		</trans>
		<trans lang="ja">
			<word>三日</word>
			<alt>mikka</alt>
		</trans>
	</term>
	<term id="64">
		<trans lang="en">
			<word>4th (day)   *</word>
		</trans>
		<trans lang="ja">
			<word>四日</word>
			<alt>yokka</alt>
		</trans>
	</term>
	<term id="65">
		<trans lang="en">
			<word>5th (day)   *</word>
		</trans>
		<trans lang="ja">
			<word>五日</word>
			<alt>itsuka</alt>
		</trans>
	</term>
	<term id="66">
		<trans lang="en">
			<word>6th (day)   *</word>
		</trans>
		<trans lang="ja">
			<word>六日</word>
			<alt>muika</alt>
		</trans>
	</term>
	<term id="67">
		<trans lang="en">
			<word>7th (day)   *</word>
		</trans>
		<trans lang="ja">
			<word>七日</word>
			<alt>nanoka</alt>
		</trans>
	</term>
	<term id="68">
		<trans lang="en">
			<word>8th (day)   *</word>
		</trans>
		<trans lang="ja">
			<word>八日</word>
			<alt>yooka</alt>
		</trans>
	</term>
	<term id="69">
		<trans lang="en">
			<word>9th (day)   *</word>
		</trans>
		<trans lang="ja">
			<word>九日</word>
			<alt>kokonoka</alt>
		</trans>
	</term>
	<term id="70">
		<trans lang="en">
			<word>10th (day)   *</word>
		</trans>
		<trans lang="ja">
			<word>十日</word>
			<alt>tooka</alt>
		</trans>
	</term>
	<term id="71">
		<trans lang="en">
			<word>11th (day)</word>
		</trans>
		<trans lang="ja">
			<word>十一日</word>
			<alt>juuichinichi</alt>
		</trans>
	</term>
	<term id="72">
		<trans lang="en">
			<word>14th (day)   *</word>
		</trans>
		<trans lang="ja">
			<word>十四日</word>
			<alt>juuyokka</alt>
		</trans>
	</term>
	<term id="73">
		<trans lang="en">
			<word>19th (day)</word>
		</trans>
		<trans lang="ja">
			<word>十九日</word>
			<alt>juukunichi</alt>
		</trans>
	</term>
	<term id="74">
		<trans lang="en">
			<word>20th (day)   *</word>
		</trans>
		<trans lang="ja">
			<word>二十日</word>
			<alt>hatsuka</alt>
		</trans>
	</term>
	<term id="75">
		<trans lang="en">
			<word>24th (day)   *</word>
		</trans>
		<trans lang="ja">
			<word>二十四日</word>
			<alt>nijuuyokka</alt>
		</trans>
	</term>
	<term id="76">
		<trans lang="en">
			<word>27th (day)</word>
		</trans>
		<trans lang="ja">
			<word>二十七日</word>
			<alt>nijuushichinichi</alt>
		</trans>
	</term>
	<term id="77">
		<trans lang="en">
			<word>what day?</word>
		</trans>
		<trans lang="ja">
			<word>なん日</word>
			<alt>nannichi</alt>
		</trans>
	</term>
	<term id="78">
		<trans lang="en">
			<word>May 16</word>
		</trans>
		<trans lang="ja">
			<word>五月十六日</word>
			<alt>gogatsujuurokunichi</alt>
		</trans>
	</term>
</glossary>
