<?xml version="1.0"?>
<glossary id="306" name="JNI-14" author="">
	<desc></desc>
	<term id="1">
		<trans lang="en">
			<word>pleasant, enjoyable</word>
		</trans>
		<trans lang="ja">
			<word>たのしい</word>
			<alt>tanoshii</alt>
		</trans>
	</term>
	<term id="2">
		<trans lang="en">
			<word>letter</word>
		</trans>
		<trans lang="ja">
			<word>てがみ</word>
			<alt>tegami</alt>
		</trans>
	</term>
	<term id="3">
		<trans lang="en">
			<word>I am back.</word>
		</trans>
		<trans lang="ja">
			<word>ただいま</word>
			<alt>tadaima</alt>
		</trans>
	</term>
	<term id="5">
		<trans lang="en">
			<word>Welcome home.</word>
		</trans>
		<trans lang="ja">
			<word>おかえりなさい</word>
			<alt>okaerinasai</alt>
		</trans>
	</term>
	<term id="7">
		<trans lang="en">
			<word>thing</word>
		</trans>
		<trans lang="ja">
			<word>もの</word>
			<alt>mono</alt>
		</trans>
	</term>
	<term id="8">
		<trans lang="en">
			<word>immediately, at once</word>
		</trans>
		<trans lang="ja">
			<word>すぐ</word>
			<alt>sugu</alt>
		</trans>
	</term>
	<term id="9">
		<trans lang="en">
			<word>have, hold</word>
		</trans>
		<trans lang="ja">
			<word>もつ</word>
			<alt>motsu</alt>
		</trans>
	</term>
	<term id="10">
		<trans lang="en">
			<word>get tired</word>
		</trans>
		<trans lang="ja">
			<word>つかれる</word>
			<alt>tsukareru</alt>
		</trans>
	</term>
	<term id="11">
		<trans lang="en">
			<word>Yes (acknowledgement)</word>
		</trans>
		<trans lang="ja">
			<word>はい</word>
			<alt>hai</alt>
		</trans>
	</term>
	<term id="12">
		<trans lang="en">
			<word>Thanks., very much</word>
		</trans>
		<trans lang="ja">
			<word>どうも</word>
			<alt>doomo</alt>
		</trans>
	</term>
	<term id="13">
		<trans lang="en">
			<word>drink   +</word>
		</trans>
		<trans lang="ja">
			<word>飲む</word>
			<alt>nomu</alt>
		</trans>
	</term>
	<term id="14">
		<trans lang="en">
			<word>drink, beverage</word>
		</trans>
		<trans lang="ja">
			<word>飲みもの</word>
			<alt>nomimono</alt>
		</trans>
	</term>
	<term id="15">
		<trans lang="en">
			<word>go   +</word>
		</trans>
		<trans lang="ja">
			<word>行く</word>
			<alt>iku</alt>
		</trans>
	</term>
	<term id="16">
		<trans lang="en">
			<word>take, take s.th. along</word>
		</trans>
		<trans lang="ja">
			<word>もって行く</word>
			<alt>motteiku</alt>
		</trans>
	</term>
</glossary>
