<?xml version="1.0"?>
<glossary id="333" name="JCS2-19" author="">
	<desc></desc>
	<term id="1">
		<trans lang="en">
			<word># machines (e.g. TV)   +</word>
		</trans>
		<trans lang="ja">
			<word>~台</word>
			<alt>-dai</alt>
		</trans>
	</term>
	<term id="2">
		<trans lang="en">
			<word>flower   +</word>
		</trans>
		<trans lang="ja">
			<word>花</word>
			<alt>hana</alt>
		</trans>
	</term>
	<term id="3">
		<trans lang="en">
			<word>flowershop</word>
		</trans>
		<trans lang="ja">
			<word>花や</word>
			<alt>hanaya</alt>
		</trans>
	</term>
	<term id="4">
		<trans lang="en">
			<word>tea, green tea   +</word>
		</trans>
		<trans lang="ja">
			<word>お茶</word>
			<alt>ocha</alt>
		</trans>
	</term>
	<term id="5">
		<trans lang="en">
			<word>coffee shop</word>
		</trans>
		<trans lang="ja">
			<word>きっ茶てん</word>
			<alt>kissaten</alt>
		</trans>
	</term>
	<term id="6">
		<trans lang="en">
			<word>(light) brown</word>
		</trans>
		<trans lang="ja">
			<word>茶いろ [の]</word>
			<alt>chairo</alt>
		</trans>
	</term>
	<term id="7">
		<trans lang="en">
			<word>watch, clock   +</word>
		</trans>
		<trans lang="ja">
			<word>時計</word>
			<alt>tokei</alt>
		</trans>
	</term>
	<term id="8">
		<trans lang="en">
			<word>long   +</word>
		</trans>
		<trans lang="ja">
			<word>長い</word>
			<alt>nagai</alt>
		</trans>
	</term>
	<term id="9">
		<trans lang="en">
			<word>chocolate</word>
		</trans>
		<trans lang="ja">
			<word>チョコレート</word>
			<alt>chokoreeto</alt>
		</trans>
	</term>
	<term id="10">
		<trans lang="en">
			<word>give (not: to me/ us)</word>
		</trans>
		<trans lang="ja">
			<word>あげる</word>
			<alt>ageru</alt>
		</trans>
	</term>
	<term id="11">
		<trans lang="en">
			<word>give (not: to me/ us, hon.)</word>
		</trans>
		<trans lang="ja">
			<word>さしあげる</word>
			<alt>sashiageru</alt>
		</trans>
	</term>
	<term id="12">
		<trans lang="en">
			<word>give (to me/ us)</word>
		</trans>
		<trans lang="ja">
			<word>くれる</word>
			<alt>kureru</alt>
		</trans>
	</term>
	<term id="13">
		<trans lang="en">
			<word>give (to me/ us, humble)</word>
		</trans>
		<trans lang="ja">
			<word>くださる</word>
			<alt>kudasaru</alt>
		</trans>
	</term>
	<term id="14">
		<trans lang="en">
			<word>receive (from: "ni, kara")</word>
		</trans>
		<trans lang="ja">
			<word>もらう</word>
			<alt>morau</alt>
		</trans>
	</term>
	<term id="15">
		<trans lang="en">
			<word>receive (= "morau", humble)</word>
		</trans>
		<trans lang="ja">
			<word>いただく</word>
			<alt>itadaku</alt>
		</trans>
	</term>
	<term id="16">
		<trans lang="en">
			<word>scarf</word>
		</trans>
		<trans lang="ja">
			<word>スカーフ</word>
			<alt>sukaafu</alt>
		</trans>
	</term>
	<term id="17">
		<trans lang="en">
			<word>Mr (familiar, male)</word>
		</trans>
		<trans lang="ja">
			<word>~くん</word>
			<alt>-kun</alt>
		</trans>
	</term>
	<term id="18">
		<trans lang="en">
			<word>president (of a company)</word>
		</trans>
		<trans lang="ja">
			<word>社長</word>
			<alt>shachoo</alt>
		</trans>
	</term>
	<term id="19">
		<trans lang="en">
			<word>card</word>
		</trans>
		<trans lang="ja">
			<word>カード</word>
			<alt>kaado</alt>
		</trans>
	</term>
	<term id="20">
		<trans lang="en">
			<word>wonderful, fantastic</word>
		</trans>
		<trans lang="ja">
			<word>すてき [な]</word>
			<alt>suteki</alt>
		</trans>
	</term>
	<term id="21">
		<trans lang="en">
			<word>handbag, purse</word>
		</trans>
		<trans lang="ja">
			<word>ハンドバッグ</word>
			<alt>handobaggu</alt>
		</trans>
	</term>
	<term id="22">
		<trans lang="en">
			<word>birthday</word>
		</trans>
		<trans lang="ja">
			<word>たん生日</word>
			<alt>tanjoobi</alt>
		</trans>
	</term>
	<term id="23">
		<trans lang="en">
			<word>Christmas</word>
		</trans>
		<trans lang="ja">
			<word>クリスマス</word>
			<alt>kurisumasu</alt>
		</trans>
	</term>
	<term id="24">
		<trans lang="en">
			<word>New Year   +</word>
		</trans>
		<trans lang="ja">
			<word>正月</word>
			<alt>shoogatsu</alt>
		</trans>
	</term>
	<term id="25">
		<trans lang="en">
			<word>admission (to a school), enter school</word>
		</trans>
		<trans lang="ja">
			<word>入学 [する]</word>
			<alt>nyuugaku</alt>
		</trans>
	</term>
	<term id="26">
		<trans lang="en">
			<word>celebration, congratulations</word>
		</trans>
		<trans lang="ja">
			<word>いわい</word>
			<alt>iwai</alt>
		</trans>
	</term>
	<term id="27">
		<trans lang="en">
			<word>tableware, kitchen utensils</word>
		</trans>
		<trans lang="ja">
			<word>食き</word>
			<alt>shokki</alt>
		</trans>
	</term>
	<term id="28">
		<trans lang="en">
			<word>vase</word>
		</trans>
		<trans lang="ja">
			<word>花びん</word>
			<alt>kabin</alt>
		</trans>
	</term>
	<term id="29">
		<trans lang="en">
			<word>(electrical) appliance   +</word>
		</trans>
		<trans lang="ja">
			<word>電気せい品</word>
			<alt>denkiseihin</alt>
		</trans>
	</term>
	<term id="30">
		<trans lang="en">
			<word>pen</word>
		</trans>
		<trans lang="ja">
			<word>ペン</word>
			<alt>pen</alt>
		</trans>
	</term>
	<term id="31">
		<trans lang="en">
			<word>toaster</word>
		</trans>
		<trans lang="ja">
			<word>トースター</word>
			<alt>toosutaa</alt>
		</trans>
	</term>
	<term id="32">
		<trans lang="en">
			<word>kotatsu (Jap. heated table)</word>
		</trans>
		<trans lang="ja">
			<word>こたつ</word>
			<alt>kotatsu</alt>
		</trans>
	</term>
	<term id="33">
		<trans lang="en">
			<word>electric heater</word>
		</trans>
		<trans lang="ja">
			<word>電気ストーブ</word>
			<alt>denkisutoobu</alt>
		</trans>
	</term>
	<term id="34">
		<trans lang="en">
			<word>I, we (male)</word>
		</trans>
		<trans lang="ja">
			<word>ぼく</word>
			<alt>boku</alt>
		</trans>
	</term>
	<term id="35">
		<trans lang="en">
			<word>home, your home (hon.)</word>
		</trans>
		<trans lang="ja">
			<word>おたく</word>
			<alt>otaku</alt>
		</trans>
	</term>
	<term id="36">
		<trans lang="en">
			<word>say (= "iu", humble)</word>
		</trans>
		<trans lang="ja">
			<word>もうす</word>
			<alt>moosu</alt>
		</trans>
	</term>
	<term id="37">
		<trans lang="en">
			<word>come to ("V[i]-", purpose)</word>
		</trans>
		<trans lang="ja">
			<word>~に来る</word>
			<alt>-ni kuru</alt>
		</trans>
	</term>
	<term id="38">
		<trans lang="en">
			<word>(company) employee   +</word>
		</trans>
		<trans lang="ja">
			<word>社員</word>
			<alt>shain</alt>
		</trans>
	</term>
</glossary>
