<?xml version="1.0"?>
<glossary id="17" name="18" author="">
	<desc></desc>
	<term id="1">
		<trans lang="en">
			<word>eye</word>
		</trans>
		<trans lang="ja">
			<word>目 (5)</word>
			<alt>モク；め</alt>
		</trans>
		<comment languages="en-ja">一行目 ; いちぎょうめ ; first line
目的 ; もくてき ; purpose
目 ; め ; eyes
目上の人 ; めうえのひと ; one\'s superiors
目次 ; もくじ ; table of contents
目薬 ; めぐすり ; eye drops; eyewash
注目する ; ちゅうもくする ; to pay attention
目覚まし時計 ; めざましどけい ; an alarm clock</comment>
	</term>
	<term id="2">
		<trans lang="en">
			<word>target; -ish</word>
		</trans>
		<trans lang="ja">
			<word>的 (8)</word>
			<alt>テキ；まと</alt>
		</trans>
		<comment languages="en-ja">目的 ; もくてき ; purpose
現代的 ; げんだいてき ; modern
的 ; まと ; target
実用的な ; じつようてきな ; practical</comment>
	</term>
	<term id="3">
		<trans lang="en">
			<word>power</word>
		</trans>
		<trans lang="ja">
			<word>力 (2)</word>
			<alt>ちから；リョク；リキ</alt>
		</trans>
		<comment languages="en-ja">力仕事 ; ちからしごと ; physical labor such as construction
力士 ; りきし ; sumo wrestler
馬力 ; ばりき ; horsepower (h.p.)
思考力 ; しこうりょく ; thinking power; ability to think
引力 ; いんりょく ; gravitational force</comment>
	</term>
	<term id="4">
		<trans lang="en">
			<word>ocean; overseas</word>
		</trans>
		<trans lang="ja">
			<word>洋 (9)</word>
			<alt>ヨウ</alt>
		</trans>
		<comment languages="en-ja">洋服 ; ようふく ; Western clothes
大西洋 ; たいせいよう ; the Atlantic
洋酒 ; ようしゅ ; foreign liquors
西洋 ; せいよう ; the West
東洋 ; とうよう ; the East; the Orient
洋食 ; ようしょく ; Western food</comment>
	</term>
	<term id="5">
		<trans lang="en">
			<word>clothes</word>
		</trans>
		<trans lang="ja">
			<word>服 (8)</word>
			<alt>フク</alt>
		</trans>
		<comment languages="en-ja">洋服 ; ようふく ; Western clothes
服 ; ふく ; clothes
和服 ; わふく ; Japanese kimono
服用する ; ふくようする ; to take (medicine)
薬を服用 ; くすりをふくよう ; to take medicine
礼服 ; れいふく ; ceremonial dress
制服; せいふく; uniform</comment>
	</term>
	<term id="6">
		<trans lang="en">
			<word>hall</word>
		</trans>
		<trans lang="ja">
			<word>堂 (11)</word>
			<alt>ドウ</alt>
		</trans>
		<comment languages="en-ja">食堂 ; しょくどう ; dining room</comment>
	</term>
	<term id="7">
		<trans lang="en">
			<word>to instruct</word>
		</trans>
		<trans lang="ja">
			<word>授 (11)</word>
			<alt>ジュ；さずか</alt>
		</trans>
		<comment languages="en-ja">授業 ; じゅぎょう ; class
教授 ; きょうじゅ ; professor; teaching; instruction
授業中 ; じゅぎょうちゅう ; during class
授業料 ; じゅぎょうりょう ; tuition; school fees</comment>
	</term>
	<term id="8">
		<trans lang="en">
			<word>business; vocation</word>
		</trans>
		<trans lang="ja">
			<word>業 (13)</word>
			<alt>ギョウ</alt>
		</trans>
		<comment languages="en-ja">授業 ; じゅぎょう ; class
卒業 ; そつぎょう ; graduation
授業中 ; じゅぎょうちゅう ; during class
授業料 ; じゅぎょうりょう ; tuition; school fees
卒業する ; そつぎょうする ; to graduate
卒業式 ; そつぎょうしき ; graduation ceremony
残業 ; ざんぎょう ; over-time work
林業 ; りんぎょう ; forestry
工業 ; こうぎょう ; industry; manufacturing
農業 ; のうぎょう ; agriculture
商業 ; しょうぎょう ; commerce
産業 ; さんぎょう ; industry
農業国 ; のうぎょうこく ; agricultural country
工業国 ; こうぎょうこく ; industrialized nation
営業する ; えいぎょうする ; to carry on business
卒業生 ; そつぎょうせい ; a graduate
失業する ; しつぎょうする ; to lose one's job</comment>
	</term>
	<term id="9">
		<trans lang="en">
			<word>test; to try</word>
		</trans>
		<trans lang="ja">
			<word>試 (13)</word>
			<alt>シ；こころ</alt>
		</trans>
		<comment languages="en-ja">試験 ; しけん ; exam
試みる ; こころみる ; to try
試す ; ためす ; to test
試合 ; しあい ; a game
試着室 ; しちゃくしつ ; a dressing room</comment>
	</term>
	<term id="10">
		<trans lang="en">
			<word>to examine</word>
		</trans>
		<trans lang="ja">
			<word>験 (18)</word>
			<alt>ケン</alt>
		</trans>
		<comment languages="en-ja">試験 ; しけん ; exam
経験 ; けいけん ; experience
実験 ; じっけん ; experiment
受験する ; じゅけんする ; to take the exam
実験する ; じっけんする ; to experiment</comment>
	</term>
	<term id="11">
		<trans lang="en">
			<word>to lend; load</word>
		</trans>
		<trans lang="ja">
			<word>貸 (12)</word>
			<alt>か；タイ</alt>
		</trans>
		<comment languages="en-ja">貸す ; かす ; to lend
貸し出し ; かしだし ; loaning out
賃貸 ; ちんたい ; a rental condominium</comment>
	</term>
	<term id="12">
		<trans lang="en">
			<word>drawing; to devise</word>
		</trans>
		<trans lang="ja">
			<word>図 (7)</word>
			<alt>ト；ズ；はか</alt>
		</trans>
		<comment languages="en-ja">図書館 ; としょかん ; library
地図 ; ちず ; map
天気図 ; てんきず ; weather map</comment>
	</term>
	<term id="13">
		<trans lang="en">
			<word>building; hall</word>
		</trans>
		<trans lang="ja">
			<word>館 (16)</word>
			<alt>カン</alt>
		</trans>
		<comment languages="en-ja">映画館 ; えいがかん ; movie theater
旅館 ; りょかん ; inn
図書館 ; としょかん ; library
体育館 ; たいいくかん ; gymnasium
博物館 ; はくぶつかん ; museum
大使館 ; たいしかん ; embassy
水族館 ; すいぞくかん ; an aquarium</comment>
	</term>
	<term id="14">
		<trans lang="en">
			<word>end</word>
		</trans>
		<trans lang="ja">
			<word>終 (11)</word>
			<alt>お；シュウ</alt>
		</trans>
		<comment languages="en-ja">終わる ; おわる ; to come to an end
終わり ; おわり ; end
終える ; おえる ; to finish something
終電 ; しゅうでん ; the last train
終点 ; しゅうてん ; the terminus</comment>
	</term>
	<term id="15">
		<trans lang="en">
			<word>inn; to lodge in</word>
		</trans>
		<trans lang="ja">
			<word>宿 (11)</word>
			<alt>シュク；やど</alt>
		</trans>
		<comment languages="en-ja">宿題 ; しゅくだい ; homework
合宿 ; がっしゅく ; a training campu
宿泊する ; しゅくはくする ; to stay the night</comment>
	</term>
	<term id="16">
		<trans lang="en">
			<word>title; topic</word>
		</trans>
		<trans lang="ja">
			<word>題 (18)</word>
			<alt>ダイ</alt>
		</trans>
	</term>
</glossary>
