<?xml version="1.0"?>
<glossary id="131" name="00-Prologue" author="Frédéric Bergeron">
	<desc></desc>
	<term id="1">
		<trans lang="es">
			<word>desafuero</word>
		</trans>
		<trans lang="fr">
			<word>excès</word>
		</trans>
		<comment languages="es-fr">Estaba muriendo por culpa de sus propios desafueros.
Elle se mourrait à cause de ses propres excès.</comment>
	</term>
	<term id="2">
		<trans lang="es">
			<word>trocar</word>
		</trans>
		<trans lang="fr">
			<word>échanger,troquer</word>
		</trans>
	</term>
	<term id="3">
		<trans lang="es">
			<word>muestra</word>
		</trans>
		<trans lang="fr">
			<word>échantillon,preuve,témoignage</word>
		</trans>
	</term>
</glossary>
