<?xml version="1.0"?>
<glossary id="78" name="22" author="Frédéric Bergeron">
	<desc></desc>
	<term id="1" imagePath="1.gif">
		<trans lang="en">
			<word>every place,various places</word>
		</trans>
		<trans lang="ja">
			<word>各地</word>
			<alt>かくち</alt>
		</trans>
		<comment languages="en-ja">私はイギリス各地を見物した。
I visited many parts of England.

台風のために各地に被害が発生した。
The typhoon caused damage in many areas.</comment>
	</term>
	<term id="2" imagePath="2.gif">
		<trans lang="en">
			<word>museum</word>
		</trans>
		<trans lang="ja">
			<word>博物館</word>
			<alt>はくぶつかん</alt>
		</trans>
		<comment languages="en-ja">博物館で見た。
I saw it at the museum.</comment>
	</term>
	<term id="3" imagePath="3.gif">
		<trans lang="en">
			<word>really,truly,completely,perfectly</word>
		</trans>
		<trans lang="ja">
			<word>全く</word>
			<alt>まったく</alt>
		</trans>
		<comment languages="en-ja">それは、全く違う。
That is completely wrong.</comment>
	</term>
	<term id="4" imagePath="4.gif">
		<trans lang="en">
			<word>horn</word>
		</trans>
		<trans lang="ja">
			<word>角</word>
			<alt>つの</alt>
		</trans>
		<comment languages="en-ja">大きい角があったと想像する。
I imagine that it has some big horns.</comment>
	</term>
	<term id="5" imagePath="5.gif">
		<trans lang="en">
			<word>perfection,completeness</word>
		</trans>
		<trans lang="ja">
			<word>完全</word>
			<alt>かんぜん</alt>
		</trans>
		<comment languages="en-ja">完全な化石が発見された。
A whole fossil has been discovered.</comment>
	</term>
	<term id="6">
		<trans lang="en">
			<word>fossil,petrifaction,fossilization</word>
		</trans>
		<trans lang="ja">
			<word>化石</word>
			<alt>かせき</alt>
		</trans>
		<comment languages="en-ja">完全な化石が発見された。
A whole fossil has been discovered.</comment>
	</term>
	<term id="7" imagePath="7.gif">
		<trans lang="en">
			<word>accurate,punctuality</word>
		</trans>
		<trans lang="ja">
			<word>正確</word>
			<alt>せいかく</alt>
		</trans>
		<comment languages="en-ja">情報を正確に調べた。
He verified the information accurately.</comment>
	</term>
	<term id="8" imagePath="8.gif">
		<trans lang="en">
			<word>skin</word>
		</trans>
		<trans lang="ja">
			<word>皮膚</word>
			<alt>ひふ</alt>
		</trans>
		<comment languages="en-ja">皮膚の色。
Skin color.
[More formal than 肌]</comment>
	</term>
	<term id="9" imagePath="9.gif">
		<trans lang="en">
			<word>individual,each</word>
		</trans>
		<trans lang="ja">
			<word>各自</word>
			<alt>かくじ</alt>
		</trans>
		<comment languages="en-ja">各自で調べよう。
Let's check them individually.</comment>
	</term>
	<term id="10" imagePath="10.gif">
		<trans lang="en">
			<word>complete,completion,perfection (to)</word>
		</trans>
		<trans lang="ja">
			<word>完成(する)</word>
			<alt>かんせい(する)</alt>
		</trans>
		<comment languages="en-ja">やっと機械が完成した。
At last, the machine completed its task.</comment>
	</term>
	<term id="11" imagePath="11.gif">
		<trans lang="en">
			<word>official,formality</word>
		</trans>
		<trans lang="ja">
			<word>正式</word>
			<alt>せいしき</alt>
		</trans>
		<comment languages="en-ja">正式な雨量のグラフ。
Official data (graph) about rainfall.</comment>
	</term>
	<term id="12">
		<trans lang="en">
			<word>rainfall</word>
		</trans>
		<trans lang="ja">
			<word>雨量</word>
			<alt>うりょう</alt>
		</trans>
		<comment languages="en-ja">正式な雨量のグラフ。
Official data (graph) about rainfall.</comment>
	</term>
	<term id="13" imagePath="13.gif">
		<trans lang="en">
			<word>each person</word>
		</trans>
		<trans lang="ja">
			<word>各人</word>
			<alt>かくじん</alt>
		</trans>
		<comment languages="en-ja">各人は辞典で調べなさい。
Check in the dictionary, individually.</comment>
	</term>
	<term id="14" imagePath="14.gif">
		<trans lang="en">
			<word>justice,fairness,impartiality</word>
		</trans>
		<trans lang="ja">
			<word>公正</word>
			<alt>こうせい</alt>
		</trans>
		<comment languages="en-ja">ふたりの話を公正に裁く。
He judges the two stories impartially.</comment>
	</term>
	<term id="15">
		<trans lang="en">
			<word>to judge</word>
		</trans>
		<trans lang="ja">
			<word>裁く</word>
			<alt>さばく</alt>
		</trans>
		<comment languages="en-ja">ふたりの話を公正に裁く。
He judges the two stories impartially.</comment>
	</term>
	<term id="16" imagePath="16.gif">
		<trans lang="en">
			<word>every kind,all sorts</word>
		</trans>
		<trans lang="ja">
			<word>各種</word>
			<alt>かくしゅ</alt>
		</trans>
		<comment languages="en-ja">各種の材料を集める。
He gathers ingredients of all sorts.</comment>
	</term>
	<term id="17">
		<trans lang="en">
			<word>fair,exhibition,exposition</word>
		</trans>
		<trans lang="ja">
			<word>博覧会</word>
			<alt>はくらんかい</alt>
		</trans>
		<comment languages="en-ja">博覧会が開かれる。
The exhibition is opening.</comment>
	</term>
</glossary>
