<?xml version="1.0"?>
<glossary id="124" name="6.03" author="Frédéric Bergeron">
	<desc></desc>
	<term id="1">
		<trans lang="en">
			<word>implementation,realization (to)</word>
		</trans>
		<trans lang="ja">
			<word>実現(する)</word>
			<alt>じつげん(する)</alt>
		</trans>
	</term>
	<term id="2">
		<trans lang="en">
			<word>limit,restriction (to)</word>
		</trans>
		<trans lang="ja">
			<word>限定(する)</word>
			<alt>げんてい(する)</alt>
		</trans>
	</term>
	<term id="3">
		<trans lang="en">
			<word>tendency,trend,inclination</word>
		</trans>
		<trans lang="ja">
			<word>傾向</word>
			<alt>けいこう</alt>
		</trans>
	</term>
</glossary>
