<?xml version="1.0"?>
<glossary id="16" name="17" author="">
	<desc></desc>
	<term id="1">
		<trans lang="en">
			<word>year; age</word>
		</trans>
		<trans lang="ja">
			<word>歳 (13)</word>
			<alt>サイ；セイ</alt>
		</trans>
		<comment languages="en-ja">二十歳 ; にじゅうさい ; twenty-five years old
二十歳 ; はたち ; twenty years old</comment>
	</term>
	<term id="2">
		<trans lang="en">
			<word>to learn</word>
		</trans>
		<trans lang="ja">
			<word>習 (11)</word>
			<alt>なら；シュウ</alt>
		</trans>
		<comment languages="en-ja">習う ; ならう ; to learn
練習 ; れんしゅう ; practice</comment>
	</term>
	<term id="3">
		<trans lang="en">
			<word>main; lord</word>
		</trans>
		<trans lang="ja">
			<word>主 (5)</word>
			<alt>おも；シュ；ぬし</alt>
		</trans>
		<comment languages="en-ja">主に ; おもに ; mainly
ご主人 ; ごしゅじん ; husband
主婦 ; しゅふ ; housewife
資本主義 ; しほんしゅぎ ; capitalism</comment>
	</term>
	<term id="4">
		<trans lang="en">
			<word>to tie; to join</word>
		</trans>
		<trans lang="ja">
			<word>結 (12)</word>
			<alt>ケッ；ケツ；むす</alt>
		</trans>
		<comment languages="en-ja">結婚する ; けっこんする ; to marry
結果 ; けっか ; result
結ぶ ; むすぶ ; to bind; to connect
結論 ; けつろん ; a conclusion
結婚式 ; けっこんしき ; a wedding</comment>
	</term>
	<term id="5">
		<trans lang="en">
			<word>marriage</word>
		</trans>
		<trans lang="ja">
			<word>婚 (11)</word>
			<alt>コン</alt>
		</trans>
		<comment languages="en-ja">結婚する ; けっこんする ; to marry
離婚 ; りこん ; divorce
婚約する ; こんやくする ; to get engaged
新婚旅行 ; しんこんりょこう ; a honeymoon
離婚する ; りこんする ; to divorce
結婚式 ; けっこんしき ; a wedding</comment>
	</term>
	<term id="6">
		<trans lang="en">
			<word>to gather</word>
		</trans>
		<trans lang="ja">
			<word>集 (12)</word>
			<alt>あつ；シュウ</alt>
		</trans>
		<comment languages="en-ja">集める ; あつめる ; to collect</comment>
	</term>
	<term id="7">
		<trans lang="en">
			<word>to start; to reveal</word>
		</trans>
		<trans lang="ja">
			<word>発 (9)</word>
			<alt>ハッ；ハツ；パツ</alt>
		</trans>
		<comment languages="en-ja">発音 ; はつおん ; pronunciation
始発 ; しはつ ; the first train
活発な ; かっぱつな ; active
出発する ; しゅっぱつする ; to depart
発売 ; はつばい ; a sale
発行 ; はっこう ; publication
発車 ; はっしゃ ; departure of a vehicle
発表する ; はっぴょうする ; to make public; to give a presentation; to announce</comment>
	</term>
	<term id="8">
		<trans lang="en">
			<word>to express; surface</word>
		</trans>
		<trans lang="ja">
			<word>表 (8)</word>
			<alt>ピョウ；ヒョウ；あらわ</alt>
		</trans>
		<comment languages="en-ja">表面 ; ひょうめん ; a surface
表情 ; ひょうじょう ; facial expression
表す ; あらわす ; to express; to show
表現 ; ひょうげん ; an expression
発表する ; はっぴょうする ; to make public; to give a presentation; to announce</comment>
	</term>
	<term id="9">
		<trans lang="en">
			<word>goods; refinement</word>
		</trans>
		<trans lang="ja">
			<word>品 (9)</word>
			<alt>ヒン；しな</alt>
		</trans>
		<comment languages="en-ja">作品 ; さくひん ; artistic piece
所持品 ; しょじひん ; belongings
作品 ; さくひん ; piece of work
商品 ; しょうひん ; goods
品物 ; しなもも ; goods; articles
食料品 ; しょくりょうひん ; food
上品な ; じょうひんな ; elegant
品質 ; ひんしつ ; quality
下品 ; げひん ; vulgar</comment>
	</term>
	<term id="10">
		<trans lang="en">
			<word>character; letter</word>
		</trans>
		<trans lang="ja">
			<word>字 (6)</word>
			<alt>ジ</alt>
		</trans>
		<comment languages="en-ja">文字 ; もじ ; letter; character
赤十字 ; せきじゅうじ ; the Red Cross
文字 ; もじ ; character
漢字 ; かんじ ; Chinese character
黒字 ; くろじ ; a profit; surplus
赤字 ; あかじ ; a deficit
活字 ; かつじ ; printed type
漢字の意味 ; かんじのいみ ; kanji's meaning</comment>
	</term>
	<term id="11">
		<trans lang="en">
			<word>lively</word>
		</trans>
		<trans lang="ja">
			<word>活 (9)</word>
			<alt>カツ；カッ</alt>
		</trans>
		<comment languages="en-ja">活動 ; かつどう ; activity
生活 ; せいかつ ; (daily) life
活字 ; かつじ ; printed type
活発な ; かっぱつな ; active
活用形 ; かつようけい ; conjugation form</comment>
	</term>
	<term id="12">
		<trans lang="en">
			<word>to copy</word>
		</trans>
		<trans lang="ja">
			<word>写 (5)</word>
			<alt>シャ；うつ</alt>
		</trans>
		<comment languages="en-ja">写真 ; しゃしん ; photograph
写す ; うつす ; to copy
写る ; うつる ; to be photographed</comment>
	</term>
	<term id="13">
		<trans lang="en">
			<word>true; reality</word>
		</trans>
		<trans lang="ja">
			<word>真 (10)</word>
			<alt>シン；ま</alt>
		</trans>
		<comment languages="en-ja">写真 ; しゃしん ; photograph
真ん中 ; まんなか ; center
真夜中 ; まよなか ; midnight
真理 ; しんり ; truth
真白 ; まっしろ ; real white
真剣 ; しんけん ; serious</comment>
	</term>
	<term id="14">
		<trans lang="en">
			<word>to walk</word>
		</trans>
		<trans lang="ja">
			<word>歩 (8)</word>
			<alt>ある；ホ；ポ</alt>
		</trans>
		<comment languages="en-ja">歩く ; あるく ; to walk
歩道橋 ; ほどうきょう ; a pedestrian bridge
進歩する ; しんぽする ; to progress
初歩 ; しょほ ; the first steps</comment>
	</term>
	<term id="15">
		<trans lang="en">
			<word>field</word>
		</trans>
		<trans lang="ja">
			<word>野 (11)</word>
			<alt>ヤ；の</alt>
		</trans>
	</term>
</glossary>
