<?xml version="1.0"?>
<glossary id="307" name="JBPII-12" author="">
	<desc></desc>
	<term id="1">
		<trans lang="en">
			<word>room   **   +</word>
		</trans>
		<trans lang="ja">
			<word>部屋</word>
			<alt>heya</alt>
		</trans>
	</term>
	<term id="2">
		<trans lang="en">
			<word>book shop, book store</word>
		</trans>
		<trans lang="ja">
			<word>本屋</word>
			<alt>hon'ya</alt>
		</trans>
	</term>
	<term id="3">
		<trans lang="en">
			<word>what?   +</word>
		</trans>
		<trans lang="ja">
			<word>何</word>
			<alt>nani</alt>
		</trans>
	</term>
	<term id="4">
		<trans lang="en">
			<word>how many persons?</word>
		</trans>
		<trans lang="ja">
			<word>何名</word>
			<alt>nammei</alt>
		</trans>
	</term>
	<term id="5">
		<trans lang="en">
			<word># yen   +</word>
		</trans>
		<trans lang="ja">
			<word>~円</word>
			<alt>-en</alt>
		</trans>
	</term>
	<term id="6">
		<trans lang="en">
			<word>number   +</word>
		</trans>
		<trans lang="ja">
			<word>番号</word>
			<alt>bangoo</alt>
		</trans>
	</term>
	<term id="7">
		<trans lang="en">
			<word>nearby, close (to: "kara")   +</word>
		</trans>
		<trans lang="ja">
			<word>近い</word>
			<alt>chikai</alt>
		</trans>
	</term>
	<term id="8">
		<trans lang="en">
			<word>pay, pay off   +</word>
		</trans>
		<trans lang="ja">
			<word>払う</word>
			<alt>harau</alt>
		</trans>
	</term>
	<term id="9">
		<trans lang="en">
			<word>hito   person in charge, i/c</word>
		</trans>
		<trans lang="ja">
			<word>かかりの人</word>
			<alt>kakarino</alt>
		</trans>
	</term>
	<term id="10">
		<trans lang="en">
			<word>reservation clerk</word>
		</trans>
		<trans lang="ja">
			<word>よやくがかり</word>
			<alt>yoyakugakari</alt>
		</trans>
	</term>
	<term id="11">
		<trans lang="en">
			<word>be empty; open, be open</word>
		</trans>
		<trans lang="ja">
			<word>あく</word>
			<alt>aku</alt>
		</trans>
	</term>
	<term id="12">
		<trans lang="en">
			<word># persons (hon.)</word>
		</trans>
		<trans lang="ja">
			<word>~名</word>
			<alt>-mei</alt>
		</trans>
	</term>
	<term id="13">
		<trans lang="en">
			<word># nights</word>
		</trans>
		<trans lang="ja">
			<word>~はく</word>
			<alt>-haku</alt>
		</trans>
	</term>
	<term id="14">
		<trans lang="en">
			<word># meals</word>
		</trans>
		<trans lang="ja">
			<word>~しょく</word>
			<alt>-shoku</alt>
		</trans>
	</term>
	<term id="15">
		<trans lang="en">
			<word>with, attached (suff.)</word>
		</trans>
		<trans lang="ja">
			<word>~つき</word>
			<alt>-tsuki</alt>
		</trans>
	</term>
	<term id="16">
		<trans lang="en">
			<word>service</word>
		</trans>
		<trans lang="ja">
			<word>サービス</word>
			<alt>saabisu</alt>
		</trans>
	</term>
	<term id="17">
		<trans lang="en">
			<word>service charge</word>
		</trans>
		<trans lang="ja">
			<word>サービスりょう</word>
			<alt>saabisuryoo</alt>
		</trans>
	</term>
	<term id="18">
		<trans lang="en">
			<word>Certainly.</word>
		</trans>
		<trans lang="ja">
			<word>かしこまりました</word>
			<alt>kashikomarimashita</alt>
		</trans>
	</term>
	<term id="19">
		<trans lang="en">
			<word>arrival, arrive</word>
		</trans>
		<trans lang="ja">
			<word>とう着 [する]</word>
			<alt>toochaku</alt>
		</trans>
	</term>
	<term id="20">
		<trans lang="en">
			<word>occasion; in case</word>
		</trans>
		<trans lang="ja">
			<word>ばあい</word>
			<alt>baai</alt>
		</trans>
	</term>
	<term id="21">
		<trans lang="en">
			<word>be sure to, certainly</word>
		</trans>
		<trans lang="ja">
			<word>かならず</word>
			<alt>kanarazu</alt>
		</trans>
	</term>
	<term id="22">
		<trans lang="en">
			<word>And then</word>
		</trans>
		<trans lang="ja">
			<word>それで</word>
			<alt>sorede</alt>
		</trans>
	</term>
	<term id="23">
		<trans lang="en">
			<word>charge, fee</word>
		</trans>
		<trans lang="ja">
			<word>りょう金</word>
			<alt>ryookin</alt>
		</trans>
	</term>
	<term id="24">
		<trans lang="en">
			<word>irimasu   I am sorry</word>
		</trans>
		<trans lang="ja">
			<word>おそれ入ります</word>
			<alt>osore</alt>
		</trans>
	</term>
	<term id="25">
		<trans lang="en">
			<word>deposit, down payment</word>
		</trans>
		<trans lang="ja">
			<word>内金</word>
			<alt>uchikin</alt>
		</trans>
	</term>
	<term id="26">
		<trans lang="en">
			<word>as, by way of (suff.)</word>
		</trans>
		<trans lang="ja">
			<word>~として</word>
			<alt>-toshite</alt>
		</trans>
	</term>
	<term id="27">
		<trans lang="en">
			<word>cool, pleasantly cool</word>
		</trans>
		<trans lang="ja">
			<word>すずしい</word>
			<alt>suzushii</alt>
		</trans>
	</term>
	<term id="28">
		<trans lang="en">
			<word>take, take s.th. along</word>
		</trans>
		<trans lang="ja">
			<word>もって行く</word>
			<alt>motteiku</alt>
		</trans>
	</term>
	<term id="29">
		<trans lang="en">
			<word>eraser</word>
		</trans>
		<trans lang="ja">
			<word>けしゴム</word>
			<alt>keshigomu</alt>
		</trans>
	</term>
	<term id="30">
		<trans lang="en">
			<word>I accept. (before a meal)</word>
		</trans>
		<trans lang="ja">
			<word>いただきます</word>
			<alt>itadakimasu</alt>
		</trans>
	</term>
	<term id="31">
		<trans lang="en">
			<word>Thank you. (after a meal)</word>
		</trans>
		<trans lang="ja">
			<word>ごちそうさま</word>
			<alt>gochisoosama</alt>
		</trans>
	</term>
	<term id="33">
		<trans lang="en">
			<word>part, split up</word>
		</trans>
		<trans lang="ja">
			<word>わかれる</word>
			<alt>wakareru</alt>
		</trans>
	</term>
	<term id="34">
		<trans lang="en">
			<word>thesis</word>
		</trans>
		<trans lang="ja">
			<word>ろんぶん</word>
			<alt>rombun</alt>
		</trans>
	</term>
	<term id="35">
		<trans lang="en">
			<word>souvenir</word>
		</trans>
		<trans lang="ja">
			<word>おみやげ</word>
			<alt>omiyage</alt>
		</trans>
	</term>
	<term id="36">
		<trans lang="en">
			<word>get tired</word>
		</trans>
		<trans lang="ja">
			<word>つかれる</word>
			<alt>tsukareru</alt>
		</trans>
	</term>
	<term id="37">
		<trans lang="en">
			<word>sleepy</word>
		</trans>
		<trans lang="ja">
			<word>ねむい</word>
			<alt>nemui</alt>
		</trans>
	</term>
	<term id="38">
		<trans lang="en">
			<word>earthquake</word>
		</trans>
		<trans lang="ja">
			<word>じしん</word>
			<alt>jishin</alt>
		</trans>
	</term>
	<term id="39">
		<trans lang="en">
			<word>war</word>
		</trans>
		<trans lang="ja">
			<word>せんそう</word>
			<alt>sensoo</alt>
		</trans>
	</term>
	<term id="40">
		<trans lang="en">
			<word>funeral</word>
		</trans>
		<trans lang="ja">
			<word>そうしき</word>
			<alt>sooshiki</alt>
		</trans>
	</term>
	<term id="41">
		<trans lang="en">
			<word>be enough</word>
		</trans>
		<trans lang="ja">
			<word>たりる</word>
			<alt>tariru</alt>
		</trans>
	</term>
	<term id="42">
		<trans lang="en">
			<word>plan, program, schedule</word>
		</trans>
		<trans lang="ja">
			<word>よてい</word>
			<alt>yotei</alt>
		</trans>
	</term>
	<term id="43">
		<trans lang="en">
			<word>rose</word>
		</trans>
		<trans lang="ja">
			<word>ばら</word>
			<alt>bara</alt>
		</trans>
	</term>
	<term id="44">
		<trans lang="en">
			<word>ball-point pen</word>
		</trans>
		<trans lang="ja">
			<word>ボールペン</word>
			<alt>boorupen</alt>
		</trans>
	</term>
	<term id="45">
		<trans lang="en">
			<word>trousers</word>
		</trans>
		<trans lang="ja">
			<word>ズボン</word>
			<alt>zubon</alt>
		</trans>
	</term>
	<term id="46">
		<trans lang="en">
			<word>contract, make a contract</word>
		</trans>
		<trans lang="ja">
			<word>けいやく [する]</word>
			<alt>keiyaku</alt>
		</trans>
	</term>
	<term id="47">
		<trans lang="en">
			<word>living, life; make a living</word>
		</trans>
		<trans lang="ja">
			<word>せいかつ [する]</word>
			<alt>seikatsu</alt>
		</trans>
	</term>
	<term id="48">
		<trans lang="en">
			<word>get used to</word>
		</trans>
		<trans lang="ja">
			<word>なれる</word>
			<alt>nareru</alt>
		</trans>
	</term>
	<term id="49">
		<trans lang="en">
			<word>little by little</word>
		</trans>
		<trans lang="ja">
			<word>すこしずつ</word>
			<alt>sukoshizutsu</alt>
		</trans>
	</term>
	<term id="50">
		<trans lang="en">
			<word>be troubled, be inconvenienced</word>
		</trans>
		<trans lang="ja">
			<word>こまる</word>
			<alt>komaru</alt>
		</trans>
	</term>
	<term id="51">
		<trans lang="en">
			<word>anytime</word>
		</trans>
		<trans lang="ja">
			<word>いつでも</word>
			<alt>itsudemo</alt>
		</trans>
	</term>
	<term id="52">
		<trans lang="en">
			<word>conference, tournament</word>
		</trans>
		<trans lang="ja">
			<word>大会</word>
			<alt>taikai</alt>
		</trans>
	</term>
	<term id="53">
		<trans lang="en">
			<word>stop, be over</word>
		</trans>
		<trans lang="ja">
			<word>やむ</word>
			<alt>yamu</alt>
		</trans>
	</term>
	<term id="54">
		<trans lang="en">
			<word>discontinue, interrupt</word>
		</trans>
		<trans lang="ja">
			<word>中し [する]</word>
			<alt>chuushi</alt>
		</trans>
	</term>
	<term id="55">
		<trans lang="en">
			<word>make sure</word>
		</trans>
		<trans lang="ja">
			<word>たしかめる</word>
			<alt>tashikameru</alt>
		</trans>
	</term>
</glossary>
