<?xml version="1.0"?>
<glossary id="365" name="p001-021" author="Frédéric Bergeron">
	<desc></desc>
	<term id="1">
		<trans lang="es">
			<word>embestir</word>
		</trans>
		<trans lang="fr">
			<word>se jeter sur</word>
		</trans>
		<comment languages="es-fr">embestida: attaque</comment>
	</term>
	<term id="2">
		<trans lang="es">
			<word>portón</word>
		</trans>
		<trans lang="fr">
			<word>grande porte</word>
		</trans>
	</term>
	<term id="3">
		<trans lang="es">
			<word>triza</word>
		</trans>
		<trans lang="fr">
			<word>petit morceau</word>
		</trans>
		<comment languages="es-fr">hacer trizas: mettre en miettes, en morceaux</comment>
	</term>
	<term id="4">
		<trans lang="es">
			<word>hierro</word>
		</trans>
		<trans lang="fr">
			<word>fer</word>
		</trans>
		<comment languages="es-fr">hombres de hierro</comment>
	</term>
	<term id="5">
		<trans lang="es">
			<word>estruendo,fragor</word>
		</trans>
		<trans lang="fr">
			<word>fracas</word>
		</trans>
		<comment languages="es-fr">estruendo de la puerta</comment>
	</term>
	<term id="6">
		<trans lang="es">
			<word>desgajar(se)</word>
		</trans>
		<trans lang="fr">
			<word>arracher(s')</word>
		</trans>
	</term>
	<term id="7">
		<trans lang="es">
			<word>derrumbar</word>
		</trans>
		<trans lang="fr">
			<word>abattre</word>
		</trans>
		<comment languages="es-fr">derrumbarse: s'écrouler
derrumbamiento: écroulement</comment>
	</term>
	<term id="8">
		<trans lang="es">
			<word>tronera</word>
		</trans>
		<trans lang="fr">
			<word>meurtrière (n.)</word>
		</trans>
	</term>
	<term id="9">
		<trans lang="es">
			<word>desencadenar</word>
		</trans>
		<trans lang="fr">
			<word>déchaîner</word>
		</trans>
	</term>
	<term id="10">
		<trans lang="es">
			<word>arar</word>
		</trans>
		<trans lang="fr">
			<word>labourer</word>
		</trans>
	</term>
	<term id="11">
		<trans lang="es">
			<word>siembra (s.)</word>
		</trans>
		<trans lang="fr">
			<word>semailles (pl.)</word>
		</trans>
	</term>
	<term id="12">
		<trans lang="es">
			<word>labrar</word>
		</trans>
		<trans lang="fr">
			<word>travailler,cultiver</word>
		</trans>
	</term>
	<term id="13">
		<trans lang="es">
			<word>maleza (s.)</word>
		</trans>
		<trans lang="fr">
			<word>broussailles (pl.)</word>
		</trans>
	</term>
	<term id="14">
		<trans lang="es">
			<word>arado</word>
		</trans>
		<trans lang="fr">
			<word>charrue</word>
		</trans>
	</term>
	<term id="15">
		<trans lang="es">
			<word>pedregoso</word>
		</trans>
		<trans lang="fr">
			<word>pierreux</word>
		</trans>
		<comment languages="es-fr">el suelo pedregoso</comment>
	</term>
	<term id="16">
		<trans lang="es">
			<word>cazuela</word>
		</trans>
		<trans lang="fr">
			<word>casserole</word>
		</trans>
	</term>
	<term id="17">
		<trans lang="es">
			<word>sien (f.)</word>
		</trans>
		<trans lang="fr">
			<word>tempe</word>
		</trans>
		<comment languages="es-fr">La sangre se me agolpa en las sienes.</comment>
	</term>
	<term id="18">
		<trans lang="es">
			<word>marear</word>
		</trans>
		<trans lang="fr">
			<word>étourdir,faire tourner la tête</word>
		</trans>
	</term>
	<term id="19">
		<trans lang="es">
			<word>jadeo</word>
		</trans>
		<trans lang="fr">
			<word>halètement</word>
		</trans>
		<comment languages="es-fr">jadear: haleter</comment>
	</term>
	<term id="20">
		<trans lang="es">
			<word>alarido,grito</word>
		</trans>
		<trans lang="fr">
			<word>cri</word>
		</trans>
	</term>
	<term id="21">
		<trans lang="es">
			<word>pelea</word>
		</trans>
		<trans lang="fr">
			<word>combat,lutte</word>
		</trans>
	</term>
	<term id="22">
		<trans lang="es">
			<word>pisotear</word>
		</trans>
		<trans lang="fr">
			<word>piétiner</word>
		</trans>
	</term>
	<term id="23">
		<trans lang="es">
			<word>chimenea</word>
		</trans>
		<trans lang="fr">
			<word>cheminée</word>
		</trans>
	</term>
	<term id="24">
		<trans lang="es">
			<word>sensatez (m.)</word>
		</trans>
		<trans lang="fr">
			<word>bon sens</word>
		</trans>
		<comment languages="es-fr">No es miedo, es sensatez.
Ce n'est pas de la crainte, c'est le bon sens.</comment>
	</term>
	<term id="25">
		<trans lang="es">
			<word>comarca</word>
		</trans>
		<trans lang="fr">
			<word>région,contrée</word>
		</trans>
	</term>
	<term id="26">
		<trans lang="es">
			<word>poza</word>
		</trans>
		<trans lang="fr">
			<word>marre (f.)</word>
		</trans>
	</term>
	<term id="27">
		<trans lang="es">
			<word>urraca</word>
		</trans>
		<trans lang="fr">
			<word>pie</word>
		</trans>
	</term>
	<term id="28">
		<trans lang="es">
			<word>empujar</word>
		</trans>
		<trans lang="fr">
			<word>pousser</word>
		</trans>
		<comment languages="es-fr">empujón: poussée</comment>
	</term>
	<term id="29">
		<trans lang="es">
			<word>pezón (m.)</word>
		</trans>
		<trans lang="fr">
			<word>mamelon</word>
		</trans>
		<comment languages="es-fr">Sus dedos me raspan los pezones y a mí me gusta.
Ses doigts me grattent les mamelons et ça me plaît.</comment>
	</term>
	<term id="30">
		<trans lang="es">
			<word>raspar</word>
		</trans>
		<trans lang="fr">
			<word>gratter</word>
		</trans>
	</term>
	<term id="31">
		<trans lang="es">
			<word>pavesa</word>
		</trans>
		<trans lang="fr">
			<word>flammèche</word>
		</trans>
	</term>
	<term id="32">
		<trans lang="es">
			<word>tirón</word>
		</trans>
		<trans lang="fr">
			<word>secousse</word>
		</trans>
		<comment languages="es-fr">de un tirón: d'un seul coup</comment>
	</term>
	<term id="33">
		<trans lang="es">
			<word>amo</word>
		</trans>
		<trans lang="fr">
			<word>maître</word>
		</trans>
	</term>
</glossary>
