<?xml version="1.0"?>
<glossary id="37" name="16" author="Frédéric Bergeron">
	<desc></desc>
	<term id="1" imagePath="1.gif">
		<trans lang="en">
			<word>(look of) stores and houses on street</word>
		</trans>
		<trans lang="ja">
			<word>街並</word>
			<alt>まちなみ</alt>
		</trans>
		<comment languages="en-ja">異国情緒あふれる街並みが続く。
The streets are filled with an air of exoticism.</comment>
	</term>
	<term id="2" imagePath="2.gif">
		<trans lang="en">
			<word>to commute,to go back &amp; forth</word>
		</trans>
		<trans lang="ja">
			<word>通う</word>
			<alt>かよう</alt>
		</trans>
	</term>
	<term id="3" imagePath="3.gif">
		<trans lang="en">
			<word>storehouse,warehouse,godown</word>
		</trans>
		<trans lang="ja">
			<word>倉庫</word>
			<alt>そうこ</alt>
		</trans>
	</term>
	<term id="4" imagePath="4.gif">
		<trans lang="en">
			<word>sentence in English</word>
		</trans>
		<trans lang="ja">
			<word>英文</word>
			<alt>えいぶん</alt>
		</trans>
	</term>
	<term id="5" imagePath="5.gif">
		<trans lang="en">
			<word>elementary level</word>
		</trans>
		<trans lang="ja">
			<word>初級</word>
			<alt>しょきゅう</alt>
		</trans>
	</term>
</glossary>
