<?xml version="1.0"?>
<glossary id="305" name="JNI-15" author="">
	<desc></desc>
	<term id="1">
		<trans lang="en">
			<word># floor</word>
		</trans>
		<trans lang="ja">
			<word>~かい</word>
			<alt>-kai</alt>
		</trans>
	</term>
	<term id="2">
		<trans lang="en">
			<word>2nd floor</word>
		</trans>
		<trans lang="ja">
			<word>二かい</word>
			<alt>nikai</alt>
		</trans>
	</term>
	<term id="3">
		<trans lang="en">
			<word>what floor?</word>
		</trans>
		<trans lang="ja">
			<word>なんかい</word>
			<alt>nankai</alt>
		</trans>
	</term>
	<term id="4">
		<trans lang="en">
			<word>Excuse me., I'm sorry.</word>
		</trans>
		<trans lang="ja">
			<word>すみません [が]</word>
			<alt>sumimasen</alt>
		</trans>
	</term>
	<term id="5">
		<trans lang="en">
			<word>together (with: "to")</word>
		</trans>
		<trans lang="ja">
			<word>いっしょに</word>
			<alt>isshoni</alt>
		</trans>
	</term>
	<term id="6">
		<trans lang="en">
			<word>lots of, much, many</word>
		</trans>
		<trans lang="ja">
			<word>たくさん</word>
			<alt>takusan</alt>
		</trans>
	</term>
	<term id="7">
		<trans lang="en">
			<word>all, the whole</word>
		</trans>
		<trans lang="ja">
			<word>ぜんぶ</word>
			<alt>zembu</alt>
		</trans>
	</term>
	<term id="8">
		<trans lang="en">
			<word>silver</word>
		</trans>
		<trans lang="ja">
			<word>ぎん</word>
			<alt>gin</alt>
		</trans>
	</term>
	<term id="9">
		<trans lang="en">
			<word>bank</word>
		</trans>
		<trans lang="ja">
			<word>ぎん行</word>
			<alt>ginkoo</alt>
		</trans>
	</term>
	<term id="10">
		<trans lang="en">
			<word>post office</word>
		</trans>
		<trans lang="ja">
			<word>ゆうびんきょく</word>
			<alt>yuubinkyoku</alt>
		</trans>
	</term>
	<term id="11">
		<trans lang="en">
			<word>bus</word>
		</trans>
		<trans lang="ja">
			<word>バス</word>
			<alt>basu</alt>
		</trans>
	</term>
	<term id="12">
		<trans lang="en">
			<word>bus stop</word>
		</trans>
		<trans lang="ja">
			<word>バスてい</word>
			<alt>basutei</alt>
		</trans>
	</term>
	<term id="13">
		<trans lang="en">
			<word>station, railway station</word>
		</trans>
		<trans lang="ja">
			<word>えき</word>
			<alt>eki</alt>
		</trans>
	</term>
	<term id="14">
		<trans lang="en">
			<word>parking</word>
		</trans>
		<trans lang="ja">
			<word>ちゅうしゃ [する]</word>
			<alt>chuusha</alt>
		</trans>
	</term>
	<term id="15">
		<trans lang="en">
			<word>parking lot</word>
		</trans>
		<trans lang="ja">
			<word>ちゅうしゃじょう</word>
			<alt>chuushajoo</alt>
		</trans>
	</term>
	<term id="16">
		<trans lang="en">
			<word>pharmacy, drug store</word>
		</trans>
		<trans lang="ja">
			<word>やっきょく</word>
			<alt>yakkyoku</alt>
		</trans>
	</term>
	<term id="17">
		<trans lang="en">
			<word>see, watch, look   +</word>
		</trans>
		<trans lang="ja">
			<word>見る</word>
			<alt>miru</alt>
		</trans>
	</term>
	<term id="18">
		<trans lang="en">
			<word>buy   +</word>
		</trans>
		<trans lang="ja">
			<word>買う</word>
			<alt>kau</alt>
		</trans>
	</term>
</glossary>
