<?xml version="1.0"?>
<glossary id="7" name="08" author="">
	<desc></desc>
	<term id="1">
		<trans lang="en">
			<word>member</word>
		</trans>
		<trans lang="ja">
			<word>員 (10)</word>
			<alt>イン</alt>
		</trans>
		<comment languages="en-ja">会社員 ; かいしゃいん ; office worker
店員 ; てんいん ; store attendant
駅員 ; えきいん ; station attendant
全員 ; ぜんいん ; all members
定員 ; ていいん ; an admission limit
会員 ; かいいん ; a member of an association
国会議員 ; こっかいぎいん ; member of National Diet</comment>
	</term>
	<term id="2">
		<trans lang="en">
			<word>new</word>
		</trans>
		<trans lang="ja">
			<word>新 (13)</word>
			<alt>あたら；シン</alt>
		</trans>
		<comment languages="en-ja">新しい ; あたらしい ; new
新幹線 ; しんかんせん ; Bullet Train
新聞 ; しんぶん ; newspaper
新雪 ; しんせつ ; new snow
新婚旅行 ; しんこんりょこう ; a honeymoon</comment>
	</term>
	<term id="3">
		<trans lang="en">
			<word>to listen</word>
		</trans>
		<trans lang="ja">
			<word>聞 (14)</word>
			<alt>き；ブン</alt>
		</trans>
		<comment languages="en-ja">新聞 ; しんぶん ; newspaper
聞く ; きく ; to listen</comment>
	</term>
	<term id="4">
		<trans lang="en">
			<word>to make</word>
		</trans>
		<trans lang="ja">
			<word>作 (7)</word>
			<alt>つく；サク</alt>
		</trans>
		<comment languages="en-ja">作文 ; さくぶん ; composition
作る ; つくる ; to make
作品 ; さくひん ; artistic piece
作品 ; さくひん ; piece of work
荷作りする ; にづくりする ; to pack</comment>
	</term>
	<term id="5">
		<trans lang="en">
			<word>to serve</word>
		</trans>
		<trans lang="ja">
			<word>仕 (5)</word>
			<alt>シ</alt>
		</trans>
		<comment languages="en-ja">仕事 ; しごと ; job
力仕事 ; ちからしごと ; physical labor such as construction
仕える ; つかえる ; to serve
仕方 ; しかた ; how to; a method</comment>
	</term>
	<term id="6">
		<trans lang="en">
			<word>thing</word>
		</trans>
		<trans lang="ja">
			<word>事 (8)</word>
			<alt>ごと；こと；ジ</alt>
		</trans>
		<comment languages="en-ja">仕事 ; しごと ; job
事 ; こと ; thing
食事 ; しょくじ ; meal
火事 ; かじ ; fire
力仕事 ; ちからしごと ; physical labor such as construction
工事 ; こうじ ; construction
事務所 ; じむしょ ; office
返事 ; へんじ ; an answer
事故 ; じこ ; an accident
記事 ; きじ ; an article
用事 ; ようじ ; business; an engagement; a thing to take care of
交通事故 ; こうつうじこ ; traffic accident
県知事 ; けんちじ ; prefectural governor
事実 ; じじつ ; a fact</comment>
	</term>
	<term id="7">
		<trans lang="en">
			<word>electricity</word>
		</trans>
		<trans lang="ja">
			<word>電 (13)</word>
			<alt>デン</alt>
		</trans>
		<comment languages="en-ja">電気 ; でんき ; electricity
電子メール ; でんしメール ; e-mail
電車 ; でんしゃ ; train
電話 ; でんわ ; telephone
特急電車 ; とっきゅうでんしゃ ; super express train
留守番電話 ; るすばんでんわ ; answering machine
電話番号 ; でんわばんごう ; a telephone number
終電 ; しゅうでん ; the last train
電話局 ; でんわきょく ; a telephone office</comment>
	</term>
	<term id="8">
		<trans lang="en">
			<word>car</word>
		</trans>
		<trans lang="ja">
			<word>車 (7)</word>
			<alt>くるま；シャ</alt>
		</trans>
		<comment languages="en-ja">電車 ; でんしゃ ; train
車 ; くるま ; car
自転車 ; じてんしゃ ; bicycle
自動車 ; じどうしゃ ; automobile
特急電車 ; とっきゅうでんしゃ ; super express train
馬車 ; ばしゃ ; a carriage
寝台車 ; しんだいしゃ ; sleeping car
発車 ; はっしゃ ; departure of a vehicle
車両 ; しゃりょう ; vehicles; cars
歯車 ; はぐるま ; a gear</comment>
	</term>
	<term id="9">
		<trans lang="en">
			<word>to rest</word>
		</trans>
		<trans lang="ja">
			<word>休 (6)</word>
			<alt>やす；キュウ</alt>
		</trans>
		<comment languages="en-ja">休む ; やすむ ; to be absent; to rest
休み ; やすみ ; holiday; absence
休日 ; きゅうじつ ; holiday
連休 ; れんきゅう ; consecutive holidays
夏休み ; なつやすみ ; summer vacation
冬休み ; ふゆやすみ ; winter vacation</comment>
	</term>
	<term id="10">
		<trans lang="en">
			<word>to say</word>
		</trans>
		<trans lang="ja">
			<word>言 (7)</word>
			<alt>い；ゲン</alt>
		</trans>
		<comment languages="en-ja">言う ; いう ; to say
言語学 ; げんごがく ; linguistics</comment>
	</term>
	<term id="11">
		<trans lang="en">
			<word>to read</word>
		</trans>
		<trans lang="ja">
			<word>読 (14)</word>
			<alt>よ；ドク</alt>
		</trans>
		<comment languages="en-ja">読む ; よむ ; to read
読書 ; どくしょ ; reading books
通読 ; つうどく ; reading through; reading over
音読 ; おんよみ ; 'ON' reading</comment>
	</term>
	<term id="12">
		<trans lang="en">
			<word>to think</word>
		</trans>
		<trans lang="ja">
			<word>思 (9)</word>
			<alt>おも；シ</alt>
		</trans>
		<comment languages="en-ja">思う ; おもう ; to think
不思議な ; ふしぎな ; mysterious
思い出す ; おもいだす ; to recall
思い出 ; おもいで ; a memory
思考力 ; しこうりょく ; thinking power; ability to think</comment>
	</term>
	<term id="13">
		<trans lang="en">
			<word>next</word>
		</trans>
		<trans lang="ja">
			<word>次 (6)</word>
			<alt>つぎ；ジ</alt>
		</trans>
		<comment languages="en-ja">次 ; つぎ ; next
次女 ; じじょ ; one's second daughter
目次 ; もくじ ; table of contents
次ぐ ; つぐ ; to be next
次回 ; じかい ; next time</comment>
	</term>
	<term id="14">
		<trans lang="en">
			<word>what</word>
		</trans>
		<trans lang="ja">
			<word>何 (7)</word>
			<alt>なに；なん</alt>
		</trans>
	</term>
</glossary>
