<?xml version="1.0"?>
<glossary id="314" name="JBPI-17" author="">
	<desc></desc>
	<term id="1">
		<trans lang="en">
			<word>farewell party</word>
		</trans>
		<trans lang="ja">
			<word>そうべつかい</word>
			<alt>soobetsukai</alt>
		</trans>
	</term>
	<term id="2">
		<trans lang="en">
			<word>by all means, without fail</word>
		</trans>
		<trans lang="ja">
			<word>ぜひ</word>
			<alt>zehi</alt>
		</trans>
	</term>
	<term id="3">
		<trans lang="en">
			<word>which way?, where?</word>
		</trans>
		<trans lang="ja">
			<word>どちら</word>
			<alt>dochira</alt>
		</trans>
	</term>
	<term id="4">
		<trans lang="en">
			<word>open (s.th.)</word>
		</trans>
		<trans lang="ja">
			<word>あける</word>
			<alt>akeru</alt>
		</trans>
	</term>
	<term id="5">
		<trans lang="en">
			<word>erase, extinguish, turn off</word>
		</trans>
		<trans lang="ja">
			<word>けす</word>
			<alt>kesu</alt>
		</trans>
	</term>
	<term id="6">
		<trans lang="en">
			<word>door</word>
		</trans>
		<trans lang="ja">
			<word>ドア</word>
			<alt>doa</alt>
		</trans>
	</term>
	<term id="7">
		<trans lang="en">
			<word>close; put on (tie, obi)</word>
		</trans>
		<trans lang="ja">
			<word>しめる</word>
			<alt>shimeru</alt>
		</trans>
	</term>
	<term id="8">
		<trans lang="en">
			<word>welcome party</word>
		</trans>
		<trans lang="ja">
			<word>かんげいかい</word>
			<alt>kangeikai</alt>
		</trans>
	</term>
	<term id="9">
		<trans lang="en">
			<word>But</word>
		</trans>
		<trans lang="ja">
			<word>でも</word>
			<alt>demo</alt>
		</trans>
	</term>
	<term id="10">
		<trans lang="en">
			<word>video</word>
		</trans>
		<trans lang="ja">
			<word>ビデオ</word>
			<alt>bideo</alt>
		</trans>
	</term>
	<term id="11">
		<trans lang="en">
			<word>dark</word>
		</trans>
		<trans lang="ja">
			<word>くらい</word>
			<alt>kurai</alt>
		</trans>
	</term>
	<term id="12">
		<trans lang="en">
			<word>attach, turn on</word>
		</trans>
		<trans lang="ja">
			<word>つける</word>
			<alt>tsukeru</alt>
		</trans>
	</term>
	<term id="13">
		<trans lang="en">
			<word>noisy</word>
		</trans>
		<trans lang="ja">
			<word>うるさい</word>
			<alt>urusai</alt>
		</trans>
	</term>
	<term id="14">
		<trans lang="en">
			<word>heater</word>
		</trans>
		<trans lang="ja">
			<word>ヒーター</word>
			<alt>hiitaa</alt>
		</trans>
	</term>
	<term id="15">
		<trans lang="en">
			<word>photocopy</word>
		</trans>
		<trans lang="ja">
			<word>コピー</word>
			<alt>kopii</alt>
		</trans>
	</term>
</glossary>
