<?xml version="1.0"?>
<glossary id="42" name="1.10" author="Frédéric Bergeron">
	<desc></desc>
	<term id="1">
		<trans lang="en">
			<word>too much,unnecessary,abundance,surplus,excess,superfluity</word>
		</trans>
		<trans lang="ja">
			<word>余計</word>
			<alt>よけい</alt>
		</trans>
		<comment languages="en-ja">こんな余計な機能なんでつけたんだろう。
What did they add this needless function for?

我々は手紙を手書きにしているので、時間が余計にかかる。
We're eating up a lot of time writing letters by hand.

余計な努力の結果、彼の血圧を通常以上に上がった。
The extra effort raised his blood pressure above normal.</comment>
	</term>
	<term id="2">
		<trans lang="en">
			<word>surely,certainly</word>
		</trans>
		<trans lang="ja">
			<word>確かに</word>
			<alt>たしかに</alt>
		</trans>
	</term>
	<term id="3">
		<trans lang="en">
			<word>particularly,especially</word>
		</trans>
		<trans lang="ja">
			<word>特に</word>
			<alt>とくに</alt>
		</trans>
	</term>
	<term id="4">
		<trans lang="en">
			<word>author,authoress</word>
		</trans>
		<trans lang="ja">
			<word>作者</word>
			<alt>さくしゃ</alt>
		</trans>
	</term>
	<term id="5">
		<trans lang="en">
			<word>distribution (to)</word>
		</trans>
		<trans lang="ja">
			<word>配布(する)</word>
			<alt>はいふ(する)</alt>
		</trans>
		<comment languages="en-ja">コメントでプログラムの名前や作者や配布条件の情報を書くことができる。
We can write the name of the program, its authors and terms of distribution, and so on, in comments.</comment>
	</term>
	<term id="6">
		<trans lang="en">
			<word>beginning of line (BOL)</word>
		</trans>
		<trans lang="ja">
			<word>行頭</word>
			<alt>ぎょうとう</alt>
		</trans>
	</term>
	<term id="7">
		<trans lang="en">
			<word>completely</word>
		</trans>
		<trans lang="ja">
			<word>丸々</word>
			<alt>まるまる</alt>
		</trans>
		<comment languages="en-ja">行頭に「#」があれば、１行丸まるコメントになります。
A line with a # mark at its beginning becomes a comment.</comment>
	</term>
	<term id="8">
		<trans lang="en">
			<word>end of line (EOL),fate,one's future</word>
		</trans>
		<trans lang="ja">
			<word>行末</word>
			<alt>ぎょうまつ</alt>
		</trans>
	</term>
	<term id="9">
		<trans lang="en">
			<word>to note,to write down</word>
		</trans>
		<trans lang="ja">
			<word>記す</word>
			<alt>しるす</alt>
		</trans>
	</term>
	<term id="10">
		<trans lang="en">
			<word>priceless treasure,convenience,usefulness</word>
		</trans>
		<trans lang="ja">
			<word>重宝</word>
			<alt>じゅうほう</alt>
		</trans>
	</term>
	<term id="11">
		<trans lang="en">
			<word>net</word>
		</trans>
		<trans lang="ja">
			<word>網</word>
			<alt>あみ</alt>
		</trans>
	</term>
	<term id="12">
		<trans lang="en">
			<word>some time ago</word>
		</trans>
		<trans lang="ja">
			<word>先程</word>
			<alt>さきほど</alt>
		</trans>
	</term>
	<term id="13">
		<trans lang="en">
			<word>necessarily,certainly,without fail,positively,invariably</word>
		</trans>
		<trans lang="ja">
			<word>必ず</word>
			<alt>かならず</alt>
		</trans>
	</term>
</glossary>
