<?xml version="1.0"?>
<glossary id="101" name="3.1" author="Frédéric Bergeron">
	<desc></desc>
	<term id="1">
		<trans lang="en">
			<word>in the first place,to begin with</word>
		</trans>
		<trans lang="ja">
			<word>抑</word>
			<alt>そもそも</alt>
		</trans>
	</term>
	<term id="2">
		<trans lang="en">
			<word>acquisition</word>
		</trans>
		<trans lang="ja">
			<word>取得</word>
			<alt>しゅとく</alt>
		</trans>
	</term>
	<term id="3">
		<trans lang="en">
			<word>change,conversion,transformation (to)</word>
		</trans>
		<trans lang="ja">
			<word>変換(する)</word>
			<alt>へんかん(する)</alt>
		</trans>
	</term>
</glossary>
