<?xml version="1.0"?>
<glossary id="159" name="19" author="Frédéric Bergeron">
	<desc></desc>
	<term id="1">
		<trans lang="es">
			<word>sabiduría</word>
		</trans>
		<trans lang="fr">
			<word>savoir,sagesse</word>
		</trans>
	</term>
	<term id="2">
		<trans lang="es">
			<word>harto</word>
		</trans>
		<trans lang="fr">
			<word>rassasié,las</word>
		</trans>
	</term>
	<term id="3">
		<trans lang="es">
			<word>fallecer</word>
		</trans>
		<trans lang="fr">
			<word>mourir,décéder</word>
		</trans>
	</term>
</glossary>
