<?xml version="1.0"?>
<glossary id="31" name="1.08.0" author="Frédéric Bergeron">
	<desc></desc>
	<term id="1">
		<trans lang="en">
			<word>integer</word>
		</trans>
		<trans lang="ja">
			<word>整数</word>
			<alt>せいすう</alt>
		</trans>
	</term>
	<term id="2">
		<trans lang="en">
			<word>fraction (part of),decimal</word>
		</trans>
		<trans lang="ja">
			<word>小数</word>
			<alt>しょうすう</alt>
		</trans>
	</term>
	<term id="3">
		<trans lang="en">
			<word>floating point</word>
		</trans>
		<trans lang="ja">
			<word>浮動小数点</word>
			<alt>ふどうしょうすうてん</alt>
		</trans>
	</term>
	<term id="4">
		<trans lang="en">
			<word>numeral,figure</word>
		</trans>
		<trans lang="ja">
			<word>数字</word>
			<alt>すうじ</alt>
		</trans>
	</term>
	<term id="5">
		<trans lang="en">
			<word>attached to,belong to</word>
		</trans>
		<trans lang="ja">
			<word>所属(する)</word>
			<alt>しょぞく(する)</alt>
		</trans>
		<comment languages="en-ja">ユミコはテニス部に所属しています。
Yumiko belongs to the tennis club.

君は、どちらの派に所属しているのですか。
Which party do you belong to?</comment>
	</term>
	<term id="6">
		<trans lang="en">
			<word>identical,equal to,same (kind),like</word>
		</trans>
		<trans lang="ja">
			<word>同様</word>
			<alt>どうよう</alt>
		</trans>
		<comment languages="en-ja">この車は新車同様だ。
This car is similar a new car.

間口も広いが奥行きも同様に深い。
It's as deep as it is wide.</comment>
	</term>
</glossary>
