<?xml version="1.0"?>
<glossary id="40" name="1.09" author="Frédéric Bergeron">
	<desc></desc>
	<term id="1">
		<trans lang="en">
			<word>to miss (doing),to fail (to do)</word>
		</trans>
		<trans lang="ja">
			<word>欠かす</word>
			<alt>かかす</alt>
		</trans>
		<comment languages="en-ja">塩は一日もかかすことが出来ない。
We cannot do without salt even for a single day.

彼は毎週欠かさず母親に便りをする。
He never fails to write to his mother every week.

彼は毎朝かかさず新聞を読む。
He never misses reading the papers every day.</comment>
	</term>
	<term id="2">
		<trans lang="en">
			<word>name plate,name tag</word>
		</trans>
		<trans lang="ja">
			<word>名札</word>
			<alt>なふだ</alt>
		</trans>
	</term>
	<term id="3">
		<trans lang="en">
			<word>surface,area</word>
		</trans>
		<trans lang="ja">
			<word>表面積</word>
			<alt>ひょうめんせき</alt>
		</trans>
		<comment languages="en-ja">地球の表面積の３分の２は水でおおわれている。
Two-thirds of the earth's surface is covered with water.</comment>
	</term>
	<term id="4">
		<trans lang="en">
			<word>capacity,volume</word>
		</trans>
		<trans lang="ja">
			<word>体積</word>
			<alt>たいせき</alt>
		</trans>
	</term>
	<term id="5">
		<trans lang="en">
			<word>change,modification,alteration (to)</word>
		</trans>
		<trans lang="ja">
			<word>変更(する)</word>
			<alt>へんこう(する)</alt>
		</trans>
		<comment languages="en-ja">[The alteration is not natural.  Someone or something is responsible for it.  In opposition, 変化 is for a natural change.]</comment>
	</term>
	<term id="6">
		<trans lang="en">
			<word>amendment,correction,revision,modification,update (to)</word>
		</trans>
		<trans lang="ja">
			<word>修正(する)</word>
			<alt>しゅうせい(する)</alt>
		</trans>
	</term>
	<term id="7">
		<trans lang="en">
			<word>to face,to confront,to oppose</word>
		</trans>
		<trans lang="ja">
			<word>対する</word>
			<alt>たいする</alt>
		</trans>
	</term>
	<term id="8">
		<trans lang="en">
			<word>time,labour</word>
		</trans>
		<trans lang="ja">
			<word>手間</word>
			<alt>てま</alt>
		</trans>
		<comment languages="en-ja">あなたが手伝ってくれれば、大いに手間が省ける。
Your help will save us a lot of work.

あなたはそうすることでずっと手間が省けるだろう。
You would be saved a great deal of trouble.</comment>
	</term>
	<term id="9">
		<trans lang="en">
			<word>clear up,clarify,define</word>
		</trans>
		<trans lang="ja">
			<word>明確(する)</word>
			<alt>めいかく(する)</alt>
		</trans>
		<comment languages="en-ja">この語を明確に定義できますか。
Can you clearly define this word?

できるだけ明確にはなしたほうがいい。
You had better talk as clearly as you can.

出かける前に明確な計画を立てておいてほしい。
I want you to have a definite plan before you leave.</comment>
	</term>
	<term id="10">
		<trans lang="en">
			<word>to obey,to follow,to accompany</word>
		</trans>
		<trans lang="ja">
			<word>従う</word>
			<alt>したがう</alt>
		</trans>
		<comment languages="en-ja">とにかく君は両親に従ったほうがよい。
At all events you had better obey your parents.</comment>
	</term>
	<term id="11">
		<trans lang="en">
			<word>to bear in mind,to aim to do</word>
		</trans>
		<trans lang="ja">
			<word>心掛ける</word>
			<alt>こころがける</alt>
		</trans>
	</term>
	<term id="12">
		<trans lang="en">
			<word>constant,persistent,unremitting,continually</word>
		</trans>
		<trans lang="ja">
			<word>不断</word>
			<alt>ふだん</alt>
		</trans>
		<comment languages="en-ja">我々はふだんより足を速めて歩いた。
We walked more quickly than usual.

妻はふだん、夜コーヒーを飲みません。私もそうです。
My wife usually doesn't drink coffee at night, and neither do I.

私はふだんテニスをしたあとシャワーを浴びるが、きょうはできなかった。
I usually take a shower after I play tennis, but today I couldn't.</comment>
	</term>
	<term id="13">
		<trans lang="en">
			<word>usually,habitually,ordinarily,always</word>
		</trans>
		<trans lang="ja">
			<word>普段</word>
			<alt>ふだん</alt>
		</trans>
		<comment languages="en-ja">アイリス、君は普段朝食は何を食べているの？
Iris, what do you usually eat for breakfast?

ラジオの放送で普段と同じように話をするのは容易ではない。
It is not easy to speak naturally on the radio.

学校の近くに住んでいるので、普段は歩いて通学する。
Living near the school, I usually walk there.

私は普段７時に朝食をたべます。
I usually have breakfast at seven.</comment>
	</term>
</glossary>
