<?xml version="1.0"?>
<glossary id="196" name="Die Zahlen von 20 bis 100." author="Frédéric Bergeron">
	<desc></desc>
	<term id="1">
		<trans lang="de">
			<word>zwangzig</word>
		</trans>
		<trans lang="fr">
			<word>20 : vingt</word>
		</trans>
	</term>
	<term id="2">
		<trans lang="de">
			<word>dreißig</word>
		</trans>
		<trans lang="fr">
			<word>30 : trente</word>
		</trans>
	</term>
	<term id="3">
		<trans lang="de">
			<word>vierzig</word>
		</trans>
		<trans lang="fr">
			<word>40 : quarante</word>
		</trans>
	</term>
	<term id="4">
		<trans lang="de">
			<word>fünfzig</word>
		</trans>
		<trans lang="fr">
			<word>50 : cinquante</word>
		</trans>
	</term>
	<term id="5">
		<trans lang="de">
			<word>sechzig</word>
		</trans>
		<trans lang="fr">
			<word>60 : soixante</word>
		</trans>
	</term>
	<term id="6">
		<trans lang="de">
			<word>siebzig</word>
		</trans>
		<trans lang="fr">
			<word>70 : soixante-dix</word>
		</trans>
	</term>
	<term id="7">
		<trans lang="de">
			<word>achtzig</word>
		</trans>
		<trans lang="fr">
			<word>80 : quatrevingt</word>
		</trans>
	</term>
	<term id="8">
		<trans lang="de">
			<word>neunzig</word>
		</trans>
		<trans lang="fr">
			<word>90 : quatrevingt-dix</word>
		</trans>
	</term>
	<term id="9">
		<trans lang="de">
			<word>hundert</word>
		</trans>
		<trans lang="fr">
			<word>100 : cent</word>
		</trans>
	</term>
	<term id="10">
		<trans lang="de">
			<word>einundzwanzig</word>
		</trans>
		<trans lang="fr">
			<word>21 : vingt-et-un</word>
		</trans>
	</term>
	<term id="11">
		<trans lang="de">
			<word>zweiundzwanzig</word>
		</trans>
		<trans lang="fr">
			<word>22 : vingt-deux</word>
		</trans>
	</term>
	<term id="12">
		<trans lang="de">
			<word>dreiundzwanzig</word>
		</trans>
		<trans lang="fr">
			<word>23 : vingt-trois</word>
		</trans>
	</term>
	<term id="13">
		<trans lang="de">
			<word>vierundzwanzig</word>
		</trans>
		<trans lang="fr">
			<word>24 : vingt-quatre</word>
		</trans>
	</term>
	<term id="14">
		<trans lang="de">
			<word>fünfundzwanzig</word>
		</trans>
		<trans lang="fr">
			<word>25 : vingt-cinq</word>
		</trans>
	</term>
	<term id="15">
		<trans lang="de">
			<word>sechsundzwanzig</word>
		</trans>
		<trans lang="fr">
			<word>26 : vingt-six</word>
		</trans>
	</term>
	<term id="16">
		<trans lang="de">
			<word>siebenundzwanzig</word>
		</trans>
		<trans lang="fr">
			<word>27 : vingt-sept</word>
		</trans>
	</term>
	<term id="17">
		<trans lang="de">
			<word>achtundzwanzig</word>
		</trans>
		<trans lang="fr">
			<word>28 : vingt-huit</word>
		</trans>
	</term>
	<term id="18">
		<trans lang="de">
			<word>neunundzwanzig</word>
		</trans>
		<trans lang="fr">
			<word>29 : vingt-neuf</word>
		</trans>
	</term>
</glossary>
