<?xml version="1.0"?>
<glossary id="18" name="1.00" author="Frédéric Bergeron">
	<desc></desc>
	<term id="1">
		<trans lang="en">
			<word>section,medal</word>
		</trans>
		<trans lang="ja">
			<word>章</word>
			<alt>しょう</alt>
		</trans>
		<comment languages="en-ja">この章では次の内容について紹介します。
In this section, we will introduce the following subjects.</comment>
	</term>
	<term id="2">
		<trans lang="en">
			<word>subject,contents,matter,substance,detail,import</word>
		</trans>
		<trans lang="ja">
			<word>内容</word>
			<alt>ないよう</alt>
		</trans>
		<comment languages="en-ja">この章では次の内容について紹介します。
In this section, we will introduce the following subjects.</comment>
	</term>
	<term id="3">
		<trans lang="en">
			<word>outline,summary</word>
		</trans>
		<trans lang="ja">
			<word>概要</word>
			<alt>がいよう</alt>
		</trans>
		<comment languages="en-ja">Rubyを使ったプログラミングの概要を掴んで下さい。
Please, grasp the outline of Ruby programming we used so far.

彼は私に事件の概要を説明した。
He gave me an outline of the affair.</comment>
	</term>
	<term id="4">
		<trans lang="en">
			<word>numerical value</word>
		</trans>
		<trans lang="ja">
			<word>数値</word>
			<alt>すうち</alt>
		</trans>
	</term>
	<term id="5">
		<trans lang="en">
			<word>output (to)</word>
		</trans>
		<trans lang="ja">
			<word>出力(する)</word>
			<alt>しゅつりょく(する)</alt>
		</trans>
	</term>
	<term id="6">
		<trans lang="en">
			<word>substitution (to)</word>
		</trans>
		<trans lang="ja">
			<word>代入(する)</word>
			<alt>だいにゅう(する)</alt>
		</trans>
	</term>
	<term id="7">
		<trans lang="en">
			<word>conditions,terms</word>
		</trans>
		<trans lang="ja">
			<word>条件</word>
			<alt>じょうけん</alt>
		</trans>
	</term>
	<term id="8">
		<trans lang="en">
			<word>judgement,decision,adjudication,conclusion,decipherment,divination (to)</word>
		</trans>
		<trans lang="ja">
			<word>判断(する)</word>
			<alt>はんだん(する)</alt>
		</trans>
		<comment languages="en-ja">その人のことをよく知らなければ、人を判断できない。
You cannot judge a person if you don't know him well.</comment>
	</term>
	<term id="9">
		<trans lang="en">
			<word>repetition,reiteration,loop</word>
		</trans>
		<trans lang="ja">
			<word>繰り返し</word>
			<alt>くりかえし</alt>
		</trans>
	</term>
	<term id="10">
		<trans lang="en">
			<word>comparison (to)</word>
		</trans>
		<trans lang="ja">
			<word>比較(する)</word>
			<alt>ひかく(する)</alt>
		</trans>
	</term>
	<term id="11">
		<trans lang="en">
			<word>definition (to)</word>
		</trans>
		<trans lang="ja">
			<word>定義(する)</word>
			<alt>ていぎ(する)</alt>
		</trans>
		<comment languages="en-ja">メソッドを定義する。
We define some methods.</comment>
	</term>
</glossary>
