<?xml version="1.0"?>
<glossary id="205" name="Im Hotel." author="Frédéric Bergeron">
	<desc></desc>
	<term id="1">
		<trans lang="de">
			<word>die Telefonnummer</word>
		</trans>
		<trans lang="fr">
			<word>le numéro de téléphone</word>
		</trans>
	</term>
	<term id="2">
		<trans lang="de">
			<word>das Zimmer</word>
		</trans>
		<trans lang="fr">
			<word>la chambre</word>
		</trans>
	</term>
	<term id="3">
		<trans lang="de">
			<word>wählen</word>
		</trans>
		<trans lang="fr">
			<word>composer</word>
		</trans>
		<comment languages="de-fr">Littéralement: choisir.</comment>
	</term>
	<term id="4">
		<trans lang="de">
			<word>besetzt</word>
		</trans>
		<trans lang="fr">
			<word>occupé</word>
		</trans>
	</term>
	<term id="5">
		<trans lang="de">
			<word>frei</word>
		</trans>
		<trans lang="fr">
			<word>libre,inoccupé</word>
		</trans>
	</term>
	<term id="6">
		<trans lang="de">
			<word>Haben Sie ein Zimmer frei?</word>
		</trans>
		<trans lang="fr">
			<word>Avez-vous une chambre de libre?</word>
		</trans>
	</term>
	<term id="7">
		<trans lang="de">
			<word>die Empfangsdame</word>
		</trans>
		<trans lang="fr">
			<word>la réceptionniste</word>
		</trans>
	</term>
	<term id="8">
		<trans lang="de">
			<word>Wie ist ...?</word>
		</trans>
		<trans lang="fr">
			<word>Quel est ...?</word>
		</trans>
		<comment languages="de-fr">Littéralement: Comment est ...?</comment>
	</term>
	<term id="9">
		<trans lang="de">
			<word>Sind sie ...?</word>
		</trans>
		<trans lang="fr">
			<word>Êtes-vous ...?</word>
		</trans>
	</term>
	<term id="10">
		<trans lang="de">
			<word>Wie ist Ihre Adresse?</word>
		</trans>
		<trans lang="fr">
			<word>Quelle est votre adresse?</word>
		</trans>
	</term>
	<term id="11">
		<trans lang="de">
			<word>Und Ihre Telefonnummer?</word>
		</trans>
		<trans lang="fr">
			<word>Et votre numéro de téléphone?</word>
		</trans>
	</term>
</glossary>
