<?xml version="1.0"?>
<glossary id="1" name="Kanji1-100">
<translations>
	<term id="1">
		<trans lang="en">
			<word>nine</word>
		</trans>
		<trans lang="ja">
			<word>九</word>
			<alt>キュウ ク ここの（つ）</alt>
			<comment> 九日    [ここのか]   nine days, the ninth day of the month
九州    [きゅうしゅう]   Kyuushuu (place name)
九月    [くがつ]   September
九年    [きゅうねん, くねん]   nine years
九十    [きゅうじゅう]   ninety</comment>
		</trans>
	</term>
	<term id="2">
		<trans lang="en">
			<word>four</word>
		</trans>
		<trans lang="ja">
			<word>四</word>
			<alt>シ よん, よ（っつ）</alt>
			<comment> 四年    [よねん]   four years
四十    [よんじゅう,]   forty
四日    [よっか]   four days, the fourth day of the month
四月    [しがつ]   April
四国    [しこく]   Shikoku (place name)</comment>
		</trans>
	</term>
	<term id="3">
		<trans lang="en">
			<word>month, moon</word>
		</trans>
		<trans lang="ja">
			<word>月</word>
			<alt>ゲツ ガツ つき</alt>
			<comment> 一月    [いちがつ]   January
月末    [げつまつ]   end of the month
今月    [こんげつ]   this month
来月    [らいげつ]   next month
先月    [せんげつ]   last month</comment>
		</trans>
	</term>
	<term id="4">
		<trans lang="en">
			<word>person</word>
		</trans>
		<trans lang="ja">
			<word>者</word>
			<alt>シャ もの</alt>
			<comment> 業者    [ぎょうしゃ]   traders
記者    [きしゃ]   reporter, journalist
若者    [わかもの]   young people
学者    [がくしゃ]   scholar
死者    [ししゃ]   dead person</comment>
		</trans>
	</term>
	<term id="5">
		<trans lang="en">
			<word>market, city, urban</word>
		</trans>
		<trans lang="ja">
			<word>市</word>
			<alt>シ いち</alt>
			<comment> 都市    [とし]   city
市場    [いちば, しじょう]   market
市民    [しみん]   citizen
市長    [しちょう]   mayor
市町    [しちょう]   cities and towns, district</comment>
		</trans>
	</term>
	<term id="6">
		<trans lang="en">
			<word>shrine, company, society</word>
		</trans>
		<trans lang="ja">
			<word>社</word>
			<alt>シャ やしろ</alt>
			<comment> 社会    [しゃかい]   society
会社    [かいしゃ]   company
社長    [しゃちょう]   company president
民社    [みんしゃ]   Democratic-Social Party
社員    [しゃいん]   company employee</comment>
		</trans>
	</term>
	<term id="7">
		<trans lang="en">
			<word>matter, work, thing</word>
		</trans>
		<trans lang="ja">
			<word>事</word>
			<alt>ジ ズ こと</alt>
			<comment> 事件    [じけん]   incident, event
事業    [じぎょう]   bussiness, work
事務    [じむ]   office work
理事    [りじ]   director
仕事    [しごと]   work</comment>
		</trans>
	</term>
	<term id="8">
		<trans lang="en">
			<word>go out, put out, exit</word>
		</trans>
		<trans lang="ja">
			<word>出</word>
			<alt>シュツ スイ で（る）, だ（す）</alt>
			<comment> 提出    [ていしゅつ]   hand in
輸出    [ゆしゅつ]   export
出向    [しゅっこう]   being transferred (at work), leaving for
出席    [しゅっせき]   presence, attendance
出来    [でき]   result, end product, ready</comment>
		</trans>
	</term>
	<term id="9">
		<trans lang="en">
			<word>five</word>
		</trans>
		<trans lang="ja">
			<word>五</word>
			<alt>ゴ いつ（つ）</alt>
			<comment> 十五    [じゅうご]   fifteen
五十    [ごじゅう]   fifty
五年    [ごねん]   five years
五日    [いつか]   five days, the fifth of the month
五億    [ごおく]   five hundred million</comment>
		</trans>
	</term>
	<term id="10">
		<trans lang="en">
			<word>center, middle, inside</word>
		</trans>
		<trans lang="ja">
			<word>中</word>
			<alt>チュウ なか</alt>
			<comment> 中心    [ちゅうしん]   center
中学    [ちゅうがく]   junior high school
中止    [ちゅうし]   discontinuance, cancellation
中間    [ちゅうかん]   middle
集中    [しゅうちゅう]   concentration</comment>
		</trans>
	</term>
	<term id="11">
		<trans lang="en">
			<word>long, head, merit</word>
		</trans>
		<trans lang="ja">
			<word>長</word>
			<alt>チョウ なが（い）</alt>
			<comment> 会長    [かいちょう]   president, chairman
社長    [しゃちょう]   company president
長官    [ちょうかん]   director
長期    [ちょうき]   long term
長崎    [ながさき]   Nagasaki (place name)</comment>
		</trans>
	</term>
	<term id="12">
		<trans lang="en">
			<word>book, main, origin</word>
		</trans>
		<trans lang="ja">
			<word>本</word>
			<alt>ホン もと</alt>
			<comment> 本人    [ほんにん]   the person himself
本部    [ほんぶ]   headquarter
資本    [しほん]   capital
基本    [きほん]   basis
本社    [ほんしゃ]   head office</comment>
		</trans>
	</term>
	<term id="13">
		<trans lang="en">
			<word>three</word>
		</trans>
		<trans lang="ja">
			<word>三</word>
			<alt>サン み（っつ）</alt>
			<comment> 三年    [さんねん]   three years
三月    [さんがつ]   March
三日    [みっか]   three days, the third day of the month
三百    [さんびゃく]   three hundred
三人    [さんにん]   three people</comment>
		</trans>
	</term>
	<term id="14">
		<trans lang="en">
			<word>nation, country</word>
		</trans>
		<trans lang="ja">
			<word>国</word>
			<alt>コク くに</alt>
			<comment> 国連    [こくれん]   the United Nations
国際    [こくさい]   international
米国    [べいこく]   USA
全国    [ぜんこく]   nation-wide
国内    [こくない]   domestic</comment>
		</trans>
	</term>
	<term id="15">
		<trans lang="en">
			<word>year, age</word>
		</trans>
		<trans lang="ja">
			<word>年</word>
			<alt>ネン とし</alt>
			<comment> 年度    [ねんど]   term, fiscal year
昨年    [さくねん]   last year
年間    [ねんかん]   period of one year, annual
前年    [ぜんねん]   preceding year
今年    [ことし]   this year</comment>
		</trans>
	</term>
	<term id="16">
		<trans lang="en">
			<word>big, large , great</word>
		</trans>
		<trans lang="ja">
			<word>大</word>
			<alt>ダイ タイ おお（きい）</alt>
			<comment> 大阪    [おおさか]   Osaka
大学    [だいがく]   university
大手    [おおて]   major company, large scale
最大    [さいだい]   the biggest
大気    [たいき]   atmosphere, air</comment>
		</trans>
	</term>
	<term id="17">
		<trans lang="en">
			<word>man</word>
		</trans>
		<trans lang="ja">
			<word>人</word>
			<alt>ジン ニン ひと</alt>
			<comment> 証人    [しょうにん]   witness
個人    [こじん]   individual
本人    [ほんにん]   the person himself
人口    [じんこう]   population
人目    [ひとめ／〜にんめ]   public notice, ~th person</comment>
		</trans>
	</term>
	<term id="18">
		<trans lang="en">
			<word>two</word>
		</trans>
		<trans lang="ja">
			<word>二</word>
			<alt>ニ ふた（つ）</alt>
			<comment> 二年    [にねん]   two years
二月    [にがつ]   February
二百    [にひゃく]   two hundred
二日    [ふつか]   two days, the second day of the month
二人    [ふたり]   two people</comment>
		</trans>
	</term>
	<term id="19">
		<trans lang="en">
			<word>one</word>
		</trans>
		<trans lang="ja">
			<word>一</word>
			<alt>イチ ひと（つ）</alt>
			<comment> 一月    [いちがつ]   January
一年    [いちねん]   one year
一方    [いっぽう]   on the other hand
一人    [ひとり]   one person
一時    [いちじ]   for a time, one o'clock</comment>
		</trans>
	</term>
	<term id="20">
		<trans lang="en">
			<word>day, sun</word>
		</trans>
		<trans lang="ja">
			<word>日</word>
			<alt>ニチ ジツ ひ, か</alt>
			<comment> 日本    [にほん]   Japan
一日    [いちにち／ついたち]   one day, the first day of the month
日米    [にちべい]   Japan-US
来日    [らいにち]   visit to Japan
日中    [にっちゅう]   in the daytime, Japan-China</comment>
		</trans>
	</term>
	<term id="21">
		<trans lang="en">
			<word>ten</word>
		</trans>
		<trans lang="ja">
			<word>十</word>
			<alt>ジュウ とお, と</alt>
			<comment> 十分    [じゅうぶん／じゅっぷん]   enough, ten minutes
十年    [じゅうねん]   ten years
十日    [とおか]   ten days, the tenth day of the month
十人    [じゅうにん]   ten people
十億    [じゅうおく]   one thousand million, one billion</comment>
		</trans>
	</term>
	<term id="22">
		<trans lang="en">
			<word>meet, society</word>
		</trans>
		<trans lang="ja">
			<word>会</word>
			<alt>エ カイ あ（う）</alt>
			<comment> 社会    [しゃかい]   society
会社    [かいしゃ]   company
会長    [かいちょう]   chairman
会議    [かいぎ]   conference, meeting
国会    [こっかい]   national diet, congress</comment>
		</trans>
	</term>
	<term id="23">
		<trans lang="en">
			<word>after</word>
		</trans>
		<trans lang="ja">
			<word>後</word>
			<alt>ゴ コウ あと, うし（ろ）, おく（れる）, のち</alt>
			<comment> 午後    [ごご]   afternoon, p.m.
今後    [こんご]   after this, from now on
戦後    [せんご]   after the war(WWII)
後援    [こうえん]   support, backing
後半    [こうはん]   latter, second half</comment>
		</trans>
	</term>
	<term id="24">
		<trans lang="en">
			<word>dis~, in~, un~, ill~</word>
		</trans>
		<trans lang="ja">
			<word>不</word>
			<alt>フ *</alt>
			<comment> 不況    [ふきょう]   depression
不当    [ふとう]   injustice, unfair
不安    [ふあん]   uneasiness, anxiety
不足    [ふそく]   lack, shortage
不動    [ふどう]   immobility, fixed</comment>
		</trans>
	</term>
	<term id="25">
		<trans lang="en">
			<word>small</word>
		</trans>
		<trans lang="ja">
			<word>小</word>
			<alt>ショウ こ, お, ちい（さい）</alt>
			<comment> 小沢    [おざわ]   Ozawa (personal name)
中小    [ちゅしょう]   small and medium
最小    [さいしょう]   smallest
小型    [こがた]   small size
過小    [かしょう]   too small</comment>
		</trans>
	</term>
	<term id="26">
		<trans lang="en">
			<word>six</word>
		</trans>
		<trans lang="ja">
			<word>六</word>
			<alt>ロク リク むっ（つ）, む</alt>
			<comment> 六日    [むいか]   six days, the sixth day of the month
六十    [ろくじゅう]   sixty
六百    [ろっぴゃく]   six hundred
六月    [ろくがつ]   June
六千    [ろくせん]   six thousand</comment>
		</trans>
	</term>
	<term id="27">
		<trans lang="en">
			<word>oneself, natural</word>
		</trans>
		<trans lang="ja">
			<word>自</word>
			<alt>ジ シ みずか（ら）</alt>
			<comment> 自治    [じち]   self-government
自動    [じどう]   automatic
自分    [じぶん]   oneself
自然    [しぜん]   nature
自由    [じゆう]   freedom</comment>
		</trans>
	</term>
	<term id="28">
		<trans lang="en">
			<word>to move</word>
		</trans>
		<trans lang="ja">
			<word>動</word>
			<alt>ドウ うご（く）</alt>
			<comment> 活動    [かつどう]   activity
自動    [じどう]   automatic
行動    [こうどう]   action
動物    [どうぶつ]   animal
運動    [うんどう]   motion, physical exercise, sports</comment>
		</trans>
	</term>
	<term id="29">
		<trans lang="en">
			<word>to fix, to decide, to establish</word>
		</trans>
		<trans lang="ja">
			<word>定</word>
			<alt>テイ ジョウ さだ（める）</alt>
			<comment> 予定    [よてい]   schedule, plan
決定    [けってい]   decision
指定    [してい]   appointment, appointing
特定    [とくてい]   special, parircular, specially fixed
規定    [きてい]   regulations</comment>
		</trans>
	</term>
	<term id="30">
		<trans lang="en">
			<word>melody, inspection, to examine</word>
		</trans>
		<trans lang="ja">
			<word>調</word>
			<alt>チョウ しら（べる）</alt>
			<comment> 調査    [ちょうさ]   investigation
調整    [ちょうせい]   adjustment
強調    [きょうちょう]   emphasis
協調    [きょうちょう]   co-operation, harmony
調書    [ちょうしょ]   preliminary memo, written evidence</comment>
		</trans>
	</term>
	<term id="31">
		<trans lang="en">
			<word>place</word>
		</trans>
		<trans lang="ja">
			<word>所</word>
			<alt>ショ ところ</alt>
			<comment> 所得    [しょとく]   income
所有    [しょゆう]   possession
所見    [しょけん]   one's view, opinion
場所    [ばしょ]   place, location
役所    [やくしょ]   public office</comment>
		</trans>
	</term>
	<term id="32">
		<trans lang="en">
			<word>to transform, change</word>
		</trans>
		<trans lang="ja">
			<word>化</word>
			<alt>カ ケ ば（ける）</alt>
			<comment> 文化    [ぶんか]   culture
強化    [きょうか]   reinforcement, strengthening
変化    [へんか]   change
化学    [かがく]   chemistry
消化    [しょうか]   digestion</comment>
		</trans>
	</term>
	<term id="33">
		<trans lang="en">
			<word>list, surface, to indicate</word>
		</trans>
		<trans lang="ja">
			<word>表</word>
			<alt>ヒョウ おもて, あら（わす）</alt>
			<comment> 発表    [はっぴょう]   announcement, presentation
代表    [だいひょう]   representative
表明    [ひょうめい]   manifestation, declaration
表現    [ひょうげん]   expression
公表    [こうひょう]   official announcement, proclamation</comment>
		</trans>
	</term>
	<term id="34">
		<trans lang="en">
			<word>reason, logic</word>
		</trans>
		<trans lang="ja">
			<word>理</word>
			<alt>リ *</alt>
			<comment> 管理    [かんり]   administration, management
理事    [りじ]   director, board of directors
理由    [りゆう]   reason
理解    [りかい]   understanding
合理    [ごうり]   rational</comment>
		</trans>
	</term>
	<term id="35">
		<trans lang="en">
			<word>master, owner</word>
		</trans>
		<trans lang="ja">
			<word>主</word>
			<alt>シュ ス ぬし</alt>
			<comment> 主要    [しゅよう]   importance, major
主張    [しゅちょう]   insistence, claim, adovocacy
自主    [じしゅ]   independence, autonomy
主力    [しゅりょく]   main force
株主    [かぶぬし]   shareholder, stockholder</comment>
		</trans>
	</term>
	<term id="36">
		<trans lang="en">
			<word>bottom, under, to go down</word>
		</trans>
		<trans lang="ja">
			<word>下</word>
			<alt>カ ゲ した, もと, しも, くだ（る）, さ（げる）, さ（がる）</alt>
			<comment> 下落    [げらく]   fall, decline, depreciation
以下    [いか]   below, less than
地下    [ちか]   under ground, basement
低下    [ていか]   fall, decrease
下回る    [したまわ（る）]   be less than</comment>
		</trans>
	</term>
	<term id="37">
		<trans lang="en">
			<word>degree, time, times</word>
		</trans>
		<trans lang="ja">
			<word>度</word>
			<alt>ド *</alt>
			<comment> 年度    [ねんど]   term of one year, fiscal year
制度    [せいど]   system, institution
高度    [こうど]   altitude, high degree, high level
一度    [いちど]   once
限度    [げんど]   limit</comment>
		</trans>
	</term>
	<term id="38">
		<trans lang="en">
			<word>to hit, to be equal to, to guess</word>
		</trans>
		<trans lang="ja">
			<word>当</word>
			<alt>トウ あ（たる）, あ（てる）</alt>
			<comment> 担当    [たんとう]   charge
不当    [ふとう]   injustice, unfair
当時    [とうじ]   at that time
当局    [とうきょく]   authorities
当面    [とうめん]   pressing, urgent, impending</comment>
		</trans>
	</term>
	<term id="39">
		<trans lang="en">
			<word>rice, America</word>
		</trans>
		<trans lang="ja">
			<word>米</word>
			<alt>ベイ マイ こめ</alt>
			<comment> 米国    [べいこく]   the United States of America
日米    [にちべい]   Japan and America
米軍    [べいぐん]   the United States Armed Forces
南米    [なんべい]   South America
対米    [たいべい]   toward (with, against) USA</comment>
		</trans>
	</term>
	<term id="40">
		<trans lang="en">
			<word>appearance, aspect, each other</word>
		</trans>
		<trans lang="ja">
			<word>相</word>
			<alt>ソウ ショウ あい</alt>
			<comment> 首相    [しゅしょう]   prime minister
相談    [そうだん]   consultation
外相    [がいそう]   the Ministar of Foreign Affairs
相手    [あいて]   companion, the other party
相次ぐ    [あいつ（ぐ）]   one after another, in succsession</comment>
		</trans>
	</term>
	<term id="41">
		<trans lang="en">
			<word>to decide, to be decided</word>
		</trans>
		<trans lang="ja">
			<word>決</word>
			<alt>ケツ き（める）, き（まる）</alt>
			<comment> 決定    [けってい]   decision
決算    [けっさん]   settlement of accounts
判決    [はんけつ]   judicial decision, judgement
解決    [かいけつ]   solution
決議    [けつぎ]   resolution, decision, vote</comment>
		</trans>
	</term>
	<term id="42">
		<trans lang="en">
			<word>to ask, to care, to accuse</word>
		</trans>
		<trans lang="ja">
			<word>問</word>
			<alt>モン と（う）</alt>
			<comment> 問題    [もんだい]   problem, issue
疑問    [ぎもん]   doubt, question
質問    [しつもん]   question
難問    [なんもん]   difficult question
学問    [がくもん]   learning, study</comment>
		</trans>
	</term>
	<term id="43">
		<trans lang="en">
			<word>reality, fruit, to bear fruit</word>
		</trans>
		<trans lang="ja">
			<word>実</word>
			<alt>ジツ み, みの（る）</alt>
			<comment> 実施    [じっし]   execution
事実    [じじつ]   fact
実現    [じつげん]   realization
実際    [じっさい]   actual state, reality, in fact
確実    [かくじつ]   certainty</comment>
		</trans>
	</term>
	<term id="44">
		<trans lang="en">
			<word>capital</word>
		</trans>
		<trans lang="ja">
			<word>京</word>
			<alt>キョウ ケイ *</alt>
			<comment> 東京    [とうきょう]   Tokyo (place name)
京都    [きょうと]   Kyoto (place name)
京女    [きょうおんな]   kyoto women
北京    [ペキン]   Beijing
京大    [きょうだい]   Kyoto University</comment>
		</trans>
	</term>
	<term id="45">
		<trans lang="en">
			<word>whole, entire</word>
		</trans>
		<trans lang="ja">
			<word>全</word>
			<alt>ゼン まった（く）</alt>
			<comment> 全国    [ぜんこく]   whole country, national, county-wide
全体    [ぜんたい]   the whole
安全    [あんぜん]   safety
保全    [ほぜん]   conservation, preservation
全員    [ぜんいん]   all members</comment>
		</trans>
	</term>
	<term id="46">
		<trans lang="en">
			<word>thousand</word>
		</trans>
		<trans lang="ja">
			<word>千</word>
			<alt>セン ち</alt>
			<comment> 千人    [せんにん]   one thousand people
二千    [にせん]   two thousand
千葉    [ちば]   Chiba prefecture (place name)
数千    [すうせん]   several thousand
千歳    [ちとせ]   Chitose (place name), thousand years</comment>
		</trans>
	</term>
	<term id="47">
		<trans lang="en">
			<word>eye</word>
		</trans>
		<trans lang="ja">
			<word>目</word>
			<alt>モク め</alt>
			<comment> 目的    [もくてき]   purpose, goal, aim
科目    [かもく]   item, subject
目指す    [めざ（す）]   aiming at
注目    [ちゅうもく]   notice, attention
人目    [ひとめ]   public notice, attention</comment>
		</trans>
	</term>
	<term id="48">
		<trans lang="en">
			<word>to pass, to go along, to commute</word>
		</trans>
		<trans lang="ja">
			<word>通</word>
			<alt>ツウ とお（る）, かよ（う）</alt>
			<comment> 見通し    [みとお（し）]   prospect
交通    [こうつう]   traffic, transportaion
通過    [つうか]   passing, passage
通知    [つうち]   information, notice
開通    [かいつう]   open to traffic</comment>
		</trans>
	</term>
	<term id="49">
		<trans lang="en">
			<word>ten thousand</word>
		</trans>
		<trans lang="ja">
			<word>万</word>
			<alt>マン バン *</alt>
			<comment> 〜万円    [〜まんえん] /~ten thousand yen
一万    [いちまん]   ten thousand
〜万人    [〜まんにん] /~ten thousand people
〜万台    [〜まんだい] /~ten thousand machines, vehicles
万国    [ばんこく]   all nations</comment>
		</trans>
	</term>
	<term id="50">
		<trans lang="en">
			<word>mountain</word>
		</trans>
		<trans lang="ja">
			<word>山</word>
			<alt>サン やま</alt>
			<comment> 山口    [やまぐち]   Yamaguchi (place, personal name)
山田    [やまだ]   Yamada (personal name)
山形    [やまがた]   Yamagata (place, personal name)
岡山    [おかやま]   Okayama (place, personal name)
村山    [むらやま]   Murayama (personal name)</comment>
		</trans>
	</term>
	<term id="51">
		<trans lang="en">
			<word>bright, light</word>
		</trans>
		<trans lang="ja">
			<word>明</word>
			<alt>メイ ミョウ あか（るい）, あき（らか）, あ（ける）</alt>
			<comment> 説明    [せつめい]   explanation
公明    [こうめい]   fairness, justice
表明    [ひょうめい]   manifestation, declaration
解明    [かいめい]   explanation, crarification
明確    [めいかく]   precise, clear</comment>
		</trans>
	</term>
	<term id="52">
		<trans lang="en">
			<word>body</word>
		</trans>
		<trans lang="ja">
			<word>体</word>
			<alt>タイ テイ からだ</alt>
			<comment> 団体    [だんたい]   group, organization
全体    [ぜんたい]   the whole, all
体制    [たいせい]   system
体質    [たいしつ] /(a person's) constitution
体験    [たいけん]   experience</comment>
		</trans>
	</term>
	<term id="53">
		<trans lang="en">
			<word>barrier, related</word>
		</trans>
		<trans lang="ja">
			<word>関</word>
			<alt>カン せき</alt>
			<comment> 関係    [かんけい]   relationship, connection
機関    [きかん]   organization
関連    [かんれん]   correlation, relation, connection
関西    [かんさい]   Kansai (place name)
関与    [かんよ]   participation, involvement</comment>
		</trans>
	</term>
	<term id="54">
		<trans lang="en">
			<word>power, strength</word>
		</trans>
		<trans lang="ja">
			<word>力</word>
			<alt>リキ リョク ちから</alt>
			<comment> 協力    [きょうりょく]   co-operation
勢力    [せいりょく]   influence, power
武力    [ぶりょく]   military power
能力    [のうりょく]   ability, capacity
主力    [しゅりょく]   main force</comment>
		</trans>
	</term>
	<term id="55">
		<trans lang="en">
			<word>promise, approximately, about</word>
		</trans>
		<trans lang="ja">
			<word>約</word>
			<alt>ヤク *</alt>
			<comment> 約〜    [やく〜]   approximately ~
条約    [じょうやく]   treaty
制約    [せいやく]   restriction
要約    [ようやく]   summary
確約    [かくやく]   definete promise</comment>
		</trans>
	</term>
	<term id="56">
		<trans lang="en">
			<word>to open</word>
		</trans>
		<trans lang="ja">
			<word>開</word>
			<alt>カイ ひら（く）</alt>
			<comment> 開発    [かいはつ]   development, growth
開示    [かいじ]   desplay, disclosure (of legal matter)
公開    [こうかい]   disclosure to the public
展開    [てんかい]   development, progress, expansion
再開    [さいかい]   reopening, resumption</comment>
		</trans>
	</term>
	<term id="57">
		<trans lang="en">
			<word>generation, price, substitute</word>
		</trans>
		<trans lang="ja">
			<word>代</word>
			<alt>ダイ か（わり）, か（わる）, よ</alt>
			<comment> 時代    [じだい]   period, era
代表    [だいひょう]   representative
〜年代    [ねんだい]   in the ~s (year)
〜歳代    [さいだい]   in one's ~s (age)
交代    [こうたい]   turn, relief, change</comment>
		</trans>
	</term>
	<term id="58">
		<trans lang="en">
			<word>prefecture</word>
		</trans>
		<trans lang="ja">
			<word>県</word>
			<alt>ケン *</alt>
			<comment> 〜県    [〜けん] /~prefecture
県内    [けんない]   within the prefecture
県立    [けんりつ]   prefectual
県政    [けんせい]   prefectural politics
県警    [けんけい]   prefectural police</comment>
		</trans>
	</term>
	<term id="59">
		<trans lang="en">
			<word>stand in a row, range</word>
		</trans>
		<trans lang="ja">
			<word>連</word>
			<alt>レン つ（れる）, つ（らなる）</alt>
			<comment> 国連    [こくれん]   United Nations
関連    [かんれん]   correlation, relation
連合    [れんごう]   confederation, combination
一連    [いちれん]   series
連続    [れんぞく]   continuity, sequence</comment>
		</trans>
	</term>
	<term id="60">
		<trans lang="en">
			<word>now, the present</word>
		</trans>
		<trans lang="ja">
			<word>今</word>
			<alt>コン キン いま</alt>
			<comment> 今回    [こんかい]   this time
今後    [こんご]   after this, from now on
今年    [ことし]   this year
今月    [こんげつ]   this month
今日    [こんにち／きょう]   today</comment>
		</trans>
	</term>
	<term id="61">
		<trans lang="en">
			<word>to choose, to select</word>
		</trans>
		<trans lang="ja">
			<word>選</word>
			<alt>セン えら（ぶ）</alt>
			<comment> 選挙    [せんきょ]   election
選手    [せんしゅ]   sport player
人選    [じんせん]   election of a suitable person
当選    [とうせん]   being elected
落選    [らくせん]   failure in election</comment>
		</trans>
	</term>
	<term id="62">
		<trans lang="en">
			<word>to turn, go around</word>
		</trans>
		<trans lang="ja">
			<word>回</word>
			<alt>カイ まわ（す）, まわ（る）</alt>
			<comment> 今回    [こんかい]   this time
前回    [ぜんかい]   previous time
回復    [かいふく]   recovery
上回る    [うわまわ（る）]   exceed
一回    [いっかい]   once</comment>
		</trans>
	</term>
	<term id="63">
		<trans lang="en">
			<word>rice field</word>
		</trans>
		<trans lang="ja">
			<word>田</word>
			<alt>デン た</alt>
			<comment> 藤田    [ふじた]   Fujita (personal name)
山田    [やまだ]   Yamada (personal name)
田中    [たなか]   Tanaka (personal name)
成田    [なりた]   Narita (place, personal name)
水田    [すいでん]   paddy field</comment>
		</trans>
	</term>
	<term id="64">
		<trans lang="en">
			<word>to stand</word>
		</trans>
		<trans lang="ja">
			<word>立</word>
			<alt>リツ た（つ）, たち</alt>
			<comment> 成立    [せいりつ]   completion, formation
立場    [たちば]   stand point, situation
国立    [こくりつ]   governmental support, national
対立    [たいりつ]   opposition, conflict
設立    [せつりつ]   establishment, foundation</comment>
		</trans>
	</term>
	<term id="65">
		<trans lang="en">
			<word>hand</word>
		</trans>
		<trans lang="ja">
			<word>手</word>
			<alt>シュ て</alt>
			<comment> 大手    [おおて]   major company, large scale
相手    [あいて]   partner
選手    [せんしゅ]   sport player
手続    [てつづき]   procedure
着手    [ちゃくしゅ]   start (a project, plan)</comment>
		</trans>
	</term>
	<term id="66">
		<trans lang="en">
			<word>opposite, against</word>
		</trans>
		<trans lang="ja">
			<word>対</word>
			<alt>タイ ツイ *</alt>
			<comment> 対策    [たいさく]   counter proposal, strategy
対象    [たいしょう]   object, target, subject
対応    [たいおう]   interaction, correspondence, dealing with
反対    [はんたい]   opposition, opposite
対立    [たいりつ]   opposition, conflict</comment>
		</trans>
	</term>
	<term id="67">
		<trans lang="en">
			<word>mark, similar, like</word>
		</trans>
		<trans lang="ja">
			<word>的</word>
			<alt>テキ まと</alt>
			<comment> 目的    [もくてき]   purpose
法的    [ほうてき]   legal
性的    [せいてき]   sexual
知的    [ちてき]   intellectual
的中    [てきちゅう]   hitting the mark</comment>
		</trans>
	</term>
	<term id="68">
		<trans lang="en">
			<word>child</word>
		</trans>
		<trans lang="ja">
			<word>子</word>
			<alt>シ ス こ</alt>
			<comment> 子供    [こども]   child
女子    [じょし]   girl
親子    [おやこ]   parent and child
電子    [でんし]   electron
利子    [りし]   interest</comment>
		</trans>
	</term>
	<term id="69">
		<trans lang="en">
			<word>seven</word>
		</trans>
		<trans lang="ja">
			<word>七</word>
			<alt>シチ なな（つ）</alt>
			<comment> 七年    [しちねん]   seven years
七日    [なのか]   seven days, the seventh day of the month
七月    [しちがつ]   July
七十    [ななじゅう]   seventy
七人    [しちにん／ななにん]   seven people</comment>
		</trans>
	</term>
	<term id="70">
		<trans lang="en">
			<word>gold, money</word>
		</trans>
		<trans lang="ja">
			<word>金</word>
			<alt>キン コン かね</alt>
			<comment> 資金    [しきん]   funds, capital
税金    [ぜいきん]   tax
金利    [きんり]   interest (rate)
金額    [きんがく]   amount, cost
現金    [げんきん]   cash</comment>
		</trans>
	</term>
	<term id="71">
		<trans lang="en">
			<word>hundred</word>
		</trans>
		<trans lang="ja">
			<word>百</word>
			<alt>ヒャク *</alt>
			<comment> 二百    [にひゃく]   two hundred
百万    [ひゃくまん]   one million
三百    [さんびゃく]   three hundred
六百    [ろっぴゃく]   six hundred
百円    [ひゃくえん]   hundred yen</comment>
		</trans>
	</term>
	<term id="72">
		<trans lang="en">
			<word>inside, home, within</word>
		</trans>
		<trans lang="ja">
			<word>内</word>
			<alt>ナイ ダイ うち</alt>
			<comment> 内容    [ないよう]   content, substance
国内    [こくない]   domestic, within the country
県内    [けんない]   within the prefecture
内外    [ないがい]   inside and outside
内定    [ないてい]   deciding unofficially</comment>
		</trans>
	</term>
	<term id="73">
		<trans lang="en">
			<word>high, costly</word>
		</trans>
		<trans lang="ja">
			<word>高</word>
			<alt>コウ たか（い）</alt>
			<comment> 円高    [えんだか]   strong yen
高校    [こうこう]   high school
最高    [さいこう]   highest
高裁    [こうさい]   high court
高値    [たかね]   high price</comment>
		</trans>
	</term>
	<term id="74">
		<trans lang="en">
			<word>direction, side, way</word>
		</trans>
		<trans lang="ja">
			<word>方</word>
			<alt>ホウ かた</alt>
			<comment> 一方    [いっぽう]   one side
地方    [ちほう]   province
方法    [ほうほう]   method
見方    [みかた]   view
方向    [ほうこう]   direction</comment>
		</trans>
	</term>
	<term id="75">
		<trans lang="en">
			<word>to discharge, to open</word>
		</trans>
		<trans lang="ja">
			<word>発</word>
			<alt>ハツ ホツ た（つ）</alt>
			<comment> 開発    [かいはつ]   development, growth
発表    [はっぴょう]   announcement
告発    [こくはつ]   prosecution
発注    [はっちゅう]   order
発見    [はっけん]   discovery</comment>
		</trans>
	</term>
	<term id="76">
		<trans lang="en">
			<word>east</word>
		</trans>
		<trans lang="ja">
			<word>東</word>
			<alt>トウ ひがし, あずま</alt>
			<comment> 東京    [とうきょう]   Tokyo (place name), the capital of Japan
東海    [とうかい]   Tokai (place name)
東北    [とうほく]   Tohoku (place name)
東大    [とうだい]   University of Tokyo
関東    [かんとう]   Kanto (place name)</comment>
		</trans>
	</term>
	<term id="77">
		<trans lang="en">
			<word>study, learn</word>
		</trans>
		<trans lang="ja">
			<word>学</word>
			<alt>ガク まな（ぶ）</alt>
			<comment> 大学    [だいがく]   university, college
学校    [がっこう]   school
学生    [がくせい]   student
進学    [しんがく]   progress onto higher education
入学    [にゅうがく]   entrance into a school</comment>
		</trans>
	</term>
	<term id="78">
		<trans lang="en">
			<word>round, circle, yen</word>
		</trans>
		<trans lang="ja">
			<word>円</word>
			<alt>エン まる（い）</alt>
			<comment> 〜億円    [おくえん] / ~hundred million yen
円高    [えんだか]   strong yen
〜円台    [えんだい]   in ~'s yen
円買い    [えんが（い）]   buying yen
円安    [えんやす]   weak yen</comment>
		</trans>
	</term>
	<term id="79">
		<trans lang="en">
			<word>place, scene</word>
		</trans>
		<trans lang="ja">
			<word>場</word>
			<alt>ジョウ ば</alt>
			<comment> 場合    [ばあい]   situation, case
工場    [こうじょう／こうば]   factory
市場    [しじょう, いちば]   market
立場    [たちば]   standpoint, situation
現場    [げんば]   the spot, the actual place</comment>
		</trans>
	</term>
	<term id="80">
		<trans lang="en">
			<word>enter, insert</word>
		</trans>
		<trans lang="ja">
			<word>入</word>
			<alt>ニュウ い（れる）, い（る）, はい(る)</alt>
			<comment> 導入    [どうにゅう]   introduction, adoption
輸入    [ゆにゅう]   import
収入    [しゅうにゅう]   income
入院    [にゅういん]   hospitalization
入学    [にゅうがく]   entrance into a school</comment>
		</trans>
	</term>
	<term id="81">
		<trans lang="en">
			<word>member, staff</word>
		</trans>
		<trans lang="ja">
			<word>員</word>
			<alt>イン *</alt>
			<comment> 委員    [いいん]   member of the committee
議員    [ぎいん]   elected member of political organization
職員    [しょくいん]   member of staff
社員    [しゃいん]   company employee
役員    [やくいん]   director on the board, executive</comment>
		</trans>
	</term>
	<term id="82">
		<trans lang="en">
			<word>new, fresh</word>
		</trans>
		<trans lang="ja">
			<word>新</word>
			<alt>シン あたら（しい）, あら（た）, にい</alt>
			<comment> 新聞    [しんぶん]   newspaper
新規    [しんき]   new
新党    [しんとう]   new political party
最新    [さいしん]   latest, newest
無新    [むしん]   no supporting party and new member</comment>
		</trans>
	</term>
	<term id="83">
		<trans lang="en">
			<word>interval, between, space</word>
		</trans>
		<trans lang="ja">
			<word>間</word>
			<alt>カン ゲン ケン あいだ, ま</alt>
			<comment> 時間    [じかん]   time, hour
年間    [ねんかん]   period of one year, annual
人間    [にんげん]   human being, man
民間    [みんかん]   private (vs. public)
期間    [きかん]   period, time</comment>
		</trans>
	</term>
	<term id="84">
		<trans lang="en">
			<word>see, look, show</word>
		</trans>
		<trans lang="ja">
			<word>見</word>
			<alt>ケン み（る）</alt>
			<comment> 見通し    [みとう（し）]   outlook, forecast
意見    [いけん]   opinion
会見    [かいけん]   interview, press conference
発見    [はっけん]   discovery
見方    [みかた]   view</comment>
		</trans>
	</term>
	<term id="85">
		<trans lang="en">
			<word>people, civil, folk</word>
		</trans>
		<trans lang="ja">
			<word>民</word>
			<alt>ミン たみ</alt>
			<comment> 市民    [しみん]   citizen, civilian
民間    [みんかん]   private (vs. public)
住民    [じゅうみん]   resident, inhabitant
国民    [こくみん]   people of a nation, nation
民営    [みんえい]   private management</comment>
		</trans>
	</term>
	<term id="86">
		<trans lang="en">
			<word>eight</word>
		</trans>
		<trans lang="ja">
			<word>八</word>
			<alt>ハチ ハッ やっ（つ）</alt>
			<comment> 八日    [ようか]   eight days, the eighth day of the month
八十    [はちじゅう]   eighty
八百    [はっぴゃく]   eight hundred
八月    [はちがつ]   August
八千    [はっせん]   eight thousand</comment>
		</trans>
	</term>
	<term id="87">
		<trans lang="en">
			<word>company, political party</word>
		</trans>
		<trans lang="ja">
			<word>党</word>
			<alt>トウ *</alt>
			<comment> 政党    [せいとう]   political party
両党    [りょうとう]   both political parties
与党    [よとう]   majority (political) party
野党    [やとう]   minority (political) party
党首    [とうしゅ]   party leader</comment>
		</trans>
	</term>
	<term id="88">
		<trans lang="en">
			<word>consult, confer</word>
		</trans>
		<trans lang="ja">
			<word>議</word>
			<alt>ギ はか（る）</alt>
			<comment> 会議    [かいぎ]   conference, meeting
議員    [ぎいん]   elected member of a political organiation
審議    [しんぎ]   deliberation
協議    [きょうぎ]   conference, council
議会    [ぎかい]   assembly</comment>
		</trans>
	</term>
	<term id="89">
		<trans lang="en">
			<word>earth, ground, land</word>
		</trans>
		<trans lang="ja">
			<word>地</word>
			<alt>ジ チ つち</alt>
			<comment> 地域    [ちいき]   area
土地    [とち]   land, soil
地方    [ちほう]   district
各地    [かくち]   various places
地元    [じもと]   local</comment>
		</trans>
	</term>
	<term id="90">
		<trans lang="en">
			<word>section, category</word>
		</trans>
		<trans lang="ja">
			<word>部</word>
			<alt>ブ *</alt>
			<comment> 本部    [ほんぶ]   headquarter
幹部    [かんぶ]   leading member
一部    [いちぶ]   one part, one issue (of publication)
部長    [ぶちょう]   department head
部門    [ぶもん]   department, section</comment>
		</trans>
	</term>
	<term id="91">
		<trans lang="en">
			<word>go, conduct</word>
		</trans>
		<trans lang="ja">
			<word>行</word>
			<alt>ギョウ コウ アン い（く）, おこな（う）, ゆ（く）</alt>
			<comment> 銀行    [ぎんこう]   bank
行政    [ぎょうせい]   administration
施行    [しこう]   enforcement
行動    [こうどう]   action
発行    [はっこう]   issue, publication</comment>
		</trans>
	</term>
	<term id="92">
		<trans lang="en">
			<word>combine, fit</word>
		</trans>
		<trans lang="ja">
			<word>合</word>
			<alt>ガッ カッ ゴウ あ（う）, あ（わす）</alt>
			<comment> 場合    [ばあい]   situation, case
談合    [だんごう]   consultation
総合    [そうごう]   synthesis
合意    [ごうい]   mutual consent
組合    [くみあい]   trade union, labor union</comment>
		</trans>
	</term>
	<term id="93">
		<trans lang="en">
			<word>live, life, produce</word>
		</trans>
		<trans lang="ja">
			<word>生</word>
			<alt>ショウ セイ い（きる）, う（まれる）, は（える）, なま</alt>
			<comment> 生産    [せいさん]   production
生活    [せいかつ]   life, living
学生    [がくせい]   student
発生    [はっせい]   occurrence, outbreak
一生    [いっしょう]   one's whole life</comment>
		</trans>
	</term>
	<term id="94">
		<trans lang="en">
			<word>before, front</word>
		</trans>
		<trans lang="ja">
			<word>前</word>
			<alt>ゼン まえ</alt>
			<comment> 前年    [ぜんねん]   preceding year
午前    [ごぜん]   morning, a.m.
前回    [ぜんかい]   last time
前後    [ぜんご]   front and back, before and after
前提    [ぜんてい]   premise</comment>
		</trans>
	</term>
	<term id="95">
		<trans lang="en">
			<word>up, on, rise</word>
		</trans>
		<trans lang="ja">
			<word>上</word>
			<alt>ジョウ ショウ あ（がる）, うえ, うわ, かみ, のぼ（る）</alt>
			<comment> 以上    [いじょう]   not less than
値上げ    [ねあ（げ）]   rise in price
上野    [うえの]   Ueno (place name)
海上    [かいじょう]   on the sea
上回る    [うわまわ（る）]   exceed</comment>
		</trans>
	</term>
	<term id="96">
		<trans lang="en">
			<word>minute, part, divide</word>
		</trans>
		<trans lang="ja">
			<word>分</word>
			<alt>ブン フン わ（ける）, わ（かれる）, わ（かる）</alt>
			<comment> 十分    [じゅうぶん, じゅっぷん]   enough, ten minutes
自分    [じぶん]   oneself
部分    [ぶぶん]   part
分野    [ぶんや]   field, realm
半分    [はんぶん]   half</comment>
		</trans>
	</term>
	<term id="97">
		<trans lang="en">
			<word>work, duty</word>
		</trans>
		<trans lang="ja">
			<word>業</word>
			<alt>ギョウ ゴウ わざ</alt>
			<comment> 企業    [きぎょう]   enterprise, corporation
事業    [じぎょう]   work, business
業者    [ぎょうしゃ]   traders
営業    [えいぎょう]   business, trade
農業    [のうぎょう]   agriculture, farming</comment>
		</trans>
	</term>
	<term id="98">
		<trans lang="en">
			<word>time, hour, opportunity</word>
		</trans>
		<trans lang="ja">
			<word>時</word>
			<alt>ジ とき</alt>
			<comment> 時間    [じかん]   time, hour
時代    [じだい]   the times, age, era
一時    [いちじ, いっとき]   for a time, one o'clock
同時    [どうじ]   simultaneously
当時    [とうじ]   at that time</comment>
		</trans>
	</term>
	<term id="99">
		<trans lang="en">
			<word>govern, politics</word>
		</trans>
		<trans lang="ja">
			<word>政</word>
			<alt>セイ ショウ まつりごと</alt>
			<comment> 政治    [せいじ]   politics
政府    [せいふ]   government, administration
行政    [ぎょうせい]   administration
政権    [せいけん]   political power
政策    [せいさく]   policy, political measures</comment>
		</trans>
	</term>
	<term id="100">
		<trans lang="en">
			<word>same, similar</word>
		</trans>
		<trans lang="ja">
			<word>同</word>
			<alt>ドウ おな（じ）</alt>
			<comment> 共同    [きょうどう]   cooperation, association
同社    [どうしゃ]   the company, the refered company
同時    [どうじ]   simultaneously
同日    [どうじつ]   the same day
同党    [どうとう]   the political party, the refered party</comment>
		</trans>
	</term>
</translations>
</glossary>