<?xml version="1.0"?>
<glossary id="2" name="Kanji101-200">
<translations>
    <term id="1">
        <trans lang="en">
            <word>to take</word>
        </trans>
        <trans lang="ja">
            <word>取 </word>
            <alt>シュ　と（る）</alt>
            <comment>取引 [とりひき]   business, transactions
取得 [しゅとく]   acquisition
取調べ [とりしらべ]   examination, investigation
取組 [とりくみ]   match, bout
取消 [とりけし]   cancellation, withdrawal</comment>
        </trans>
    </term>
    <term id="2">
        <trans lang="en">
            <word>business, purposes</word>
        </trans>
        <trans lang="ja">
            <word>用 </word>
            <alt>ヨウ　もち（いる）</alt>
            <comment>利用 [りよう]   use, utilization
運用 [うんよう]   application, practical use
信用 [しんよう]   confidence, trust
使用 [しよう]   use
用意 [ようい]   preparation, arrangement</comment>
        </trans>
    </term>
    <term id="3">
        <trans lang="en">
            <word>to govern, to cure</word>
        </trans>
        <trans lang="ja">
            <word>治 </word>
            <alt>チ　ジ　おさ（める）,なお（る）</alt>
            <comment>政治 [せいじ]   politics
自治 [じち]   self-government
明治 [めいじ]   Meiji era
治水 [ちすい]   flood control, river improvement
治安 [ちあん]   public peace and order</comment>
        </trans>
    </term>
    <term id="4">
        <trans lang="en">
            <word>appear, current</word>
        </trans>
        <trans lang="ja">
            <word>現 </word>
            <alt>ゲン　あらわ（れる）</alt>
            <comment>現在 [げんざい]   now, the present
実現 [じつげん]   realization
現地 [げんち]   spot, actual place
現場 [げんば]   scene, spot, locality
現職 [げんしょく]   one's present post</comment>
        </trans>
    </term>
    <term id="5">
        <trans lang="en">
            <word>law, method</word>
        </trans>
        <trans lang="ja">
            <word>法 </word>
            <alt>ホウ　ホ　ハ　*</alt>
            <comment>法人 [ほうじん]   juridical person, corporation
方法 [ほうほう]   method, way
法案 [ほうあん]   bill, measure (law)
減法 [げんぽう]   substraction
法的 [ほうてき]   legal</comment>
        </trans>
    </term>
    <term id="6">
        <trans lang="en">
            <word>air, feeling</word>
        </trans>
        <trans lang="ja">
            <word>気 </word>
            <alt>キ　ケ　*</alt>
            <comment>景気 [けいき]   business condition
大気 [たいき]   air, atmosphere
気象 [きしょう]   weather, climate
気持ち [きも（ち）]   feeling, mood
病気 [びょうき]   sick, disease</comment>
        </trans>
    </term>
    <term id="7">
        <trans lang="en">
            <word>to elapse, to pass</word>
        </trans>
        <trans lang="ja">
            <word>経 </word>
            <alt>ケイ　キョウ　へ（る）</alt>
            <comment>経済 [けいざい]   economy
経営 [けいえい]   management, business administration
経験 [けいけん]   experience
日経 [にっけい]   Nikkei Newspaper
経費 [けいひ]   expenses</comment>
        </trans>
    </term>
    <term id="8">
        <trans lang="en">
            <word>public, official</word>
        </trans>
        <trans lang="ja">
            <word>公 </word>
            <alt>コウ　おおやけ</alt>
            <comment>公明 [こうめい]   fairness, Komei (political party)
公開 [こうかい]   open to the public
公団 [こうだん]   public corperation
公定 [こうてい]   official (rate)
公共 [こうきょう]   public</comment>
        </trans>
    </term>
    <term id="9">
        <trans lang="en">
            <word>story, talk</word>
        </trans>
        <trans lang="ja">
            <word>話 </word>
            <alt>ワ　はなし,はな（す）</alt>
            <comment>電話 [でんわ]   telephone
世話 [せわ]   care, looking after
神話 [しんわ]   myth
話題 [わだい]   topic
対話 [たいわ]   dialogue</comment>
        </trans>
    </term>
    <term id="10">
        <trans lang="en">
            <word>utmost, the most</word>
        </trans>
        <trans lang="ja">
            <word>最 </word>
            <alt>サイ　もっと（も）</alt>
            <comment>最高 [さいこう]   best, highest
最終 [さいしゅう]   last, final
最近 [さいきん]   lately, recently
最大 [さいだい]   maximum, biggest
最後 [さいご]   last, end</comment>
        </trans>
    </term>
    <term id="11">
        <trans lang="en">
            <word>field, wild</word>
        </trans>
        <trans lang="ja">
            <word>野 </word>
            <alt>ヤ　の</alt>
            <comment>野党 [やとう]   minority party
上野 [うえの]   Ueno (place name)
長野 [ながの]   Nagano (place name)
分野 [ぶんや]   field, realm, division
野原 [のはら]   field, plain</comment>
        </trans>
    </term>
    <term id="12">
        <trans lang="en">
            <word>river</word>
        </trans>
        <trans lang="ja">
            <word>川 </word>
            <alt>セン　かわ</alt>
            <comment>川崎 [かわさき]   Kawasaki (place, personal name)
川原 [かわら]   dry riverbed
川面 [かわも／かわづら]   river surface
川上 [かわかみ]   upper stream, Kawakami (personal name)
川下 [かわしも]   lower stream</comment>
        </trans>
    </term>
    <term id="13">
        <trans lang="en">
            <word>house, family</word>
        </trans>
        <trans lang="ja">
            <word>家 </word>
            <alt>カ　ケ　いえ,や</alt>
            <comment>家族 [かぞく]   family
国家 [こっか]   state, country, nation
作家 [さっか]   writer
家電 [かでん]   comsumer (household) electrocics
家屋 [かおく]   house</comment>
        </trans>
    </term>
    <term id="14">
        <trans lang="en">
            <word>service, work</word>
        </trans>
        <trans lang="ja">
            <word>務 </word>
            <alt>ム　つと（める）</alt>
            <comment>事務 [じむ]   office work, business
外務 [がいむ]   foreign affairs
義務 [ぎむ]   duty
財務 [ざいむ]   financial affairs
国務 [こくむ]   affairs of state</comment>
        </trans>
    </term>
    <term id="15">
        <trans lang="en">
            <word>regulation, control</word>
        </trans>
        <trans lang="ja">
            <word>制 </word>
            <alt>セイ　*</alt>
            <comment>規制 [きせい]   regulations
制度 [せいど]   system, institution
制限 [せいげん]   limit, restriction
体制 [たいせい]   structure, system
制定 [せいてい]   enactment, establishment</comment>
        </trans>
    </term>
    <term id="16">
        <trans lang="en">
            <word>outside, appearance</word>
        </trans>
        <trans lang="ja">
            <word>外 </word>
            <alt>ガイ　ゲ　そと,ほか,はず（す）</alt>
            <comment>外相 [がいしょう]   Minister of Foreign Affairs
海外 [かいがい]   foreign, oversea
外務 [がいむ]   foreign affairs
以外 [いがい]   except for
外国 [がいこく]   foreign country</comment>
        </trans>
    </term>
    <term id="17">
        <trans lang="en">
            <word>divide, ward</word>
        </trans>
        <trans lang="ja">
            <word>区 </word>
            <alt>ク　*</alt>
            <comment>地区 [ちく]   district
区域 [くいき]   limits, boundary, territory
区画 [くかく]   division, section, area
区別 [くべつ]   distinguish
区分 [くぶん]   division, demarcation</comment>
        </trans>
    </term>
    <term id="18">
        <trans lang="en">
            <word>to make, manufacture</word>
        </trans>
        <trans lang="ja">
            <word>作 </word>
            <alt>サ　サク　つく（る）</alt>
            <comment>作業 [さぎょう]   work
作戦 [さくせん]   tactics
作家 [さっか]   writer
工作 [こうさく]   handicraft, maneuvering, work
作成 [さくせい]   preparation, producing, frame</comment>
        </trans>
    </term>
    <term id="19">
        <trans lang="en">
            <word>nature, gender</word>
        </trans>
        <trans lang="ja">
            <word>性 </word>
            <alt>セイ　ショウ　*</alt>
            <comment>女性 [じょせい]   female, woman
男性 [だんせい]   male, man
性格 [せいかく]   character, personality
性能 [せいのう]   performance, capacity, efficiency
性分 [しょうぶん]   nature, disposition</comment>
        </trans>
    </term>
    <term id="20">
        <trans lang="en">
            <word>time, period</word>
        </trans>
        <trans lang="ja">
            <word>期 </word>
            <alt>キ　ゴ　*</alt>
            <comment>長期 [ちょうき]   long time
早期 [そうき]   early stage
時期 [じき]   time, timing, period
期待 [きたい]   expectation
任期 [にんき]   one's term of office</comment>
        </trans>
    </term>
    <term id="21">
        <trans lang="en">
            <word>to set up, to establish</word>
        </trans>
        <trans lang="ja">
            <word>設 </word>
            <alt>セツ　もう（ける）</alt>
            <comment>建設 [けんせつ]   construction
設置 [せっち]   establishment
施設 [しせつ]   institution, facilities
設備 [せつび]   facilities, equipment, device
設計 [せっけい]   design</comment>
        </trans>
    </term>
    <term id="22">
        <trans lang="en">
            <word>war, battle</word>
        </trans>
        <trans lang="ja">
            <word>戦 </word>
            <alt>セン　たたか（う）,いくさ,おのの（く）,そよ（ぐ）</alt>
            <comment>戦後 [せんご]   after the war, WWII
作戦 [さくせん]   tactics
戦争 [せんそう]   war
内戦 [ないせん]   civil war
防戦 [ぼうせん]   fight in defense</comment>
        </trans>
    </term>
    <term id="23">
        <trans lang="en">
            <word>name, reputation</word>
        </trans>
        <trans lang="ja">
            <word>名 </word>
            <alt>ミョウ　メイ　な</alt>
            <comment>名前 [なまえ]   name
指名 [しめい]   nomination
名目 [めいもく]   name, pretext
有名 [ゆうめい]   famous
病名 [びょうめい]   name of disease</comment>
        </trans>
    </term>
    <term id="24">
        <trans lang="en">
            <word>to come, next, since</word>
        </trans>
        <trans lang="ja">
            <word>来 </word>
            <alt>ライ　く（る）,きた（る）</alt>
            <comment>以来 [いらい]   since then
来日 [らいにち]   visit to Japan
来年 [らいねん]   next year
出来 [でき]   result, end product, ready
本来 [ほんらい]   originally</comment>
        </trans>
    </term>
    <term id="25">
        <trans lang="en">
            <word>main point, necessary</word>
        </trans>
        <trans lang="ja">
            <word>要 </word>
            <alt>ヨウ　い（る）,かなめ</alt>
            <comment>必要 [ひつよう]   necessity
要求 [ようきゅう]   demand, request
主要 [しゅよう]   main, major
重要 [じゅうよう]   important
強要 [きょうよう]   force, extortion, coercion</comment>
        </trans>
    </term>
    <term id="26">
        <trans lang="en">
            <word>mind, intention</word>
        </trans>
        <trans lang="ja">
            <word>意 </word>
            <alt>イ　*</alt>
            <comment>合意 [ごうい]   agreement
意見 [いけん]   opinion
注意 [ちゅうい]   care, attention, caution
意向 [いこう]   intention, inclination
意味 [いみ]   meaning</comment>
        </trans>
    </term>
    <term id="27">
        <trans lang="en">
            <word>machine, chance</word>
        </trans>
        <trans lang="ja">
            <word>機 </word>
            <alt>キ　はた</alt>
            <comment>機関 [きかん]   engine, organ, facility
機能 [きのう]   function
機構 [きこう]   mechanism, organization
機器 [きき]   machinery
機会 [きかい]   opportunity, chance</comment>
        </trans>
    </term>
    <term id="28">
        <trans lang="en">
            <word>speak, language</word>
        </trans>
        <trans lang="ja">
            <word>言 </word>
            <alt>ゲン　ゴン　い（う）,こと</alt>
            <comment>言葉 [ことば]   word, language
証言 [しょうげん]   testimony
発言 [はつげん]   utterance, proposal
提言 [ていげん]   proposal
助言 [じょげん]   advice, suggestion</comment>
        </trans>
    </term>
    <term id="29">
        <trans lang="en">
            <word>to produce, output</word>
        </trans>
        <trans lang="ja">
            <word>産 </word>
            <alt>サン　う（む）,うぶ</alt>
            <comment>生産 [せいさん]   production
産業 [さんぎょう]   industry
共産 [きょうさん]   communism
通産 [つうさん]   international trade and industry
資産 [しさん]   property, fortune, assets</comment>
        </trans>
    </term>
    <term id="30">
        <trans lang="en">
            <word>accomplish, consist</word>
        </trans>
        <trans lang="ja">
            <word>成 </word>
            <alt>セイ　ジョウ　な（る）</alt>
            <comment>成立 [せいりつ]   formation
成長 [せいちょう]   growth, development
成田 [なりた]   Narita (place name)
構成 [こうせい]   organization, composition
助成 [じょせい]   assistance, aiding</comment>
        </trans>
    </term>
    <term id="31">
        <trans lang="en">
            <word>family, Mr.</word>
        </trans>
        <trans lang="ja">
            <word>氏 </word>
            <alt>シ　うじ</alt>
            <comment>両氏 [りょうし]   both persons
氏名 [しめい]   one's full name
氏族 [しぞく]   family, ancestors and descendents
氏神 [うじがみ]   guardian god
氏子 [うじこ]   shrine parishioner</comment>
        </trans>
    </term>
    <term id="32">
        <trans lang="en">
            <word>number, to count</word>
        </trans>
        <trans lang="ja">
            <word>数 </word>
            <alt>スウ　ス　かず,かぞ（える）</alt>
            <comment>数人 [すうにん]   several people
点数 [てんすう]   mark, score, point
数字 [すうじ]   figure, numeral
多数 [たすう]   large number, many
定数 [ていすう]   fixed number, constant</comment>
        </trans>
    </term>
    <term id="33">
        <trans lang="en">
            <word>authority, secondary</word>
        </trans>
        <trans lang="ja">
            <word>権 </word>
            <alt>ケン　ゴン　*</alt>
            <comment>政権 [せいけん]   political power
権利 [けんり]   right
権力 [けんりょく]   political power, authority
権限 [けんげん]   authority, power, jurisdiction
主権 [しゅけん]   sovereignty</comment>
        </trans>
    </term>
    <term id="34">
        <trans lang="en">
            <word>to teach, instruction</word>
        </trans>
        <trans lang="ja">
            <word>教 </word>
            <alt>キョウ　おし（える）,おそ（わる）</alt>
            <comment>教育 [きょういく]   education
教授 [きょうじゅ]   professor, teaching
教職 [きょうしょく]   teaching profession
教科 [きょうか]   subject, curriculum
教団 [きょうだん]   religious group</comment>
        </trans>
    </term>
    <term id="35">
        <trans lang="en">
            <word>title</word>
        </trans>
        <trans lang="ja">
            <word>題 </word>
            <alt>ダイ　*</alt>
            <comment>問題 [もんだい]   question, problem
課題 [かだい]   assignment, problem, theme
話題 [わだい]   topic
議題 [ぎだい]   subject for discussion
難題 [なんだい]   difficult problem, difficult theme</comment>
        </trans>
    </term>
    <term id="36">
        <trans lang="en">
            <word>road, mortality</word>
        </trans>
        <trans lang="ja">
            <word>道 </word>
            <alt>ドウ　トウ　みち</alt>
            <comment>水道 [すいどう]   water service, water supply
道路 [どうろ]   road
鉄道 [てつどう]   railroad
車道 [しゃどう]   roadway
人道 [じんどう]   humanity, sidewalk</comment>
        </trans>
    </term>
    <term id="37">
        <trans lang="en">
            <word>to keep, to preserve</word>
        </trans>
        <trans lang="ja">
            <word>保 </word>
            <alt>ホ　たも（つ）</alt>
            <comment>保護 [ほご]   protection
保全 [ほぜん]   conservation, preservation
保守 [ほしゅ]   conservative, maintaining
保有 [ほゆう]   possession, retention
安保 [あんぽ]   US-Japan Security Treaty</comment>
        </trans>
    </term>
    <term id="38">
        <trans lang="en">
            <word>to accept, to receive</word>
        </trans>
        <trans lang="ja">
            <word>受 </word>
            <alt>ジュ　う（ける）</alt>
            <comment>受注 [じゅちゅう]   acceptance of order
受験 [じゅけん]   taking an examination
受取 [うけとり]   receipt
受付 [うけつけ]   information desk
受理 [じゅり]   acceptance of forms</comment>
        </trans>
    </term>
    <term id="39">
        <trans lang="en">
            <word>to win</word>
        </trans>
        <trans lang="ja">
            <word>勝 </word>
            <alt>ショウ　か（つ）,まさ（る）</alt>
            <comment>優勝 [ゆうしょう]   overall victory, shampionship
勝利 [しょうり]   victory
勝敗 [しょうはい]   victory and defeat
勝負 [しょうぶ]   match, bout, contest
勝手 [かって]   one's convenience, selfishness, kitchen</comment>
        </trans>
    </term>
    <term id="40">
        <trans lang="en">
            <word>general, overall</word>
        </trans>
        <trans lang="ja">
            <word>総 </word>
            <alt>ソウ　*</alt>
            <comment>総裁 [そうさい]   president, secretary-general
総合 [そうごう]   synthesis, all-round
総長 [そうちょう]   college chancellor
総理 [そうり]   prime minister
総会 [そうかい]   general meeting</comment>
        </trans>
    </term>
    <term id="41">
        <trans lang="en">
            <word>field, origin</word>
        </trans>
        <trans lang="ja">
            <word>原 </word>
            <alt>ゲン　はら</alt>
            <comment>原告 [げんこく]   prosecutor
原本 [げんぽん]   original copy
原発 [げんぱつ]   nuclear power plant
野原 [のはら]   field, plain
原料 [げんりょう]   raw materials</comment>
        </trans>
    </term>
    <term id="42">
        <trans lang="en">
            <word>to think, idea</word>
        </trans>
        <trans lang="ja">
            <word>思 </word>
            <alt>シ　おも（う）</alt>
            <comment>意思 [いし]   intention
思想 [しそう]   thought, idea
思考 [しこう]   thought, thinking
思索 [しさく]   meditation, speculation, thinking
思案 [しあん]   thought, consideration</comment>
        </trans>
    </term>
    <term id="43">
        <trans lang="en">
            <word>since, with</word>
        </trans>
        <trans lang="ja">
            <word>以 </word>
            <alt>イ　も（って）</alt>
            <comment>以上 [いじょう]   more than
以来 [いらい]   since then
以下 [いか]   less than
以外 [いがい]   except for
以前 [いぜん]   formerly, before</comment>
        </trans>
    </term>
    <term id="44">
        <trans lang="en">
            <word>strong, force</word>
        </trans>
        <trans lang="ja">
            <word>強 </word>
            <alt>キョウ　ゴウ　つよ（い）,し（いる）</alt>
            <comment>強化 [きょうか]   reinforcement, strengthening
強調 [きょうちょう]   emphasis
強要 [きょうよう]   force, extortion, coercion
強風 [きょうふう]   strong wind
強引 [ごういん]   high-handed, forcible, pushy</comment>
        </trans>
    </term>
    <term id="45">
        <trans lang="en">
            <word>flat, peaceful</word>
        </trans>
        <trans lang="ja">
            <word>平 </word>
            <alt>ヘイ　ビョウ　たい（ら）,ひら</alt>
            <comment>平和 [へいわ]   peace
〜平方 [へいほう]   ~ square (metre)
和平 [わへい]   peace
平年 [へいねん]   normal year
平成 [へいせい]   Heisei era</comment>
        </trans>
    </term>
    <term id="46">
        <trans lang="en">
            <word>cooperation, group</word>
        </trans>
        <trans lang="ja">
            <word>協 </word>
            <alt>キョウ　*</alt>
            <comment>協力 [きょうりょく]   cooperation
協議 [きょうぎ]   conference, council
農協 [のうきょう]   agricultural cooperative
協会 [きょうかい]   association, society
協調 [きょうちょう]   co-operation, harmony</comment>
        </trans>
    </term>
    <term id="47">
        <trans lang="en">
            <word>assembly, association</word>
        </trans>
        <trans lang="ja">
            <word>組 </word>
            <alt>ソ　くみ,く（む）</alt>
            <comment>組合 [くみあい]   union association
組員 [くみいん]   gangster
組長 [くみちょう]   boss, head of gangsters (yakuza)
番組 [ばんぐみ]   TV program
一組 [いちくみ／ひとくみ]   one class, one set</comment>
        </trans>
    </term>
    <term id="48">
        <trans lang="en">
            <word>island</word>
        </trans>
        <trans lang="ja">
            <word>島 </word>
            <alt>トウ　しま</alt>
            <comment>広島 [ひろしま]   Hiroshima (place name)
福島 [ふくしま]   Fukushima (place name)
半島 [はんとう]   peninsula
島国 [しまぐに／とうごく]   island country
島民 [とうみん]   islander</comment>
        </trans>
    </term>
    <term id="49">
        <trans lang="en">
            <word>capital, metropolis</word>
        </trans>
        <trans lang="ja">
            <word>都 </word>
            <alt>ト　ツ　みやこ</alt>
            <comment>京都 [きょうと]   Kyoto (place name)
都市 [とし]   city, town
首都 [しゅと]   capital
都内 [とない]   in Tokyo
都合 [つごう]   convenience, circumstances</comment>
        </trans>
    </term>
    <term id="50">
        <trans lang="en">
            <word>many, much</word>
        </trans>
        <trans lang="ja">
            <word>多 </word>
            <alt>タ　おお（い）</alt>
            <comment>多数 [たすう]   large number, many
多額 [たがく]   large sum, amount
多量 [たりょう]   large quantities, much
多用 [たよう]   various purposes
多少 [たしょう]   more or less</comment>
        </trans>
    </term>
    <term id="51">
        <trans lang="en">
            <word>to have, to hold, to carry</word>
        </trans>
        <trans lang="ja">
            <word>持 </word>
            <alt>ジ　も（つ）</alt>
            <comment>支持 [しじ]   support
気持 [きもち]   feeling
保持 [ほじ]   retention, maintenance, preservation
持参 [じさん]   bringing
金持ち [かねも（ち）]   rich person</comment>
        </trans>
    </term>
    <term id="52">
        <trans lang="en">
            <word>branch, to support</word>
        </trans>
        <trans lang="ja">
            <word>支 </word>
            <alt>シ　ささ（える）</alt>
            <comment>支援 [しえん]   support, backing
収支 [しゅうし]   income and outgo
支持 [しじ]   support
支店 [してん]   branch store
支配 [しはい]   ruling, control</comment>
        </trans>
    </term>
    <term id="53">
        <trans lang="en">
            <word>harmony, peace, to soften</word>
        </trans>
        <trans lang="ja">
            <word>和 </word>
            <alt>ワ　やわ（らぐ）</alt>
            <comment>平和 [へいわ]   peace
和平 [わへい]   peace
和解 [わかい]   reconciliation
共和 [きょうわ]   Republic party
大和 [やまと／だいわ]   Yamato (=Ancient Japan), Daiwa (personal name)</comment>
        </trans>
    </term>
    <term id="54">
        <trans lang="en">
            <word>to add, to join</word>
        </trans>
        <trans lang="ja">
            <word>加 </word>
            <alt>カ　くわ（える）,くわ（わる）</alt>
            <comment>参加 [さんか]   participation
追加 [ついか]   addition
増加 [ぞうか]   increase
加入 [かにゅう]   joining, affiliation
加工 [かこう]   processing, manufacturing</comment>
        </trans>
    </term>
    <term id="55">
        <trans lang="en">
            <word>ocean, sea</word>
        </trans>
        <trans lang="ja">
            <word>海 </word>
            <alt>カイ　うみ</alt>
            <comment>東海 [とうかい]   Tookai (place name)
海外 [かいがい]   overseas
海軍 [かいぐん]   navy
海上 [かいじょう]   on the sea
海域 [かいいき]   area of ocean, sea territory</comment>
        </trans>
    </term>
    <term id="56">
        <trans lang="en">
            <word>sequel, to continue</word>
        </trans>
        <trans lang="ja">
            <word>続 </word>
            <alt>ゾク　つづ（く）,つづ（ける）</alt>
            <comment>手続き [てつづ（き）]   procedure
断続 [だんぞく]   intermittent
連続 [れんぞく]   continuation, in succession
続出 [ぞくしゅつ]   appearance one after another
続行 [ぞっこう]   continuation, resuming</comment>
        </trans>
    </term>
    <term id="57">
        <trans lang="en">
            <word>correct, right</word>
        </trans>
        <trans lang="ja">
            <word>正 </word>
            <alt>セイ　ショウ　ただ（しい）</alt>
            <comment>改正 [かいせい]   amendment, improvement
公正 [こうせい]   justice, fairness
正式 [せいしき]   formality
正規 [せいき]   regulation
正当 [せいとう]   justice, legitimacy</comment>
        </trans>
    </term>
    <term id="58">
        <trans lang="en">
            <word>cheap, inexpensive, peaceful</word>
        </trans>
        <trans lang="ja">
            <word>安 </word>
            <alt>アン　やす（い）、やす（らか）</alt>
            <comment>安全 [あんぜん]   safe
不安 [ふあん]   uneasiness, anxiety
安定 [あんてい]   stability
安保 [あんぽ]   US-Japan Security Treaty
円安 [えんやす]   weak yen</comment>
        </trans>
    </term>
    <term id="59">
        <trans lang="en">
            <word>to advance, to proceed</word>
        </trans>
        <trans lang="ja">
            <word>進 </word>
            <alt>シン　すす（む）</alt>
            <comment>進学 [しんがく]   going on to adcvanced level of school
進出 [しんしゅつ]   stepping forward, advance
進路 [しんろ]   course, direction
進行 [しんこう]   progress, advance
先進 [せんしん]   advanced, developed</comment>
        </trans>
    </term>
    <term id="60">
        <trans lang="en">
            <word>sale, to sell</word>
        </trans>
        <trans lang="ja">
            <word>売 </word>
            <alt>バイ　う（り）,う（る）</alt>
            <comment>売買 [ばいばい]   selling and buying
商売 [しょうばい]   business, trade, commerce
転売 [てんばい]   resale
円売り [えんう（り）]   selling yen
安売り [やすう（り）]   discount, bargain sale</comment>
        </trans>
    </term>
    <term id="61">
        <trans lang="en">
            <word>to write</word>
        </trans>
        <trans lang="ja">
            <word>書 </word>
            <alt>ショ　か（く）</alt>
            <comment>文書 [ぶんしょ]   document
調書 [ちょうしょ]   preliminary memo, written evidence
書記 [しょき]   secretary, clerk
投書 [とうしょ]   writing a column
念書 [ねんしょ]   guarantee</comment>
        </trans>
    </term>
    <term id="62">
        <trans lang="en">
            <word>water</word>
        </trans>
        <trans lang="ja">
            <word>水 </word>
            <alt>スイ　みず</alt>
            <comment>水道 [すいどう]   water service, water supply
水質 [すいしつ]   water quality
水準 [すいじゅん]   standard, level
下水 [げすい]   sewage, drain
水産 [すいさん]   marine, fisheries</comment>
        </trans>
    </term>
    <term id="63">
        <trans lang="en">
            <word>to know, to inform</word>
        </trans>
        <trans lang="ja">
            <word>知 </word>
            <alt>チ　し（る）,し（らせる）</alt>
            <comment>愛知 [あいち]   Aichi (place name)
知事 [ちじ]   governor
通知 [つうち]   notification, notice
告知 [こくち]   notification, announcement
知名 [ちめい]   famous</comment>
        </trans>
    </term>
    <term id="64">
        <trans lang="en">
            <word>worker, construction</word>
        </trans>
        <trans lang="ja">
            <word>工 </word>
            <alt>コウ　く</alt>
            <comment>工場 [こうじょう／こうば]   factory
工事 [こうじ]   construction
着工 [ちゃっこう]   starting construction work
工作 [こうさく]   handicraft, maneuvering, work
工業 [こうぎょう]   (manufacturing) industry</comment>
        </trans>
    </term>
    <term id="65">
        <trans lang="en">
            <word>near</word>
        </trans>
        <trans lang="ja">
            <word>近 </word>
            <alt>キン　ちか（い）</alt>
            <comment>最近 [さいきん]   lately, recently
付近 [ふきん]   neighborhood, vicinity
近年 [きんねん]   recent years
側近 [そっきん]   attendant, close associate
身近 [みぢか]   imminent, near oneself</comment>
        </trans>
    </term>
    <term id="66">
        <trans lang="en">
            <word>finger, to point</word>
        </trans>
        <trans lang="ja">
            <word>指 </word>
            <alt>シ　さ（す）,ゆび</alt>
            <comment>指導 [しどう]   guidance, leadership
指定 [してい]   specification, pointing at, designation
指示 [しじ]   instruction, indication, directions
指名 [しめい]   nomination
指先 [ゆびさき]   fingertip</comment>
        </trans>
    </term>
    <term id="67">
        <trans lang="en">
            <word>lightning, electricity</word>
        </trans>
        <trans lang="ja">
            <word>電 </word>
            <alt>デン　*</alt>
            <comment>電気 [でんき]   electricity
電話 [でんわ]   telephone
家電 [かでん]   comsumer (household) electrocics
電車 [でんしゃ]   train
電子 [でんし]   electron</comment>
        </trans>
    </term>
    <term id="68">
        <trans lang="en">
            <word>spirit, heat, mind</word>
        </trans>
        <trans lang="ja">
            <word>心 </word>
            <alt>シン　こころ</alt>
            <comment>中心 [ちゅうしん]   center
心配 [しんぱい]   anxiety, worry
都心 [としん]   heart of the city
安心 [あんしん]   relief
用心 [ようじん]   care, caution</comment>
        </trans>
    </term>
    <term id="69">
        <trans lang="en">
            <word>to reform, to be reformed</word>
        </trans>
        <trans lang="ja">
            <word>改 </word>
            <alt>カイ　あらた（める）,あらた（まる）</alt>
            <comment>改正 [かいせい]   revision, amendment
改革 [かいかく]   reformation, innovation
改定 [かいてい]   renewal
改名 [かいめい]   rename
改良 [かいりょう]   improvement</comment>
        </trans>
    </term>
    <term id="70">
        <trans lang="en">
            <word>thing, article, object</word>
        </trans>
        <trans lang="ja">
            <word>物 </word>
            <alt>ブツ　モツ　もの</alt>
            <comment>物質 [ぶっしつ]   material
動物 [どうぶつ]   animal
人物 [じんぶつ]   character, personality
建物 [たてもの]   building
物価 [ぶっか]   prices (in general), prices of commodities</comment>
        </trans>
    </term>
    <term id="71">
        <trans lang="en">
            <word>point, marks, dot</word>
        </trans>
        <trans lang="ja">
            <word>点 </word>
            <alt>テン　*</alt>
            <comment>時点 [じてん]   point in time
地点 [ちてん]   spot, point
点数 [てんすう]   mark, score, point
点検 [てんけん]   inspection
観点 [かんてん]   a point of view</comment>
        </trans>
    </term>
    <term id="72">
        <trans lang="en">
            <word>north</word>
        </trans>
        <trans lang="ja">
            <word>北 </word>
            <alt>ホク　きた</alt>
            <comment>東北 [とうほく]   Toohoku (place name)
北部 [ほくぶ]   northern part
北方 [ほっぽう]   northern
北大 [ほくだい]   Hokkaido University
北京 [ペキン]   Beijing</comment>
        </trans>
    </term>
    <term id="73">
        <trans lang="en">
            <word>begining, foundation</word>
        </trans>
        <trans lang="ja">
            <word>元 </word>
            <alt>ゲン　ガン　もと</alt>
            <comment>元首 [げんしゅ]   sovereign, ruler
地元 [じもと]   living place, local
元気 [げんき]   healthy, vigor, spirit
中元 [ちゅうげん]   midyear present
元金 [がんきん／もときん]   capital, principal</comment>
        </trans>
    </term>
    <term id="74">
        <trans lang="en">
            <word>writings, sentence</word>
        </trans>
        <trans lang="ja">
            <word>文 </word>
            <alt>ブン　モン　ふみ</alt>
            <comment>文化 [ぶんか]   culture
文書 [ぶんしょ]   document, record
文字 [もじ]   letter, character
注文 [ちゅうもん]   order
文面 [ぶんめん]   contents of a letter</comment>
        </trans>
    </term>
    <term id="75">
        <trans lang="en">
            <word>noon</word>
        </trans>
        <trans lang="ja">
            <word>午 </word>
            <alt>ゴ　*</alt>
            <comment>午後 [ごご]   afternoon, p.m.
午前 [ごぜん]   morning, a.m.
正午 [しょうご]   noon</comment>
        </trans>
    </term>
    <term id="76">
        <trans lang="en">
            <word>chronicle, to note</word>
        </trans>
        <trans lang="ja">
            <word>記 </word>
            <alt>キ　しる（す）</alt>
            <comment>記者 [きしゃ]   reporter, journalist
記念 [きねん]   remembrance, souvenir
記述 [きじゅつ]   description
書記 [しょき]   secretary, clerk
日記 [にっき]   diary</comment>
        </trans>
    </term>
    <term id="77">
        <trans lang="en">
            <word>first, beginning</word>
        </trans>
        <trans lang="ja">
            <word>初 </word>
            <alt>ショ　はつ,はじ（め）</alt>
            <comment>当初 [とうしょ]   original, beginning, at first
最初 [さいしょ]   beginning, first
月初め [つきはじ（め）]   beginning of the month
初頭 [しょとう]   the beginning of ~
初代 [しょだい]   the founder, the first generation</comment>
        </trans>
    </term>
    <term id="78">
        <trans lang="en">
            <word>report, retribution, to reward</word>
        </trans>
        <trans lang="ja">
            <word>報 </word>
            <alt>ホウ　むく（い）</alt>
            <comment>報告 [ほうこく]   report
情報 [じょうほう]   information
広報 [こうほう]   official report
警報 [けいほう]   alarm, warning
報道 [ほうどう]   news, report</comment>
        </trans>
    </term>
    <term id="79">
        <trans lang="en">
            <word>wheel, vehicle</word>
        </trans>
        <trans lang="ja">
            <word>車 </word>
            <alt>シャ　くるま</alt>
            <comment>電車 [でんしゃ]   train
車道 [しゃどう]   roadway
車種 [しゃしゅ]   car model, car make
車両 [しゃりょう]   vehicles, cars (of train)
戦車 [せんしゃ]   war tank</comment>
        </trans>
    </term>
    <term id="80">
        <trans lang="en">
            <word>urban prefecture, center</word>
        </trans>
        <trans lang="ja">
            <word>府 </word>
            <alt>フ　*</alt>
            <comment>政府 [せいふ]   government
府県 [ふけん]   prefectures
府下 [ふか]   within prefecture of (Osaka, Kyoto)
府内 [ふない]   within prefecture of (Osaka, Kyoto)
府立 [ふりつ]   prefectural of (Osaka, Kyoto)</comment>
        </trans>
    </term>
    <term id="81">
        <trans lang="en">
            <word>wealth, help, nature</word>
        </trans>
        <trans lang="ja">
            <word>資 </word>
            <alt>シ　*</alt>
            <comment>資金 [しきん]   capital, funds
資本 [しほん]   capital
投資 [とうし]   investment
資料 [しりょう]   material, data
出資 [しゅっし]   investment, contribution</comment>
        </trans>
    </term>
    <term id="82">
        <trans lang="en">
            <word>neck</word>
        </trans>
        <trans lang="ja">
            <word>首 </word>
            <alt>シュ　くび</alt>
            <comment>首相 [しゅしょう]   prime minister
元首 [げんしゅ]   sovereign, ruler
首都 [しゅと]   capital
首長 [しゅちょう]   head, chief
党首 [とうしゅ]   political party leader</comment>
        </trans>
    </term>
    <term id="83">
        <trans lang="en">
            <word>town</word>
        </trans>
        <trans lang="ja">
            <word>町 </word>
            <alt>チョウ　まち</alt>
            <comment>町村 [ちょうそん]   towns and villages
町会 [ちょうかい]   town coucil
町民 [ちょうみん]   townspeople
町長 [ちょうちょう]   town headman
下町 [したまち]   lower parts of town</comment>
        </trans>
    </term>
    <term id="84">
        <trans lang="en">
            <word>world, age, reign</word>
        </trans>
        <trans lang="ja">
            <word>世 </word>
            <alt>セ　セイ　よ</alt>
            <comment>世界 [せかい]   world
世論 [せろん]   public opinion
世間 [せけん]   world, society
世話 [せわ]   care, looking after
世代 [せだい]   generation</comment>
        </trans>
    </term>
    <term id="85">
        <trans lang="en">
            <word>woman, girl</word>
        </trans>
        <trans lang="ja">
            <word>女 </word>
            <alt>ジョ　ニョ　おんな</alt>
            <comment>女性 [じょせい]   woman
女子 [じょし]   girl
男女 [だんじょ]   men and women
少女 [しょうじょ]   (little) girl
美女 [びじょ]   pretty woman</comment>
        </trans>
    </term>
    <term id="86">
        <trans lang="en">
            <word>to conduct, to perform, to raise</word>
        </trans>
        <trans lang="ja">
            <word>挙 </word>
            <alt>キョ　あ（げる）,あ（がる）</alt>
            <comment>選挙 [せんきょ]   election
検挙 [けんきょ]   arrest
挙動 [きょどう]   behavior, manner, conduct
一挙 [いっきょ]   one effort, one action
挙式 [きょしき]   wedding ceremony</comment>
        </trans>
    </term>
    <term id="87">
        <trans lang="en">
            <word>temple, academy, institution</word>
        </trans>
        <trans lang="ja">
            <word>院 </word>
            <alt>イン　*</alt>
            <comment>病院 [びょういん]   hospital
入院 [にゅういん]   hospitalization
参院 [さんいん]   House of Councillors
医院 [いいん]   medical office, clinic
退院 [たいいん]   leaving hospital</comment>
        </trans>
    </term>
    <term id="88">
        <trans lang="en">
            <word>to commit, to entrust</word>
        </trans>
        <trans lang="ja">
            <word>委 </word>
            <alt>イ　ゆだ（ねる）</alt>
            <comment>委員 [いいん]   committee member
委任 [いにん]   charge, commission, trust
委付 [いふ]   abandonment (rights, property) </comment>
        </trans>
    </term>
    <term id="89">
        <trans lang="en">
            <word>to examine, to investigate</word>
        </trans>
        <trans lang="ja">
            <word>査 </word>
            <alt>サ　*</alt>
            <comment>調査 [ちょうさ]   investigation
監査 [かんさ]   inspection
検査 [けんさ]   inspection
審査 [しんさ]   screening
査証 [さしょう]   visa</comment>
        </trans>
    </term>
    <term id="90">
        <trans lang="en">
            <word>world</word>
        </trans>
        <trans lang="ja">
            <word>界 </word>
            <alt>カイ　*</alt>
            <comment>世界 [せかい]   world
業界 [ぎょうかい]   industry, business
視界 [しかい]   field of vision
政界 [せいかい]   political world
財界 [ざいかい]   financial world</comment>
        </trans>
    </term>
    <term id="91">
        <trans lang="en">
            <word>association, group</word>
        </trans>
        <trans lang="ja">
            <word>団 </word>
            <alt>ダン　*</alt>
            <comment>団体 [だんたい]   group, organization
公団 [こうだん]   public corporation
集団 [しゅうだん]   group
財団 [ざいだん]   foundation
団結 [だんけつ]   unity, union</comment>
        </trans>
    </term>
    <term id="92">
        <trans lang="en">
            <word>school, to correct</word>
        </trans>
        <trans lang="ja">
            <word>校 </word>
            <alt>コウ　*</alt>
            <comment>学校 [がっこう]   school
高校 [こうこう]   high school
校門 [こうもん]   gate of school
校長 [こうちょう]   principal of school
転校 [てんこう]   transfer (school)</comment>
        </trans>
    </term>
    <term id="93">
        <trans lang="en">
            <word>previous</word>
        </trans>
        <trans lang="ja">
            <word>予 </word>
            <alt>ヨ　あらかじ（め）</alt>
            <comment>予算 [よさん]   budget
予定 [よてい]   schedule
予想 [よそう]   expectation, anticipation
予防 [よぼう]   prevention, precaution
予備 [よび]   reserve, spare, preparation</comment>
        </trans>
    </term>
    <term id="94">
        <trans lang="en">
            <word>prefix for ordinal numbers</word>
        </trans>
        <trans lang="ja">
            <word>第 </word>
            <alt>ダイ　*</alt>
            <comment>第〜 [だい〜]   ~th
次第 [しだい]   circumstances, immediately
落第 [らくだい]   failure in exam </comment>
        </trans>
    </term>
    <term id="95">
        <trans lang="en">
            <word>picture, stroke of kanji</word>
        </trans>
        <trans lang="ja">
            <word>画 </word>
            <alt>ガ　カク　*</alt>
            <comment>計画 [けいかく]   plan, schecule
企画 [きかく]   planning, poject
映画 [えいが]   movie
区画 [くかく]   division, section, area
画家 [がか]   artist, painter</comment>
        </trans>
    </term>
    <term id="96">
        <trans lang="en">
            <word>to measure</word>
        </trans>
        <trans lang="ja">
            <word>計 </word>
            <alt>ケイ　はか（る）</alt>
            <comment>計画 [けいかく]   plan, schecule
計上 [けいじょう]   count up
集計 [しゅうけい]   sum, total
設計 [せっけい]   design, plan
合計 [ごうけい]   sum, total</comment>
        </trans>
    </term>
    <term id="97">
        <trans lang="en">
            <word>to decide, seal, size</word>
        </trans>
        <trans lang="ja">
            <word>判 </word>
            <alt>ハン　*</alt>
            <comment>判断 [はんだん]   judgement
裁判 [さいばん]   justice, trial, judgement
判決 [はんけつ]   judicial decision, sentence
公判 [こうはん]   trial, public hearing
審判 [しんぱん]   judgement, refereeing</comment>
        </trans>
    </term>
    <term id="98">
        <trans lang="en">
            <word>previous, ahead</word>
        </trans>
        <trans lang="ja">
            <word>先 </word>
            <alt>セン　さき</alt>
            <comment>優先 [ゆうせん]   priority
先進 [せんしん]   advanced, developed
先月 [せんげつ]   last month
先行 [せんこう]   antecedence
先物 [さきもの]   futures</comment>
        </trans>
    </term>
    <term id="99">
        <trans lang="en">
            <word>west</word>
        </trans>
        <trans lang="ja">
            <word>西 </word>
            <alt>セイ　サイ　にし</alt>
            <comment>関西 [かんさい]   Kansai (place name)
西側 [にしがわ]   west side
北西 [ほくせい]   northwest
東西 [とうざい]   east and west
西部 [せいぶ]   the west</comment>
        </trans>
    </term>
    <term id="100">
        <trans lang="en">
            <word>heavy, to pile up</word>
        </trans>
        <trans lang="ja">
            <word>重 </word>
            <alt>ジュウ　チョウ　おも（い）,かさ（ねる）,かさ（なる）</alt>
            <comment>重要 [じゅうよう]   important
三重 [みえ／さんじゅう]   Mie (place name), threehold
重視 [じゅうし]   importance, serious consideration
体重 [たいじゅう]   body weight
重点 [じゅうてん]   important point, emphasis</comment>
        </trans>
    </term>
</translations>
</glossary>
