<?xml version="1.0"?>
<glossary id="385" name="p158-162" author="Frédéric Bergeron">
	<desc></desc>
	<term id="1">
		<trans lang="es">
			<word>asco</word>
		</trans>
		<trans lang="fr">
			<word>dégoût</word>
		</trans>
		<comment languages="es-fr">...con un mohín de asco.
...avec une moue de dégoût.</comment>
	</term>
	<term id="2">
		<trans lang="es">
			<word>macizo</word>
		</trans>
		<trans lang="fr">
			<word>massif (adj. &amp; n.m.)</word>
		</trans>
	</term>
	<term id="3">
		<trans lang="es">
			<word>halago</word>
		</trans>
		<trans lang="fr">
			<word>flatterie</word>
		</trans>
		<comment languages="es-fr">halagar: flatter</comment>
	</term>
</glossary>
