<?xml version="1.0"?>
<glossary id="190" name="Thai everyday phrases" author="">
	<desc>Original source: 

http://www.lyndonhill.com/Projects/thaionzaurus.html</desc>
	<term id="1">
		<trans lang="en">
			<word>hello</word>
		</trans>
		<trans lang="th">
			<word>สวัสดี</word>
			<alt>sawasdee</alt>
		</trans>
	</term>
	<term id="2">
		<trans lang="en">
			<word>are you feeling well ?</word>
		</trans>
		<trans lang="th">
			<word>สบายดีไหม</word>
			<alt>sabay dee mai</alt>
		</trans>
	</term>
	<term id="3">
		<trans lang="en">
			<word>where are you going</word>
		</trans>
		<trans lang="th">
			<word>คุณไปไหน</word>
			<alt>khun bai nai</alt>
		</trans>
	</term>
	<term id="4">
		<trans lang="en">
			<word>where have you been ?</word>
		</trans>
		<trans lang="th">
			<word>คุณไปไหนมา</word>
			<alt>khun bai nai ma</alt>
		</trans>
	</term>
	<term id="5">
		<trans lang="en">
			<word>what would you like to do ?</word>
		</trans>
		<trans lang="th">
			<word>คุศอยากทำอะไร</word>
			<alt>khun yak tam arai</alt>
		</trans>
	</term>
	<term id="6">
		<trans lang="en">
			<word>It doesn't matter</word>
		</trans>
		<trans lang="th">
			<word>ไม่เป็นไร</word>
			<alt>mai bhen rai</alt>
		</trans>
	</term>
	<term id="7">
		<trans lang="en">
			<word>thank you</word>
		</trans>
		<trans lang="th">
			<word>ขอบคุณ</word>
			<alt>kob khun</alt>
		</trans>
	</term>
	<term id="8">
		<trans lang="en">
			<word>have you eaten yet ?</word>
		</trans>
		<trans lang="th">
			<word>คุณกินขาวหรือยัง</word>
			<alt>khun gin kao reu yang</alt>
		</trans>
	</term>
	<term id="9">
		<trans lang="en">
			<word>are you hungry ?</word>
		</trans>
		<trans lang="th">
			<word>หิวไหม</word>
			<alt>hue mai</alt>
		</trans>
	</term>
	<term id="10">
		<trans lang="en">
			<word>where is the toilet ?</word>
		</trans>
		<trans lang="th">
			<word>ห้องน้ำอยู่ที่ไหน</word>
			<alt>hong nam yoo tee nai</alt>
		</trans>
	</term>
	<term id="11">
		<trans lang="en">
			<word>where is Bob ?</word>
		</trans>
		<trans lang="th">
			<word>คุณ Bob อยู่ที่ไหน</word>
			<alt>khun Bob yoo tee nai</alt>
		</trans>
	</term>
	<term id="12">
		<trans lang="en">
			<word>how much does it cost ?</word>
		</trans>
		<trans lang="th">
			<word>ราคาเท่าไส</word>
			<alt>ra ka taorai</alt>
		</trans>
	</term>
	<term id="13">
		<trans lang="en">
			<word>I feel ill</word>
		</trans>
		<trans lang="th">
			<word>ฉันรู้สึกไม่สบาย</word>
			<alt>chan roo seuk mai sabai</alt>
		</trans>
	</term>
	<term id="14">
		<trans lang="en">
			<word>I'm very tired</word>
		</trans>
		<trans lang="th">
			<word>ฉันเนื่อยมาก</word>
			<alt>chan nuay mag</alt>
		</trans>
	</term>
	<term id="15">
		<trans lang="en">
			<word>it's not clean</word>
		</trans>
		<trans lang="th">
			<word>ไม่สระอาด</word>
			<alt>mai sa-aht</alt>
		</trans>
	</term>
	<term id="16">
		<trans lang="en">
			<word>it's not good</word>
		</trans>
		<trans lang="th">
			<word>ไม่ดี</word>
			<alt>mai dee</alt>
		</trans>
	</term>
	<term id="17">
		<trans lang="en">
			<word>How to get there ?</word>
		</trans>
		<trans lang="th">
			<word>ไปทางอย่างไรดี</word>
			<alt>bai tang yang ngai dee</alt>
		</trans>
		<comment languages="en-th">what mode of transportation or what directions</comment>
	</term>
	<term id="18">
		<trans lang="en">
			<word>I like (it) a lot</word>
		</trans>
		<trans lang="th">
			<word>ชอบมาก</word>
			<alt>chop mag</alt>
		</trans>
	</term>
	<term id="19">
		<trans lang="en">
			<word>I hate (it)</word>
		</trans>
		<trans lang="th">
			<word>เกลียด</word>
			<alt>gleeyad</alt>
		</trans>
		<comment languages="en-th">caution!</comment>
	</term>
	<term id="20">
		<trans lang="en">
			<word>I don't really like (it)</word>
		</trans>
		<trans lang="th">
			<word>ไม่เคยชอบ</word>
			<alt>mai koy chop</alt>
		</trans>
	</term>
	<term id="21">
		<trans lang="en">
			<word>I'm pleased to meet you</word>
		</trans>
		<trans lang="th">
			<word>ยินดีที่ได้รู้จ้กกัน</word>
			<alt>yin dee tee dai roo jak gan</alt>
		</trans>
	</term>
	<term id="22">
		<trans lang="en">
			<word>my name is Bob</word>
		</trans>
		<trans lang="th">
			<word>ฉันชื่อ Bob</word>
			<alt>chan cheu Bob</alt>
		</trans>
	</term>
	<term id="23">
		<trans lang="en">
			<word>I don't want it</word>
		</trans>
		<trans lang="th">
			<word>(ฉัน)ไม่เอา</word>
			<alt>(chan) mai ao</alt>
		</trans>
		<comment languages="en-th">Using the pronoun "I" is redundant unless you want to emphasise "I don't want it" (but maybe Bob does)</comment>
	</term>
	<term id="24">
		<trans lang="en">
			<word>I feel good</word>
		</trans>
		<trans lang="th">
			<word>สบายดี</word>
			<alt>sabay dee</alt>
		</trans>
	</term>
	<term id="25">
		<trans lang="en">
			<word>whatever</word>
		</trans>
		<trans lang="th">
			<word>อะไรก็ได้</word>
			<alt>arai gor dai</alt>
		</trans>
	</term>
	<term id="26">
		<trans lang="en">
			<word>wherever</word>
		</trans>
		<trans lang="th">
			<word>ที่ไหนก็ได้</word>
			<alt>tee nai gor dai</alt>
		</trans>
	</term>
	<term id="27">
		<trans lang="en">
			<word>If (I) have the time...</word>
		</trans>
		<trans lang="th">
			<word>ถ้ามีเวลา</word>
			<alt>ta me waylah</alt>
		</trans>
	</term>
</glossary>
