<?xml version="1.0"?>
<glossary id="327" name="JCS3-23" author="">
	<desc></desc>
	<term id="1">
		<trans lang="en">
			<word>die   +</word>
		</trans>
		<trans lang="ja">
			<word>死ぬ</word>
			<alt>shinu</alt>
		</trans>
	</term>
	<term id="2">
		<trans lang="en">
			<word>illness, ill   +</word>
		</trans>
		<trans lang="ja">
			<word>病気 [な]</word>
			<alt>byooki</alt>
		</trans>
	</term>
	<term id="3">
		<trans lang="en">
			<word>hospital   +</word>
		</trans>
		<trans lang="ja">
			<word>病院</word>
			<alt>byooin</alt>
		</trans>
	</term>
	<term id="4">
		<trans lang="en">
			<word>doctor   ++</word>
		</trans>
		<trans lang="ja">
			<word>医者</word>
			<alt>isha</alt>
		</trans>
	</term>
	<term id="5">
		<trans lang="en">
			<word>walk   +</word>
		</trans>
		<trans lang="ja">
			<word>歩く</word>
			<alt>aruku</alt>
		</trans>
	</term>
	<term id="6">
		<trans lang="en">
			<word>walk, stroll, take a walk</word>
		</trans>
		<trans lang="ja">
			<word>さん歩 [する]</word>
			<alt>sampo</alt>
		</trans>
	</term>
	<term id="7">
		<trans lang="en">
			<word>prices, cost of living</word>
		</trans>
		<trans lang="ja">
			<word>物か</word>
			<alt>bukka</alt>
		</trans>
	</term>
	<term id="8">
		<trans lang="en">
			<word>to excess, too ("V[i]-/ Adj-/ NA")</word>
		</trans>
		<trans lang="ja">
			<word>~すぎる</word>
			<alt>-sugiru</alt>
		</trans>
	</term>
	<term id="9">
		<trans lang="en">
			<word>conference, meeting</word>
		</trans>
		<trans lang="ja">
			<word>会ぎ</word>
			<alt>kaigi</alt>
		</trans>
	</term>
	<term id="10">
		<trans lang="en">
			<word>tell, convey (a message)</word>
		</trans>
		<trans lang="ja">
			<word>つたえる</word>
			<alt>tsutaeru</alt>
		</trans>
	</term>
	<term id="11">
		<trans lang="en">
			<word>according to</word>
		</trans>
		<trans lang="ja">
			<word>~によると</word>
			<alt>-ni yoruto</alt>
		</trans>
	</term>
	<term id="12">
		<trans lang="en">
			<word>strike, go on strike</word>
		</trans>
		<trans lang="ja">
			<word>ストライキ [する]</word>
			<alt>sutoraiki</alt>
		</trans>
	</term>
	<term id="13">
		<trans lang="en">
			<word>It is said, I heard ("S[plain]")</word>
		</trans>
		<trans lang="ja">
			<word>~そうです</word>
			<alt>-soodesu</alt>
		</trans>
	</term>
	<term id="14">
		<trans lang="en">
			<word>weather report, forecast</word>
		</trans>
		<trans lang="ja">
			<word>天気よほう</word>
			<alt>tenkiyohoo</alt>
		</trans>
	</term>
	<term id="15">
		<trans lang="en">
			<word>question, problem, subject</word>
		</trans>
		<trans lang="ja">
			<word>問だい</word>
			<alt>mondai</alt>
		</trans>
	</term>
	<term id="16">
		<trans lang="en">
			<word>rapid, sudden, suddenly   +</word>
		</trans>
		<trans lang="ja">
			<word>急 [な/に]</word>
			<alt>kyuu</alt>
		</trans>
	</term>
	<term id="17">
		<trans lang="en">
			<word>suru be injured</word>
		</trans>
		<trans lang="ja">
			<word>けがをする</word>
			<alt>kegawo</alt>
		</trans>
	</term>
	<term id="18">
		<trans lang="en">
			<word>woman</word>
		</trans>
		<trans lang="ja">
			<word>女せい</word>
			<alt>josei</alt>
		</trans>
	</term>
	<term id="19">
		<trans lang="en">
			<word>number</word>
		</trans>
		<trans lang="ja">
			<word>かず</word>
			<alt>kazu</alt>
		</trans>
	</term>
	<term id="20">
		<trans lang="en">
			<word>research paper, thesis</word>
		</trans>
		<trans lang="ja">
			<word>ろん文</word>
			<alt>rombun</alt>
		</trans>
	</term>
	<term id="21">
		<trans lang="en">
			<word>success, pass (exam)</word>
		</trans>
		<trans lang="ja">
			<word>ごうかく [する]</word>
			<alt>gookaku</alt>
		</trans>
	</term>
	<term id="22">
		<trans lang="en">
			<word>clerk, office clerk</word>
		</trans>
		<trans lang="ja">
			<word>事む員</word>
			<alt>jimuin</alt>
		</trans>
	</term>
	<term id="23">
		<trans lang="en">
			<word>term, semester</word>
		</trans>
		<trans lang="ja">
			<word>学き</word>
			<alt>gakki</alt>
		</trans>
	</term>
	<term id="24">
		<trans lang="en">
			<word>fall term, autumn term</word>
		</trans>
		<trans lang="ja">
			<word>秋学き</word>
			<alt>akigakki</alt>
		</trans>
	</term>
	<term id="25">
		<trans lang="en">
			<word>hi day off, holiday</word>
		</trans>
		<trans lang="ja">
			<word>休みの日</word>
			<alt>yasumino</alt>
		</trans>
	</term>
	<term id="26">
		<trans lang="en">
			<word>for the first time</word>
		</trans>
		<trans lang="ja">
			<word>はじめて</word>
			<alt>hajimete</alt>
		</trans>
	</term>
	<term id="27">
		<trans lang="en">
			<word>earthquake</word>
		</trans>
		<trans lang="ja">
			<word>地しん</word>
			<alt>jishin</alt>
		</trans>
	</term>
	<term id="28">
		<trans lang="en">
			<word>just, right, precisely</word>
		</trans>
		<trans lang="ja">
			<word>ちょうど~</word>
			<alt>choodo-</alt>
		</trans>
	</term>
	<term id="29">
		<trans lang="en">
			<word>gaudy, showy, gay</word>
		</trans>
		<trans lang="ja">
			<word>はで [な]</word>
			<alt>hade</alt>
		</trans>
	</term>
	<term id="30">
		<trans lang="en">
			<word>subdued, plain, sober</word>
		</trans>
		<trans lang="ja">
			<word>じみ [な]</word>
			<alt>jimi</alt>
		</trans>
	</term>
	<term id="31">
		<trans lang="en">
			<word>fire, blaze</word>
		</trans>
		<trans lang="ja">
			<word>火事</word>
			<alt>kaji</alt>
		</trans>
	</term>
	<term id="32">
		<trans lang="en">
			<word>accident</word>
		</trans>
		<trans lang="ja">
			<word>事こ</word>
			<alt>jiko</alt>
		</trans>
	</term>
	<term id="33">
		<trans lang="en">
			<word>Well then</word>
		</trans>
		<trans lang="ja">
			<word>では</word>
			<alt>dewa</alt>
		</trans>
	</term>
	<term id="34">
		<trans lang="en">
			<word>dangerous</word>
		</trans>
		<trans lang="ja">
			<word>あぶない</word>
			<alt>abunai</alt>
		</trans>
	</term>
	<term id="35">
		<trans lang="en">
			<word>world   ++</word>
		</trans>
		<trans lang="ja">
			<word>世界</word>
			<alt>sekai</alt>
		</trans>
	</term>
</glossary>
