<?xml version="1.0"?>
<glossary id="7" name="02" author="Frédéric Bergeron">
	<desc></desc>
	<term id="1">
		<trans lang="en">
			<word>garden opening</word>
		</trans>
		<trans lang="ja">
			<word>開園(する)</word>
			<alt>かいえん(する)</alt>
		</trans>
		<comment languages="en-ja">動物園の開園時間になった。
The zoo should be open by now.</comment>
	</term>
	<term id="2">
		<trans lang="en">
			<word>(to) reply</word>
		</trans>
		<trans lang="ja">
			<word>返事(する)</word>
			<alt>へんじ(する)</alt>
		</trans>
		<comment languages="en-ja">元気良く返事をする。
He answers cheerfully.</comment>
	</term>
	<term id="3">
		<trans lang="en">
			<word>cheerfully,vigorously</word>
		</trans>
		<trans lang="ja">
			<word>元気良く</word>
			<alt>げんきよく</alt>
		</trans>
		<comment languages="en-ja">元気良く返事をする。
He answers cheerfully.</comment>
	</term>
</glossary>
