<?xml version="1.0"?>
<glossary id="152" name="Guten Tag, Frau Meyer!" author="Frédéric Bergeron">
	<desc></desc>
	<term id="1">
		<trans lang="de">
			<word>guten Morgen!</word>
		</trans>
		<trans lang="fr">
			<word>Bon matin!</word>
		</trans>
	</term>
	<term id="2">
		<trans lang="de">
			<word>guten abend!</word>
		</trans>
		<trans lang="fr">
			<word>Bonsoir!</word>
		</trans>
	</term>
	<term id="3">
		<trans lang="de">
			<word>nicht so gut</word>
		</trans>
		<trans lang="fr">
			<word>pas très bien</word>
		</trans>
	</term>
	<term id="4">
		<trans lang="de">
			<word>Das tut mir Leid.</word>
		</trans>
		<trans lang="fr">
			<word>Je suis désolée</word>
		</trans>
	</term>
	<term id="5">
		<trans lang="de">
			<word>Angenehm!</word>
		</trans>
		<trans lang="fr">
			<word>Enchanté!</word>
		</trans>
	</term>
	<term id="6">
		<trans lang="de">
			<word>Ich habe Kopfschmerzen.</word>
		</trans>
		<trans lang="fr">
			<word>J'ai mal à la tête.</word>
		</trans>
	</term>
	<term id="7">
		<trans lang="de">
			<word>Tschüss!</word>
		</trans>
		<trans lang="fr">
			<word>Salut! (pour dire au revoir)</word>
		</trans>
	</term>
</glossary>
