<?xml version="1.0"?>
<glossary id="238" name="Wo ist ... ?" author="Frédéric Bergeron">
	<desc></desc>
	<term id="1">
		<trans lang="de">
			<word>dort drüben</word>
		</trans>
		<trans lang="fr">
			<word>de l'autre côté</word>
		</trans>
	</term>
	<term id="2">
		<trans lang="de">
			<word>der Bahnhof</word>
		</trans>
		<trans lang="fr">
			<word>la gare</word>
		</trans>
	</term>
	<term id="3">
		<trans lang="de">
			<word>die Bibliothek</word>
		</trans>
		<trans lang="fr">
			<word>la bibliothèque</word>
		</trans>
	</term>
	<term id="4">
		<trans lang="de">
			<word>die Brücke</word>
		</trans>
		<trans lang="fr">
			<word>le pont</word>
		</trans>
	</term>
	<term id="5">
		<trans lang="de">
			<word>der Dom</word>
		</trans>
		<trans lang="fr">
			<word>la cathédrale</word>
		</trans>
	</term>
	<term id="6">
		<trans lang="de">
			<word>der Flughafen</word>
		</trans>
		<trans lang="fr">
			<word>l'aéroport</word>
		</trans>
	</term>
	<term id="7">
		<trans lang="de">
			<word>das Freibad</word>
		</trans>
		<trans lang="fr">
			<word>la piscine à ciel ouvert</word>
		</trans>
	</term>
	<term id="8">
		<trans lang="de">
			<word>das Informationsbüro</word>
		</trans>
		<trans lang="fr">
			<word>le bureau d'information</word>
		</trans>
	</term>
	<term id="9">
		<trans lang="de">
			<word>die Jugendherberge</word>
		</trans>
		<trans lang="fr">
			<word>l'auberge de jeunesse</word>
		</trans>
	</term>
	<term id="10">
		<trans lang="de">
			<word>das Kino</word>
		</trans>
		<trans lang="fr">
			<word>le cinéma</word>
		</trans>
	</term>
	<term id="11">
		<trans lang="de">
			<word>die Kirche</word>
		</trans>
		<trans lang="fr">
			<word>l'église</word>
		</trans>
	</term>
	<term id="12">
		<trans lang="de">
			<word>die Kneipe</word>
		</trans>
		<trans lang="fr">
			<word>le bistrot</word>
		</trans>
	</term>
	<term id="13">
		<trans lang="de">
			<word>das Krankenhaus</word>
		</trans>
		<trans lang="fr">
			<word>l'hôpital</word>
		</trans>
	</term>
	<term id="14">
		<trans lang="de">
			<word>der Marktplatz</word>
		</trans>
		<trans lang="fr">
			<word>la place du marché</word>
		</trans>
	</term>
	<term id="15">
		<trans lang="de">
			<word>das Rathaus</word>
		</trans>
		<trans lang="fr">
			<word>la mairie</word>
		</trans>
	</term>
	<term id="16">
		<trans lang="de">
			<word>das Schloss</word>
		</trans>
		<trans lang="fr">
			<word>le château</word>
		</trans>
	</term>
	<term id="17">
		<trans lang="de">
			<word>der Schnellimbiss</word>
		</trans>
		<trans lang="fr">
			<word>le snack</word>
		</trans>
	</term>
	<term id="18">
		<trans lang="de">
			<word>die Straße</word>
		</trans>
		<trans lang="fr">
			<word>la rue</word>
		</trans>
	</term>
	<term id="19">
		<trans lang="de">
			<word>die Hauptstraße</word>
		</trans>
		<trans lang="fr">
			<word>la rue principale</word>
		</trans>
	</term>
	<term id="20">
		<trans lang="de">
			<word>die Bank</word>
		</trans>
		<trans lang="fr">
			<word>la banque</word>
		</trans>
	</term>
	<term id="21">
		<trans lang="de">
			<word>die Park</word>
		</trans>
		<trans lang="fr">
			<word>le parc</word>
		</trans>
	</term>
	<term id="22">
		<trans lang="de">
			<word>das Restaurant</word>
		</trans>
		<trans lang="fr">
			<word>le restaurant</word>
		</trans>
	</term>
	<term id="23">
		<trans lang="de">
			<word>die Post</word>
		</trans>
		<trans lang="fr">
			<word>la poste</word>
		</trans>
	</term>
	<term id="24">
		<trans lang="de">
			<word>das Hotel</word>
		</trans>
		<trans lang="fr">
			<word>l'hôtel</word>
		</trans>
	</term>
	<term id="25">
		<trans lang="de">
			<word>das Theater</word>
		</trans>
		<trans lang="fr">
			<word>le théâtre</word>
		</trans>
	</term>
</glossary>
