<?xml version="1.0"?>
<glossary id="340" name="JCS2-11" author="">
	<desc></desc>
	<term id="1">
		<trans lang="en">
			<word>every day   +</word>
		</trans>
		<trans lang="ja">
			<word>毎日</word>
			<alt>mainichi</alt>
		</trans>
	</term>
	<term id="2">
		<trans lang="en">
			<word>next week   +</word>
		</trans>
		<trans lang="ja">
			<word>来週</word>
			<alt>raishuu</alt>
		</trans>
	</term>
	<term id="3">
		<trans lang="en">
			<word>weekend</word>
		</trans>
		<trans lang="ja">
			<word>週まつ</word>
			<alt>shuumatsu</alt>
		</trans>
	</term>
	<term id="4">
		<trans lang="en">
			<word>this week</word>
		</trans>
		<trans lang="ja">
			<word>今週</word>
			<alt>konshuu</alt>
		</trans>
	</term>
	<term id="5">
		<trans lang="en">
			<word>last week</word>
		</trans>
		<trans lang="ja">
			<word>せん週</word>
			<alt>senshuu</alt>
		</trans>
	</term>
	<term id="6">
		<trans lang="en">
			<word># weeks</word>
		</trans>
		<trans lang="ja">
			<word>~週間</word>
			<alt>-shuukan</alt>
		</trans>
	</term>
	<term id="7">
		<trans lang="en">
			<word>go home, return   +</word>
		</trans>
		<trans lang="ja">
			<word>帰る</word>
			<alt>kaeru</alt>
		</trans>
	</term>
	<term id="8">
		<trans lang="en">
			<word>return, homecoming</word>
		</trans>
		<trans lang="ja">
			<word>帰り</word>
			<alt>kaeri</alt>
		</trans>
	</term>
	<term id="9">
		<trans lang="en">
			<word>feeling   +</word>
		</trans>
		<trans lang="ja">
			<word>気持ち</word>
			<alt>kimochi</alt>
		</trans>
	</term>
	<term id="10">
		<trans lang="en">
			<word>wait   +</word>
		</trans>
		<trans lang="ja">
			<word>待つ</word>
			<alt>matsu</alt>
		</trans>
	</term>
	<term id="11">
		<trans lang="en">
			<word>politics</word>
		</trans>
		<trans lang="ja">
			<word>せいじ</word>
			<alt>seiji</alt>
		</trans>
	</term>
	<term id="12">
		<trans lang="en">
			<word>hit, strike; type</word>
		</trans>
		<trans lang="ja">
			<word>うつ</word>
			<alt>utsu</alt>
		</trans>
	</term>
	<term id="13">
		<trans lang="en">
			<word>already</word>
		</trans>
		<trans lang="ja">
			<word>もう</word>
			<alt>moo</alt>
		</trans>
	</term>
	<term id="14">
		<trans lang="en">
			<word>not yet</word>
		</trans>
		<trans lang="ja">
			<word>まだ</word>
			<alt>mada</alt>
		</trans>
	</term>
	<term id="15">
		<trans lang="en">
			<word>while, during ("V-te iru / N no")</word>
		</trans>
		<trans lang="ja">
			<word>~あいだ</word>
			<alt>-aida</alt>
		</trans>
	</term>
	<term id="16">
		<trans lang="en">
			<word>training, practice</word>
		</trans>
		<trans lang="ja">
			<word>れんしゅう [する]</word>
			<alt>renshuu</alt>
		</trans>
	</term>
	<term id="17">
		<trans lang="en">
			<word>date (have a date)</word>
		</trans>
		<trans lang="ja">
			<word>デート [する]</word>
			<alt>deeto</alt>
		</trans>
	</term>
	<term id="18">
		<trans lang="en">
			<word>history</word>
		</trans>
		<trans lang="ja">
			<word>れきし</word>
			<alt>rekishi</alt>
		</trans>
	</term>
	<term id="19">
		<trans lang="en">
			<word>research</word>
		</trans>
		<trans lang="ja">
			<word>けんきゅう [する]</word>
			<alt>kenkyuu</alt>
		</trans>
	</term>
	<term id="20">
		<trans lang="en">
			<word>use   +</word>
		</trans>
		<trans lang="ja">
			<word>使う</word>
			<alt>tsukau</alt>
		</trans>
	</term>
	<term id="21">
		<trans lang="en">
			<word>office</word>
		</trans>
		<trans lang="ja">
			<word>オフィス</word>
			<alt>ofisu</alt>
		</trans>
	</term>
	<term id="22">
		<trans lang="en">
			<word>course (take a course)</word>
		</trans>
		<trans lang="ja">
			<word>コース [をとる]</word>
			<alt>koosu</alt>
		</trans>
	</term>
	<term id="23">
		<trans lang="en">
			<word>glasses (put on glasses)</word>
		</trans>
		<trans lang="ja">
			<word>めがね [をかける]</word>
			<alt>megane</alt>
		</trans>
	</term>
	<term id="24">
		<trans lang="en">
			<word>marriage, get married</word>
		</trans>
		<trans lang="ja">
			<word>けっこん [する]</word>
			<alt>kekkon</alt>
		</trans>
	</term>
	<term id="25">
		<trans lang="en">
			<word>go out</word>
		</trans>
		<trans lang="ja">
			<word>出かける</word>
			<alt>dekakeru</alt>
		</trans>
	</term>
	<term id="26">
		<trans lang="en">
			<word>summer holiday, summer vacation</word>
		</trans>
		<trans lang="ja">
			<word>なつ休み</word>
			<alt>natsuyasumi</alt>
		</trans>
	</term>
	<term id="27">
		<trans lang="en">
			<word>live, reside ("N ni")   +</word>
		</trans>
		<trans lang="ja">
			<word>住む</word>
			<alt>sumu</alt>
		</trans>
	</term>
	<term id="28">
		<trans lang="en">
			<word>word, language</word>
		</trans>
		<trans lang="ja">
			<word>言ば</word>
			<alt>kotoba</alt>
		</trans>
	</term>
	<term id="29">
		<trans lang="en">
			<word>learn, memorize</word>
		</trans>
		<trans lang="ja">
			<word>おぼえる</word>
			<alt>oboeru</alt>
		</trans>
	</term>
	<term id="30">
		<trans lang="en">
			<word>guest, customer</word>
		</trans>
		<trans lang="ja">
			<word>おきゃくさん</word>
			<alt>okyakusan</alt>
		</trans>
	</term>
	<term id="31">
		<trans lang="en">
			<word>look for, search</word>
		</trans>
		<trans lang="ja">
			<word>さがす</word>
			<alt>sagasu</alt>
		</trans>
	</term>
	<term id="32">
		<trans lang="en">
			<word>put on (hat, cap)</word>
		</trans>
		<trans lang="ja">
			<word>かぶる</word>
			<alt>kaburu</alt>
		</trans>
	</term>
	<term id="33">
		<trans lang="en">
			<word>accessories</word>
		</trans>
		<trans lang="ja">
			<word>アクセサリー</word>
			<alt>akusesarii</alt>
		</trans>
	</term>
	<term id="34">
		<trans lang="en">
			<word>put on (wristwatch, ring)</word>
		</trans>
		<trans lang="ja">
			<word>はめる</word>
			<alt>hameru</alt>
		</trans>
	</term>
	<term id="35">
		<trans lang="en">
			<word>tie</word>
		</trans>
		<trans lang="ja">
			<word>ネクタイ</word>
			<alt>nekutai</alt>
		</trans>
	</term>
	<term id="36">
		<trans lang="en">
			<word>coat, jacket   +</word>
		</trans>
		<trans lang="ja">
			<word>上着</word>
			<alt>uwagi</alt>
		</trans>
	</term>
	<term id="37">
		<trans lang="en">
			<word>put on (jacket, shirt)</word>
		</trans>
		<trans lang="ja">
			<word>着る</word>
			<alt>kiru</alt>
		</trans>
	</term>
	<term id="38">
		<trans lang="en">
			<word>sweater</word>
		</trans>
		<trans lang="ja">
			<word>セーター</word>
			<alt>seetaa</alt>
		</trans>
	</term>
	<term id="39">
		<trans lang="en">
			<word>blouse</word>
		</trans>
		<trans lang="ja">
			<word>ブラウス</word>
			<alt>burausu</alt>
		</trans>
	</term>
	<term id="40">
		<trans lang="en">
			<word>T-shirt</word>
		</trans>
		<trans lang="ja">
			<word>T シャツ</word>
			<alt>teeshatsu</alt>
		</trans>
	</term>
	<term id="41">
		<trans lang="en">
			<word>jeans</word>
		</trans>
		<trans lang="ja">
			<word>ジーンズ</word>
			<alt>jiinzu</alt>
		</trans>
	</term>
	<term id="42">
		<trans lang="en">
			<word>trousers</word>
		</trans>
		<trans lang="ja">
			<word>ズボン</word>
			<alt>zubon</alt>
		</trans>
	</term>
	<term id="43">
		<trans lang="en">
			<word>put on (shoes, socks, pants)</word>
		</trans>
		<trans lang="ja">
			<word>はく</word>
			<alt>haku</alt>
		</trans>
	</term>
	<term id="44">
		<trans lang="en">
			<word>skirt</word>
		</trans>
		<trans lang="ja">
			<word>スカート</word>
			<alt>sukaato</alt>
		</trans>
	</term>
	<term id="45">
		<trans lang="en">
			<word>sneakers</word>
		</trans>
		<trans lang="ja">
			<word>スニーカー</word>
			<alt>suniikaa</alt>
		</trans>
	</term>
	<term id="46">
		<trans lang="en">
			<word>differ, be different, be wrong</word>
		</trans>
		<trans lang="ja">
			<word>ちがう</word>
			<alt>chigau</alt>
		</trans>
	</term>
	<term id="47">
		<trans lang="en">
			<word>again</word>
		</trans>
		<trans lang="ja">
			<word>また</word>
			<alt>mata</alt>
		</trans>
	</term>
	<term id="48">
		<trans lang="en">
			<word>later, later on</word>
		</trans>
		<trans lang="ja">
			<word>後 [で]</word>
			<alt>ato</alt>
		</trans>
	</term>
</glossary>
