<?xml version="1.0"?>
<glossary id="254" name="38" author="Frédéric Bergeron">
	<desc></desc>
	<term id="1">
		<trans lang="en">
			<word>folklore</word>
		</trans>
		<trans lang="ja">
			<word>民話</word>
			<alt>みんわ</alt>
		</trans>
		<comment languages="en-ja">民話の面白さ。
The folklore's interesting aspect.</comment>
	</term>
	<term id="2">
		<trans lang="en">
			<word>grandchild</word>
		</trans>
		<trans lang="ja">
			<word>孫</word>
			<alt>まご</alt>
		</trans>
	</term>
	<term id="3">
		<trans lang="en">
			<word>history</word>
		</trans>
		<trans lang="ja">
			<word>歴史</word>
			<alt>れきし</alt>
		</trans>
	</term>
	<term id="4">
		<trans lang="en">
			<word>private house</word>
		</trans>
		<trans lang="ja">
			<word>民家</word>
			<alt>みんか</alt>
		</trans>
		<comment languages="en-ja">民家を住みやすくする。
He lives well in a private house.</comment>
	</term>
	<term id="5">
		<trans lang="en">
			<word>citizen,townspeople</word>
		</trans>
		<trans lang="ja">
			<word>市民</word>
			<alt>しみん</alt>
		</trans>
	</term>
	<term id="6">
		<trans lang="en">
			<word>information,observation (to)</word>
		</trans>
		<trans lang="ja">
			<word>見聞(する)</word>
			<alt>けんぶん(する)</alt>
		</trans>
	</term>
	<term id="7">
		<trans lang="en">
			<word>academic background</word>
		</trans>
		<trans lang="ja">
			<word>学歴</word>
			<alt>がくれき</alt>
		</trans>
		<comment languages="en-ja">学歴よりも実力が大事だ。
Efficiency/merit are more important than academic background.</comment>
	</term>
	<term id="8">
		<trans lang="en">
			<word>merit,efficiency,arms,force</word>
		</trans>
		<trans lang="ja">
			<word>実力</word>
			<alt>じつりょく</alt>
		</trans>
		<comment languages="en-ja">学歴よりも実力が大事だ。
Efficiency/merit are more important than academic background.</comment>
	</term>
</glossary>
