<?xml version="1.0"?>
<glossary id="183" name="50" author="Frédéric Bergeron">
	<desc></desc>
	<term id="1">
		<trans lang="es">
			<word>arroyo</word>
		</trans>
		<trans lang="fr">
			<word>ruisseau</word>
		</trans>
	</term>
	<term id="2">
		<trans lang="es">
			<word>añoranza</word>
		</trans>
		<trans lang="fr">
			<word>nostalgie,regret</word>
		</trans>
	</term>
	<term id="3">
		<trans lang="es">
			<word>murmullo</word>
		</trans>
		<trans lang="fr">
			<word>murmure</word>
		</trans>
	</term>
</glossary>
