<?xml version="1.0"?>
<glossary id="326" name="JBPI-28" author="">
	<desc></desc>
	<term id="1">
		<trans lang="en">
			<word>furniture</word>
		</trans>
		<trans lang="ja">
			<word>かぐ</word>
			<alt>kagu</alt>
		</trans>
	</term>
	<term id="2">
		<trans lang="en">
			<word>tansu, chest of drawers</word>
		</trans>
		<trans lang="ja">
			<word>たんす</word>
			<alt>tansu</alt>
		</trans>
	</term>
	<term id="3">
		<trans lang="en">
			<word>desk, table</word>
		</trans>
		<trans lang="ja">
			<word>つくえ</word>
			<alt>tsukue</alt>
		</trans>
	</term>
	<term id="4">
		<trans lang="en">
			<word>various</word>
		</trans>
		<trans lang="ja">
			<word>いろいろ [な]</word>
			<alt>iroiro</alt>
		</trans>
	</term>
	<term id="5">
		<trans lang="en">
			<word>matter, fact</word>
		</trans>
		<trans lang="ja">
			<word>こと</word>
			<alt>koto</alt>
		</trans>
	</term>
	<term id="6">
		<trans lang="en">
			<word>tsuite  about, concerning</word>
		</trans>
		<trans lang="ja">
			<word>~について</word>
			<alt>-ni</alt>
		</trans>
	</term>
	<term id="7">
		<trans lang="en">
			<word>good at, skillful ("ga")</word>
		</trans>
		<trans lang="ja">
			<word>じょうず [な]</word>
			<alt>joozu</alt>
		</trans>
	</term>
	<term id="8">
		<trans lang="en">
			<word>head</word>
		</trans>
		<trans lang="ja">
			<word>あたま</word>
			<alt>atama</alt>
		</trans>
	</term>
	<term id="9">
		<trans lang="en">
			<word>painful, aching</word>
		</trans>
		<trans lang="ja">
			<word>いたい</word>
			<alt>itai</alt>
		</trans>
	</term>
	<term id="10">
		<trans lang="en">
			<word>Europe</word>
		</trans>
		<trans lang="ja">
			<word>ヨーロッパ</word>
			<alt>yooroppa</alt>
		</trans>
	</term>
	<term id="11">
		<trans lang="en">
			<word>German (language)</word>
		</trans>
		<trans lang="ja">
			<word>ドイツご</word>
			<alt>doitsugo</alt>
		</trans>
	</term>
	<term id="12">
		<trans lang="en">
			<word>throat</word>
		</trans>
		<trans lang="ja">
			<word>のど</word>
			<alt>nodo</alt>
		</trans>
	</term>
	<term id="13">
		<trans lang="en">
			<word>stomach</word>
		</trans>
		<trans lang="ja">
			<word>おなか</word>
			<alt>onaka</alt>
		</trans>
	</term>
	<term id="14">
		<trans lang="en">
			<word>tooth</word>
		</trans>
		<trans lang="ja">
			<word>は</word>
			<alt>ha</alt>
		</trans>
	</term>
	<term id="15">
		<trans lang="en">
			<word>send; see off, escort</word>
		</trans>
		<trans lang="ja">
			<word>おくる</word>
			<alt>okuru</alt>
		</trans>
	</term>
	<term id="16">
		<trans lang="en">
			<word>mountain</word>
		</trans>
		<trans lang="ja">
			<word>やま</word>
			<alt>yama</alt>
		</trans>
	</term>
	<term id="17">
		<trans lang="en">
			<word>library</word>
		</trans>
		<trans lang="ja">
			<word>としょかん</word>
			<alt>toshokan</alt>
		</trans>
	</term>
	<term id="18">
		<trans lang="en">
			<word>fruit</word>
		</trans>
		<trans lang="ja">
			<word>くだもの</word>
			<alt>kudamono</alt>
		</trans>
	</term>
	<term id="19">
		<trans lang="en">
			<word>French (language)</word>
		</trans>
		<trans lang="ja">
			<word>フランスご</word>
			<alt>furansugo</alt>
		</trans>
	</term>
	<term id="20">
		<trans lang="en">
			<word>tomato</word>
		</trans>
		<trans lang="ja">
			<word>トマト</word>
			<alt>tomato</alt>
		</trans>
	</term>
	<term id="21">
		<trans lang="en">
			<word>hot spring</word>
		</trans>
		<trans lang="ja">
			<word>おんせん</word>
			<alt>onsen</alt>
		</trans>
	</term>
	<term id="22">
		<trans lang="en">
			<word>festival</word>
		</trans>
		<trans lang="ja">
			<word>まつり</word>
			<alt>matsuri</alt>
		</trans>
	</term>
	<term id="23">
		<trans lang="en">
			<word>socks</word>
		</trans>
		<trans lang="ja">
			<word>くつした</word>
			<alt>kutsushita</alt>
		</trans>
	</term>
	<term id="24">
		<trans lang="en">
			<word>doctor</word>
		</trans>
		<trans lang="ja">
			<word>いしゃ</word>
			<alt>isha</alt>
		</trans>
	</term>
	<term id="25">
		<trans lang="en">
			<word>shimashita ka   What's the matter?</word>
		</trans>
		<trans lang="ja">
			<word>どうしましたか</word>
			<alt>doo</alt>
		</trans>
	</term>
	<term id="26">
		<trans lang="en">
			<word>feeling, mood</word>
		</trans>
		<trans lang="ja">
			<word>きぶん</word>
			<alt>kibun</alt>
		</trans>
	</term>
	<term id="27">
		<trans lang="en">
			<word>fever, heat</word>
		</trans>
		<trans lang="ja">
			<word>ねつ</word>
			<alt>netsu</alt>
		</trans>
	</term>
	<term id="28">
		<trans lang="en">
			<word>ni   Get well.</word>
		</trans>
		<trans lang="ja">
			<word>おだいじに</word>
			<alt>odaiji</alt>
		</trans>
	</term>
	<term id="29">
		<trans lang="en">
			<word>luggage, baggage, cargo</word>
		</trans>
		<trans lang="ja">
			<word>にもつ</word>
			<alt>nimotsu</alt>
		</trans>
	</term>
	<term id="30">
		<trans lang="en">
			<word>airmail</word>
		</trans>
		<trans lang="ja">
			<word>こうくうびん</word>
			<alt>kookuubin</alt>
		</trans>
	</term>
	<term id="31">
		<trans lang="en">
			<word>sea mail</word>
		</trans>
		<trans lang="ja">
			<word>ふなびん</word>
			<alt>funabin</alt>
		</trans>
	</term>
	<term id="32">
		<trans lang="en">
			<word>desu ne Let me see.</word>
		</trans>
		<trans lang="ja">
			<word>そうですね</word>
			<alt>soo</alt>
		</trans>
	</term>
	<term id="33">
		<trans lang="en">
			<word># months</word>
		</trans>
		<trans lang="ja">
			<word>~か月</word>
			<alt>-kagetsu</alt>
		</trans>
	</term>
	<term id="34">
		<trans lang="en">
			<word>for one month, 1 month   *</word>
		</trans>
		<trans lang="ja">
			<word>一か月</word>
			<alt>ikkagetsu</alt>
		</trans>
	</term>
</glossary>
