<?xml version="1.0"?>
<glossary id="336" name="JCS2-15" author="">
	<desc></desc>
	<term id="1">
		<trans lang="en">
			<word>summer holiday, summer vacation   +</word>
		</trans>
		<trans lang="ja">
			<word>夏休み</word>
			<alt>natsuyasumi</alt>
		</trans>
	</term>
	<term id="2">
		<trans lang="en">
			<word>winter holiday, winter vacation   +</word>
		</trans>
		<trans lang="ja">
			<word>冬休み</word>
			<alt>fuyuyasumi</alt>
		</trans>
	</term>
	<term id="3">
		<trans lang="en">
			<word>trip, travelling, travel   +</word>
		</trans>
		<trans lang="ja">
			<word>旅行 [する]</word>
			<alt>ryokoo</alt>
		</trans>
	</term>
	<term id="4">
		<trans lang="en">
			<word>house, home (= "uchi")   +</word>
		</trans>
		<trans lang="ja">
			<word>家</word>
			<alt>ie</alt>
		</trans>
	</term>
	<term id="5">
		<trans lang="en">
			<word>family   +</word>
		</trans>
		<trans lang="ja">
			<word>家族</word>
			<alt>kazoku</alt>
		</trans>
	</term>
	<term id="6">
		<trans lang="en">
			<word>thing, goods   +</word>
		</trans>
		<trans lang="ja">
			<word>物</word>
			<alt>mono</alt>
		</trans>
	</term>
	<term id="7">
		<trans lang="en">
			<word>shopping</word>
		</trans>
		<trans lang="ja">
			<word>買い物 [する]</word>
			<alt>kaimono</alt>
		</trans>
	</term>
	<term id="8">
		<trans lang="en">
			<word>food</word>
		</trans>
		<trans lang="ja">
			<word>食べ物</word>
			<alt>tabemono</alt>
		</trans>
	</term>
	<term id="9">
		<trans lang="en">
			<word>drink, beverage</word>
		</trans>
		<trans lang="ja">
			<word>飲み物</word>
			<alt>nomimono</alt>
		</trans>
	</term>
	<term id="10">
		<trans lang="en">
			<word>iku do and go</word>
		</trans>
		<trans lang="ja">
			<word>~ていく</word>
			<alt>-te</alt>
		</trans>
	</term>
	<term id="11">
		<trans lang="en">
			<word>kabuki (Jap. drama)</word>
		</trans>
		<trans lang="ja">
			<word>かぶき</word>
			<alt>kabuki</alt>
		</trans>
	</term>
	<term id="12">
		<trans lang="en">
			<word>try (doing and see)</word>
		</trans>
		<trans lang="ja">
			<word>~てみる</word>
			<alt>-te miru</alt>
		</trans>
	</term>
	<term id="13">
		<trans lang="en">
			<word>aru do sometimes, have done</word>
		</trans>
		<trans lang="ja">
			<word>~ことがある</word>
			<alt>-kotoga</alt>
		</trans>
	</term>
	<term id="14">
		<trans lang="en">
			<word>intend ("V[dict]")</word>
		</trans>
		<trans lang="ja">
			<word>~つもりです</word>
			<alt>-tsumoridesu</alt>
		</trans>
	</term>
	<term id="15">
		<trans lang="en">
			<word> do and come</word>
		</trans>
		<trans lang="ja">
			<word>~てくる</word>
			<alt>-te kuru</alt>
		</trans>
	</term>
	<term id="16">
		<trans lang="en">
			<word>preparation, prepare for lessons</word>
		</trans>
		<trans lang="ja">
			<word>よしゅう [する]</word>
			<alt>yoshuu</alt>
		</trans>
	</term>
	<term id="17">
		<trans lang="en">
			<word>coat</word>
		</trans>
		<trans lang="ja">
			<word>コート</word>
			<alt>kooto</alt>
		</trans>
	</term>
	<term id="18">
		<trans lang="en">
			<word>borrow</word>
		</trans>
		<trans lang="ja">
			<word>かりる</word>
			<alt>kariru</alt>
		</trans>
	</term>
	<term id="19">
		<trans lang="en">
			<word>investigate</word>
		</trans>
		<trans lang="ja">
			<word>しらべる</word>
			<alt>shiraberu</alt>
		</trans>
	</term>
	<term id="20">
		<trans lang="en">
			<word>kimono, clothes</word>
		</trans>
		<trans lang="ja">
			<word>着物</word>
			<alt>kimono</alt>
		</trans>
	</term>
	<term id="21">
		<trans lang="en">
			<word>Japanese cooking, food</word>
		</trans>
		<trans lang="ja">
			<word>日本りょうり</word>
			<alt>nihonryoori</alt>
		</trans>
	</term>
	<term id="22">
		<trans lang="en">
			<word>move in, move out</word>
		</trans>
		<trans lang="ja">
			<word>ひっこす</word>
			<alt>hikkosu</alt>
		</trans>
	</term>
	<term id="23">
		<trans lang="en">
			<word>this year</word>
		</trans>
		<trans lang="ja">
			<word>今年</word>
			<alt>kotoshi</alt>
		</trans>
	</term>
	<term id="24">
		<trans lang="en">
			<word>from now</word>
		</trans>
		<trans lang="ja">
			<word>これから</word>
			<alt>korekara</alt>
		</trans>
	</term>
	<term id="25">
		<trans lang="en">
			<word>sumo (Jap. wrestling)</word>
		</trans>
		<trans lang="ja">
			<word>すもう</word>
			<alt>sumoo</alt>
		</trans>
	</term>
	<term id="26">
		<trans lang="en">
			<word>baseball</word>
		</trans>
		<trans lang="ja">
			<word>やきゅう</word>
			<alt>yakyuu</alt>
		</trans>
	</term>
	<term id="27">
		<trans lang="en">
			<word>ikebana, flower arranging</word>
		</trans>
		<trans lang="ja">
			<word>いけばな</word>
			<alt>ikebana</alt>
		</trans>
	</term>
	<term id="28">
		<trans lang="en">
			<word>pottery</word>
		</trans>
		<trans lang="ja">
			<word>やき物</word>
			<alt>yakimono</alt>
		</trans>
	</term>
	<term id="29">
		<trans lang="en">
			<word>calligraphy</word>
		</trans>
		<trans lang="ja">
			<word>書どう</word>
			<alt>shodoo</alt>
		</trans>
	</term>
	<term id="30">
		<trans lang="en">
			<word>origami, paper folding</word>
		</trans>
		<trans lang="ja">
			<word>おりがみ</word>
			<alt>origami</alt>
		</trans>
	</term>
	<term id="31">
		<trans lang="en">
			<word>bend, fold</word>
		</trans>
		<trans lang="ja">
			<word>おる</word>
			<alt>oru</alt>
		</trans>
	</term>
	<term id="32">
		<trans lang="en">
			<word>karate (Jap. martial art)</word>
		</trans>
		<trans lang="ja">
			<word>からて</word>
			<alt>karate</alt>
		</trans>
	</term>
	<term id="33">
		<trans lang="en">
			<word>spring vacation   +</word>
		</trans>
		<trans lang="ja">
			<word>春休み</word>
			<alt>haruyasumi</alt>
		</trans>
	</term>
	<term id="34">
		<trans lang="en">
			<word>autumn vacation   +</word>
		</trans>
		<trans lang="ja">
			<word>秋休み</word>
			<alt>akiyasumi</alt>
		</trans>
	</term>
	<term id="35">
		<trans lang="en">
			<word>boyfriend</word>
		</trans>
		<trans lang="ja">
			<word>ボーイフレンド</word>
			<alt>booifurendo</alt>
		</trans>
	</term>
	<term id="36">
		<trans lang="en">
			<word>girlfriend</word>
		</trans>
		<trans lang="ja">
			<word>ガールフレンド</word>
			<alt>gaarufurendo</alt>
		</trans>
	</term>
	<term id="37">
		<trans lang="en">
			<word>dessert</word>
		</trans>
		<trans lang="ja">
			<word>デザート</word>
			<alt>dezaato</alt>
		</trans>
	</term>
	<term id="38">
		<trans lang="en">
			<word>cake</word>
		</trans>
		<trans lang="ja">
			<word>ケーキ</word>
			<alt>keeki</alt>
		</trans>
	</term>
</glossary>
