<?xml version="1.0"?>
<glossary id="176" name="40" author="Frédéric Bergeron">
	<desc></desc>
	<term id="1">
		<trans lang="es">
			<word>perezoso</word>
		</trans>
		<trans lang="fr">
			<word>paresseux</word>
		</trans>
		<comment languages="es-fr">Si la gente fuera verdaderamente perezosa, nunca mentiría.
Si les gens seraient vraiment paresseux, ils ne mentiraient jamais. </comment>
	</term>
	<term id="2">
		<trans lang="es">
			<word>hurgar</word>
		</trans>
		<trans lang="fr">
			<word>remuer,fouiller</word>
		</trans>
		<comment languages="es-fr">Él está hurgando mi mente. 
Il fouille mon esprit.</comment>
	</term>
	<term id="3">
		<trans lang="es">
			<word>antojarse</word>
		</trans>
		<trans lang="fr">
			<word>avoir envie de</word>
		</trans>
		<comment languages="es-fr">Se había habituado a invadir su despacho cuando se le antojaba.
Elle s'était habituée à envahir son bureau quand elle en avait envie.</comment>
	</term>
</glossary>
