<?xml version="1.0"?>
<glossary id="268" name="6.08" author="Frédéric Bergeron">
	<desc></desc>
	<term id="1">
		<trans lang="en">
			<word>judgement,decision,award,verdict (to)</word>
		</trans>
		<trans lang="ja">
			<word>判定(する)</word>
			<alt>はんてい(する)</alt>
		</trans>
		<comment languages="en-ja">until文は、構文の見た目はwhile文と同じですが、条件の判定が反対になります。
An until statement looks like a while statement but the condition's evaluation is reversed.</comment>
	</term>
	<term id="2">
		<trans lang="en">
			<word>negation,denial,repudiation (to)</word>
		</trans>
		<trans lang="ja">
			<word>否定(する)</word>
			<alt>ひてい(する)</alt>
		</trans>
		<comment languages="en-ja">while文の条件に否定の演算子「!」を使えば、until文と同様のことが行えます。
Using the negation operator "!" on the condition of a while statement is identical to using an until statement [without "!" operator].</comment>
	</term>
	<term id="3">
		<trans lang="en">
			<word>substitution</word>
		</trans>
		<trans lang="ja">
			<word>代用</word>
			<alt>だいよう</alt>
		</trans>
		<comment languages="en-ja">until文は、while文と!演算子で代用できる。
It's possible to substitue/interchange an until statement with a while statement + not operator.</comment>
	</term>
	<term id="4">
		<trans lang="en">
			<word>identical,equal to,same (kind),like</word>
		</trans>
		<trans lang="ja">
			<word>同様</word>
			<alt>どうよう</alt>
		</trans>
	</term>
	<term id="5">
		<trans lang="en">
			<word>intuition</word>
		</trans>
		<trans lang="ja">
			<word>直感</word>
			<alt>ちょっかん</alt>
		</trans>
	</term>
</glossary>
