<?xml version="1.0"?>
<glossary id="377" name="Wann treffen wir uns?" author="Frédéric Bergeron">
	<desc></desc>
	<term id="1">
		<trans lang="de">
			<word>nächste Woche</word>
		</trans>
		<trans lang="fr">
			<word>la semaine prochaine</word>
		</trans>
	</term>
	<term id="2">
		<trans lang="de">
			<word>nächsten Sonntag</word>
		</trans>
		<trans lang="fr">
			<word>dimanche prochain</word>
		</trans>
	</term>
	<term id="3">
		<trans lang="de">
			<word>Wie wäre es mit Dienstag?</word>
		</trans>
		<trans lang="fr">
			<word>Que diriez-vous de mardi?</word>
		</trans>
		<comment languages="de-fr">Litéralement: Comment serait-ce avec mardi?</comment>
	</term>
	<term id="4">
		<trans lang="de">
			<word>Das geht leider nicht.</word>
		</trans>
		<trans lang="fr">
			<word>Ça n'est malheureusement pas possible.</word>
		</trans>
	</term>
	<term id="5">
		<trans lang="de">
			<word>Prima!</word>
		</trans>
		<trans lang="fr">
			<word>Super!</word>
		</trans>
	</term>
	<term id="6">
		<trans lang="de">
			<word>keine Zeit</word>
		</trans>
		<trans lang="fr">
			<word>pas le temps</word>
		</trans>
	</term>
</glossary>
