<?xml version="1.0"?>
<glossary id="375" name="p088-096" author="Frédéric Bergeron">
	<desc></desc>
	<term id="1">
		<trans lang="es">
			<word>vera (f.)</word>
		</trans>
		<trans lang="fr">
			<word>bord (m.)</word>
		</trans>
	</term>
	<term id="2">
		<trans lang="es">
			<word>neblina (f.)</word>
		</trans>
		<trans lang="fr">
			<word>brouillard (m.)</word>
		</trans>
	</term>
	<term id="3">
		<trans lang="es">
			<word>ruin</word>
		</trans>
		<trans lang="fr">
			<word>vil,mesquin</word>
		</trans>
	</term>
	<term id="4">
		<trans lang="es">
			<word>desasosiego</word>
		</trans>
		<trans lang="fr">
			<word>inquiétude</word>
		</trans>
	</term>
	<term id="5">
		<trans lang="es">
			<word>pesadumbre (f.)</word>
		</trans>
		<trans lang="fr">
			<word>peine (f.),chagrin (m.)</word>
		</trans>
	</term>
</glossary>
