<?xml version="1.0"?>
<glossary id="13" name="10" author="Frédéric Bergeron">
	<desc></desc>
	<term id="1">
		<trans lang="en">
			<word>scene,spectacle</word>
		</trans>
		<trans lang="ja">
			<word>光景</word>
			<alt>こうけい</alt>
		</trans>
		<comment languages="en-ja">あなたはその光景を見るべきである。
You should see the sight.

その光景は見るに堪えなかった。
I could not bear to see the scene.</comment>
	</term>
	<term id="2">
		<trans lang="en">
			<word>scenery</word>
		</trans>
		<trans lang="ja">
			<word>風景</word>
			<alt>ふうけい</alt>
		</trans>
		<comment languages="en-ja">この地方は美しい風景で知られている。
This district is known for its beautiful scenery.</comment>
	</term>
	<term id="3">
		<trans lang="en">
			<word>wind and rain</word>
		</trans>
		<trans lang="ja">
			<word>風雨</word>
			<alt>ふうう</alt>
		</trans>
		<comment languages="en-ja">風雨にたえる。
We are enduring the wind and rain.</comment>
	</term>
	<term id="4">
		<trans lang="en">
			<word>rainy season</word>
		</trans>
		<trans lang="ja">
			<word>雨季</word>
			<alt>うき</alt>
		</trans>
	</term>
	<term id="5">
		<trans lang="en">
			<word>troubles,hardships</word>
		</trans>
		<trans lang="ja">
			<word>苦労(する)</word>
			<alt>くろう(する)</alt>
		</trans>
	</term>
	<term id="6">
		<trans lang="en">
			<word>magnificent,grand,impressive</word>
		</trans>
		<trans lang="ja">
			<word>堂々</word>
			<alt>どうどう</alt>
		</trans>
		<comment languages="en-ja">彼は非難されても堂々としていた。
He stood tall even under criticism.</comment>
	</term>
	<term id="7">
		<trans lang="en">
			<word>beam,light ray</word>
		</trans>
		<trans lang="ja">
			<word>光線</word>
			<alt>こうせん</alt>
		</trans>
		<comment languages="en-ja">強い光線で焼く。
He's burning it using a strong laser beam.</comment>
	</term>
	<term id="8">
		<trans lang="en">
			<word>lightning</word>
		</trans>
		<trans lang="ja">
			<word>電光</word>
			<alt>でんこう</alt>
		</trans>
		<comment languages="en-ja">電光のかかやく夜景を見る。
We're watching night scene with lightning sparkles.</comment>
	</term>
	<term id="9">
		<trans lang="en">
			<word>to shine,to glitter,to sparkle</word>
		</trans>
		<trans lang="ja">
			<word>輝く</word>
			<alt>かがやく</alt>
		</trans>
		<comment languages="en-ja">[In contrast with 光る, 輝く is used when the shining occurs for a long period of time.  光る is used for a flash of light for example.]</comment>
	</term>
	<term id="10">
		<trans lang="en">
			<word>night view</word>
		</trans>
		<trans lang="ja">
			<word>夜景</word>
			<alt>やけい</alt>
		</trans>
	</term>
	<term id="11">
		<trans lang="en">
			<word>town hall,public hall</word>
		</trans>
		<trans lang="ja">
			<word>公会堂</word>
			<alt>こうかいどう</alt>
		</trans>
	</term>
	<term id="12">
		<trans lang="en">
			<word>main temple building,nave</word>
		</trans>
		<trans lang="ja">
			<word>本堂</word>
			<alt>ほんどう</alt>
		</trans>
		<comment languages="en-ja">お寺の本堂がそこでたった。
The temple's main building was standing there.</comment>
	</term>
	<term id="13">
		<trans lang="en">
			<word>gift,premium</word>
		</trans>
		<trans lang="ja">
			<word>景品</word>
			<alt>けいひん</alt>
		</trans>
		<comment languages="en-ja">景品に国語の辞典が当たった。
I won a language dictionary gift.</comment>
	</term>
	<term id="14">
		<trans lang="en">
			<word>sunlight</word>
		</trans>
		<trans lang="ja">
			<word>日光</word>
			<alt>にっこう</alt>
		</trans>
		<comment languages="en-ja">さわやかな日光をあびる。
I'm bathing myself in the revigorating sunlight.</comment>
	</term>
	<term id="15">
		<trans lang="en">
			<word>rainy weather</word>
		</trans>
		<trans lang="ja">
			<word>雨天</word>
			<alt>うてん</alt>
		</trans>
		<comment languages="en-ja">このごろ、雨天が多い。
In this time of the year, rainy weather is frequent.</comment>
	</term>
</glossary>
