<?xml version="1.0"?>
<glossary id="353" name="Lektion 01" author="Frédéric Bergeron">
	<desc></desc>
	<term id="1">
		<trans lang="de">
			<word>guten Morgen!</word>
		</trans>
		<trans lang="fr">
			<word>Bon matin!</word>
		</trans>
	</term>
	<term id="2">
		<trans lang="de">
			<word>guten abend!</word>
		</trans>
		<trans lang="fr">
			<word>Bonsoir!</word>
		</trans>
	</term>
	<term id="3">
		<trans lang="de">
			<word>Tschüss!</word>
		</trans>
		<trans lang="fr">
			<word>Salut! (pour dire au revoir)</word>
		</trans>
	</term>
	<term id="4">
		<trans lang="de">
			<word>nicht so gut</word>
		</trans>
		<trans lang="fr">
			<word>pas très bien</word>
		</trans>
	</term>
	<term id="5">
		<trans lang="de">
			<word>auf Wiedersehen!</word>
		</trans>
		<trans lang="fr">
			<word>Au revoir!</word>
		</trans>
	</term>
	<term id="6">
		<trans lang="de">
			<word>Wie geht es Ihnen?</word>
		</trans>
		<trans lang="fr">
			<word>Comment allez-vous?</word>
		</trans>
	</term>
	<term id="7">
		<trans lang="de">
			<word>Es geht mir gut.</word>
		</trans>
		<trans lang="fr">
			<word>Je vais bien.</word>
		</trans>
	</term>
	<term id="8">
		<trans lang="de">
			<word>gut</word>
		</trans>
		<trans lang="fr">
			<word>bien</word>
		</trans>
	</term>
	<term id="9">
		<trans lang="de">
			<word>guten Tag</word>
		</trans>
		<trans lang="fr">
			<word>bonjour</word>
		</trans>
	</term>
	<term id="10">
		<trans lang="de">
			<word>danke</word>
		</trans>
		<trans lang="fr">
			<word>merci</word>
		</trans>
	</term>
	<term id="11">
		<trans lang="de">
			<word>Mein Name ist...</word>
		</trans>
		<trans lang="fr">
			<word>Mon nom est...</word>
		</trans>
	</term>
	<term id="12">
		<trans lang="de">
			<word>Wie bitte?</word>
		</trans>
		<trans lang="fr">
			<word>Pardon?</word>
		</trans>
	</term>
	<term id="13">
		<trans lang="de">
			<word>Hallo!</word>
		</trans>
		<trans lang="fr">
			<word>Allo! (Bonjour!)</word>
		</trans>
	</term>
	<term id="14">
		<trans lang="de">
			<word>Verzeihung!</word>
		</trans>
		<trans lang="fr">
			<word>Excusez-moi,désolé,pardon</word>
		</trans>
	</term>
	<term id="15">
		<trans lang="de">
			<word>Ganz gut.</word>
		</trans>
		<trans lang="fr">
			<word>Tout va bien.</word>
		</trans>
	</term>
	<term id="16">
		<trans lang="de">
			<word>Es geht.</word>
		</trans>
		<trans lang="fr">
			<word>Ça va. (normal)</word>
		</trans>
	</term>
	<term id="17">
		<trans lang="de">
			<word>Nicht gut.</word>
		</trans>
		<trans lang="fr">
			<word>Pas bien.</word>
		</trans>
	</term>
	<term id="18">
		<trans lang="de">
			<word>Wie heißen Sie?</word>
		</trans>
		<trans lang="fr">
			<word>Comment vous appelez-vous?</word>
		</trans>
	</term>
	<term id="19">
		<trans lang="de">
			<word>Ich heiße ...</word>
		</trans>
		<trans lang="fr">
			<word>Je m'appelle ...</word>
		</trans>
	</term>
	<term id="20">
		<trans lang="de">
			<word>Sind Sie Herr ... ?</word>
		</trans>
		<trans lang="fr">
			<word>Êtes-vous Monsieur ... ?</word>
		</trans>
	</term>
	<term id="21">
		<trans lang="de">
			<word>Ja, das bin ich.</word>
		</trans>
		<trans lang="fr">
			<word>Oui,c'est moi.</word>
		</trans>
	</term>
	<term id="22">
		<trans lang="de">
			<word>Wie schreibt man das?</word>
		</trans>
		<trans lang="fr">
			<word>Comment ça s'écrit?</word>
		</trans>
	</term>
	<term id="23">
		<trans lang="de">
			<word>Buchstabieren Sie bitte.</word>
		</trans>
		<trans lang="fr">
			<word>Veuillez l'épeler svp.</word>
		</trans>
	</term>
	<term id="24">
		<trans lang="de">
			<word>Ist das dein Forname?</word>
		</trans>
		<trans lang="fr">
			<word>Est-ce ton prénom?</word>
		</trans>
	</term>
	<term id="25">
		<trans lang="de">
			<word>Und wie ist dein Familienname?</word>
		</trans>
		<trans lang="fr">
			<word>Et quel est ton nom de famille?</word>
		</trans>
	</term>
	<term id="26">
		<trans lang="de">
			<word>Woher kommen Sie?</word>
		</trans>
		<trans lang="fr">
			<word>D'où venez-vous?</word>
		</trans>
	</term>
	<term id="27">
		<trans lang="de">
			<word>Ich komme aus Kanada.</word>
		</trans>
		<trans lang="fr">
			<word>Je viens du Canada.</word>
		</trans>
	</term>
	<term id="28">
		<trans lang="de">
			<word>Wo wohnst du?</word>
		</trans>
		<trans lang="fr">
			<word>Où demeures-tu?</word>
		</trans>
	</term>
	<term id="29">
		<trans lang="de">
			<word>Auch gut, danke.</word>
		</trans>
		<trans lang="fr">
			<word>Moi aussi, je vais bien, merci.</word>
		</trans>
	</term>
	<term id="30">
		<trans lang="de">
			<word>Wie geht's dir?</word>
		</trans>
		<trans lang="fr">
			<word>Comment vas-tu?</word>
		</trans>
	</term>
	<term id="31">
		<trans lang="de">
			<word>kommen</word>
		</trans>
		<trans lang="fr">
			<word>venir</word>
		</trans>
		<comment languages="de-fr">ich komme
du kommst
er/es/sie kommt
wir kommen
ihr kommt
sie kommen</comment>
	</term>
	<term id="32">
		<trans lang="de">
			<word>sein</word>
		</trans>
		<trans lang="fr">
			<word>être</word>
		</trans>
		<comment languages="de-fr">ich bin
du bist
er/es/sie ist
wir sind
ihr seid
sie sind</comment>
	</term>
</glossary>
