<?xml version="1.0"?>
<glossary id="393" name="Lektion 06" author="Frédéric Bergeron">
	<desc></desc>
	<term id="1">
		<trans lang="de">
			<word>Vater (m.)</word>
		</trans>
		<trans lang="fr">
			<word>père</word>
		</trans>
	</term>
	<term id="2">
		<trans lang="de">
			<word>Mutter (f.)</word>
		</trans>
		<trans lang="fr">
			<word>mère</word>
		</trans>
	</term>
	<term id="3">
		<trans lang="de">
			<word>Großvater</word>
		</trans>
		<trans lang="fr">
			<word>grand-père</word>
		</trans>
	</term>
	<term id="4">
		<trans lang="de">
			<word>Großmutter</word>
		</trans>
		<trans lang="fr">
			<word>grand-mère</word>
		</trans>
	</term>
	<term id="5">
		<trans lang="de">
			<word>Onkel (m.)</word>
		</trans>
		<trans lang="fr">
			<word>oncle</word>
		</trans>
	</term>
	<term id="6">
		<trans lang="de">
			<word>Tante (f.)</word>
		</trans>
		<trans lang="fr">
			<word>tante</word>
		</trans>
	</term>
	<term id="7">
		<trans lang="de">
			<word>Frau (f.)</word>
		</trans>
		<trans lang="fr">
			<word>femme (épouse)</word>
		</trans>
	</term>
	<term id="8">
		<trans lang="de">
			<word>Mann (m.)</word>
		</trans>
		<trans lang="fr">
			<word>mari</word>
		</trans>
	</term>
	<term id="9">
		<trans lang="de">
			<word>Eltern</word>
		</trans>
		<trans lang="fr">
			<word>parents</word>
		</trans>
	</term>
	<term id="10">
		<trans lang="de">
			<word>Großeltern</word>
		</trans>
		<trans lang="fr">
			<word>grand-parents</word>
		</trans>
	</term>
	<term id="11">
		<trans lang="de">
			<word>Schwester (f.)</word>
		</trans>
		<trans lang="fr">
			<word>soeur</word>
		</trans>
	</term>
	<term id="12">
		<trans lang="de">
			<word>Bruder (m.)</word>
		</trans>
		<trans lang="fr">
			<word>frère</word>
		</trans>
	</term>
	<term id="13">
		<trans lang="de">
			<word>Kind/er (n.)</word>
		</trans>
		<trans lang="fr">
			<word>enfant/s</word>
		</trans>
	</term>
	<term id="14">
		<trans lang="de">
			<word>Sohn (m.)</word>
		</trans>
		<trans lang="fr">
			<word>fils</word>
		</trans>
	</term>
	<term id="15">
		<trans lang="de">
			<word>Tochter (f.)</word>
		</trans>
		<trans lang="fr">
			<word>fille</word>
		</trans>
	</term>
	<term id="16">
		<trans lang="de">
			<word>Geschwister</word>
		</trans>
		<trans lang="fr">
			<word>frères &amp; soeurs</word>
		</trans>
		<comment languages="de-fr">Hast du Geschwister? Ja, ich habe einen Bruder und eine Schwester. Und du?
Ich habe keine Geschwister. Ich bin Einzelkind. Und du?
Ich habe zwei Brüder, aber keine Schwester.</comment>
	</term>
	<term id="17">
		<trans lang="de">
			<word>Wer ist das?</word>
		</trans>
		<trans lang="fr">
			<word>Qui est-ce?</word>
		</trans>
	</term>
	<term id="18">
		<trans lang="de">
			<word>Das ist der Bruder von meinem Vater.</word>
		</trans>
		<trans lang="fr">
			<word>C'est le frère de mon père.</word>
		</trans>
		<comment languages="de-fr">C'est le frère de ma mère.
Das ist der Bruder von meiner Mutter.</comment>
	</term>
	<term id="19">
		<trans lang="de">
			<word>Haustier (n.)</word>
		</trans>
		<trans lang="fr">
			<word>animal domestique</word>
		</trans>
	</term>
	<term id="20">
		<trans lang="de">
			<word>Er arbeitet nicht mehr.</word>
		</trans>
		<trans lang="fr">
			<word>Il ne travaille plus.</word>
		</trans>
		<comment languages="de-fr">... nicht mehr.
ne ... plus.</comment>
	</term>
	<term id="21">
		<trans lang="de">
			<word>Was bist du von Beruf?</word>
		</trans>
		<trans lang="fr">
			<word>Quel est ton travail?</word>
		</trans>
	</term>
	<term id="22">
		<trans lang="de">
			<word>Friseur/Friseuse</word>
		</trans>
		<trans lang="fr">
			<word>coiffeure/coiffeuse</word>
		</trans>
	</term>
	<term id="23">
		<trans lang="de">
			<word>Arzt/Ärztin</word>
		</trans>
		<trans lang="fr">
			<word>docteur(e)</word>
		</trans>
	</term>
	<term id="24">
		<trans lang="de">
			<word>Angestellte(r)</word>
		</trans>
		<trans lang="fr">
			<word>employé(e)</word>
		</trans>
	</term>
	<term id="25">
		<trans lang="de">
			<word>Bankangestellter/Bankangestellte</word>
		</trans>
		<trans lang="fr">
			<word>employé(e) de banque</word>
		</trans>
	</term>
	<term id="26">
		<trans lang="de">
			<word>Beamter/Beamtin</word>
		</trans>
		<trans lang="fr">
			<word>fonctionnaire</word>
		</trans>
	</term>
	<term id="27">
		<trans lang="de">
			<word>Hausmann/Hausfrau</word>
		</trans>
		<trans lang="fr">
			<word>homme/femme au foyer</word>
		</trans>
	</term>
	<term id="28">
		<trans lang="de">
			<word>Krankenpfleger/Krankenschwester</word>
		</trans>
		<trans lang="fr">
			<word>infirmier/infirmière</word>
		</trans>
	</term>
	<term id="29">
		<trans lang="de">
			<word>Kaufmann/Kauffrau</word>
		</trans>
		<trans lang="fr">
			<word>marchand,tenancier,vendeur</word>
		</trans>
	</term>
	<term id="30">
		<trans lang="de">
			<word>Beruf (m.)</word>
		</trans>
		<trans lang="fr">
			<word>profession,emploi</word>
		</trans>
		<comment languages="de-fr">pl: Berufe</comment>
	</term>
	<term id="31">
		<trans lang="de">
			<word>Rentner(in)</word>
		</trans>
		<trans lang="fr">
			<word>retraité(e)</word>
		</trans>
	</term>
	<term id="32">
		<trans lang="de">
			<word>arbeitslos sein</word>
		</trans>
		<trans lang="fr">
			<word>sans emploi</word>
		</trans>
		<comment languages="de-fr">Er ist arbeitslos.
Il est sans emploi.</comment>
	</term>
	<term id="33">
		<trans lang="de">
			<word>selbständig sein</word>
		</trans>
		<trans lang="fr">
			<word>travail autonome</word>
		</trans>
		<comment languages="de-fr">Sie ist selbständig.
Vous êtes travailleur autonome.</comment>
	</term>
	<term id="34">
		<trans lang="de">
			<word>Teilzeit arbeiten</word>
		</trans>
		<trans lang="fr">
			<word>travailler à temps partiel</word>
		</trans>
		<comment languages="de-fr">Sie arbeitet Teilzeit.
Vous travaillez à temps partiel.</comment>
	</term>
	<term id="35">
		<trans lang="de">
			<word>Erzieher(in)</word>
		</trans>
		<trans lang="fr">
			<word>éducateur/éducatrice</word>
		</trans>
	</term>
	<term id="36">
		<trans lang="de">
			<word>freundlich</word>
		</trans>
		<trans lang="fr">
			<word>amical</word>
		</trans>
	</term>
	<term id="37">
		<trans lang="de">
			<word>fleißig</word>
		</trans>
		<trans lang="fr">
			<word>appliqué,assidu,travaillant</word>
		</trans>
	</term>
	<term id="38">
		<trans lang="de">
			<word>schön</word>
		</trans>
		<trans lang="fr">
			<word>beau</word>
		</trans>
	</term>
	<term id="39">
		<trans lang="de">
			<word>hübsch</word>
		</trans>
		<trans lang="fr">
			<word>beau,mignon</word>
		</trans>
	</term>
	<term id="40">
		<trans lang="de">
			<word>langweilig</word>
		</trans>
		<trans lang="fr">
			<word>ennuyeux</word>
		</trans>
	</term>
	<term id="41">
		<trans lang="de">
			<word>lustig</word>
		</trans>
		<trans lang="fr">
			<word>gai,joyeux,amusant,drôle</word>
		</trans>
	</term>
	<term id="42">
		<trans lang="de">
			<word>nett</word>
		</trans>
		<trans lang="fr">
			<word>gentil</word>
		</trans>
	</term>
	<term id="43">
		<trans lang="de">
			<word>groß</word>
		</trans>
		<trans lang="fr">
			<word>grand/gros</word>
		</trans>
	</term>
	<term id="44">
		<trans lang="de">
			<word>dick</word>
		</trans>
		<trans lang="fr">
			<word>gras/gros</word>
		</trans>
	</term>
	<term id="45">
		<trans lang="de">
			<word>interessant</word>
		</trans>
		<trans lang="fr">
			<word>intéressant</word>
		</trans>
	</term>
	<term id="46">
		<trans lang="de">
			<word>jung</word>
		</trans>
		<trans lang="fr">
			<word>jeune</word>
		</trans>
	</term>
	<term id="47">
		<trans lang="de">
			<word>dünn,schlank</word>
		</trans>
		<trans lang="fr">
			<word>mince</word>
		</trans>
		<comment languages="de-fr">Pour les personnes, on utilise surtout schlank.  Pour les objets, dünn.</comment>
	</term>
	<term id="48">
		<trans lang="de">
			<word>faul</word>
		</trans>
		<trans lang="fr">
			<word>paresseux,fainéant</word>
		</trans>
	</term>
	<term id="49">
		<trans lang="de">
			<word>klein</word>
		</trans>
		<trans lang="fr">
			<word>petit</word>
		</trans>
	</term>
	<term id="50">
		<trans lang="de">
			<word>sympathisch</word>
		</trans>
		<trans lang="fr">
			<word>sympathique</word>
		</trans>
	</term>
	<term id="51">
		<trans lang="de">
			<word>attraktiv</word>
		</trans>
		<trans lang="fr">
			<word>séduisant</word>
		</trans>
	</term>
	<term id="52">
		<trans lang="de">
			<word>streng</word>
		</trans>
		<trans lang="fr">
			<word>sévère,strict,rigoureux</word>
		</trans>
	</term>
	<term id="53">
		<trans lang="de">
			<word>finden</word>
		</trans>
		<trans lang="fr">
			<word>trouver</word>
		</trans>
		<comment languages="de-fr">Ich finde, er ist lustig.
Je trouve qu'il est drôle.</comment>
	</term>
	<term id="54">
		<trans lang="de">
			<word>alt</word>
		</trans>
		<trans lang="fr">
			<word>vieux</word>
		</trans>
	</term>
	<term id="55">
		<trans lang="de">
			<word>nur Wasser</word>
		</trans>
		<trans lang="fr">
			<word>seulement de l'eau</word>
		</trans>
	</term>
	<term id="56">
		<trans lang="de">
			<word>Schwiegervater</word>
		</trans>
		<trans lang="fr">
			<word>beau-père</word>
		</trans>
	</term>
	<term id="57">
		<trans lang="de">
			<word>Schwiegerschwester</word>
		</trans>
		<trans lang="fr">
			<word>belle-soeur</word>
		</trans>
	</term>
	<term id="58">
		<trans lang="de">
			<word>Neffe</word>
		</trans>
		<trans lang="fr">
			<word>neveu</word>
		</trans>
	</term>
	<term id="59">
		<trans lang="de">
			<word>Nichte</word>
		</trans>
		<trans lang="fr">
			<word>nièce</word>
		</trans>
	</term>
	<term id="60">
		<trans lang="de">
			<word>fehlen</word>
		</trans>
		<trans lang="fr">
			<word>être absent</word>
		</trans>
		<comment languages="de-fr">Sie fehlt.
Elle est absente.</comment>
	</term>
	<term id="61">
		<trans lang="de">
			<word>intelligent</word>
			<alt>intelliguent</alt>
		</trans>
		<trans lang="fr">
			<word>intelligent</word>
		</trans>
	</term>
	<term id="62">
		<trans lang="de">
			<word>Kreuzworträtsel</word>
		</trans>
		<trans lang="fr">
			<word>mots croisés</word>
		</trans>
	</term>
	<term id="63">
		<trans lang="de">
			<word>bekommen</word>
		</trans>
		<trans lang="fr">
			<word>devenir</word>
		</trans>
	</term>
	<term id="64">
		<trans lang="de">
			<word>Durchschnitt (m.)</word>
		</trans>
		<trans lang="fr">
			<word>moyenne (n.)</word>
		</trans>
	</term>
	<term id="65">
		<trans lang="de">
			<word>erzählen</word>
		</trans>
		<trans lang="fr">
			<word>raconter</word>
		</trans>
	</term>
	<term id="66">
		<trans lang="de">
			<word>Sport treiben</word>
		</trans>
		<trans lang="fr">
			<word>faire du sport</word>
		</trans>
	</term>
	<term id="67">
		<trans lang="de">
			<word>Firma (f.)</word>
		</trans>
		<trans lang="fr">
			<word>compagnie,firme</word>
		</trans>
	</term>
</glossary>
