<?xml version="1.0"?>
<glossary id="167" name="31" author="Frédéric Bergeron">
	<desc></desc>
	<term id="1">
		<trans lang="es">
			<word>grato(a)</word>
		</trans>
		<trans lang="fr">
			<word>agréable</word>
		</trans>
		<comment languages="es-fr">Pareces tener une vida grata aquí.
Tu sembles avoir une vie agréable, ici.</comment>
	</term>
	<term id="2">
		<trans lang="es">
			<word>plazo</word>
		</trans>
		<trans lang="fr">
			<word>délai,terme,échéance</word>
		</trans>
	</term>
	<term id="3">
		<trans lang="es">
			<word>percance</word>
		</trans>
		<trans lang="fr">
			<word>contretemps</word>
		</trans>
	</term>
	<term id="4">
		<trans lang="es">
			<word>carcajada</word>
		</trans>
		<trans lang="fr">
			<word>éclat de rire</word>
		</trans>
	</term>
	<term id="5">
		<trans lang="es">
			<word>plaga</word>
		</trans>
		<trans lang="fr">
			<word>plaie,fléau,calamité</word>
		</trans>
	</term>
	<term id="6">
		<trans lang="es">
			<word>atolladero</word>
		</trans>
		<trans lang="fr">
			<word>bourbier</word>
		</trans>
		<comment languages="es-fr">test</comment>
	</term>
</glossary>
