<?xml version="1.0"?>
<glossary id="15" name="Thai Alphabet" author="Lyndon Hill">
	<desc>The Thai alphabet.</desc>
	<term id="1">
		<trans lang="en">
			<word>chicken (g/k)</word>
		</trans>
		<trans lang="th">
			<word>ก (ก ไก่)</word>
			<alt>gor (gor gai)</alt>
		</trans>
		<comment languages="en-th">middle class</comment>
	</term>
	<term id="2">
		<trans lang="en">
			<word>egg (k/k)</word>
		</trans>
		<trans lang="th">
			<word>ข (ข ไข่)</word>
			<alt>kor (kor kai)</alt>
		</trans>
		<comment languages="en-th">high class</comment>
	</term>
	<term id="3">
		<trans lang="en">
			<word>buffalo (k/k)</word>
		</trans>
		<trans lang="th">
			<word>ค (ค ควาย)</word>
			<alt>kor (kor kwai)</alt>
		</trans>
		<comment languages="en-th">low class</comment>
	</term>
	<term id="4">
		<trans lang="en">
			<word>bell (k/k)</word>
		</trans>
		<trans lang="th">
			<word>ฆ (ฆ ระฆัง)</word>
			<alt>kor (kor rakang)</alt>
		</trans>
		<comment languages="en-th">low class</comment>
	</term>
	<term id="5">
		<trans lang="en">
			<word>snake (ng/ng)</word>
		</trans>
		<trans lang="th">
			<word>ง (ง งู)</word>
			<alt>ngor (ngor ngoo)</alt>
		</trans>
		<comment languages="en-th">low class</comment>
	</term>
	<term id="6">
		<trans lang="en">
			<word>plate (j/t)</word>
		</trans>
		<trans lang="th">
			<word>จ (จ จาน)</word>
			<alt>jor (jor jan)</alt>
		</trans>
		<comment languages="en-th">middle class</comment>
	</term>
	<term id="7">
		<trans lang="en">
			<word>altocymbals (ch/t)</word>
		</trans>
		<trans lang="th">
			<word>ฉ (ฉ ฉิ่ง)</word>
			<alt>chor (chor ching)</alt>
		</trans>
		<comment languages="en-th">high class</comment>
	</term>
	<term id="8">
		<trans lang="en">
			<word>elephant (ch/t)</word>
		</trans>
		<trans lang="th">
			<word>ช (ช ช้าง)</word>
			<alt>chor (chor chang)</alt>
		</trans>
		<comment languages="en-th">low class</comment>
	</term>
	<term id="9">
		<trans lang="en">
			<word>chain (s/t)</word>
		</trans>
		<trans lang="th">
			<word>ซ (ซ โซ่)</word>
			<alt>sor (sor soh)</alt>
		</trans>
		<comment languages="en-th">low class</comment>
	</term>
	<term id="10">
		<trans lang="en">
			<word>tree (ch/-)</word>
		</trans>
		<trans lang="th">
			<word>ฌ (ฌ เฌอ)</word>
			<alt>chor (chor cher)</alt>
		</trans>
		<comment languages="en-th">low class</comment>
	</term>
	<term id="11">
		<trans lang="en">
			<word>woman (y/n)</word>
		</trans>
		<trans lang="th">
			<word>ญ (ญ ญิง)</word>
			<alt>yor (yor ying)</alt>
		</trans>
		<comment languages="en-th">low class</comment>
	</term>
	<term id="12">
		<trans lang="en">
			<word>crown-type head dress (d/t)</word>
		</trans>
		<trans lang="th">
			<word>ฎ (ฎ ชฎา)</word>
			<alt>dtor (dtor chada)</alt>
		</trans>
		<comment languages="en-th">middle class</comment>
	</term>
	<term id="13">
		<trans lang="en">
			<word>spear (dt/t)</word>
		</trans>
		<trans lang="th">
			<word>ฏ (ฏ ปฏัก)</word>
			<alt>dtor (dtor badak)</alt>
		</trans>
		<comment languages="en-th">middle class</comment>
	</term>
	<term id="14">
		<trans lang="en">
			<word>pedestal (t/t)</word>
		</trans>
		<trans lang="th">
			<word>ฐ (ฐ ฐาน)</word>
			<alt>tor (tor tan)</alt>
		</trans>
		<comment languages="en-th">high class</comment>
	</term>
	<term id="15">
		<trans lang="en">
			<word>female character from classic story (t/t)</word>
		</trans>
		<trans lang="th">
			<word>ฑ (ฑ มณโฑ)</word>
			<alt>tor (tor montoh)</alt>
		</trans>
		<comment languages="en-th">low class</comment>
	</term>
	<term id="16">
		<trans lang="en">
			<word>old man (t/t)</word>
		</trans>
		<trans lang="th">
			<word>ฒ (ฒ ผู้เฒ่า)</word>
			<alt>tor (tor putao)</alt>
		</trans>
		<comment languages="en-th">low class</comment>
	</term>
	<term id="17">
		<trans lang="en">
			<word>novice monk (n/n)</word>
		</trans>
		<trans lang="th">
			<word>ณ (ณ เณร)</word>
			<alt>nor (nor nen)</alt>
		</trans>
		<comment languages="en-th">low class</comment>
	</term>
	<term id="18">
		<trans lang="en">
			<word>child (d/t)</word>
		</trans>
		<trans lang="th">
			<word>ด (ด เด็ก)</word>
			<alt>dor (dor dek)</alt>
		</trans>
		<comment languages="en-th">middle class</comment>
	</term>
	<term id="19">
		<trans lang="en">
			<word>turtle (dt/t)</word>
		</trans>
		<trans lang="th">
			<word>ต (ต เต่า)</word>
			<alt>dtor (dtor dtao)</alt>
		</trans>
		<comment languages="en-th">middle class</comment>
	</term>
	<term id="20">
		<trans lang="en">
			<word>bag (t/t)</word>
		</trans>
		<trans lang="th">
			<word>ถ (ถ ถุง)</word>
			<alt>tor (tor tung)</alt>
		</trans>
		<comment languages="en-th">high class</comment>
	</term>
	<term id="21">
		<trans lang="en">
			<word>soldier (t/t)</word>
		</trans>
		<trans lang="th">
			<word>ท (ท ทหาร)</word>
			<alt>tor (tor tahan)</alt>
		</trans>
		<comment languages="en-th">low class</comment>
	</term>
	<term id="22">
		<trans lang="en">
			<word>flag (t/t)</word>
		</trans>
		<trans lang="th">
			<word>ธ (ธ ธง)</word>
			<alt>tor (tor tong)</alt>
		</trans>
		<comment languages="en-th">low class</comment>
	</term>
	<term id="23">
		<trans lang="en">
			<word>rat (n/n)</word>
		</trans>
		<trans lang="th">
			<word>น (น หนู)</word>
			<alt>nor (nor noo)</alt>
		</trans>
		<comment languages="en-th">low class</comment>
	</term>
	<term id="24">
		<trans lang="en">
			<word>leaf (b/p)</word>
		</trans>
		<trans lang="th">
			<word>บ (บ ใบไม้)</word>
			<alt>bor (bor baimai)</alt>
		</trans>
		<comment languages="en-th">middle class</comment>
	</term>
	<term id="25">
		<trans lang="en">
			<word>fish (bp/p)</word>
		</trans>
		<trans lang="th">
			<word>ป (ป ปลา)</word>
			<alt>bpor (bpor bpla)</alt>
		</trans>
		<comment languages="en-th">middle class</comment>
	</term>
	<term id="26">
		<trans lang="en">
			<word>bee (p/p)</word>
		</trans>
		<trans lang="th">
			<word>ผ (ผ ผึ้ง)</word>
			<alt>por (por peung)</alt>
		</trans>
		<comment languages="en-th">high class</comment>
	</term>
	<term id="27">
		<trans lang="en">
			<word>lid (f/p)</word>
		</trans>
		<trans lang="th">
			<word>ฝ (ฝ ฝา)</word>
			<alt>for (for fah)</alt>
		</trans>
		<comment languages="en-th">high class</comment>
	</term>
	<term id="28">
		<trans lang="en">
			<word>tray or bowl with base (p/p)</word>
		</trans>
		<trans lang="th">
			<word>พ (พ พาน)</word>
			<alt>por (por pan)</alt>
		</trans>
		<comment languages="en-th">low class</comment>
	</term>
	<term id="29">
		<trans lang="en">
			<word>teeth (f/p)</word>
		</trans>
		<trans lang="th">
			<word>ฟ (ฟ ฟัน)</word>
			<alt>for (for fan)</alt>
		</trans>
		<comment languages="en-th">low class</comment>
	</term>
	<term id="30">
		<trans lang="en">
			<word>Chinese Junk (p/p)</word>
		</trans>
		<trans lang="th">
			<word>ภ (ภ สำเภา)</word>
			<alt>por (por sampao)</alt>
		</trans>
		<comment languages="en-th">low class</comment>
	</term>
	<term id="31">
		<trans lang="en">
			<word>horse (m/m)</word>
		</trans>
		<trans lang="th">
			<word>ม (ม ม้า)</word>
			<alt>mor (mor mah)</alt>
		</trans>
		<comment languages="en-th">low class</comment>
	</term>
	<term id="32">
		<trans lang="en">
			<word>giant (y/y)</word>
		</trans>
		<trans lang="th">
			<word>ย (ย ยักษ์)</word>
			<alt>yor (yor yag)</alt>
		</trans>
		<comment languages="en-th">low class</comment>
	</term>
	<term id="33">
		<trans lang="en">
			<word>boat (r/n)</word>
		</trans>
		<trans lang="th">
			<word>ร (ร เรือ)</word>
			<alt>ror (ror reua)</alt>
		</trans>
		<comment languages="en-th">low class</comment>
	</term>
	<term id="34">
		<trans lang="en">
			<word>monkey (l/n)</word>
		</trans>
		<trans lang="th">
			<word>ล (ล ลิง)</word>
			<alt>lor (lor ling)</alt>
		</trans>
		<comment languages="en-th">low class</comment>
	</term>
	<term id="35">
		<trans lang="en">
			<word>ring (w/w)</word>
		</trans>
		<trans lang="th">
			<word>ว (ว แหวน)</word>
			<alt>wor (wor wen)</alt>
		</trans>
		<comment languages="en-th">low class</comment>
	</term>
	<term id="36">
		<trans lang="en">
			<word>pavillion (s/t)</word>
		</trans>
		<trans lang="th">
			<word>ศ (ศ ศาลา)</word>
			<alt>sor (sor sala)</alt>
		</trans>
		<comment languages="en-th">high class</comment>
	</term>
	<term id="37">
		<trans lang="en">
			<word>hermit (s/t)</word>
		</trans>
		<trans lang="th">
			<word>ษ (ษ ฤๅษี)</word>
			<alt>sor (sor reusee)</alt>
		</trans>
		<comment languages="en-th">high class</comment>
	</term>
	<term id="38">
		<trans lang="en">
			<word>tiger (s/t)</word>
		</trans>
		<trans lang="th">
			<word>ส (ส เสือ)</word>
			<alt>sor (sor seua)</alt>
		</trans>
		<comment languages="en-th">high class</comment>
	</term>
	<term id="39">
		<trans lang="en">
			<word>trunk (h/-)</word>
		</trans>
		<trans lang="th">
			<word>ห (ห หีบ)</word>
			<alt>hor (hor heep)</alt>
		</trans>
		<comment languages="en-th">high class</comment>
	</term>
	<term id="40">
		<trans lang="en">
			<word>star shaped kite (l/n)</word>
		</trans>
		<trans lang="th">
			<word>ฬ (ฬ จุฬา)</word>
			<alt>lor (lor jula)</alt>
		</trans>
		<comment languages="en-th">low class</comment>
	</term>
	<term id="41">
		<trans lang="en">
			<word>bowl (-/-)</word>
		</trans>
		<trans lang="th">
			<word>อ (อ อ่าง)</word>
			<alt>oh (oh ang)</alt>
		</trans>
		<comment languages="en-th">middle class</comment>
	</term>
	<term id="42">
		<trans lang="en">
			<word>barn owl (h/-)</word>
		</trans>
		<trans lang="th">
			<word>ฮ (ฮ นกฮูก)</word>
			<alt>hor (hor nok hook)</alt>
		</trans>
		<comment languages="en-th">low class</comment>
	</term>
</glossary>
