<?xml version="1.0"?>
<glossary id="298" name="JBPI-01" author="">
	<desc></desc>
	<term id="1">
		<trans lang="en">
			<word>Mr, Mrs, Ms, Miss</word>
		</trans>
		<trans lang="ja">
			<word>~さん</word>
			<alt>-san</alt>
		</trans>
	</term>
	<term id="2">
		<trans lang="en">
			<word>this way, this person (hon.)</word>
		</trans>
		<trans lang="ja">
			<word>こちら</word>
			<alt>kochira</alt>
		</trans>
	</term>
	<term id="3">
		<trans lang="en">
			<word>am, is, are (s.th.)</word>
		</trans>
		<trans lang="ja">
			<word>です</word>
			<alt>desu</alt>
		</trans>
	</term>
	<term id="4">
		<trans lang="en">
			<word>Pleased to meet you.</word>
		</trans>
		<trans lang="ja">
			<word>はじめまして</word>
			<alt>hajimemashite</alt>
		</trans>
	</term>
	<term id="5">
		<trans lang="en">
			<word>I, me</word>
		</trans>
		<trans lang="ja">
			<word>わたし</word>
			<alt>watashi</alt>
		</trans>
	</term>
	<term id="6">
		<trans lang="en">
			<word>yoroshiku Please favour me.</word>
		</trans>
		<trans lang="ja">
			<word>どうぞよろしく</word>
			<alt>doozo</alt>
		</trans>
	</term>
	<term id="8">
		<trans lang="en">
			<word>electricity, light</word>
		</trans>
		<trans lang="ja">
			<word>でんき</word>
			<alt>denki</alt>
		</trans>
	</term>
	<term id="9">
		<trans lang="en">
			<word>lawyer</word>
		</trans>
		<trans lang="ja">
			<word>べんごし</word>
			<alt>bengoshi</alt>
		</trans>
	</term>
	<term id="10">
		<trans lang="en">
			<word>who?</word>
		</trans>
		<trans lang="ja">
			<word>だれ</word>
			<alt>dare</alt>
		</trans>
	</term>
	<term id="11">
		<trans lang="en">
			<word>America</word>
		</trans>
		<trans lang="ja">
			<word>アメリカ</word>
			<alt>amerika</alt>
		</trans>
	</term>
	<term id="12">
		<trans lang="en">
			<word>embassy</word>
		</trans>
		<trans lang="ja">
			<word>たいしかん</word>
			<alt>taishikan</alt>
		</trans>
	</term>
	<term id="13">
		<trans lang="en">
			<word>person from ...</word>
		</trans>
		<trans lang="ja">
			<word>~じん</word>
			<alt>-jin</alt>
		</trans>
	</term>
	<term id="14">
		<trans lang="en">
			<word>American (person)</word>
		</trans>
		<trans lang="ja">
			<word>アメリカじん</word>
			<alt>amerikajin</alt>
		</trans>
	</term>
	<term id="15">
		<trans lang="en">
			<word>you</word>
		</trans>
		<trans lang="ja">
			<word>あなた</word>
			<alt>anata</alt>
		</trans>
	</term>
	<term id="16">
		<trans lang="en">
			<word>Yes (acknowledgement)</word>
		</trans>
		<trans lang="ja">
			<word>はい</word>
			<alt>hai</alt>
		</trans>
	</term>
	<term id="17">
		<trans lang="en">
			<word>Japan</word>
		</trans>
		<trans lang="ja">
			<word>日ほん</word>
			<alt>nihon</alt>
		</trans>
	</term>
	<term id="18">
		<trans lang="en">
			<word>Japanese (person)</word>
		</trans>
		<trans lang="ja">
			<word>日ほんじん</word>
			<alt>nihonjin</alt>
		</trans>
	</term>
	<term id="19">
		<trans lang="en">
			<word>No</word>
		</trans>
		<trans lang="ja">
			<word>いいえ</word>
			<alt>iie</alt>
		</trans>
	</term>
	<term id="20">
		<trans lang="en">
			<word>secretary</word>
		</trans>
		<trans lang="ja">
			<word>ひしょ</word>
			<alt>hisho</alt>
		</trans>
	</term>
	<term id="21">
		<trans lang="en">
			<word>China</word>
		</trans>
		<trans lang="ja">
			<word>ちゅうごく</word>
			<alt>chuugoku</alt>
		</trans>
	</term>
	<term id="22">
		<trans lang="en">
			<word>Chinese (person)</word>
		</trans>
		<trans lang="ja">
			<word>ちゅうごくじん</word>
			<alt>chuugokujin</alt>
		</trans>
	</term>
	<term id="23">
		<trans lang="en">
			<word>Germany</word>
		</trans>
		<trans lang="ja">
			<word>ドイツ</word>
			<alt>doitsu</alt>
		</trans>
	</term>
	<term id="24">
		<trans lang="en">
			<word>German (person)</word>
		</trans>
		<trans lang="ja">
			<word>ドイツじん</word>
			<alt>doitsujin</alt>
		</trans>
	</term>
	<term id="25">
		<trans lang="en">
			<word>student</word>
		</trans>
		<trans lang="ja">
			<word>がくせい</word>
			<alt>gakusei</alt>
		</trans>
	</term>
	<term id="26">
		<trans lang="en">
			<word>employee, company employee</word>
		</trans>
		<trans lang="ja">
			<word>かいしゃいん</word>
			<alt>kaishain</alt>
		</trans>
	</term>
	<term id="27">
		<trans lang="en">
			<word>who? (hon.)</word>
		</trans>
		<trans lang="ja">
			<word>どなた</word>
			<alt>donata</alt>
		</trans>
	</term>
	<term id="28">
		<trans lang="en">
			<word>bank</word>
		</trans>
		<trans lang="ja">
			<word>ぎんこう</word>
			<alt>ginkoo</alt>
		</trans>
	</term>
	<term id="29">
		<trans lang="en">
			<word>introduction, introduce</word>
		</trans>
		<trans lang="ja">
			<word>しょうかい [する]</word>
			<alt>shookai</alt>
		</trans>
	</term>
</glossary>
