<?xml version="1.0"?>
<glossary id="366" name="p022-026" author="Frédéric Bergeron">
	<desc></desc>
	<term id="1">
		<trans lang="es">
			<word>matorral (m.)</word>
		</trans>
		<trans lang="fr">
			<word>buisson</word>
		</trans>
	</term>
	<term id="2">
		<trans lang="es">
			<word>llama</word>
		</trans>
		<trans lang="fr">
			<word>flamme</word>
		</trans>
	</term>
	<term id="3">
		<trans lang="es">
			<word>morada</word>
		</trans>
		<trans lang="fr">
			<word>demeure,séjour</word>
		</trans>
	</term>
	<term id="4">
		<trans lang="es">
			<word>arrastrar</word>
		</trans>
		<trans lang="fr">
			<word>traîner,entraîner</word>
		</trans>
		<comment languages="es-fr">arrastrarse: se traîner</comment>
	</term>
	<term id="5">
		<trans lang="es">
			<word>bicho</word>
		</trans>
		<trans lang="fr">
			<word>bête,bestiole</word>
		</trans>
	</term>
	<term id="6">
		<trans lang="es">
			<word>rama</word>
		</trans>
		<trans lang="fr">
			<word>branche</word>
		</trans>
	</term>
</glossary>
