<?xml version="1.0"?>
<glossary id="184" name="52" author="Frédéric Bergeron">
	<desc></desc>
	<term id="1">
		<trans lang="es">
			<word>avispa</word>
		</trans>
		<trans lang="fr">
			<word>guêpe</word>
		</trans>
	</term>
	<term id="2">
		<trans lang="es">
			<word>fisgón,fisgona</word>
		</trans>
		<trans lang="fr">
			<word>curieux,curieuse</word>
		</trans>
	</term>
	<term id="3">
		<trans lang="es">
			<word>seso</word>
		</trans>
		<trans lang="fr">
			<word>cervelle</word>
		</trans>
	</term>
	<term id="4">
		<trans lang="es">
			<word>carcería</word>
		</trans>
		<trans lang="fr">
			<word>partie de chasse</word>
		</trans>
	</term>
</glossary>
