<?xml version="1.0"?>
<glossary id="321" name="JCS3-30" author="">
	<desc></desc>
	<term id="1">
		<trans lang="en">
			<word>cheap   +</word>
		</trans>
		<trans lang="ja">
			<word>安い</word>
			<alt>yasui</alt>
		</trans>
	</term>
	<term id="2">
		<trans lang="en">
			<word>safe, secure</word>
		</trans>
		<trans lang="ja">
			<word>安ぜん [な]</word>
			<alt>anzen</alt>
		</trans>
	</term>
	<term id="3">
		<trans lang="en">
			<word>send; see off, escort   +</word>
		</trans>
		<trans lang="ja">
			<word>送る</word>
			<alt>okuru</alt>
		</trans>
	</term>
	<term id="4">
		<trans lang="en">
			<word>finish, (come to an) end   +</word>
		</trans>
		<trans lang="ja">
			<word>終わる</word>
			<alt>owaru</alt>
		</trans>
	</term>
	<term id="5">
		<trans lang="en">
			<word>end (N)</word>
		</trans>
		<trans lang="ja">
			<word>終わり</word>
			<alt>owari</alt>
		</trans>
	</term>
	<term id="6">
		<trans lang="en">
			<word>it seems ("S[plain]/ N-/ NA-")</word>
		</trans>
		<trans lang="ja">
			<word>~らしい</word>
			<alt>-rashii</alt>
		</trans>
	</term>
	<term id="7">
		<trans lang="en">
			<word>far, distant</word>
		</trans>
		<trans lang="ja">
			<word>とおい</word>
			<alt>tooi</alt>
		</trans>
	</term>
	<term id="8">
		<trans lang="en">
			<word>appears to be ("S[plain]/ N no/ NA na")</word>
		</trans>
		<trans lang="ja">
			<word>~よう [な]</word>
			<alt>-yoo</alt>
		</trans>
	</term>
	<term id="9">
		<trans lang="en">
			<word>looks like ("V[i]-/ Adj-/ N-/ NA-")</word>
		</trans>
		<trans lang="ja">
			<word>~そう [な]</word>
			<alt>-soo</alt>
		</trans>
	</term>
	<term id="10">
		<trans lang="en">
			<word>husband (hon.)   +</word>
		</trans>
		<trans lang="ja">
			<word>ご主人</word>
			<alt>goshujin</alt>
		</trans>
	</term>
	<term id="11">
		<trans lang="en">
			<word>engineer</word>
		</trans>
		<trans lang="ja">
			<word>エンジニア</word>
			<alt>enjinia</alt>
		</trans>
	</term>
	<term id="12">
		<trans lang="en">
			<word>final exam</word>
		</trans>
		<trans lang="ja">
			<word>きまつ試験</word>
			<alt>kimatsushiken</alt>
		</trans>
	</term>
	<term id="13">
		<trans lang="en">
			<word>near, close ("N kara")</word>
		</trans>
		<trans lang="ja">
			<word>ちかい</word>
			<alt>chikai</alt>
		</trans>
	</term>
	<term id="14">
		<trans lang="en">
			<word>vicinity, nearby</word>
		</trans>
		<trans lang="ja">
			<word>ちかく [の]</word>
			<alt>chikaku</alt>
		</trans>
	</term>
	<term id="15">
		<trans lang="en">
			<word>Western clothing   ++</word>
		</trans>
		<trans lang="ja">
			<word>洋服</word>
			<alt>yoofuku</alt>
		</trans>
	</term>
	<term id="16">
		<trans lang="en">
			<word>come off (button), leave</word>
		</trans>
		<trans lang="ja">
			<word>とれる</word>
			<alt>toreru</alt>
		</trans>
	</term>
	<term id="17">
		<trans lang="en">
			<word>shelf</word>
		</trans>
		<trans lang="ja">
			<word>たな</word>
			<alt>tana</alt>
		</trans>
	</term>
	<term id="18">
		<trans lang="en">
			<word>fall, drop, come down</word>
		</trans>
		<trans lang="ja">
			<word>おちる</word>
			<alt>ochiru</alt>
		</trans>
	</term>
	<term id="19">
		<trans lang="en">
			<word>die, pass away</word>
		</trans>
		<trans lang="ja">
			<word>なくなる</word>
			<alt>nakunaru</alt>
		</trans>
	</term>
	<term id="20">
		<trans lang="en">
			<word>pot, pan, casserole</word>
		</trans>
		<trans lang="ja">
			<word>なべ</word>
			<alt>nabe</alt>
		</trans>
	</term>
	<term id="21">
		<trans lang="en">
			<word>kettle</word>
		</trans>
		<trans lang="ja">
			<word>やかん</word>
			<alt>yakan</alt>
		</trans>
	</term>
	<term id="22">
		<trans lang="en">
			<word>coffeepot</word>
		</trans>
		<trans lang="ja">
			<word>コーヒーポット</word>
			<alt>koohiipotto</alt>
		</trans>
	</term>
	<term id="23">
		<trans lang="en">
			<word>correct</word>
		</trans>
		<trans lang="ja">
			<word>正しい</word>
			<alt>tadashii</alt>
		</trans>
	</term>
	<term id="24">
		<trans lang="en">
			<word>ambulance</word>
		</trans>
		<trans lang="ja">
			<word>きゅう急車</word>
			<alt>kyuukyuusha</alt>
		</trans>
	</term>
	<term id="25">
		<trans lang="en">
			<word>police car, patrol car</word>
		</trans>
		<trans lang="ja">
			<word>パトカー</word>
			<alt>patokaa</alt>
		</trans>
	</term>
	<term id="26">
		<trans lang="en">
			<word>string, cord</word>
		</trans>
		<trans lang="ja">
			<word>ひも</word>
			<alt>himo</alt>
		</trans>
	</term>
	<term id="27">
		<trans lang="en">
			<word>rip, tear, be worn out</word>
		</trans>
		<trans lang="ja">
			<word>切れる</word>
			<alt>kireru</alt>
		</trans>
	</term>
	<term id="28">
		<trans lang="en">
			<word>brooch</word>
		</trans>
		<trans lang="ja">
			<word>ブローチ</word>
			<alt>burochi</alt>
		</trans>
	</term>
	<term id="29">
		<trans lang="en">
			<word>South America</word>
		</trans>
		<trans lang="ja">
			<word>南アメリカ</word>
			<alt>minamiamerika</alt>
		</trans>
	</term>
	<term id="30">
		<trans lang="en">
			<word>happening, event</word>
		</trans>
		<trans lang="ja">
			<word>できごと</word>
			<alt>dekigoto</alt>
		</trans>
	</term>
	<term id="31">
		<trans lang="en">
			<word>tsuite  about, concerning</word>
		</trans>
		<trans lang="ja">
			<word>~について</word>
			<alt>-ni</alt>
		</trans>
	</term>
	<term id="32">
		<trans lang="en">
			<word>special, especially   ++</word>
		</trans>
		<trans lang="ja">
			<word>特別 [の/に]</word>
			<alt>tokubetsu</alt>
		</trans>
	</term>
</glossary>
