<?xml version="1.0"?>
<glossary id="373" name="p076-081" author="Frédéric Bergeron">
	<desc></desc>
	<term id="1">
		<trans lang="es">
			<word>tufo</word>
		</trans>
		<trans lang="fr">
			<word>odeur (f.)</word>
		</trans>
	</term>
	<term id="2">
		<trans lang="es">
			<word>dulzón(a)</word>
		</trans>
		<trans lang="fr">
			<word>douceâtre</word>
		</trans>
		<comment languages="es-fr">dulzor: douceur</comment>
	</term>
	<term id="3">
		<trans lang="es">
			<word>podredumbre (f.)</word>
		</trans>
		<trans lang="fr">
			<word>pourriture</word>
		</trans>
	</term>
	<term id="4">
		<trans lang="es">
			<word>tocón (m.)</word>
		</trans>
		<trans lang="fr">
			<word>souche (f.)</word>
		</trans>
	</term>
	<term id="5">
		<trans lang="es">
			<word>tumbar</word>
		</trans>
		<trans lang="fr">
			<word>renverser,faire tomber</word>
		</trans>
	</term>
	<term id="6">
		<trans lang="es">
			<word>tumbarse</word>
		</trans>
		<trans lang="fr">
			<word>s'étendre,s'allonger</word>
		</trans>
	</term>
	<term id="7">
		<trans lang="es">
			<word>jergón (m.)</word>
		</trans>
		<trans lang="fr">
			<word>paillasse (f.)</word>
		</trans>
	</term>
	<term id="8">
		<trans lang="es">
			<word>resoplar</word>
		</trans>
		<trans lang="fr">
			<word>souffler</word>
		</trans>
	</term>
</glossary>
