<?xml version="1.0"?>
<glossary id="300" name="JBPI-03" author="">
	<desc></desc>
	<term id="1">
		<trans lang="en">
			<word>Excuse me., I'm sorry.</word>
		</trans>
		<trans lang="ja">
			<word>すみません [が]</word>
			<alt>sumimasen</alt>
		</trans>
	</term>
	<term id="2">
		<trans lang="en">
			<word>now</word>
		</trans>
		<trans lang="ja">
			<word>いま</word>
			<alt>ima</alt>
		</trans>
	</term>
	<term id="3">
		<trans lang="en">
			<word># o'clock</word>
		</trans>
		<trans lang="ja">
			<word>~じ</word>
			<alt>-ji</alt>
		</trans>
	</term>
	<term id="4">
		<trans lang="en">
			<word>4 o'clock, 4:00</word>
		</trans>
		<trans lang="ja">
			<word>四じ</word>
			<alt>yoji</alt>
		</trans>
	</term>
	<term id="5">
		<trans lang="en">
			<word>7 o'clock, 7:00</word>
		</trans>
		<trans lang="ja">
			<word>七じ</word>
			<alt>shichiji</alt>
		</trans>
	</term>
	<term id="6">
		<trans lang="en">
			<word>9 o'clock, 9:00</word>
		</trans>
		<trans lang="ja">
			<word>九じ</word>
			<alt>kuji</alt>
		</trans>
	</term>
	<term id="7">
		<trans lang="en">
			<word>what time?</word>
		</trans>
		<trans lang="ja">
			<word>なんじ</word>
			<alt>nanji</alt>
		</trans>
	</term>
	<term id="8">
		<trans lang="en">
			<word>half</word>
		</trans>
		<trans lang="ja">
			<word>~はん</word>
			<alt>-han</alt>
		</trans>
	</term>
	<term id="9">
		<trans lang="en">
			<word>half past one, 1:30</word>
		</trans>
		<trans lang="ja">
			<word>一じはん</word>
			<alt>ichijihan</alt>
		</trans>
	</term>
	<term id="10">
		<trans lang="en">
			<word># minutes</word>
		</trans>
		<trans lang="ja">
			<word>~ふん</word>
			<alt>-fun</alt>
		</trans>
	</term>
	<term id="11">
		<trans lang="en">
			<word>50 minutes, 50 mins</word>
		</trans>
		<trans lang="ja">
			<word>五十ぷん</word>
			<alt>gojuppun</alt>
		</trans>
	</term>
	<term id="12">
		<trans lang="en">
			<word>a.m., morning</word>
		</trans>
		<trans lang="ja">
			<word>ごぜん</word>
			<alt>gozen</alt>
		</trans>
	</term>
	<term id="13">
		<trans lang="en">
			<word>p.m., afternoon</word>
		</trans>
		<trans lang="ja">
			<word>ごご</word>
			<alt>gogo</alt>
		</trans>
	</term>
	<term id="14">
		<trans lang="en">
			<word>woman, female</word>
		</trans>
		<trans lang="ja">
			<word>おんな</word>
			<alt>onna</alt>
		</trans>
	</term>
	<term id="15">
		<trans lang="en">
			<word>person</word>
		</trans>
		<trans lang="ja">
			<word>ひと</word>
			<alt>hito</alt>
		</trans>
	</term>
	<term id="16">
		<trans lang="en">
			<word>hito woman</word>
		</trans>
		<trans lang="ja">
			<word>おんなのひと</word>
			<alt>onnano</alt>
		</trans>
	</term>
	<term id="17">
		<trans lang="en">
			<word>department store</word>
		</trans>
		<trans lang="ja">
			<word>デパート</word>
			<alt>depaato</alt>
		</trans>
	</term>
	<term id="18">
		<trans lang="en">
			<word>itashimashite   You're welcome.</word>
		</trans>
		<trans lang="ja">
			<word>どういたしまして</word>
			<alt>doo</alt>
		</trans>
	</term>
	<term id="20">
		<trans lang="en">
			<word>noon</word>
		</trans>
		<trans lang="ja">
			<word>ひる</word>
			<alt>hiru</alt>
		</trans>
	</term>
	<term id="21">
		<trans lang="en">
			<word>rest, holiday, day off</word>
		</trans>
		<trans lang="ja">
			<word>やすみ</word>
			<alt>yasumi</alt>
		</trans>
	</term>
	<term id="22">
		<trans lang="en">
			<word>lunch time, lunch break</word>
		</trans>
		<trans lang="ja">
			<word>ひるやすみ</word>
			<alt>hiruyasumi</alt>
		</trans>
	</term>
	<term id="23">
		<trans lang="en">
			<word>summer</word>
		</trans>
		<trans lang="ja">
			<word>なつ</word>
			<alt>natsu</alt>
		</trans>
	</term>
	<term id="24">
		<trans lang="en">
			<word>summer vacation</word>
		</trans>
		<trans lang="ja">
			<word>なつやすみ</word>
			<alt>natsuyasumi</alt>
		</trans>
	</term>
	<term id="25">
		<trans lang="en">
			<word>birthday</word>
		</trans>
		<trans lang="ja">
			<word>たんじょう日</word>
			<alt>tanjoobi</alt>
		</trans>
	</term>
	<term id="26">
		<trans lang="en">
			<word>yesterday</word>
		</trans>
		<trans lang="ja">
			<word>きのう</word>
			<alt>kinoo</alt>
		</trans>
	</term>
	<term id="27">
		<trans lang="en">
			<word>today</word>
		</trans>
		<trans lang="ja">
			<word>きょう</word>
			<alt>kyoo</alt>
		</trans>
	</term>
	<term id="28">
		<trans lang="en">
			<word>tomorrow</word>
		</trans>
		<trans lang="ja">
			<word>あした</word>
			<alt>ashita</alt>
		</trans>
	</term>
	<term id="29">
		<trans lang="en">
			<word>day (of the week)</word>
		</trans>
		<trans lang="ja">
			<word>~よう日</word>
			<alt>-yoobi</alt>
		</trans>
	</term>
	<term id="30">
		<trans lang="en">
			<word>Sunday</word>
		</trans>
		<trans lang="ja">
			<word>日よう日</word>
			<alt>nichiyoobi</alt>
		</trans>
	</term>
	<term id="31">
		<trans lang="en">
			<word>Monday</word>
		</trans>
		<trans lang="ja">
			<word>月よう日</word>
			<alt>getsuyoobi</alt>
		</trans>
	</term>
	<term id="32">
		<trans lang="en">
			<word>Tuesday</word>
		</trans>
		<trans lang="ja">
			<word>火よう日</word>
			<alt>kayoobi</alt>
		</trans>
	</term>
	<term id="33">
		<trans lang="en">
			<word>Wednesday</word>
		</trans>
		<trans lang="ja">
			<word>水よう日</word>
			<alt>suiyoobi</alt>
		</trans>
	</term>
	<term id="34">
		<trans lang="en">
			<word>Thursday</word>
		</trans>
		<trans lang="ja">
			<word>木よう日</word>
			<alt>mokuyoobi</alt>
		</trans>
	</term>
	<term id="35">
		<trans lang="en">
			<word>Friday</word>
		</trans>
		<trans lang="ja">
			<word>金よう日</word>
			<alt>kinyoobi</alt>
		</trans>
	</term>
	<term id="36">
		<trans lang="en">
			<word>Saturday</word>
		</trans>
		<trans lang="ja">
			<word>土よう日</word>
			<alt>doyoobi</alt>
		</trans>
	</term>
	<term id="37">
		<trans lang="en">
			<word>which day? (of the week)</word>
		</trans>
		<trans lang="ja">
			<word>なんよう日</word>
			<alt>nan'yoobi</alt>
		</trans>
	</term>
	<term id="38">
		<trans lang="en">
			<word>was, were (s.th.)</word>
		</trans>
		<trans lang="ja">
			<word>でした</word>
			<alt>deshita</alt>
		</trans>
	</term>
	<term id="39">
		<trans lang="en">
			<word>hundred, 100</word>
		</trans>
		<trans lang="ja">
			<word>百</word>
			<alt>hyaku</alt>
		</trans>
	</term>
	<term id="40">
		<trans lang="en">
			<word>three hundred, 300   *</word>
		</trans>
		<trans lang="ja">
			<word>三百</word>
			<alt>sambyaku</alt>
		</trans>
	</term>
	<term id="41">
		<trans lang="en">
			<word>six hundred, 600   *</word>
		</trans>
		<trans lang="ja">
			<word>六百</word>
			<alt>roppyaku</alt>
		</trans>
	</term>
	<term id="42">
		<trans lang="en">
			<word>eight hundred, 800   *</word>
		</trans>
		<trans lang="ja">
			<word>八百</word>
			<alt>happyaku</alt>
		</trans>
	</term>
	<term id="43">
		<trans lang="en">
			<word># day (of the month)</word>
		</trans>
		<trans lang="ja">
			<word>~日</word>
			<alt>-nichi</alt>
		</trans>
	</term>
	<term id="44">
		<trans lang="en">
			<word>1st (day of the month)   **</word>
		</trans>
		<trans lang="ja">
			<word>一日</word>
			<alt>tsuitachi</alt>
		</trans>
	</term>
	<term id="45">
		<trans lang="en">
			<word>2nd, 2nd day, 2 days   **</word>
		</trans>
		<trans lang="ja">
			<word>二日</word>
			<alt>futsuka</alt>
		</trans>
	</term>
	<term id="46">
		<trans lang="en">
			<word>3rd, 3rd day, 3 days   **</word>
		</trans>
		<trans lang="ja">
			<word>三日</word>
			<alt>mikka</alt>
		</trans>
	</term>
	<term id="47">
		<trans lang="en">
			<word>4th   **</word>
		</trans>
		<trans lang="ja">
			<word>四日</word>
			<alt>yokka</alt>
		</trans>
	</term>
	<term id="48">
		<trans lang="en">
			<word>5th   **</word>
		</trans>
		<trans lang="ja">
			<word>五日</word>
			<alt>itsuka</alt>
		</trans>
	</term>
	<term id="49">
		<trans lang="en">
			<word>6th   **</word>
		</trans>
		<trans lang="ja">
			<word>六日</word>
			<alt>muika</alt>
		</trans>
	</term>
	<term id="50">
		<trans lang="en">
			<word>7th   **</word>
		</trans>
		<trans lang="ja">
			<word>七日</word>
			<alt>nanoka</alt>
		</trans>
	</term>
	<term id="51">
		<trans lang="en">
			<word>8th   **</word>
		</trans>
		<trans lang="ja">
			<word>八日</word>
			<alt>yooka</alt>
		</trans>
	</term>
	<term id="52">
		<trans lang="en">
			<word>9th   **</word>
		</trans>
		<trans lang="ja">
			<word>九日</word>
			<alt>kokonoka</alt>
		</trans>
	</term>
	<term id="53">
		<trans lang="en">
			<word>10th   **</word>
		</trans>
		<trans lang="ja">
			<word>十日</word>
			<alt>tooka</alt>
		</trans>
	</term>
	<term id="54">
		<trans lang="en">
			<word>14th   **</word>
		</trans>
		<trans lang="ja">
			<word>十四日</word>
			<alt>juuyokka</alt>
		</trans>
	</term>
	<term id="55">
		<trans lang="en">
			<word>20th   **</word>
		</trans>
		<trans lang="ja">
			<word>二十日</word>
			<alt>hatsuka</alt>
		</trans>
	</term>
	<term id="56">
		<trans lang="en">
			<word>24th   **</word>
		</trans>
		<trans lang="ja">
			<word>二十四日</word>
			<alt>nijuuyokka</alt>
		</trans>
	</term>
	<term id="57">
		<trans lang="en">
			<word>which day? (of the month)</word>
		</trans>
		<trans lang="ja">
			<word>なん日</word>
			<alt>nannichi</alt>
		</trans>
	</term>
	<term id="58">
		<trans lang="en">
			<word># month (of the year)</word>
		</trans>
		<trans lang="ja">
			<word>~月</word>
			<alt>-gatsu</alt>
		</trans>
	</term>
	<term id="59">
		<trans lang="en">
			<word>April</word>
		</trans>
		<trans lang="ja">
			<word>四月</word>
			<alt>shigatsu</alt>
		</trans>
	</term>
	<term id="60">
		<trans lang="en">
			<word>July</word>
		</trans>
		<trans lang="ja">
			<word>七月</word>
			<alt>shichigatsu</alt>
		</trans>
	</term>
	<term id="61">
		<trans lang="en">
			<word>September</word>
		</trans>
		<trans lang="ja">
			<word>九月</word>
			<alt>kugatsu</alt>
		</trans>
	</term>
	<term id="62">
		<trans lang="en">
			<word>party</word>
		</trans>
		<trans lang="ja">
			<word>パーティー</word>
			<alt>paatii</alt>
		</trans>
	</term>
	<term id="63">
		<trans lang="en">
			<word>movie</word>
		</trans>
		<trans lang="ja">
			<word>えいが</word>
			<alt>eiga</alt>
		</trans>
	</term>
	<term id="64">
		<trans lang="en">
			<word>meeting, conference</word>
		</trans>
		<trans lang="ja">
			<word>かいぎ [をする]</word>
			<alt>kaigi</alt>
		</trans>
	</term>
	<term id="65">
		<trans lang="en">
			<word>post office</word>
		</trans>
		<trans lang="ja">
			<word>ゆうびんきょく</word>
			<alt>yuubinkyoku</alt>
		</trans>
	</term>
	<term id="66">
		<trans lang="en">
			<word>work</word>
		</trans>
		<trans lang="ja">
			<word>しごと [をする]</word>
			<alt>shigoto</alt>
		</trans>
	</term>
	<term id="67">
		<trans lang="en">
			<word>when?</word>
		</trans>
		<trans lang="ja">
			<word>いつ</word>
			<alt>itsu</alt>
		</trans>
	</term>
</glossary>
