<?xml version="1.0"?>
<glossary id="374" name="p082-087" author="Frédéric Bergeron">
	<desc></desc>
	<term id="1">
		<trans lang="es">
			<word>honroso</word>
		</trans>
		<trans lang="fr">
			<word>honorable</word>
		</trans>
	</term>
	<term id="2">
		<trans lang="es">
			<word>pericia</word>
		</trans>
		<trans lang="fr">
			<word>habileté</word>
		</trans>
	</term>
	<term id="3">
		<trans lang="es">
			<word>sosegar</word>
		</trans>
		<trans lang="fr">
			<word>calmer,apaiser</word>
		</trans>
	</term>
	<term id="4">
		<trans lang="es">
			<word>guisar</word>
		</trans>
		<trans lang="fr">
			<word>cuisiner,préparer</word>
		</trans>
		<comment languages="es-fr">guiso: plat</comment>
	</term>
</glossary>
