<?xml version="1.0"?>
<glossary id="412" name="p279-293" author="Frédéric Bergeron">
	<desc></desc>
	<term id="1">
		<trans lang="es">
			<word>testuz (m.)</word>
		</trans>
		<trans lang="fr">
			<word>front,nuque</word>
		</trans>
	</term>
	<term id="2">
		<trans lang="es">
			<word>brindar</word>
		</trans>
		<trans lang="fr">
			<word>porter un toast,boire</word>
		</trans>
	</term>
	<term id="3">
		<trans lang="es">
			<word>aposento</word>
		</trans>
		<trans lang="fr">
			<word>chambre</word>
		</trans>
		<comment languages="es-fr">aposentar: loger</comment>
	</term>
	<term id="4">
		<trans lang="es">
			<word>escote</word>
		</trans>
		<trans lang="fr">
			<word>décolleté</word>
		</trans>
	</term>
</glossary>
