<?xml version="1.0"?>
<glossary id="84" name="JLPT 4" author="">
	<desc></desc>
	<term id="2">
		<trans lang="en">
			<word>(v5u) to meet,to interview,(P)</word>
		</trans>
		<trans lang="ja">
			<word>会う</word>
			<alt>あう</alt>
		</trans>
	</term>
	<term id="3">
		<trans lang="en">
			<word>(adj) blue,pale,green,unripe,inexperienced,(P)</word>
		</trans>
		<trans lang="ja">
			<word>青い</word>
			<alt>あおい</alt>
		</trans>
	</term>
	<term id="4">
		<trans lang="en">
			<word>(adj) red,(P)</word>
		</trans>
		<trans lang="ja">
			<word>赤い</word>
			<alt>あかい</alt>
		</trans>
	</term>
	<term id="5">
		<trans lang="en">
			<word>(adj) bright,cheerful</word>
		</trans>
		<trans lang="ja">
			<word>明い</word>
			<alt>あかるい</alt>
		</trans>
	</term>
	<term id="6">
		<trans lang="en">
			<word>(n-adv) autumn,fall,(P)</word>
		</trans>
		<trans lang="ja">
			<word>秋</word>
			<alt>あき</alt>
		</trans>
	</term>
	<term id="7">
		<trans lang="en">
			<word>(v5k) to open (e.g. a festival),(P)</word>
		</trans>
		<trans lang="ja">
			<word>開く</word>
			<alt>あく</alt>
		</trans>
	</term>
	<term id="8">
		<trans lang="en">
			<word>(v1) to become civilized,to become opened up,be up-to-date,(P)</word>
		</trans>
		<trans lang="ja">
			<word>開ける</word>
			<alt>あける</alt>
		</trans>
	</term>
	<term id="9">
		<trans lang="en">
			<word>(v1) to give,to raise,to elevate,to fly (kites),to praise,to increase,to advance,to promote,to vomit,to usher in,to admit,to send (to school),to offer,to present,to leave with,to finish,to arrange (expenses),to observe,to perform,to quote,to mention,to bear (a child),to improve (talents),to do up (the hair),to arrest,to engage,to fry,(rains) to stop,(P)</word>
		</trans>
		<trans lang="ja">
			<word>上げる</word>
			<alt>あげる</alt>
		</trans>
	</term>
	<term id="10">
		<trans lang="en">
			<word>(n-adv,n-t) morning,(P)</word>
		</trans>
		<trans lang="ja">
			<word>朝</word>
			<alt>あさ</alt>
		</trans>
	</term>
	<term id="11">
		<trans lang="en">
			<word>(n) breakfast,(P)</word>
		</trans>
		<trans lang="ja">
			<word>朝御飯</word>
			<alt>あさごはん</alt>
		</trans>
	</term>
	<term id="13">
		<trans lang="en">
			<word>(n) foot,pace,gait,leg,(P)</word>
		</trans>
		<trans lang="ja">
			<word>足</word>
			<alt>あし</alt>
		</trans>
	</term>
	<term id="16">
		<trans lang="en">
			<word>(v5b) (1) to play,to make a visit (esp. for pleasure),(2) to be idle,to do nothing,(P)</word>
		</trans>
		<trans lang="ja">
			<word>遊ぶ</word>
			<alt>あそぶ</alt>
		</trans>
	</term>
	<term id="17">
		<trans lang="en">
			<word>(adj) warm,mild,genial,(P)</word>
		</trans>
		<trans lang="ja">
			<word>暖かい</word>
			<alt>あたたかい</alt>
		</trans>
	</term>
	<term id="18">
		<trans lang="en">
			<word>(n)head</word>
		</trans>
		<trans lang="ja">
			<word>頭</word>
			<alt>あたま</alt>
		</trans>
	</term>
	<term id="19">
		<trans lang="en">
			<word>(adj) new,(P)</word>
		</trans>
		<trans lang="ja">
			<word>新しい</word>
			<alt>あたらしい</alt>
		</trans>
	</term>
	<term id="21">
		<trans lang="en">
			<word>(adj) hot,warm,(P)</word>
		</trans>
		<trans lang="ja">
			<word>暑い</word>
			<alt>あつい</alt>
		</trans>
	</term>
	<term id="22">
		<trans lang="en">
			<word>(adj) hot (thing),(P)</word>
		</trans>
		<trans lang="ja">
			<word>熱い</word>
			<alt>あつい</alt>
		</trans>
	</term>
	<term id="23">
		<trans lang="en">
			<word>(adj) cordial,kind,warm(hearted),thick,deep,(P)</word>
		</trans>
		<trans lang="ja">
			<word>厚い</word>
			<alt>あつい</alt>
		</trans>
	</term>
	<term id="24">
		<trans lang="en">
			<word>(adj-no,n) afterwards,since then,in the future,(P)</word>
		</trans>
		<trans lang="ja">
			<word>後</word>
			<alt>あと</alt>
		</trans>
	</term>
	<term id="26">
		<trans lang="en">
			<word>(n) (hum) older brother,(P)</word>
		</trans>
		<trans lang="ja">
			<word>兄</word>
			<alt>あに</alt>
		</trans>
	</term>
	<term id="27">
		<trans lang="en">
			<word>(n) (hum) older sister,(P)</word>
		</trans>
		<trans lang="ja">
			<word>姉</word>
			<alt>あね</alt>
		</trans>
	</term>
	<term id="30">
		<trans lang="en">
			<word>(n,adv) (1) apartment (abbr),(2) apartment building (abbr),(3) apart,(P)</word>
		</trans>
		<trans lang="ja">
			<word>アパート</word>
			<alt>アパート</alt>
		</trans>
	</term>
	<term id="31">
		<trans lang="en">
			<word>(v1) to bathe,to bask in the sun,to shower,(P)</word>
		</trans>
		<trans lang="ja">
			<word>あびる</word>
			<alt>あびる</alt>
		</trans>
	</term>
	<term id="32">
		<trans lang="en">
			<word>(adj) dangerous,critical,grave,uncertain,unreliable,limping,narrow,close,watch out!,(P)</word>
		</trans>
		<trans lang="ja">
			<word>危ない</word>
			<alt>あぶない</alt>
		</trans>
	</term>
	<term id="33">
		<trans lang="en">
			<word>(gadj) generous,easy-going</word>
		</trans>
		<trans lang="ja">
			<word>甘い</word>
			<alt>あまい</alt>
		</trans>
	</term>
	<term id="35">
		<trans lang="en">
			<word>(n) rain,(P)</word>
		</trans>
		<trans lang="ja">
			<word>雨</word>
			<alt>あめ</alt>
		</trans>
	</term>
	<term id="36">
		<trans lang="en">
			<word>(v5u) to wash,(P)</word>
		</trans>
		<trans lang="ja">
			<word>洗う</word>
			<alt>あらう</alt>
		</trans>
	</term>
	<term id="38">
		<trans lang="en">
			<word>(v5k) to walk,(P)</word>
		</trans>
		<trans lang="ja">
			<word>歩く</word>
			<alt>あるく</alt>
		</trans>
	</term>
	<term id="44">
		<trans lang="en">
			<word>(suf) house,family,(P)</word>
		</trans>
		<trans lang="ja">
			<word>家</word>
			<alt>いえ</alt>
		</trans>
	</term>
	<term id="49">
		<trans lang="en">
			<word>(n) pond,(P)</word>
		</trans>
		<trans lang="ja">
			<word>池</word>
			<alt>いけ</alt>
		</trans>
	</term>
	<term id="50">
		<trans lang="en">
			<word>(n) doctor (medical),(P)</word>
		</trans>
		<trans lang="ja">
			<word>医者</word>
			<alt>いしゃ</alt>
		</trans>
	</term>
	<term id="52">
		<trans lang="en">
			<word>(adj) busy,irritated</word>
		</trans>
		<trans lang="ja">
			<word>忙しい</word>
			<alt>いそがしい</alt>
		</trans>
	</term>
	<term id="53">
		<trans lang="en">
			<word>(adj) painful,(P)</word>
		</trans>
		<trans lang="ja">
			<word>痛い</word>
			<alt>いたい</alt>
		</trans>
	</term>
	<term id="59">
		<trans lang="en">
			<word>(adv,n) together,meeting,company,(P)</word>
		</trans>
		<trans lang="ja">
			<word>一緒</word>
			<alt>いっしょ</alt>
		</trans>
	</term>
	<term id="60">
		<trans lang="en">
			<word>(n) five,(P)</word>
		</trans>
		<trans lang="ja">
			<word>五つ</word>
			<alt>いつつ</alt>
		</trans>
	</term>
	<term id="63">
		<trans lang="en">
			<word>(n,vs) meaning,significance,(P)</word>
		</trans>
		<trans lang="ja">
			<word>意味</word>
			<alt>いみ</alt>
		</trans>
	</term>
	<term id="64">
		<trans lang="en">
			<word>(n) (hum) younger sister,(P)</word>
		</trans>
		<trans lang="ja">
			<word>妹</word>
			<alt>いもうと</alt>
		</trans>
	</term>
	<term id="65">
		<trans lang="en">
			<word>(adj-na,n) disagreeable,detestable,unpleasant,reluctant,(P)</word>
		</trans>
		<trans lang="ja">
			<word>嫌</word>
			<alt>いや</alt>
		</trans>
	</term>
	<term id="66">
		<trans lang="en">
			<word>(n) entrance,gate,approach,mouth</word>
		</trans>
		<trans lang="ja">
			<word>入口</word>
			<alt>いりぐち</alt>
		</trans>
	</term>
	<term id="67">
		<trans lang="en">
			<word>(v5r) (uk) (hum) to be (animate),to be,to exist,(P)</word>
		</trans>
		<trans lang="ja">
			<word>居る</word>
			<alt>いる</alt>
		</trans>
	</term>
	<term id="68">
		<trans lang="en">
			<word>(v5r) to need,(P)</word>
		</trans>
		<trans lang="ja">
			<word>要る</word>
			<alt>いる</alt>
		</trans>
	</term>
	<term id="69">
		<trans lang="en">
			<word>(v1) to put in,to take in,to bring in</word>
		</trans>
		<trans lang="ja">
			<word>入れる</word>
			<alt>いれる</alt>
		</trans>
	</term>
	<term id="70">
		<trans lang="en">
			<word>(n) (1) colour,(2) sensuality,lust,(P)</word>
		</trans>
		<trans lang="ja">
			<word>色</word>
			<alt>いろ</alt>
		</trans>
	</term>
	<term id="72">
		<trans lang="en">
			<word>(gno-adj,gn-adv,gn,gn-suf) above,over,on top of,up</word>
		</trans>
		<trans lang="ja">
			<word>上</word>
			<alt>うえ</alt>
		</trans>
	</term>
	<term id="73">
		<trans lang="en">
			<word>(gn) back,behind,rear</word>
		</trans>
		<trans lang="ja">
			<word>後</word>
			<alt>うしろ</alt>
		</trans>
	</term>
	<term id="74">
		<trans lang="en">
			<word>(adj) thin,weak,watery,diluted,(P)</word>
		</trans>
		<trans lang="ja">
			<word>薄い</word>
			<alt>うすい</alt>
		</trans>
	</term>
	<term id="75">
		<trans lang="en">
			<word>(n) song,poetry,(P)</word>
		</trans>
		<trans lang="ja">
			<word>歌</word>
			<alt>うた</alt>
		</trans>
	</term>
	<term id="76">
		<trans lang="en">
			<word>(v5u) to sing,(P)</word>
		</trans>
		<trans lang="ja">
			<word>歌う</word>
			<alt>うたう</alt>
		</trans>
	</term>
	<term id="77">
		<trans lang="en">
			<word>(n) inside</word>
		</trans>
		<trans lang="ja">
			<word>うち</word>
			<alt>（わたしのうち）</alt>
		</trans>
	</term>
	<term id="78">
		<trans lang="en">
			<word>(v1) to be born,(P)</word>
		</trans>
		<trans lang="ja">
			<word>生まれる</word>
			<alt>うまれる</alt>
		</trans>
	</term>
	<term id="79">
		<trans lang="en">
			<word>(n) sea,beach,(P)</word>
		</trans>
		<trans lang="ja">
			<word>海</word>
			<alt>うみ</alt>
		</trans>
	</term>
	<term id="80">
		<trans lang="en">
			<word>(v5r) to sell,(P)</word>
		</trans>
		<trans lang="ja">
			<word>売る</word>
			<alt>うる</alt>
		</trans>
	</term>
	<term id="81">
		<trans lang="en">
			<word>(n) coat,tunic,jacket,outer garment,(P)</word>
		</trans>
		<trans lang="ja">
			<word>上着</word>
			<alt>うわぎ</alt>
		</trans>
	</term>
	<term id="82">
		<trans lang="en">
			<word>(n,n-suf) picture,drawing,painting,sketch</word>
		</trans>
		<trans lang="ja">
			<word>絵</word>
			<alt>え</alt>
		</trans>
	</term>
	<term id="83">
		<trans lang="en">
			<word>(n) movie,film,(P)</word>
		</trans>
		<trans lang="ja">
			<word>映画</word>
			<alt>えいが</alt>
		</trans>
	</term>
	<term id="84">
		<trans lang="en">
			<word>(n) movie theatre (theater),cinema,(P)</word>
		</trans>
		<trans lang="ja">
			<word>映画館</word>
			<alt>えいがかん</alt>
		</trans>
	</term>
	<term id="85">
		<trans lang="en">
			<word>(n) the English language,(P)</word>
		</trans>
		<trans lang="ja">
			<word>英語</word>
			<alt>えいご</alt>
		</trans>
	</term>
	<term id="87">
		<trans lang="en">
			<word>(n) station,(P)</word>
		</trans>
		<trans lang="ja">
			<word>駅</word>
			<alt>えき</alt>
		</trans>
	</term>
	<term id="90">
		<trans lang="en">
			<word>(n) pencil,(P)</word>
		</trans>
		<trans lang="ja">
			<word>鉛筆</word>
			<alt>えんぴつ</alt>
		</trans>
	</term>
	<term id="91">
		<trans lang="en">
			<word>(n) pencil,(P)</word>
		</trans>
		<trans lang="ja">
			<word>鉛筆</word>
			<alt>えんぴつ</alt>
		</trans>
	</term>
	<term id="92">
		<trans lang="en">
			<word>(adj) delicious,tasty,(P)</word>
		</trans>
		<trans lang="ja">
			<word>おいしい</word>
			<alt>おいしい</alt>
		</trans>
	</term>
	<term id="93">
		<trans lang="en">
			<word>(adj) big,large,great,(P)</word>
		</trans>
		<trans lang="ja">
			<word>大きい</word>
			<alt>おおきい</alt>
		</trans>
	</term>
	<term id="94">
		<trans lang="en">
			<word>(n) great number of people</word>
		</trans>
		<trans lang="ja">
			<word>大勢</word>
			<alt>おおぜい</alt>
		</trans>
	</term>
	<term id="95">
		<trans lang="en">
			<word>(n) (hon) mother,(P)</word>
		</trans>
		<trans lang="ja">
			<word>お母さん</word>
			<alt>おかあさん</alt>
		</trans>
	</term>
	<term id="96">
		<trans lang="en">
			<word>(n) confections,sweets,candy,(P)</word>
		</trans>
		<trans lang="ja">
			<word>お菓子</word>
			<alt>おかし</alt>
		</trans>
	</term>
	<term id="97">
		<trans lang="en">
			<word>(n) money,(P)</word>
		</trans>
		<trans lang="ja">
			<word>お金</word>
			<alt>おかね</alt>
		</trans>
	</term>
	<term id="98">
		<trans lang="en">
			<word>(v1) to get up,to rise,(P)</word>
		</trans>
		<trans lang="ja">
			<word>起きる</word>
			<alt>おきる</alt>
		</trans>
	</term>
	<term id="99">
		<trans lang="en">
			<word>(v5k) to put,to place,(P)</word>
		</trans>
		<trans lang="ja">
			<word>置く</word>
			<alt>おく</alt>
		</trans>
	</term>
	<term id="100">
		<trans lang="en">
			<word>(n) (hon) wife,your wife,his wife,married lady,madam,(P)</word>
		</trans>
		<trans lang="ja">
			<word>奥さん</word>
			<alt>おくさん</alt>
		</trans>
	</term>
	<term id="101">
		<trans lang="en">
			<word>(n) alcohol,sake (rice wine)</word>
		</trans>
		<trans lang="ja">
			<word>お酒</word>
			<alt>おさけ</alt>
		</trans>
	</term>
	<term id="102">
		<trans lang="en">
			<word>(n) plate,dish</word>
		</trans>
		<trans lang="ja">
			<word>お皿</word>
			<alt>おさら</alt>
		</trans>
	</term>
	<term id="103">
		<trans lang="en">
			<word>(n) (hum) uncle (older than one's parent)</word>
		</trans>
		<trans lang="ja">
			<word>伯父</word>
			<alt>おじ</alt>
		</trans>
	</term>
	<term id="104">
		<trans lang="en">
			<word>(n) uncle (younger than one's parent),(P)</word>
		</trans>
		<trans lang="ja">
			<word>叔父</word>
			<alt>おじ</alt>
		</trans>
	</term>
	<term id="105">
		<trans lang="en">
			<word>(n) grandfather,male senior-citizen</word>
		</trans>
		<trans lang="ja">
			<word>おじいさん</word>
			<alt>おじいさん</alt>
		</trans>
	</term>
	<term id="106">
		<trans lang="en">
			<word>(v1) to teach,to inform,to instruct,(P)</word>
		</trans>
		<trans lang="ja">
			<word>教える</word>
			<alt>おしえる</alt>
		</trans>
	</term>
	<term id="107">
		<trans lang="en">
			<word>(v5s,vt) to push,to press,to stamp (i.e. a passport),(P)</word>
		</trans>
		<trans lang="ja">
			<word>押す</word>
			<alt>おす</alt>
		</trans>
	</term>
	<term id="108">
		<trans lang="en">
			<word>(adj) late,slow,(P)</word>
		</trans>
		<trans lang="ja">
			<word>遅い</word>
			<alt>おそい</alt>
		</trans>
	</term>
	<term id="109">
		<trans lang="en">
			<word>(n) tea (green),(P)</word>
		</trans>
		<trans lang="ja">
			<word>お茶</word>
			<alt>おちゃ</alt>
		</trans>
	</term>
	<term id="110">
		<trans lang="en">
			<word>toilet,restroom,lavatory,bathroom (US),(P)</word>
		</trans>
		<trans lang="ja">
			<word>お手洗い</word>
			<alt>おてあらい</alt>
		</trans>
	</term>
	<term id="111">
		<trans lang="en">
			<word>(n) (hon) father,(P)</word>
		</trans>
		<trans lang="ja">
			<word>お父さん</word>
			<alt>おとうさん</alt>
		</trans>
	</term>
	<term id="112">
		<trans lang="en">
			<word>(n) younger brother,faithful service to those older,brotherly affection</word>
		</trans>
		<trans lang="ja">
			<word>弟</word>
			<alt>おとうと</alt>
		</trans>
	</term>
	<term id="114">
		<trans lang="en">
			<word>(n) boy,(P)</word>
		</trans>
		<trans lang="ja">
			<word>男の子</word>
			<alt>おとこのこ</alt>
		</trans>
	</term>
	<term id="116">
		<trans lang="en">
			<word>(n-adv,n-t) year before last,(P)</word>
		</trans>
		<trans lang="ja">
			<word>おととし</word>
			<alt>おととし</alt>
		</trans>
	</term>
	<term id="117">
		<trans lang="en">
			<word>(n) adult</word>
		</trans>
		<trans lang="ja">
			<word>大人</word>
			<alt>おとな</alt>
		</trans>
	</term>
	<term id="118">
		<trans lang="en">
			<word>(n) stomach</word>
		</trans>
		<trans lang="ja">
			<word>おなか</word>
			<alt>おなか</alt>
		</trans>
	</term>
	<term id="119">
		<trans lang="en">
			<word>(adj-na,n) same,identical,equal,uniform,equivalent,similar,common (origin),changeless,(P)</word>
		</trans>
		<trans lang="ja">
			<word>同じ</word>
			<alt>おなじ</alt>
		</trans>
	</term>
	<term id="120">
		<trans lang="en">
			<word>(n) (hon) older brother,(vocative) "Mister?",(P)</word>
		</trans>
		<trans lang="ja">
			<word>お兄さん</word>
			<alt>おにいさん</alt>
		</trans>
	</term>
	<term id="121">
		<trans lang="en">
			<word>(n) (hon) older sister,(vocative) "Miss?",(P)</word>
		</trans>
		<trans lang="ja">
			<word>お姉さん</word>
			<alt>おねえさん</alt>
		</trans>
	</term>
	<term id="122">
		<trans lang="en">
			<word>(n) (hum) aunt (older than one's parent)</word>
		</trans>
		<trans lang="ja">
			<word>伯母</word>
			<alt>おば</alt>
		</trans>
	</term>
	<term id="123">
		<trans lang="en">
			<word>(n) aunt (younger than one's parent),(P)</word>
		</trans>
		<trans lang="ja">
			<word>叔母</word>
			<alt>おば</alt>
		</trans>
	</term>
	<term id="124">
		<trans lang="en">
			<word>(n) grandmother,female senior-citizen</word>
		</trans>
		<trans lang="ja">
			<word>おばあさん</word>
			<alt>おばあさん</alt>
		</trans>
	</term>
	<term id="125">
		<trans lang="en">
			<word>(n) boxed lunch</word>
		</trans>
		<trans lang="ja">
			<word>お弁当</word>
			<alt>おべんとう</alt>
		</trans>
	</term>
	<term id="126">
		<trans lang="en">
			<word>(v1) to remember,to memorize,(P)</word>
		</trans>
		<trans lang="ja">
			<word>覚える</word>
			<alt>おぼえる</alt>
		</trans>
	</term>
	<term id="127">
		<trans lang="en">
			<word>(adj) (1) heavy,massive,(2) serious,important,severe,oppressed,(P)</word>
		</trans>
		<trans lang="ja">
			<word>重い</word>
			<alt>おもい</alt>
		</trans>
	</term>
	<term id="129">
		<trans lang="en">
			<word>(v5g) to swim,(P)</word>
		</trans>
		<trans lang="ja">
			<word>泳ぐ</word>
			<alt>およぐ</alt>
		</trans>
	</term>
	<term id="130">
		<trans lang="en">
			<word>(v1) to alight (e.g. from bus),to get off,to descend (e.g. a mountain),(P)</word>
		</trans>
		<trans lang="ja">
			<word>降りる</word>
			<alt>おりる</alt>
		</trans>
	</term>
	<term id="131">
		<trans lang="en">
			<word>(io) (v5r) to finish,to close</word>
		</trans>
		<trans lang="ja">
			<word>終る</word>
			<alt>おわる</alt>
		</trans>
	</term>
	<term id="132">
		<trans lang="en">
			<word>(n) music,musical movement,(P)</word>
		</trans>
		<trans lang="ja">
			<word>音楽</word>
			<alt>おんがく</alt>
		</trans>
	</term>
	<term id="134">
		<trans lang="en">
			<word>(n) girl,(P)</word>
		</trans>
		<trans lang="ja">
			<word>女の子</word>
			<alt>おんなのこ</alt>
		</trans>
	</term>
	<term id="135">
		<trans lang="en">
			<word>(n) counter for occurrences</word>
		</trans>
		<trans lang="ja">
			<word>~回</word>
			<alt>~かい</alt>
		</trans>
	</term>
	<term id="136">
		<trans lang="en">
			<word>Number of floors, storeys</word>
		</trans>
		<trans lang="ja">
			<word>~階</word>
			<alt>~かい</alt>
		</trans>
	</term>
	<term id="137">
		<trans lang="en">
			<word>(n) foreign country,(P)</word>
		</trans>
		<trans lang="ja">
			<word>外国</word>
			<alt>がいこく</alt>
		</trans>
	</term>
	<term id="138">
		<trans lang="en">
			<word>(n) foreigner,(P)</word>
		</trans>
		<trans lang="ja">
			<word>外国人</word>
			<alt>がいこくじん</alt>
		</trans>
	</term>
	<term id="139">
		<trans lang="en">
			<word>(n) company,corporation,(P)</word>
		</trans>
		<trans lang="ja">
			<word>会社</word>
			<alt>かいしゃ</alt>
		</trans>
	</term>
	<term id="140">
		<trans lang="en">
			<word>(n) stairs,(P)</word>
		</trans>
		<trans lang="ja">
			<word>階段</word>
			<alt>かいだん</alt>
		</trans>
	</term>
	<term id="141">
		<trans lang="en">
			<word>(n) shopping,(P)</word>
		</trans>
		<trans lang="ja">
			<word>買い物</word>
			<alt>かいもの</alt>
		</trans>
	</term>
	<term id="142">
		<trans lang="en">
			<word>(v5u) to buy,(P)</word>
		</trans>
		<trans lang="ja">
			<word>買う</word>
			<alt>かう</alt>
		</trans>
	</term>
	<term id="143">
		<trans lang="en">
			<word>(v5s,vt) to return something,(P)</word>
		</trans>
		<trans lang="ja">
			<word>返す</word>
			<alt>かえす</alt>
		</trans>
	</term>
	<term id="144">
		<trans lang="en">
			<word>(v5r) to go back,to go home,to come home,to return,(P)</word>
		</trans>
		<trans lang="ja">
			<word>帰る</word>
			<alt>かえる</alt>
		</trans>
	</term>
	<term id="145">
		<trans lang="en">
			<word>(n) face (person),(P)</word>
		</trans>
		<trans lang="ja">
			<word>顔</word>
			<alt>かお</alt>
		</trans>
	</term>
	<term id="146">
		<trans lang="en">
			<word>(intrans-verb) to take (e.g. time, money, etc)</word>
		</trans>
		<trans lang="ja">
			<word>かかる</word>
			<alt>（時間がかかる）</alt>
		</trans>
	</term>
	<term id="147">
		<trans lang="en">
			<word>(n) key,(P)</word>
		</trans>
		<trans lang="ja">
			<word>かぎ</word>
			<alt>かぎ</alt>
		</trans>
	</term>
	<term id="148">
		<trans lang="en">
			<word>(v5k) to write,(P)</word>
		</trans>
		<trans lang="ja">
			<word>書く</word>
			<alt>かく</alt>
		</trans>
	</term>
	<term id="149">
		<trans lang="en">
			<word>(n) student,(P)</word>
		</trans>
		<trans lang="ja">
			<word>学生</word>
			<alt>がくせい</alt>
		</trans>
	</term>
	<term id="150">
		<trans lang="en">
			<word>(suf) (number of) months</word>
		</trans>
		<trans lang="ja">
			<word>~か月</word>
			<alt>~かげつ</alt>
		</trans>
	</term>
	<term id="151">
		<trans lang="en">
			<word>(v5r) to soar,to fly</word>
		</trans>
		<trans lang="ja">
			<word>かける</word>
			<alt>（眼鏡をかける）</alt>
		</trans>
	</term>
	<term id="152">
		<trans lang="en">
			<word>(ru-v) to turn on,to dial (e.g. phone)</word>
		</trans>
		<trans lang="ja">
			<word>かける</word>
			<alt>（電話をかける）</alt>
		</trans>
	</term>
	<term id="153">
		<trans lang="en">
			<word>(n) umbrella,parasol,(P)</word>
		</trans>
		<trans lang="ja">
			<word>傘</word>
			<alt>かさ</alt>
		</trans>
	</term>
	<term id="154">
		<trans lang="en">
			<word>(v5s) to lend,(P)</word>
		</trans>
		<trans lang="ja">
			<word>貸す</word>
			<alt>かす</alt>
		</trans>
	</term>
	<term id="155">
		<trans lang="en">
			<word>(n) wind,breeze</word>
		</trans>
		<trans lang="ja">
			<word>風</word>
			<alt>かぜ</alt>
		</trans>
	</term>
	<term id="156">
		<trans lang="en">
			<word>(n) family,members of a family,(P)</word>
		</trans>
		<trans lang="ja">
			<word>家族</word>
			<alt>かぞく</alt>
		</trans>
	</term>
	<term id="158">
		<trans lang="en">
			<word>(n) katakana,(P)</word>
		</trans>
		<trans lang="ja">
			<word>片仮名</word>
			<alt>かたかな</alt>
		</trans>
	</term>
	<term id="160">
		<trans lang="en">
			<word>(n) school,(P)</word>
		</trans>
		<trans lang="ja">
			<word>学校</word>
			<alt>がっこう</alt>
		</trans>
	</term>
	<term id="161">
		<trans lang="en">
			<word>(n) corner (e.g. desk, pavement)</word>
		</trans>
		<trans lang="ja">
			<word>角</word>
			<alt>かど</alt>
		</trans>
	</term>
	<term id="162">
		<trans lang="en">
			<word>(n) (hum) wife,(P)</word>
		</trans>
		<trans lang="ja">
			<word>家内</word>
			<alt>かない</alt>
		</trans>
	</term>
	<term id="163">
		<trans lang="en">
			<word>(n) bag,satchel,briefcase,basket,(P)</word>
		</trans>
		<trans lang="ja">
			<word>かばん</word>
			<alt>かばん</alt>
		</trans>
	</term>
	<term id="164">
		<trans lang="en">
			<word>(n) (flower) vase,(P)</word>
		</trans>
		<trans lang="ja">
			<word>花瓶</word>
			<alt>かびん</alt>
		</trans>
	</term>
	<term id="165">
		<trans lang="en">
			<word>(v5r) to wear,to put on (head),to pour or dash water (on oneself),(P)</word>
		</trans>
		<trans lang="ja">
			<word>かぶる</word>
			<alt>かぶる</alt>
		</trans>
	</term>
	<term id="166">
		<trans lang="en">
			<word>(n) paper,(P)</word>
		</trans>
		<trans lang="ja">
			<word>紙</word>
			<alt>かみ</alt>
		</trans>
	</term>
	<term id="168">
		<trans lang="en">
			<word>(n-adv,n) Tuesday,(P)</word>
		</trans>
		<trans lang="ja">
			<word>火曜日</word>
			<alt>かようび</alt>
		</trans>
	</term>
	<term id="169">
		<trans lang="en">
			<word>hot (spicy),salty</word>
		</trans>
		<trans lang="ja">
			<word>辛い</word>
			<alt>からい</alt>
		</trans>
	</term>
	<term id="170">
		<trans lang="en">
			<word>(n) (1) body,(2) health</word>
		</trans>
		<trans lang="ja">
			<word>体</word>
			<alt>からだ</alt>
		</trans>
	</term>
	<term id="171">
		<trans lang="en">
			<word>(v1) to borrow,to have a loan,to hire,to rent,to buy on credit,(P)</word>
		</trans>
		<trans lang="ja">
			<word>借りる</word>
			<alt>かりる</alt>
		</trans>
	</term>
	<term id="172">
		<trans lang="en">
			<word>(v1) to borrow,to have a loan,to hire,to rent,to buy on credit,(P)</word>
		</trans>
		<trans lang="ja">
			<word>借りる</word>
			<alt>かりる</alt>
		</trans>
	</term>
	<term id="173">
		<trans lang="en">
			<word>(adj) light,non-serious,minor,(P)</word>
		</trans>
		<trans lang="ja">
			<word>軽い</word>
			<alt>かるい</alt>
		</trans>
	</term>
	<term id="175">
		<trans lang="en">
			<word>(n) river,(P)</word>
		</trans>
		<trans lang="ja">
			<word>川</word>
			<alt>かわ</alt>
		</trans>
	</term>
	<term id="176">
		<trans lang="en">
			<word>(n) river,stream,(P)</word>
		</trans>
		<trans lang="ja">
			<word>河</word>
			<alt>かわ</alt>
		</trans>
	</term>
	<term id="177">
		<trans lang="en">
			<word>side (eg. of street)</word>
		</trans>
		<trans lang="ja">
			<word>~側</word>
			<alt>~がわ</alt>
		</trans>
	</term>
	<term id="179">
		<trans lang="en">
			<word>(n) Chinese characters,kanji,(P)</word>
		</trans>
		<trans lang="ja">
			<word>漢字</word>
			<alt>かんじ</alt>
		</trans>
	</term>
	<term id="181">
		<trans lang="en">
			<word>(adj) yellow,(P)</word>
		</trans>
		<trans lang="ja">
			<word>黄色い</word>
			<alt>きいろい</alt>
		</trans>
	</term>
	<term id="182">
		<trans lang="en">
			<word>(v1) to go out,to vanish,to disappear,(P)</word>
		</trans>
		<trans lang="ja">
			<word>消える</word>
			<alt>きえる</alt>
		</trans>
	</term>
	<term id="183">
		<trans lang="en">
			<word>(v5k) to hear,to listen,to ask,(P)</word>
		</trans>
		<trans lang="ja">
			<word>聞く</word>
			<alt>きく</alt>
		</trans>
	</term>
	<term id="184">
		<trans lang="en">
			<word>north</word>
		</trans>
		<trans lang="ja">
			<word>北</word>
			<alt>きた</alt>
		</trans>
	</term>
	<term id="185">
		<trans lang="en">
			<word>(n) guitar,(P)</word>
		</trans>
		<trans lang="ja">
			<word>ギター</word>
			<alt>ギター</alt>
		</trans>
	</term>
	<term id="186">
		<trans lang="en">
			<word>(adj) dirty,unclean,filthy,(P)</word>
		</trans>
		<trans lang="ja">
			<word>汚い</word>
			<alt>きたない</alt>
		</trans>
	</term>
	<term id="187">
		<trans lang="en">
			<word>(n) coffee lounge,(P)</word>
		</trans>
		<trans lang="ja">
			<word>喫茶店</word>
			<alt>きっさてん</alt>
		</trans>
	</term>
	<term id="188">
		<trans lang="en">
			<word>(n) stamp (eg. postage)</word>
		</trans>
		<trans lang="ja">
			<word>切手</word>
			<alt>きって</alt>
		</trans>
	</term>
	<term id="189">
		<trans lang="en">
			<word>(n) ticket,(P)</word>
		</trans>
		<trans lang="ja">
			<word>切符</word>
			<alt>きっぷ</alt>
		</trans>
	</term>
	<term id="190">
		<trans lang="en">
			<word>(n-adv,n-t) yesterday,(P)</word>
		</trans>
		<trans lang="ja">
			<word>昨日</word>
			<alt>きのう</alt>
		</trans>
	</term>
	<term id="192">
		<trans lang="en">
			<word>(n) beef,(P)</word>
		</trans>
		<trans lang="ja">
			<word>牛肉</word>
			<alt>ぎゅうにく</alt>
		</trans>
	</term>
	<term id="194">
		<trans lang="en">
			<word>(n) classroom,(P)</word>
		</trans>
		<trans lang="ja">
			<word>教室</word>
			<alt>きょうしつ</alt>
		</trans>
	</term>
	<term id="195">
		<trans lang="en">
			<word>(n) (hum) siblings,(P)</word>
		</trans>
		<trans lang="ja">
			<word>兄弟</word>
			<alt>きょうだい</alt>
		</trans>
	</term>
	<term id="196">
		<trans lang="en">
			<word>(n-adv,n-t) last year</word>
		</trans>
		<trans lang="ja">
			<word>去年</word>
			<alt>きょねん</alt>
		</trans>
	</term>
	<term id="197">
		<trans lang="en">
			<word>(adj-na,n) dislike,hate,(P)</word>
		</trans>
		<trans lang="ja">
			<word>嫌い</word>
			<alt>きらい</alt>
		</trans>
	</term>
	<term id="198">
		<trans lang="en">
			<word>(suf,v5r) to cut,to chop</word>
		</trans>
		<trans lang="ja">
			<word>切る</word>
			<alt>きる</alt>
		</trans>
	</term>
	<term id="199">
		<trans lang="en">
			<word>(v1) to wear,to put on (from shoulders down),(P)</word>
		</trans>
		<trans lang="ja">
			<word>着る</word>
			<alt>きる</alt>
		</trans>
	</term>
	<term id="200">
		<trans lang="en">
			<word>(oK) (adj-na) (uk) pretty,clean,nice,tidy,beautiful,fair</word>
		</trans>
		<trans lang="ja">
			<word>きれい</word>
			<alt>きれい</alt>
		</trans>
	</term>
	<term id="202">
		<trans lang="en">
			<word>(n) bank,(P)</word>
		</trans>
		<trans lang="ja">
			<word>銀行</word>
			<alt>ぎんこう</alt>
		</trans>
	</term>
	<term id="204">
		<trans lang="en">
			<word>(n-adv,n) Friday,(P)</word>
		</trans>
		<trans lang="ja">
			<word>金曜日</word>
			<alt>きんようび</alt>
		</trans>
	</term>
	<term id="205">
		<trans lang="en">
			<word>(n) medicine,(P)</word>
		</trans>
		<trans lang="ja">
			<word>薬</word>
			<alt>くすり</alt>
		</trans>
	</term>
	<term id="207">
		<trans lang="en">
			<word>(n) fruit,(P)</word>
		</trans>
		<trans lang="ja">
			<word>果物</word>
			<alt>くだもの</alt>
		</trans>
	</term>
	<term id="208">
		<trans lang="en">
			<word>(n) mouth,orifice,opening,(P)</word>
		</trans>
		<trans lang="ja">
			<word>口</word>
			<alt>くち</alt>
		</trans>
	</term>
	<term id="209">
		<trans lang="en">
			<word>(n) shoes,footwear,(P)</word>
		</trans>
		<trans lang="ja">
			<word>靴</word>
			<alt>くつ</alt>
		</trans>
	</term>
	<term id="210">
		<trans lang="en">
			<word>(n) socks,(P)</word>
		</trans>
		<trans lang="ja">
			<word>靴下</word>
			<alt>くつした</alt>
		</trans>
	</term>
	<term id="211">
		<trans lang="en">
			<word>(n) country,(P)</word>
		</trans>
		<trans lang="ja">
			<word>国</word>
			<alt>くに</alt>
		</trans>
	</term>
	<term id="212">
		<trans lang="en">
			<word>(v5r) to become cloudy,to become dim,(P)</word>
		</trans>
		<trans lang="ja">
			<word>曇る</word>
			<alt>くもる</alt>
		</trans>
	</term>
	<term id="213">
		<trans lang="en">
			<word>(adj) (uk) dark,gloomy,(P)</word>
		</trans>
		<trans lang="ja">
			<word>暗い</word>
			<alt>くらい</alt>
		</trans>
	</term>
	<term id="216">
		<trans lang="en">
			<word>(n) class,(P)</word>
		</trans>
		<trans lang="ja">
			<word>クラス</word>
			<alt>クラス</alt>
		</trans>
	</term>
	<term id="217">
		<trans lang="en">
			<word>(n) gram,gramme,(P)</word>
		</trans>
		<trans lang="ja">
			<word>グラム</word>
			<alt>グラム</alt>
		</trans>
	</term>
	<term id="219">
		<trans lang="en">
			<word>(n) car,vehicle,wheel,(P)</word>
		</trans>
		<trans lang="ja">
			<word>車</word>
			<alt>くるま</alt>
		</trans>
	</term>
	<term id="220">
		<trans lang="en">
			<word>(adj) (1) black,(2) dark,(P)</word>
		</trans>
		<trans lang="ja">
			<word>黒い</word>
			<alt>くろい</alt>
		</trans>
	</term>
	<term id="221">
		<trans lang="en">
			<word>(ik) (n-t) this morning,(P)</word>
		</trans>
		<trans lang="ja">
			<word>今朝</word>
			<alt>けさ</alt>
		</trans>
	</term>
	<term id="222">
		<trans lang="en">
			<word>(v5s) to erase,to delete,to turn off power,(P)</word>
		</trans>
		<trans lang="ja">
			<word>消す</word>
			<alt>けす</alt>
		</trans>
	</term>
	<term id="223">
		<trans lang="en">
			<word>(adj-na,n-adv,n) (1) (uk) splendid,nice,wonderful,delicious,sweet,(2) (arch) construction,architecture,(3) well enough,tolerably,(P)</word>
		</trans>
		<trans lang="ja">
			<word>結構</word>
			<alt>けっこう</alt>
		</trans>
	</term>
	<term id="224">
		<trans lang="en">
			<word>(adj-no,n,vs) marriage,(P)</word>
		</trans>
		<trans lang="ja">
			<word>結婚</word>
			<alt>けっこん</alt>
		</trans>
	</term>
	<term id="225">
		<trans lang="en">
			<word>(n-adv,n) Monday,(P)</word>
		</trans>
		<trans lang="ja">
			<word>月曜日</word>
			<alt>げつようび</alt>
		</trans>
	</term>
	<term id="226">
		<trans lang="en">
			<word>(n) entranceway,entry hall,(P)</word>
		</trans>
		<trans lang="ja">
			<word>玄関</word>
			<alt>げんかん</alt>
		</trans>
	</term>
	<term id="227">
		<trans lang="en">
			<word>(adj-na,n) health(y),robust,vigor,energy,vitality,vim,stamina,spirit,courage,pep,(P)</word>
		</trans>
		<trans lang="ja">
			<word>元気</word>
			<alt>げんき</alt>
		</trans>
	</term>
	<term id="228">
		<trans lang="en">
			<word>(suf) counter for mil. units</word>
		</trans>
		<trans lang="ja">
			<word>~個</word>
			<alt>~こ</alt>
		</trans>
	</term>
	<term id="230">
		<trans lang="en">
			<word>(n-suf) language,word</word>
		</trans>
		<trans lang="ja">
			<word>~語</word>
			<alt>~ご</alt>
		</trans>
	</term>
	<term id="231">
		<trans lang="en">
			<word>(n) (public) park,(P)</word>
		</trans>
		<trans lang="ja">
			<word>公園</word>
			<alt>こうえん</alt>
		</trans>
	</term>
	<term id="232">
		<trans lang="en">
			<word>(n) police box,(P)</word>
		</trans>
		<trans lang="ja">
			<word>交番</word>
			<alt>こうばん</alt>
		</trans>
	</term>
	<term id="233">
		<trans lang="en">
			<word>(n) voice,(P)</word>
		</trans>
		<trans lang="ja">
			<word>声</word>
			<alt>こえ</alt>
		</trans>
	</term>
	<term id="234">
		<trans lang="en">
			<word>(n) coat,tennis court,(P)</word>
		</trans>
		<trans lang="ja">
			<word>コート</word>
			<alt>コート</alt>
		</trans>
	</term>
	<term id="236">
		<trans lang="en">
			<word>(n-adv,n-t) afternoon,p.m.,pm,(P)</word>
		</trans>
		<trans lang="ja">
			<word>午後</word>
			<alt>ごご</alt>
		</trans>
	</term>
	<term id="238">
		<trans lang="en">
			<word>(n) nine,(P)</word>
		</trans>
		<trans lang="ja">
			<word>九つ</word>
			<alt>ここのつ</alt>
		</trans>
	</term>
	<term id="239">
		<trans lang="en">
			<word>(n) (hon) your husband,her husband</word>
		</trans>
		<trans lang="ja">
			<word>御主人</word>
			<alt>ごしゅじん</alt>
		</trans>
	</term>
	<term id="240">
		<trans lang="en">
			<word>(n-adv,n-t) morning,A.M.,am,(P)</word>
		</trans>
		<trans lang="ja">
			<word>午前</word>
			<alt>ごぜん</alt>
		</trans>
	</term>
	<term id="241">
		<trans lang="en">
			<word>(v1) to answer,to reply</word>
		</trans>
		<trans lang="ja">
			<word>答える</word>
			<alt>こたえる</alt>
		</trans>
	</term>
	<term id="243">
		<trans lang="en">
			<word>(n) (a) glass (nl: Kop),(P)</word>
		</trans>
		<trans lang="ja">
			<word>コップ</word>
			<alt>コップ</alt>
		</trans>
	</term>
	<term id="245">
		<trans lang="en">
			<word>(n) word(s),language,speech,(P)</word>
		</trans>
		<trans lang="ja">
			<word>言葉</word>
			<alt>ことば</alt>
		</trans>
	</term>
	<term id="246">
		<trans lang="en">
			<word>(n) child,children,(P)</word>
		</trans>
		<trans lang="ja">
			<word>子供</word>
			<alt>こども</alt>
		</trans>
	</term>
	<term id="248">
		<trans lang="en">
			<word>(n) rice (cooked),meal,(P)</word>
		</trans>
		<trans lang="ja">
			<word>御飯</word>
			<alt>ごはん</alt>
		</trans>
	</term>
	<term id="249">
		<trans lang="en">
			<word>(v5r) to be worried,to be bothered,(P)</word>
		</trans>
		<trans lang="ja">
			<word>困る</word>
			<alt>こまる</alt>
		</trans>
	</term>
	<term id="251">
		<trans lang="en">
			<word>(n-suf) time,about,toward,approximately (time)</word>
		</trans>
		<trans lang="ja">
			<word>~ころ</word>
			<alt>~ころ</alt>
		</trans>
	</term>
	<term id="252">
		<trans lang="en">
			<word>(n-suf) time,about,toward,approximately (time)</word>
		</trans>
		<trans lang="ja">
			<word>~ごろ</word>
			<alt>~ごろ</alt>
		</trans>
	</term>
	<term id="254">
		<trans lang="en">
			<word>(n-adv,n-t) this week,(P)</word>
		</trans>
		<trans lang="ja">
			<word>今週</word>
			<alt>こんしゅう</alt>
		</trans>
	</term>
	<term id="256">
		<trans lang="en">
			<word>(n-adv,n-t) tonight,this evening,(P)</word>
		</trans>
		<trans lang="ja">
			<word>今晩</word>
			<alt>こんばん</alt>
		</trans>
	</term>
	<term id="257">
		<trans lang="en">
			<word>(conj,int) come (int),come now,(P)</word>
		</trans>
		<trans lang="ja">
			<word>さあ</word>
			<alt>（感動詞）</alt>
		</trans>
	</term>
	<term id="258">
		<trans lang="en">
			<word>(suf) ~years-old</word>
		</trans>
		<trans lang="ja">
			<word>~歳</word>
			<alt>~さい</alt>
		</trans>
	</term>
	<term id="259">
		<trans lang="en">
			<word>(n) fish,(P)</word>
		</trans>
		<trans lang="ja">
			<word>魚</word>
			<alt>さかな</alt>
		</trans>
	</term>
	<term id="260">
		<trans lang="en">
			<word>(adj-no,n) the future,priority,precedence,former,previous,old,late</word>
		</trans>
		<trans lang="ja">
			<word>先</word>
			<alt>さき</alt>
		</trans>
	</term>
	<term id="261">
		<trans lang="en">
			<word>(v5k) to bloom,(P)</word>
		</trans>
		<trans lang="ja">
			<word>咲く</word>
			<alt>さく</alt>
		</trans>
	</term>
	<term id="262">
		<trans lang="en">
			<word>(n) composition,writing,(P)</word>
		</trans>
		<trans lang="ja">
			<word>作文</word>
			<alt>さくぶん</alt>
		</trans>
	</term>
	<term id="263">
		<trans lang="en">
			<word>(uv) to raise (stretch out) hands,to raise umbrella</word>
		</trans>
		<trans lang="ja">
			<word>さす</word>
			<alt>（傘をさす）</alt>
		</trans>
	</term>
	<term id="264">
		<trans lang="en">
			<word>(n) counter for books</word>
		</trans>
		<trans lang="ja">
			<word>~冊</word>
			<alt>~さつ</alt>
		</trans>
	</term>
	<term id="265">
		<trans lang="en">
			<word>(n) journal,magazine,(P)</word>
		</trans>
		<trans lang="ja">
			<word>雑誌</word>
			<alt>ざっし</alt>
		</trans>
	</term>
	<term id="266">
		<trans lang="en">
			<word>(n) sugar,(P)</word>
		</trans>
		<trans lang="ja">
			<word>砂糖</word>
			<alt>さとう</alt>
		</trans>
	</term>
	<term id="267">
		<trans lang="en">
			<word>(adj) cold (e.g. weather),(P)</word>
		</trans>
		<trans lang="ja">
			<word>寒い</word>
			<alt>さむい</alt>
		</trans>
	</term>
	<term id="268">
		<trans lang="en">
			<word>(n-adv,n-t) year after next,(P)</word>
		</trans>
		<trans lang="ja">
			<word>再来年</word>
			<alt>さらいねん</alt>
		</trans>
	</term>
	<term id="271">
		<trans lang="en">
			<word>(n,vs) walk,stroll,(P)</word>
		</trans>
		<trans lang="ja">
			<word>散歩</word>
			<alt>さんぽ</alt>
		</trans>
	</term>
	<term id="274">
		<trans lang="en">
			<word>(n) salt,(P)</word>
		</trans>
		<trans lang="ja">
			<word>塩</word>
			<alt>しお</alt>
		</trans>
	</term>
	<term id="275">
		<trans lang="en">
			<word>(conj) (uk) however,but,(P)</word>
		</trans>
		<trans lang="ja">
			<word>しかし</word>
			<alt>しかし</alt>
		</trans>
	</term>
	<term id="278">
		<trans lang="en">
			<word>(adj-no,n) work,occupation,employment,(P)</word>
		</trans>
		<trans lang="ja">
			<word>仕事</word>
			<alt>しごと</alt>
		</trans>
	</term>
	<term id="279">
		<trans lang="en">
			<word>(n) dictionary,lexicon,(P)</word>
		</trans>
		<trans lang="ja">
			<word>辞書</word>
			<alt>じしょ</alt>
		</trans>
	</term>
	<term id="280">
		<trans lang="en">
			<word>(adj-na) quiet,peaceful,(P)</word>
		</trans>
		<trans lang="ja">
			<word>静か</word>
			<alt>しずか</alt>
		</trans>
	</term>
	<term id="281">
		<trans lang="en">
			<word>(n) under,below,beneath,(P)</word>
		</trans>
		<trans lang="ja">
			<word>下</word>
			<alt>した</alt>
		</trans>
	</term>
	<term id="283">
		<trans lang="en">
			<word>(n,vs) question,inquiry,(P)</word>
		</trans>
		<trans lang="ja">
			<word>質問</word>
			<alt>しつもん</alt>
		</trans>
	</term>
	<term id="284">
		<trans lang="en">
			<word>(n) bicycle,(P)</word>
		</trans>
		<trans lang="ja">
			<word>自転車</word>
			<alt>じてんしゃ</alt>
		</trans>
	</term>
	<term id="285">
		<trans lang="en">
			<word>(n) automobile,(P)</word>
		</trans>
		<trans lang="ja">
			<word>自動車</word>
			<alt>じどうしゃ</alt>
		</trans>
	</term>
	<term id="286">
		<trans lang="en">
			<word>(v5n) to die,(P)</word>
		</trans>
		<trans lang="ja">
			<word>死ぬ</word>
			<alt>しぬ</alt>
		</trans>
	</term>
	<term id="287">
		<trans lang="en">
			<word>(n) dictionary,(P)</word>
		</trans>
		<trans lang="ja">
			<word>字引</word>
			<alt>じびき</alt>
		</trans>
	</term>
	<term id="288">
		<trans lang="en">
			<word>(n) myself,oneself,(P)</word>
		</trans>
		<trans lang="ja">
			<word>自分</word>
			<alt>じぶん</alt>
		</trans>
	</term>
	<term id="289">
		<trans lang="en">
			<word>(v5r,vi) to close,to be closed,(P)</word>
		</trans>
		<trans lang="ja">
			<word>閉まる</word>
			<alt>しまる</alt>
		</trans>
	</term>
	<term id="290">
		<trans lang="en">
			<word>(v1,vt) to close,to shut,(P)</word>
		</trans>
		<trans lang="ja">
			<word>閉める</word>
			<alt>しめる</alt>
		</trans>
	</term>
	<term id="291">
		<trans lang="en">
			<word>(v1) to tie,to fasten,(P)</word>
		</trans>
		<trans lang="ja">
			<word>締める</word>
			<alt>しめる</alt>
		</trans>
	</term>
	<term id="292">
		<trans lang="en">
			<word>(v1) to tie,to fasten,(P)</word>
		</trans>
		<trans lang="ja">
			<word>締める</word>
			<alt>しめる</alt>
		</trans>
	</term>
	<term id="294">
		<trans lang="en">
			<word>(n) photograph,(P)</word>
		</trans>
		<trans lang="ja">
			<word>写真</word>
			<alt>しゃしん</alt>
		</trans>
	</term>
	<term id="295">
		<trans lang="en">
			<word>(n) shirt,singlet,(P)</word>
		</trans>
		<trans lang="ja">
			<word>シャツ</word>
			<alt>シャツ</alt>
		</trans>
	</term>
	<term id="297">
		<trans lang="en">
			<word>(suf) ~weeks</word>
		</trans>
		<trans lang="ja">
			<word>~週間</word>
			<alt>~しゅうかん</alt>
		</trans>
	</term>
	<term id="298">
		<trans lang="en">
			<word>(n,vs) lesson,class work,(P)</word>
		</trans>
		<trans lang="ja">
			<word>授業</word>
			<alt>じゅぎょう</alt>
		</trans>
	</term>
	<term id="299">
		<trans lang="en">
			<word>(n) homework,(P)</word>
		</trans>
		<trans lang="ja">
			<word>宿題</word>
			<alt>しゅくだい</alt>
		</trans>
	</term>
	<term id="300">
		<trans lang="en">
			<word>(adj-na,n) skill,skillful,dexterity,(P)</word>
		</trans>
		<trans lang="ja">
			<word>上手</word>
			<alt>じょうず</alt>
		</trans>
	</term>
	<term id="301">
		<trans lang="en">
			<word>(adj-na,n) (1) hero,gentleman,warrior,manly person,(2) good health,robustness,strong,solid,durable</word>
		</trans>
		<trans lang="ja">
			<word>丈夫</word>
			<alt>じょうぶ</alt>
		</trans>
	</term>
	<term id="302">
		<trans lang="en">
			<word>(iK) (n) soy sauce</word>
		</trans>
		<trans lang="ja">
			<word>しょうゆ</word>
			<alt>しょうゆ</alt>
		</trans>
	</term>
	<term id="303">
		<trans lang="en">
			<word>(n) cafeteria,dining hall,(P)</word>
		</trans>
		<trans lang="ja">
			<word>食堂</word>
			<alt>しょくどう</alt>
		</trans>
	</term>
	<term id="304">
		<trans lang="en">
			<word>(v5r) to know,to understand,to be acquainted with,to feel,(P)</word>
		</trans>
		<trans lang="ja">
			<word>知る</word>
			<alt>しる</alt>
		</trans>
	</term>
	<term id="306">
		<trans lang="en">
			<word>(adj) white,(P)</word>
		</trans>
		<trans lang="ja">
			<word>白い</word>
			<alt>しろい</alt>
		</trans>
	</term>
	<term id="307">
		<trans lang="en">
			<word>(n) newspaper,(P)</word>
		</trans>
		<trans lang="ja">
			<word>新聞</word>
			<alt>しんぶん</alt>
		</trans>
	</term>
	<term id="308">
		<trans lang="en">
			<word>(n-adv,n) Wednesday,(P)</word>
		</trans>
		<trans lang="ja">
			<word>水曜日</word>
			<alt>すいようび</alt>
		</trans>
	</term>
	<term id="309">
		<trans lang="en">
			<word>(v5u) to smoke,to breathe in,to suck,(P)</word>
		</trans>
		<trans lang="ja">
			<word>吸う</word>
			<alt>すう</alt>
		</trans>
	</term>
	<term id="310">
		<trans lang="en">
			<word>(n) skirt,(P)</word>
		</trans>
		<trans lang="ja">
			<word>スカート</word>
			<alt>スカート</alt>
		</trans>
	</term>
	<term id="311">
		<trans lang="en">
			<word>(adj-na,n) liking,fondness,love,(P)</word>
		</trans>
		<trans lang="ja">
			<word>好き</word>
			<alt>すき</alt>
		</trans>
	</term>
	<term id="312">
		<trans lang="en">
			<word>(adj-na,n) liking,fondness,love,(P)</word>
		</trans>
		<trans lang="ja">
			<word>好き</word>
			<alt>すき</alt>
		</trans>
	</term>
	<term id="313">
		<trans lang="en">
			<word>(adv) instantly</word>
		</trans>
		<trans lang="ja">
			<word>すぐに</word>
			<alt>すぐに</alt>
		</trans>
	</term>
	<term id="314">
		<trans lang="en">
			<word>(adv,n) (1) small quantity,little,few,something,(2) little while,(3) short distance,(P)</word>
		</trans>
		<trans lang="ja">
			<word>少し</word>
			<alt>すこし</alt>
		</trans>
	</term>
	<term id="315">
		<trans lang="en">
			<word>(adj) cool,refreshing,(P)</word>
		</trans>
		<trans lang="ja">
			<word>涼しい</word>
			<alt>すずしい</alt>
		</trans>
	</term>
	<term id="316">
		<trans lang="en">
			<word>(suf) (1) apiece, each,(2) at a time</word>
		</trans>
		<trans lang="ja">
			<word>~ずつ</word>
			<alt>~ずつ</alt>
		</trans>
	</term>
	<term id="317">
		<trans lang="en">
			<word>(n) heater (lit: stove),(P)</word>
		</trans>
		<trans lang="ja">
			<word>ストーブ</word>
			<alt>ストーブ</alt>
		</trans>
	</term>
	<term id="320">
		<trans lang="en">
			<word>(fr:) (n) trousers (fr: jupon),(P)</word>
		</trans>
		<trans lang="ja">
			<word>ズボン</word>
			<alt>ズボン</alt>
		</trans>
	</term>
	<term id="321">
		<trans lang="en">
			<word>(v5m) to abide,to reside,to live in,to inhabit,to dwell,(P)</word>
		</trans>
		<trans lang="ja">
			<word>住む</word>
			<alt>すむ</alt>
		</trans>
	</term>
	<term id="322">
		<trans lang="en">
			<word>(n) slippers,(P)</word>
		</trans>
		<trans lang="ja">
			<word>スリッパ</word>
			<alt>スリッパ</alt>
		</trans>
	</term>
	<term id="324">
		<trans lang="en">
			<word>(v5r) to sit,(P)</word>
		</trans>
		<trans lang="ja">
			<word>座る</word>
			<alt>すわる</alt>
		</trans>
	</term>
	<term id="325">
		<trans lang="en">
			<word>(n) height,stature,(P)</word>
		</trans>
		<trans lang="ja">
			<word>背</word>
			<alt>せい</alt>
		</trans>
	</term>
	<term id="326">
		<trans lang="en">
			<word>(n) pupil,(P)</word>
		</trans>
		<trans lang="ja">
			<word>生徒</word>
			<alt>せいと</alt>
		</trans>
	</term>
	<term id="327">
		<trans lang="en">
			<word>(n) sweater,jumper,(P)</word>
		</trans>
		<trans lang="ja">
			<word>セーター</word>
			<alt>セーター</alt>
		</trans>
	</term>
	<term id="328">
		<trans lang="en">
			<word>(n) economy,thrift,(P)</word>
		</trans>
		<trans lang="ja">
			<word>せっけん</word>
			<alt>せっけん</alt>
		</trans>
	</term>
	<term id="329">
		<trans lang="en">
			<word>(n) business suit,(P)</word>
		</trans>
		<trans lang="ja">
			<word>背広</word>
			<alt>せびろ</alt>
		</trans>
	</term>
	<term id="330">
		<trans lang="en">
			<word>(adj) narrow,confined,small,(P)</word>
		</trans>
		<trans lang="ja">
			<word>狭い</word>
			<alt>せまい</alt>
		</trans>
	</term>
	<term id="332">
		<trans lang="en">
			<word>thousand,many,(P)</word>
		</trans>
		<trans lang="ja">
			<word>千</word>
			<alt>せん</alt>
		</trans>
	</term>
	<term id="333">
		<trans lang="en">
			<word>(n-adv,n-t) last month,(P)</word>
		</trans>
		<trans lang="ja">
			<word>先月</word>
			<alt>せんげつ</alt>
		</trans>
	</term>
	<term id="334">
		<trans lang="en">
			<word>(n-adv,n-t) last week,the week before,(P)</word>
		</trans>
		<trans lang="ja">
			<word>先週</word>
			<alt>せんしゅう</alt>
		</trans>
	</term>
	<term id="335">
		<trans lang="en">
			<word>(n) teacher,master,doctor,(P)</word>
		</trans>
		<trans lang="ja">
			<word>先生</word>
			<alt>せんせい</alt>
		</trans>
	</term>
	<term id="336">
		<trans lang="en">
			<word>(n,vs) washing,laundry,(P)</word>
		</trans>
		<trans lang="ja">
			<word>洗濯</word>
			<alt>せんたく</alt>
		</trans>
	</term>
	<term id="337">
		<trans lang="en">
			<word>(n-adv,n-t) all,entire,whole,altogether,(P)</word>
		</trans>
		<trans lang="ja">
			<word>全部</word>
			<alt>ぜんぶ</alt>
		</trans>
	</term>
	<term id="339">
		<trans lang="en">
			<word>(n,vs) cleaning,sweeping,(P)</word>
		</trans>
		<trans lang="ja">
			<word>掃除</word>
			<alt>そうじ</alt>
		</trans>
	</term>
	<term id="340">
		<trans lang="en">
			<word>(conj) (uk) and,like that,(P)</word>
		</trans>
		<trans lang="ja">
			<word>そうして</word>
			<alt>そうして</alt>
		</trans>
	</term>
	<term id="341">
		<trans lang="en">
			<word>(conj) (uk) and,(P)</word>
		</trans>
		<trans lang="ja">
			<word>そして</word>
			<alt>そして</alt>
		</trans>
	</term>
	<term id="344">
		<trans lang="en">
			<word>(n) outside, exterior,(P)</word>
		</trans>
		<trans lang="ja">
			<word>外</word>
			<alt>そと</alt>
		</trans>
	</term>
	<term id="346">
		<trans lang="en">
			<word>(n) near,close,beside,vicinity,proximity,besides,while</word>
		</trans>
		<trans lang="ja">
			<word>そば</word>
			<alt>（窓のそば）</alt>
		</trans>
	</term>
	<term id="347">
		<trans lang="en">
			<word>(n) sky,(P)</word>
		</trans>
		<trans lang="ja">
			<word>空</word>
			<alt>そら</alt>
		</trans>
	</term>
	<term id="351">
		<trans lang="en">
			<word>(suf) counter for vehicles</word>
		</trans>
		<trans lang="ja">
			<word>~台</word>
			<alt>~だい</alt>
		</trans>
	</term>
	<term id="352">
		<trans lang="en">
			<word>(n) university,(P)</word>
		</trans>
		<trans lang="ja">
			<word>大学</word>
			<alt>だいがく</alt>
		</trans>
	</term>
	<term id="353">
		<trans lang="en">
			<word>(n) embassy,(P)</word>
		</trans>
		<trans lang="ja">
			<word>大使館</word>
			<alt>たいしかん</alt>
		</trans>
	</term>
	<term id="354">
		<trans lang="en">
			<word>(adj-na,adv,n) safe,all right,O.K.,(P)</word>
		</trans>
		<trans lang="ja">
			<word>大丈夫</word>
			<alt>だいじょうぶ</alt>
		</trans>
	</term>
	<term id="355">
		<trans lang="en">
			<word>(adj-na,n) very likeable,like very much,(P)</word>
		</trans>
		<trans lang="ja">
			<word>大好き</word>
			<alt>だいすき</alt>
		</trans>
	</term>
	<term id="356">
		<trans lang="en">
			<word>(adj-na,n) important,(P)</word>
		</trans>
		<trans lang="ja">
			<word>大切</word>
			<alt>たいせつ</alt>
		</trans>
	</term>
	<term id="357">
		<trans lang="en">
			<word>(adj-na,adv,n) usually,generally,(P)</word>
		</trans>
		<trans lang="ja">
			<word>たいてい</word>
			<alt>たいてい</alt>
		</trans>
	</term>
	<term id="358">
		<trans lang="en">
			<word>(n) kitchen,(P)</word>
		</trans>
		<trans lang="ja">
			<word>台所</word>
			<alt>だいどころ</alt>
		</trans>
	</term>
	<term id="360">
		<trans lang="en">
			<word>(adj-na,adv,n) awful,dreadful,terrible,very,(P)</word>
		</trans>
		<trans lang="ja">
			<word>たいへん</word>
			<alt>（それはたいへんですね）</alt>
		</trans>
	</term>
	<term id="361">
		<trans lang="en">
			<word>(adj) tall,high,expensive,(P)</word>
		</trans>
		<trans lang="ja">
			<word>高い [たかい]</word>
			<alt>高い [たかい]</alt>
		</trans>
	</term>
	<term id="365">
		<trans lang="en">
			<word>(v5s) to put out,to send,(P)</word>
		</trans>
		<trans lang="ja">
			<word>出す</word>
			<alt>だす</alt>
		</trans>
	</term>
	<term id="366">
		<trans lang="en">
			<word>(v5t) to stand,(P)</word>
		</trans>
		<trans lang="ja">
			<word>立つ</word>
			<alt>たつ</alt>
		</trans>
	</term>
	<term id="367">
		<trans lang="en">
			<word>(n) building,(P)</word>
		</trans>
		<trans lang="ja">
			<word>建物</word>
			<alt>たてもの</alt>
		</trans>
	</term>
	<term id="368">
		<trans lang="en">
			<word>(adj) enjoyable,fun,(P)</word>
		</trans>
		<trans lang="ja">
			<word>楽しい</word>
			<alt>たのしい</alt>
		</trans>
	</term>
	<term id="369">
		<trans lang="en">
			<word>(v5m) to request,to beg,to ask,(P)</word>
		</trans>
		<trans lang="ja">
			<word>頼む</word>
			<alt>たのむ</alt>
		</trans>
	</term>
	<term id="371">
		<trans lang="en">
			<word>(adv,n) perhaps,probably,(P)</word>
		</trans>
		<trans lang="ja">
			<word>たぶん</word>
			<alt>たぶん</alt>
		</trans>
	</term>
	<term id="372">
		<trans lang="en">
			<word>(n) food,(P)</word>
		</trans>
		<trans lang="ja">
			<word>食べ物</word>
			<alt>たべもの</alt>
		</trans>
	</term>
	<term id="373">
		<trans lang="en">
			<word>(v1) to eat,(P)</word>
		</trans>
		<trans lang="ja">
			<word>食べる</word>
			<alt>たべる</alt>
		</trans>
	</term>
	<term id="374">
		<trans lang="en">
			<word>(n) (1) egg(s),spawn,roe,(2) (an expert) in the making,(P)</word>
		</trans>
		<trans lang="ja">
			<word>卵</word>
			<alt>たまご</alt>
		</trans>
	</term>
	<term id="376">
		<trans lang="en">
			<word>(n) birthday,(P)</word>
		</trans>
		<trans lang="ja">
			<word>誕生日</word>
			<alt>たんじょうび</alt>
		</trans>
	</term>
	<term id="377">
		<trans lang="en">
			<word>(adv,n) gradually,by degrees</word>
		</trans>
		<trans lang="ja">
			<word>だんだん</word>
			<alt>だんだん</alt>
		</trans>
	</term>
	<term id="378">
		<trans lang="en">
			<word>(adj) small,little,tiny,(P)</word>
		</trans>
		<trans lang="ja">
			<word>小さい</word>
			<alt>ちいさい</alt>
		</trans>
	</term>
	<term id="379">
		<trans lang="en">
			<word>(adj,suf) near,close by,short,(P)</word>
		</trans>
		<trans lang="ja">
			<word>近い</word>
			<alt>ちかい</alt>
		</trans>
	</term>
	<term id="380">
		<trans lang="en">
			<word>(v5u) to differ (from),(P)</word>
		</trans>
		<trans lang="ja">
			<word>違う</word>
			<alt>ちがう</alt>
		</trans>
	</term>
	<term id="381">
		<trans lang="en">
			<word>(n-adv,n) near,neighbourhood,vicinity,(P)</word>
		</trans>
		<trans lang="ja">
			<word>近く</word>
			<alt>ちかく</alt>
		</trans>
	</term>
	<term id="382">
		<trans lang="en">
			<word>(n) underground train,subway,(P)</word>
		</trans>
		<trans lang="ja">
			<word>地下鉄</word>
			<alt>ちかてつ</alt>
		</trans>
	</term>
	<term id="383">
		<trans lang="en">
			<word>(n) map,(P)</word>
		</trans>
		<trans lang="ja">
			<word>地図</word>
			<alt>ちず</alt>
		</trans>
	</term>
	<term id="384">
		<trans lang="en">
			<word>(n) (hum) father,(P)</word>
		</trans>
		<trans lang="ja">
			<word>父</word>
			<alt>ちち</alt>
		</trans>
	</term>
	<term id="385">
		<trans lang="en">
			<word>(n) light brown,tawny,(P)</word>
		</trans>
		<trans lang="ja">
			<word>茶色</word>
			<alt>ちゃいろ</alt>
		</trans>
	</term>
	<term id="386">
		<trans lang="en">
			<word>(n) rice bowl,tea cup,teacup</word>
		</trans>
		<trans lang="ja">
			<word>ちゃわん</word>
			<alt>ちゃわん</alt>
		</trans>
	</term>
	<term id="387">
		<trans lang="en">
			<word>(n) rice bowl,tea cup,teacup</word>
		</trans>
		<trans lang="ja">
			<word>ちゃわん</word>
			<alt>ちゃわん</alt>
		</trans>
	</term>
	<term id="388">
		<trans lang="en">
			<word>(gn) just,right,exactly</word>
		</trans>
		<trans lang="ja">
			<word>ちょうど</word>
			<alt>ちょうど</alt>
		</trans>
	</term>
	<term id="389">
		<trans lang="en">
			<word>(ateji) (adv,int) (uk) just a minute,a short time,a while,just a little,somewhat,easily,readily,rather,(P)</word>
		</trans>
		<trans lang="ja">
			<word>ちょっと</word>
			<alt>ちょっと</alt>
		</trans>
	</term>
	<term id="391">
		<trans lang="en">
			<word>(v5u) to use,to handle,to manipulate,to employ,to need,to want,to spend,to consume,to speak (English),to practise (fencing),to take (one's lunch),to circulate (bad money),(P)</word>
		</trans>
		<trans lang="ja">
			<word>使う</word>
			<alt>つかう</alt>
		</trans>
	</term>
	<term id="392">
		<trans lang="en">
			<word>(v1) to get tired,to tire,(P)</word>
		</trans>
		<trans lang="ja">
			<word>疲れる</word>
			<alt>つかれる</alt>
		</trans>
	</term>
	<term id="393">
		<trans lang="en">
			<word>(n) next,stage station,stage,subsequent,(P)</word>
		</trans>
		<trans lang="ja">
			<word>次</word>
			<alt>つぎ</alt>
		</trans>
	</term>
	<term id="394">
		<trans lang="en">
			<word>(v5k) to arrive at,to reach,(P)</word>
		</trans>
		<trans lang="ja">
			<word>着く</word>
			<alt>つく</alt>
		</trans>
	</term>
	<term id="395">
		<trans lang="en">
			<word>(n) desk,(P)</word>
		</trans>
		<trans lang="ja">
			<word>机</word>
			<alt>つくえ</alt>
		</trans>
	</term>
	<term id="396">
		<trans lang="en">
			<word>(v5r) to make,to create,to manufacture,to draw up,to write,to compose,to build,to coin,to cultivate,to organize,to establish,to make up (a face),to trim (a tree),to fabricate,to prepare (food),to commit (sin),to construct,(P)</word>
		</trans>
		<trans lang="ja">
			<word>作る</word>
			<alt>つくる</alt>
		</trans>
	</term>
	<term id="397">
		<trans lang="en">
			<word>(v1,vt) (1) to attach,to join,to add,to append,to affix,to stick,to glue,to fasten,to sew on,to apply (ointment),(2) to furnish (a house with),(3) to wear,to put on,(4) to keep a diary,to make an entry,(5) to appraise,to set (a price),(6) to bring alongside,(7) to place (under guard or doctor),(8) to follow,to shadow,(9) to load,to give (courage to),(10) to keep (an eye on),(11) to establish (relations or understanding),(P)</word>
		</trans>
		<trans lang="ja">
			<word>つける</word>
			<alt>（電灯をつける）</alt>
		</trans>
	</term>
	<term id="398">
		<trans lang="en">
			<word>(v1) (1) to serve,to fill a post,to serve under,to work (for),(2) to exert oneself,to endeavor,to be diligent,(3) to play (the part of),(P)</word>
		</trans>
		<trans lang="ja">
			<word>勤める</word>
			<alt>つとめる</alt>
		</trans>
	</term>
	<term id="399">
		<trans lang="en">
			<word>(adj) (uk) insignificant,boring,trifling,(P)</word>
		</trans>
		<trans lang="ja">
			<word>つまらない</word>
			<alt>つまらない</alt>
		</trans>
	</term>
	<term id="400">
		<trans lang="en">
			<word>(adj) cold (to the touch),chilly,icy,freezing,coldhearted,(P)</word>
		</trans>
		<trans lang="ja">
			<word>冷たい</word>
			<alt>つめたい</alt>
		</trans>
	</term>
	<term id="401">
		<trans lang="en">
			<word>(adj) strong,powerful,mighty,potent,(P)</word>
		</trans>
		<trans lang="ja">
			<word>強い</word>
			<alt>つよい</alt>
		</trans>
	</term>
	<term id="406">
		<trans lang="en">
			<word>(v1) to depart,to go out (e.g. on an excursion or outing),to set out,to start,to be going out</word>
		</trans>
		<trans lang="ja">
			<word>出かける</word>
			<alt>でかける</alt>
		</trans>
	</term>
	<term id="407">
		<trans lang="en">
			<word>(n) letter,(P)</word>
		</trans>
		<trans lang="ja">
			<word>手紙</word>
			<alt>てがみ</alt>
		</trans>
	</term>
	<term id="408">
		<trans lang="en">
			<word>(v1) (uk) to be able to,to be ready,to occur,(P)</word>
		</trans>
		<trans lang="ja">
			<word>できる</word>
			<alt>（英語ができる）</alt>
		</trans>
	</term>
	<term id="409">
		<trans lang="en">
			<word>(n) exit,gateway,way out,outlet,leak,vent,(P)</word>
		</trans>
		<trans lang="ja">
			<word>出口</word>
			<alt>でぐち</alt>
		</trans>
	</term>
	<term id="412">
		<trans lang="en">
			<word>(n) (abbr) department store,(P)</word>
		</trans>
		<trans lang="ja">
			<word>デパート</word>
			<alt>デパート</alt>
		</trans>
	</term>
	<term id="414">
		<trans lang="en">
			<word>(v1) to appear,to come forth,to leave,(P)</word>
		</trans>
		<trans lang="ja">
			<word>出る</word>
			<alt>でる</alt>
		</trans>
	</term>
	<term id="416">
		<trans lang="en">
			<word>(n) weather,the elements,fine weather,(P)</word>
		</trans>
		<trans lang="ja">
			<word>天気</word>
			<alt>てんき</alt>
		</trans>
	</term>
	<term id="417">
		<trans lang="en">
			<word>(n) electricity,(electric) light,(P)</word>
		</trans>
		<trans lang="ja">
			<word>電気</word>
			<alt>でんき</alt>
		</trans>
	</term>
	<term id="418">
		<trans lang="en">
			<word>(n) electric train,(P)</word>
		</trans>
		<trans lang="ja">
			<word>電車</word>
			<alt>でんしゃ</alt>
		</trans>
	</term>
	<term id="419">
		<trans lang="en">
			<word>(n,vs) telephone,(P)</word>
		</trans>
		<trans lang="ja">
			<word>電話</word>
			<alt>でんわ</alt>
		</trans>
	</term>
	<term id="420">
		<trans lang="en">
			<word>(n) door (Japanese style),(P)</word>
		</trans>
		<trans lang="ja">
			<word>戸</word>
			<alt>と</alt>
		</trans>
	</term>
	<term id="421">
		<trans lang="en">
			<word>(n, n-suf) counter for occurrences</word>
		</trans>
		<trans lang="ja">
			<word>~度</word>
			<alt>~ど</alt>
		</trans>
	</term>
	<term id="427">
		<trans lang="en">
			<word>(n) animal,(P)</word>
		</trans>
		<trans lang="ja">
			<word>動物</word>
			<alt>どうぶつ</alt>
		</trans>
	</term>
	<term id="430">
		<trans lang="en">
			<word>(adj) far,distant,(P)</word>
		</trans>
		<trans lang="ja">
			<word>遠い</word>
			<alt>とおい</alt>
		</trans>
	</term>
	<term id="432">
		<trans lang="en">
			<word>(adv,n) sometimes,(P)</word>
		</trans>
		<trans lang="ja">
			<word>時々</word>
			<alt>ときどき</alt>
		</trans>
	</term>
	<term id="433">
		<trans lang="en">
			<word>(n) watch,clock,(P)</word>
		</trans>
		<trans lang="ja">
			<word>時計</word>
			<alt>とけい</alt>
		</trans>
	</term>
	<term id="434">
		<trans lang="en">
			<word>(n) (uk) where,what place,(P)</word>
		</trans>
		<trans lang="ja">
			<word>どこ</word>
			<alt>どこ</alt>
		</trans>
	</term>
	<term id="435">
		<trans lang="en">
			<word>(n) place,(P)</word>
		</trans>
		<trans lang="ja">
			<word>所</word>
			<alt>ところ</alt>
		</trans>
	</term>
	<term id="436">
		<trans lang="en">
			<word>(n) library,(P)</word>
		</trans>
		<trans lang="ja">
			<word>図書館</word>
			<alt>としょかん</alt>
		</trans>
	</term>
	<term id="437">
		<trans lang="en">
			<word>(n) (uk) which (of two),who,(P)</word>
		</trans>
		<trans lang="ja">
			<word>どちら</word>
			<alt>どちら</alt>
		</trans>
	</term>
	<term id="439">
		<trans lang="en">
			<word>(n) (uk) who?,(P)</word>
		</trans>
		<trans lang="ja">
			<word>どなた</word>
			<alt>どなた</alt>
		</trans>
	</term>
	<term id="440">
		<trans lang="en">
			<word>(n) next to,next door to,(P)</word>
		</trans>
		<trans lang="ja">
			<word>隣</word>
			<alt>となり</alt>
		</trans>
	</term>
	<term id="442">
		<trans lang="en">
			<word>(v5b) to jump,to fly,to leap,to spring,to bound,to hop,(P)</word>
		</trans>
		<trans lang="ja">
			<word>飛ぶ</word>
			<alt>とぶ</alt>
		</trans>
	</term>
	<term id="443">
		<trans lang="en">
			<word>(v5r) to come to a halt,(P)</word>
		</trans>
		<trans lang="ja">
			<word>止まる</word>
			<alt>とまる</alt>
		</trans>
	</term>
	<term id="444">
		<trans lang="en">
			<word>(n) friend,(P)</word>
		</trans>
		<trans lang="ja">
			<word>友達</word>
			<alt>ともだち</alt>
		</trans>
	</term>
	<term id="445">
		<trans lang="en">
			<word>(n-adv,n) Saturday,(P)</word>
		</trans>
		<trans lang="ja">
			<word>土曜日</word>
			<alt>どようび</alt>
		</trans>
	</term>
	<term id="446">
		<trans lang="en">
			<word>(n) bird,fowl,poultry,(P)</word>
		</trans>
		<trans lang="ja">
			<word>鳥</word>
			<alt>とり</alt>
		</trans>
	</term>
	<term id="447">
		<trans lang="en">
			<word>(n) chicken meat</word>
		</trans>
		<trans lang="ja">
			<word>鳥肉</word>
			<alt>とりにく</alt>
		</trans>
	</term>
	<term id="448">
		<trans lang="en">
			<word>(v5r) to take,to pick up,to harvest,to earn,to choose,(P)</word>
		</trans>
		<trans lang="ja">
			<word>取る</word>
			<alt>とる</alt>
		</trans>
	</term>
	<term id="449">
		<trans lang="en">
			<word>(v5r) to take (a photo),to make (a film),(P)</word>
		</trans>
		<trans lang="ja">
			<word>撮る</word>
			<alt>とる</alt>
		</trans>
	</term>
	<term id="450">
		<trans lang="en">
			<word>(n) (uk) well,now,let me see,which (of three or more),(P)</word>
		</trans>
		<trans lang="ja">
			<word>どれ</word>
			<alt>どれ</alt>
		</trans>
	</term>
	<term id="452">
		<trans lang="en">
			<word>(adj) there isn't,doesn't have,(P)</word>
		</trans>
		<trans lang="ja">
			<word>ない</word>
			<alt>ない</alt>
		</trans>
	</term>
	<term id="454">
		<trans lang="en">
			<word>(n) inside,middle,among,(P)</word>
		</trans>
		<trans lang="ja">
			<word>中</word>
			<alt>なか</alt>
		</trans>
	</term>
	<term id="455">
		<trans lang="en">
			<word>(adj) long,(P)</word>
		</trans>
		<trans lang="ja">
			<word>長い</word>
			<alt>ながい</alt>
		</trans>
	</term>
	<term id="456">
		<trans lang="en">
			<word>(v5k) to bark,to purr,to make sound (animal),(P)</word>
		</trans>
		<trans lang="ja">
			<word>鳴く</word>
			<alt>なく</alt>
		</trans>
	</term>
	<term id="457">
		<trans lang="en">
			<word>(n-adv,n-t) summer,(P)</word>
		</trans>
		<trans lang="ja">
			<word>夏</word>
			<alt>なつ</alt>
		</trans>
	</term>
	<term id="458">
		<trans lang="en">
			<word>(n) summer vacation,summer holiday,(P)</word>
		</trans>
		<trans lang="ja">
			<word>夏休み</word>
			<alt>なつやすみ</alt>
		</trans>
	</term>
	<term id="459">
		<trans lang="en">
			<word>(n,n-suf,prt) et cetera</word>
		</trans>
		<trans lang="ja">
			<word>~など</word>
			<alt>~など</alt>
		</trans>
	</term>
	<term id="460">
		<trans lang="en">
			<word>(n) seven,(P)</word>
		</trans>
		<trans lang="ja">
			<word>七つ</word>
			<alt>ななつ</alt>
		</trans>
	</term>
	<term id="462">
		<trans lang="en">
			<word>(int,n) what,(P)</word>
		</trans>
		<trans lang="ja">
			<word>何</word>
			<alt>なん</alt>
		</trans>
	</term>
	<term id="464">
		<trans lang="en">
			<word>(n) name,(P)</word>
		</trans>
		<trans lang="ja">
			<word>名前</word>
			<alt>なまえ</alt>
		</trans>
	</term>
	<term id="465">
		<trans lang="en">
			<word>(v5u) to learn,(P)</word>
		</trans>
		<trans lang="ja">
			<word>習う</word>
			<alt>ならう</alt>
		</trans>
	</term>
	<term id="466">
		<trans lang="en">
			<word>(v5b,vi) to line up,to stand in a line,(P)</word>
		</trans>
		<trans lang="ja">
			<word>並ぶ</word>
			<alt>ならぶ</alt>
		</trans>
	</term>
	<term id="467">
		<trans lang="en">
			<word>(v1,vt) to line up,to set up,(P)</word>
		</trans>
		<trans lang="ja">
			<word>並べる</word>
			<alt>ならべる</alt>
		</trans>
	</term>
	<term id="468">
		<trans lang="en">
			<word>(uv) to become</word>
		</trans>
		<trans lang="ja">
			<word>なる</word>
			<alt>（春になる）</alt>
		</trans>
	</term>
	<term id="470">
		<trans lang="en">
			<word>(adj-na,n) bustling,busy,(P)</word>
		</trans>
		<trans lang="ja">
			<word>にぎやか</word>
			<alt>にぎやか</alt>
		</trans>
	</term>
	<term id="471">
		<trans lang="en">
			<word>(n) meat,(P)</word>
		</trans>
		<trans lang="ja">
			<word>肉</word>
			<alt>にく</alt>
		</trans>
	</term>
	<term id="472">
		<trans lang="en">
			<word>(n) west,(P)</word>
		</trans>
		<trans lang="ja">
			<word>西</word>
			<alt>にし</alt>
		</trans>
	</term>
	<term id="473">
		<trans lang="en">
			<word>(suf) day of the month</word>
		</trans>
		<trans lang="ja">
			<word>~日</word>
			<alt>~にち</alt>
		</trans>
	</term>
	<term id="474">
		<trans lang="en">
			<word>(n-adv,n) Sunday,(P)</word>
		</trans>
		<trans lang="ja">
			<word>日曜日</word>
			<alt>にちようび</alt>
		</trans>
	</term>
	<term id="475">
		<trans lang="en">
			<word>(n) luggage,(P)</word>
		</trans>
		<trans lang="ja">
			<word>荷物</word>
			<alt>にもつ</alt>
		</trans>
	</term>
	<term id="477">
		<trans lang="en">
			<word>(n) garden,(P)</word>
		</trans>
		<trans lang="ja">
			<word>庭</word>
			<alt>にわ</alt>
		</trans>
	</term>
	<term id="479">
		<trans lang="en">
			<word>(v5g) to take off clothes,(P)</word>
		</trans>
		<trans lang="ja">
			<word>脱ぐ</word>
			<alt>ぬぐ</alt>
		</trans>
	</term>
	<term id="480">
		<trans lang="en">
			<word>(n) tie,necktie,(P)</word>
		</trans>
		<trans lang="ja">
			<word>ネクタイ</word>
			<alt>ネクタイ</alt>
		</trans>
	</term>
	<term id="481">
		<trans lang="en">
			<word>(v1) to go to bed,to lie down,to sleep,(P)</word>
		</trans>
		<trans lang="ja">
			<word>寝る</word>
			<alt>ねる</alt>
		</trans>
	</term>
	<term id="483">
		<trans lang="en">
			<word>(n) notebook,copy-book,exercise book,(P)</word>
		</trans>
		<trans lang="ja">
			<word>ノート</word>
			<alt>ノート</alt>
		</trans>
	</term>
	<term id="484">
		<trans lang="en">
			<word>(v5r) to climb,(P)</word>
		</trans>
		<trans lang="ja">
			<word>登る</word>
			<alt>のぼる</alt>
		</trans>
	</term>
	<term id="485">
		<trans lang="en">
			<word>(n) drink,beverage,(P)</word>
		</trans>
		<trans lang="ja">
			<word>飲み物</word>
			<alt>のみもの</alt>
		</trans>
	</term>
	<term id="486">
		<trans lang="en">
			<word>(v5m) to drink,(P)</word>
		</trans>
		<trans lang="ja">
			<word>飲む</word>
			<alt>のむ</alt>
		</trans>
	</term>
	<term id="487">
		<trans lang="en">
			<word>(v5r) (1) to get on,to ride in,to board,to mount,to get up on,to spread (paints),to be taken in,(2) to share in,to join,to be found in (a dictionary),to feel like doing,to be mentioned in,to be in harmony with,(P)</word>
		</trans>
		<trans lang="ja">
			<word>乗る</word>
			<alt>のる</alt>
		</trans>
	</term>
	<term id="488">
		<trans lang="en">
			<word>(n) tooth,(P)</word>
		</trans>
		<trans lang="ja">
			<word>歯</word>
			<alt>は</alt>
		</trans>
	</term>
	<term id="489">
		<trans lang="en">
			<word>(n) party,(P)</word>
		</trans>
		<trans lang="ja">
			<word>パーティー</word>
			<alt>パーティー</alt>
		</trans>
	</term>
	<term id="491">
		<trans lang="en">
			<word>(n) counter for cupfuls</word>
		</trans>
		<trans lang="ja">
			<word>~杯</word>
			<alt>~はい</alt>
		</trans>
	</term>
	<term id="492">
		<trans lang="en">
			<word>(n) ashtray,(P)</word>
		</trans>
		<trans lang="ja">
			<word>灰皿</word>
			<alt>はいざら</alt>
		</trans>
	</term>
	<term id="493">
		<trans lang="en">
			<word>(v5r) to enter,to break into,to join,to enroll,to contain,to hold,to accommodate,to have (an income of),(P)</word>
		</trans>
		<trans lang="ja">
			<word>入る</word>
			<alt>はいる</alt>
		</trans>
	</term>
	<term id="494">
		<trans lang="en">
			<word>(n) postcard,(P)</word>
		</trans>
		<trans lang="ja">
			<word>葉書</word>
			<alt>はがき</alt>
		</trans>
	</term>
	<term id="495">
		<trans lang="en">
			<word>(v5k) to wear,to put on (a sword)</word>
		</trans>
		<trans lang="ja">
			<word>はく [（ズボンをはく、] 靴をはく）</word>
			<alt>はく [（ズボンをはく、] 靴をはく）</alt>
		</trans>
	</term>
	<term id="496">
		<trans lang="en">
			<word>(n) box,(P)</word>
		</trans>
		<trans lang="ja">
			<word>箱</word>
			<alt>はこ</alt>
		</trans>
	</term>
	<term id="497">
		<trans lang="en">
			<word>(n) bridge,(P)</word>
		</trans>
		<trans lang="ja">
			<word>橋</word>
			<alt>はし</alt>
		</trans>
	</term>
	<term id="498">
		<trans lang="en">
			<word>(n) chopsticks,(P)</word>
		</trans>
		<trans lang="ja">
			<word>はし</word>
			<alt>（はしで御飯を食べる）</alt>
		</trans>
	</term>
	<term id="499">
		<trans lang="en">
			<word>(v5r,vi) to begin,(P)</word>
		</trans>
		<trans lang="ja">
			<word>始まる</word>
			<alt>はじまる</alt>
		</trans>
	</term>
	<term id="500">
		<trans lang="en">
			<word>(expr) to begin with,first of all</word>
		</trans>
		<trans lang="ja">
			<word>初めに</word>
			<alt>はじめに</alt>
		</trans>
	</term>
	<term id="501">
		<trans lang="en">
			<word>(adv,n) for the first time,(P)</word>
		</trans>
		<trans lang="ja">
			<word>初めて</word>
			<alt>はじめて</alt>
		</trans>
	</term>
	<term id="502">
		<trans lang="en">
			<word>(v5r) to run,(P)</word>
		</trans>
		<trans lang="ja">
			<word>走る</word>
			<alt>はしる</alt>
		</trans>
	</term>
	<term id="505">
		<trans lang="en">
			<word>(n) 20 years old,20th year,(P)</word>
		</trans>
		<trans lang="ja">
			<word>二十歳</word>
			<alt>はたち</alt>
		</trans>
	</term>
	<term id="506">
		<trans lang="en">
			<word>(v5k) to work,to labor,to do,to act,to commit,to practise,to work on,to come into play,to be conjugated,to reduce the price,(P)</word>
		</trans>
		<trans lang="ja">
			<word>働く</word>
			<alt>はたらく</alt>
		</trans>
	</term>
	<term id="508">
		<trans lang="en">
			<word>(n) twenty days,twentieth (day of the month),(P)</word>
		</trans>
		<trans lang="ja">
			<word>二十日</word>
			<alt>はつか</alt>
		</trans>
	</term>
	<term id="509">
		<trans lang="en">
			<word>(n) flower,(P)</word>
		</trans>
		<trans lang="ja">
			<word>花</word>
			<alt>はな</alt>
		</trans>
	</term>
	<term id="510">
		<trans lang="en">
			<word>(n) nose,(P)</word>
		</trans>
		<trans lang="ja">
			<word>鼻</word>
			<alt>はな</alt>
		</trans>
	</term>
	<term id="511">
		<trans lang="en">
			<word>(io) (n) talk,speech,chat,story,conversation,(P)</word>
		</trans>
		<trans lang="ja">
			<word>話</word>
			<alt>はなし</alt>
		</trans>
	</term>
	<term id="512">
		<trans lang="en">
			<word>(v5s) to speak,(P)</word>
		</trans>
		<trans lang="ja">
			<word>話す</word>
			<alt>はなす</alt>
		</trans>
	</term>
	<term id="513">
		<trans lang="en">
			<word>(n) (hum) mother,(P)</word>
		</trans>
		<trans lang="ja">
			<word>母</word>
			<alt>はは</alt>
		</trans>
	</term>
	<term id="514">
		<trans lang="en">
			<word>(adj) early,(P)</word>
		</trans>
		<trans lang="ja">
			<word>早い</word>
			<alt>はやい</alt>
		</trans>
	</term>
	<term id="515">
		<trans lang="en">
			<word>(adj) quick,fast,swift,(P)</word>
		</trans>
		<trans lang="ja">
			<word>速い</word>
			<alt>はやい</alt>
		</trans>
	</term>
	<term id="516">
		<trans lang="en">
			<word>(n-adv,n-t) spring,(P)</word>
		</trans>
		<trans lang="ja">
			<word>春</word>
			<alt>はる</alt>
		</trans>
	</term>
	<term id="517">
		<trans lang="en">
			<word>(v5r) to stick,to paste,(P)</word>
		</trans>
		<trans lang="ja">
			<word>はる</word>
			<alt>（切手をはる）</alt>
		</trans>
	</term>
	<term id="518">
		<trans lang="en">
			<word>(v1) to be sunny,to clear away,to stop raining,(P)</word>
		</trans>
		<trans lang="ja">
			<word>晴れる</word>
			<alt>はれる</alt>
		</trans>
	</term>
	<term id="519">
		<trans lang="en">
			<word>(n-adv,n,n-suf) half,(P)</word>
		</trans>
		<trans lang="ja">
			<word>半</word>
			<alt>はん</alt>
		</trans>
	</term>
	<term id="520">
		<trans lang="en">
			<word>(n-adv,n-t) evening,(P)</word>
		</trans>
		<trans lang="ja">
			<word>晩</word>
			<alt>ばん</alt>
		</trans>
	</term>
	<term id="521">
		<trans lang="en">
			<word>(suf) the most ~</word>
		</trans>
		<trans lang="ja">
			<word>~番</word>
			<alt>~ばん</alt>
		</trans>
	</term>
	<term id="523">
		<trans lang="en">
			<word>(n) handkerchief,(P)</word>
		</trans>
		<trans lang="ja">
			<word>ハンカチ</word>
			<alt>ハンカチ</alt>
		</trans>
	</term>
	<term id="524">
		<trans lang="en">
			<word>(n) number,series of digits,(P)</word>
		</trans>
		<trans lang="ja">
			<word>番号</word>
			<alt>ばんごう</alt>
		</trans>
	</term>
	<term id="525">
		<trans lang="en">
			<word>(n) dinner,evening meal</word>
		</trans>
		<trans lang="ja">
			<word>晩御飯</word>
			<alt>ばんごはん</alt>
		</trans>
	</term>
	<term id="526">
		<trans lang="en">
			<word>half minute</word>
		</trans>
		<trans lang="ja">
			<word>半分</word>
			<alt>はんぶん</alt>
		</trans>
	</term>
	<term id="527">
		<trans lang="en">
			<word>(n) east,(P)</word>
		</trans>
		<trans lang="ja">
			<word>東</word>
			<alt>ひがし</alt>
		</trans>
	</term>
	<term id="528">
		<trans lang="en">
			<word>small animal counter</word>
		</trans>
		<trans lang="ja">
			<word>~匹</word>
			<alt>~ひき</alt>
		</trans>
	</term>
	<term id="529">
		<trans lang="en">
			<word>(v5k) minus,to pull,to play (string instr.),(P)</word>
		</trans>
		<trans lang="ja">
			<word>引く</word>
			<alt>ひく</alt>
		</trans>
	</term>
	<term id="530">
		<trans lang="en">
			<word>(v5k) to play (piano, guitar),(P)</word>
		</trans>
		<trans lang="ja">
			<word>弾く</word>
			<alt>ひく</alt>
		</trans>
	</term>
	<term id="531">
		<trans lang="en">
			<word>(adj) short,low,humble,low (voice),(P)</word>
		</trans>
		<trans lang="ja">
			<word>低い</word>
			<alt>ひくい</alt>
		</trans>
	</term>
	<term id="532">
		<trans lang="en">
			<word>(n) aeroplane,(P)</word>
		</trans>
		<trans lang="ja">
			<word>飛行機</word>
			<alt>ひこうき</alt>
		</trans>
	</term>
	<term id="533">
		<trans lang="en">
			<word>(n) left hand side,(P)</word>
		</trans>
		<trans lang="ja">
			<word>左</word>
			<alt>ひだり</alt>
		</trans>
	</term>
	<term id="534">
		<trans lang="en">
			<word>(n) man,person,human being,mankind,people,character,personality,true man,man of talent,adult,other people,messenger,visitor,(P)</word>
		</trans>
		<trans lang="ja">
			<word>人</word>
			<alt>ひと</alt>
		</trans>
	</term>
	<term id="535">
		<trans lang="en">
			<word>(n) one,(P)</word>
		</trans>
		<trans lang="ja">
			<word>一つ</word>
			<alt>ひとつ</alt>
		</trans>
	</term>
	<term id="537">
		<trans lang="en">
			<word>(n) one person,(P)</word>
		</trans>
		<trans lang="ja">
			<word>一人</word>
			<alt>ひとり</alt>
		</trans>
	</term>
	<term id="538">
		<trans lang="en">
			<word>(adj-na,n) (1) free time,leisure,leave,spare time,(2) farewell</word>
		</trans>
		<trans lang="ja">
			<word>暇</word>
			<alt>ひま</alt>
		</trans>
	</term>
	<term id="539">
		<trans lang="en">
			<word>(num) 100,hundred,(P)</word>
		</trans>
		<trans lang="ja">
			<word>百</word>
			<alt>ひゃく</alt>
		</trans>
	</term>
	<term id="540">
		<trans lang="en">
			<word>(n) hospital,(P)</word>
		</trans>
		<trans lang="ja">
			<word>病院</word>
			<alt>びょういん</alt>
		</trans>
	</term>
	<term id="541">
		<trans lang="en">
			<word>(n) illness,disease,sickness,(P)</word>
		</trans>
		<trans lang="ja">
			<word>病気</word>
			<alt>びょうき</alt>
		</trans>
	</term>
	<term id="542">
		<trans lang="en">
			<word>(n) hiragana,47 syllables,the cursive syllabary,(P)</word>
		</trans>
		<trans lang="ja">
			<word>平仮名</word>
			<alt>ひらがな</alt>
		</trans>
	</term>
	<term id="543">
		<trans lang="en">
			<word>(n-adv,n-t) noon,daytime,(P)</word>
		</trans>
		<trans lang="ja">
			<word>昼</word>
			<alt>ひる</alt>
		</trans>
	</term>
	<term id="544">
		<trans lang="en">
			<word>(n) lunch,midday meal</word>
		</trans>
		<trans lang="ja">
			<word>昼御飯</word>
			<alt>ひるごはん</alt>
		</trans>
	</term>
	<term id="545">
		<trans lang="en">
			<word>(adj) spacious,vast,wide,(P)</word>
		</trans>
		<trans lang="ja">
			<word>広い</word>
			<alt>ひろい</alt>
		</trans>
	</term>
	<term id="546">
		<trans lang="en">
			<word>(n) film (roll of),(P)</word>
		</trans>
		<trans lang="ja">
			<word>フィルム</word>
			<alt>フィルム</alt>
		</trans>
	</term>
	<term id="547">
		<trans lang="en">
			<word>(n) envelope,(P)</word>
		</trans>
		<trans lang="ja">
			<word>封筒</word>
			<alt>ふうとう</alt>
		</trans>
	</term>
	<term id="549">
		<trans lang="en">
			<word>(n) folk,fork,(P)</word>
		</trans>
		<trans lang="ja">
			<word>フォーク</word>
			<alt>フォーク</alt>
		</trans>
	</term>
	<term id="550">
		<trans lang="en">
			<word>(v5k) (1) to blow (wind, etc),(2) to emit,to spout,(P)</word>
		</trans>
		<trans lang="ja">
			<word>吹く</word>
			<alt>ふく</alt>
		</trans>
	</term>
	<term id="551">
		<trans lang="en">
			<word>(n,n-suf) clothes,(P)</word>
		</trans>
		<trans lang="ja">
			<word>服</word>
			<alt>ふく</alt>
		</trans>
	</term>
	<term id="553">
		<trans lang="en">
			<word>(n) pork,(P)</word>
		</trans>
		<trans lang="ja">
			<word>豚肉</word>
			<alt>ぶたにく</alt>
		</trans>
	</term>
	<term id="555">
		<trans lang="en">
			<word>(n) second day of the month,two days,(P)</word>
		</trans>
		<trans lang="ja">
			<word>二日</word>
			<alt>ふつか</alt>
		</trans>
	</term>
	<term id="556">
		<trans lang="en">
			<word>(adj) fat,thick,(P)</word>
		</trans>
		<trans lang="ja">
			<word>太い</word>
			<alt>ふとい</alt>
		</trans>
	</term>
	<term id="557">
		<trans lang="en">
			<word>(n-adv,n-t) winter,(P)</word>
		</trans>
		<trans lang="ja">
			<word>冬</word>
			<alt>ふゆ</alt>
		</trans>
	</term>
	<term id="558">
		<trans lang="en">
			<word>(v5r) to precipitate,to fall (e.g. rain),(P)</word>
		</trans>
		<trans lang="ja">
			<word>降る</word>
			<alt>ふる</alt>
		</trans>
	</term>
	<term id="559">
		<trans lang="en">
			<word>(adj) old (not person),aged,ancient,antiquated,stale,threadbare,outmoded,obsolete article,(P)</word>
		</trans>
		<trans lang="ja">
			<word>古い</word>
			<alt>ふるい</alt>
		</trans>
	</term>
	<term id="560">
		<trans lang="en">
			<word>(n) bath,(P)</word>
		</trans>
		<trans lang="ja">
			<word>ふろ</word>
			<alt>ふろ</alt>
		</trans>
	</term>
	<term id="563">
		<trans lang="en">
			<word>(adj-na,n) unskillful,poor,awkward,(P)</word>
		</trans>
		<trans lang="ja">
			<word>下手</word>
			<alt>へた</alt>
		</trans>
	</term>
	<term id="565">
		<trans lang="en">
			<word>(n) room,(P)</word>
		</trans>
		<trans lang="ja">
			<word>部屋</word>
			<alt>へや</alt>
		</trans>
	</term>
	<term id="566">
		<trans lang="en">
			<word>(n) area,vicinity,(P)</word>
		</trans>
		<trans lang="ja">
			<word>辺</word>
			<alt>へん</alt>
		</trans>
	</term>
	<term id="568">
		<trans lang="en">
			<word>(n,vs) study,diligence,discount,reduction,(P)</word>
		</trans>
		<trans lang="ja">
			<word>勉強</word>
			<alt>べんきょう</alt>
		</trans>
	</term>
	<term id="569">
		<trans lang="en">
			<word>(adj-na,n) convenient,handy,useful,(P)</word>
		</trans>
		<trans lang="ja">
			<word>便利</word>
			<alt>べんり</alt>
		</trans>
	</term>
	<term id="571">
		<trans lang="en">
			<word>(n) hat,(P)</word>
		</trans>
		<trans lang="ja">
			<word>帽子</word>
			<alt>ぼうし</alt>
		</trans>
	</term>
	<term id="572">
		<trans lang="en">
			<word>(n) ball-point pen,(P)</word>
		</trans>
		<trans lang="ja">
			<word>ボールペン</word>
			<alt>ボールペン</alt>
		</trans>
	</term>
	<term id="573">
		<trans lang="en">
			<word>(n) other place,the rest,(P)</word>
		</trans>
		<trans lang="ja">
			<word>外</word>
			<alt>ほか</alt>
		</trans>
	</term>
	<term id="574">
		<trans lang="en">
			<word>(n) pocket,(P)</word>
		</trans>
		<trans lang="ja">
			<word>ポケット</word>
			<alt>ポケット</alt>
		</trans>
	</term>
	<term id="575">
		<trans lang="en">
			<word>(adj) wanted,wished for,in need of,desired,(P)</word>
		</trans>
		<trans lang="ja">
			<word>欲しい</word>
			<alt>ほしい</alt>
		</trans>
	</term>
	<term id="576">
		<trans lang="en">
			<word>(adj) thin,slender,fine,(P)</word>
		</trans>
		<trans lang="ja">
			<word>細い</word>
			<alt>ほそい</alt>
		</trans>
	</term>
	<term id="577">
		<trans lang="en">
			<word>(pt:) (n) button (pt: bota~o),(P)</word>
		</trans>
		<trans lang="ja">
			<word>ボタン</word>
			<alt>ボタン</alt>
		</trans>
	</term>
	<term id="580">
		<trans lang="en">
			<word>counter for long cylindrical things</word>
		</trans>
		<trans lang="ja">
			<word>~本</word>
			<alt>~ほん</alt>
		</trans>
	</term>
	<term id="581">
		<trans lang="en">
			<word>(n) bookshelves,(P)</word>
		</trans>
		<trans lang="ja">
			<word>本棚</word>
			<alt>ほんだな</alt>
		</trans>
	</term>
	<term id="583">
		<trans lang="en">
			<word>counter for flat things</word>
		</trans>
		<trans lang="ja">
			<word>~枚</word>
			<alt>~まい</alt>
		</trans>
	</term>
	<term id="584">
		<trans lang="en">
			<word>(n-adv,n-t) every morning</word>
		</trans>
		<trans lang="ja">
			<word>毎朝</word>
			<alt>まいあさ</alt>
		</trans>
	</term>
	<term id="586">
		<trans lang="en">
			<word>(n-adv,n) every month,each month,monthly,(P)</word>
		</trans>
		<trans lang="ja">
			<word>毎月</word>
			<alt>まいつき</alt>
		</trans>
	</term>
	<term id="587">
		<trans lang="en">
			<word>(n-adv,n-t) every week,(P)</word>
		</trans>
		<trans lang="ja">
			<word>毎週</word>
			<alt>まいしゅう</alt>
		</trans>
	</term>
	<term id="588">
		<trans lang="en">
			<word>(n-adv,n-t) every day,(P)</word>
		</trans>
		<trans lang="ja">
			<word>毎日</word>
			<alt>まいにち</alt>
		</trans>
	</term>
	<term id="590">
		<trans lang="en">
			<word>(n-t) every year,yearly,annually,(P)</word>
		</trans>
		<trans lang="ja">
			<word>毎年</word>
			<alt>まいとし</alt>
		</trans>
	</term>
	<term id="591">
		<trans lang="en">
			<word>(n-adv,n-t) every night,(P)</word>
		</trans>
		<trans lang="ja">
			<word>毎晩</word>
			<alt>まいばん</alt>
		</trans>
	</term>
	<term id="592">
		<trans lang="en">
			<word>(n-adv,n-t,suf) (1) before,in front,fore part,ago,previously,(2) head (of a line),(3) in the presence of,lady (so-and-so),(4) (five minutes) to,(5) helping,portion,(P)</word>
		</trans>
		<trans lang="ja">
			<word>前</word>
			<alt>まえ</alt>
		</trans>
	</term>
	<term id="593">
		<trans lang="en">
			<word>(suf) before,in front</word>
		</trans>
		<trans lang="ja">
			<word>~前</word>
			<alt>~まえ</alt>
		</trans>
	</term>
	<term id="594">
		<trans lang="en">
			<word>(uv) to turn,to bend</word>
		</trans>
		<trans lang="ja">
			<word>曲る</word>
			<alt>まがる</alt>
		</trans>
	</term>
	<term id="595">
		<trans lang="en">
			<word>(adj) (uk) unappetising,unpleasant (taste, appearance, situation),ugly,unskilful,awkward,bungling,unwise,untimely,(P)</word>
		</trans>
		<trans lang="ja">
			<word>まずい</word>
			<alt>まずい</alt>
		</trans>
	</term>
	<term id="598">
		<trans lang="en">
			<word>(n) (1) town,(2) street,road,(P)</word>
		</trans>
		<trans lang="ja">
			<word>町</word>
			<alt>まち</alt>
		</trans>
	</term>
	<term id="599">
		<trans lang="en">
			<word>(v5t) to wait,(P)</word>
		</trans>
		<trans lang="ja">
			<word>待つ</word>
			<alt>まつ</alt>
		</trans>
	</term>
	<term id="600">
		<trans lang="en">
			<word>(adj-na,adv,n) straight (ahead),direct,upright,erect,honest,frank</word>
		</trans>
		<trans lang="ja">
			<word>まっすぐ</word>
			<alt>まっすぐ</alt>
		</trans>
	</term>
	<term id="601">
		<trans lang="en">
			<word>(n) match,(P)</word>
		</trans>
		<trans lang="ja">
			<word>マッチ</word>
			<alt>マッチ</alt>
		</trans>
	</term>
	<term id="602">
		<trans lang="en">
			<word>(n) window,(P)</word>
		</trans>
		<trans lang="ja">
			<word>窓</word>
			<alt>まど</alt>
		</trans>
	</term>
	<term id="603">
		<trans lang="en">
			<word>(adj) round,circular,spherical,(P)</word>
		</trans>
		<trans lang="ja">
			<word>丸い</word>
			<alt>まるい</alt>
		</trans>
	</term>
	<term id="604">
		<trans lang="en">
			<word>(adj) round,circular,spherical,(P)</word>
		</trans>
		<trans lang="ja">
			<word>円い</word>
			<alt>まるい</alt>
		</trans>
	</term>
	<term id="605">
		<trans lang="en">
			<word>(adv,num) 10,000,ten thousand,myriads,all,everything</word>
		</trans>
		<trans lang="ja">
			<word>万</word>
			<alt>まん</alt>
		</trans>
	</term>
	<term id="606">
		<trans lang="en">
			<word>(n) fountain pen,(P)</word>
		</trans>
		<trans lang="ja">
			<word>万年筆</word>
			<alt>まんねんひつ</alt>
		</trans>
	</term>
	<term id="607">
		<trans lang="en">
			<word>(v5k) to polish,to shine,to brush,to refine,to improve,(P)</word>
		</trans>
		<trans lang="ja">
			<word>磨く</word>
			<alt>みがく</alt>
		</trans>
	</term>
	<term id="608">
		<trans lang="en">
			<word>(n) right hand side,(P)</word>
		</trans>
		<trans lang="ja">
			<word>右</word>
			<alt>みぎ</alt>
		</trans>
	</term>
	<term id="609">
		<trans lang="en">
			<word>(adj) short,(P)</word>
		</trans>
		<trans lang="ja">
			<word>短い</word>
			<alt>みじかい</alt>
		</trans>
	</term>
	<term id="611">
		<trans lang="en">
			<word>(n,n-suf) store,shop,establishment,(P)</word>
		</trans>
		<trans lang="ja">
			<word>店</word>
			<alt>みせ</alt>
		</trans>
	</term>
	<term id="612">
		<trans lang="en">
			<word>(v1) to show,to display,(P)</word>
		</trans>
		<trans lang="ja">
			<word>見せる</word>
			<alt>みせる</alt>
		</trans>
	</term>
	<term id="613">
		<trans lang="en">
			<word>(n) road,street,way,method,(P)</word>
		</trans>
		<trans lang="ja">
			<word>道</word>
			<alt>みち</alt>
		</trans>
	</term>
	<term id="616">
		<trans lang="en">
			<word>(n) everyone,(P)</word>
		</trans>
		<trans lang="ja">
			<word>皆さん</word>
			<alt>みなさん</alt>
		</trans>
	</term>
	<term id="617">
		<trans lang="en">
			<word>(n,vs) South,proceeding south,(P)</word>
		</trans>
		<trans lang="ja">
			<word>南</word>
			<alt>みなみ</alt>
		</trans>
	</term>
	<term id="618">
		<trans lang="en">
			<word>(n) ear,(P)</word>
		</trans>
		<trans lang="ja">
			<word>耳</word>
			<alt>みみ</alt>
		</trans>
	</term>
	<term id="619">
		<trans lang="en">
			<word>(v1) to see,to watch,(P)</word>
		</trans>
		<trans lang="ja">
			<word>見る</word>
			<alt>みる</alt>
		</trans>
	</term>
	<term id="620">
		<trans lang="en">
			<word>(adv,n) all,everyone,everybody,(P)</word>
		</trans>
		<trans lang="ja">
			<word>みんな</word>
			<alt>みんな</alt>
		</trans>
	</term>
	<term id="622">
		<trans lang="en">
			<word>(n) beyond,over there,opposite direction,the other party,(P)</word>
		</trans>
		<trans lang="ja">
			<word>向こう</word>
			<alt>むこう</alt>
		</trans>
	</term>
	<term id="623">
		<trans lang="en">
			<word>(adj) difficult,(P)</word>
		</trans>
		<trans lang="ja">
			<word>難しい</word>
			<alt>むずかしい</alt>
		</trans>
	</term>
	<term id="626">
		<trans lang="en">
			<word>metre (meter) (old form)</word>
		</trans>
		<trans lang="ja">
			<word>メートル</word>
			<alt>メートル</alt>
		</trans>
	</term>
	<term id="627">
		<trans lang="en">
			<word>(n) spectacles,glasses,(P)</word>
		</trans>
		<trans lang="ja">
			<word>眼鏡</word>
			<alt>めがね</alt>
		</trans>
	</term>
	<term id="629">
		<trans lang="en">
			<word>(n-adv,n) Thursday,(P)</word>
		</trans>
		<trans lang="ja">
			<word>木曜日</word>
			<alt>もくようび</alt>
		</trans>
	</term>
	<term id="630">
		<trans lang="en">
			<word>(conj,int) hello (on phone),(P)</word>
		</trans>
		<trans lang="ja">
			<word>もしもし</word>
			<alt>もしもし</alt>
		</trans>
	</term>
	<term id="632">
		<trans lang="en">
			<word>(v5t) (1) to hold,to carry,(2) to possess,(P)</word>
		</trans>
		<trans lang="ja">
			<word>持つ</word>
			<alt>もつ</alt>
		</trans>
	</term>
	<term id="634">
		<trans lang="en">
			<word>(n) thing,object,(P)</word>
		</trans>
		<trans lang="ja">
			<word>物</word>
			<alt>もの</alt>
		</trans>
	</term>
	<term id="635">
		<trans lang="en">
			<word>(n,n-suf) gate,(P)</word>
		</trans>
		<trans lang="ja">
			<word>門</word>
			<alt>もん</alt>
		</trans>
	</term>
	<term id="636">
		<trans lang="en">
			<word>(n) problem,question,(P)</word>
		</trans>
		<trans lang="ja">
			<word>問題</word>
			<alt>もんだい</alt>
		</trans>
	</term>
	<term id="637">
		<trans lang="en">
			<word>(n) problem,question,(P)</word>
		</trans>
		<trans lang="ja">
			<word>問題</word>
			<alt>もんだい</alt>
		</trans>
	</term>
	<term id="638">
		<trans lang="en">
			<word>(n) greengrocer,(P)</word>
		</trans>
		<trans lang="ja">
			<word>八百屋</word>
			<alt>やおや</alt>
		</trans>
	</term>
	<term id="639">
		<trans lang="en">
			<word>(n) vegetable,(P)</word>
		</trans>
		<trans lang="ja">
			<word>野菜</word>
			<alt>やさい</alt>
		</trans>
	</term>
	<term id="640">
		<trans lang="en">
			<word>(adj) easy,plain,simple,(P)</word>
		</trans>
		<trans lang="ja">
			<word>易しい</word>
			<alt>やさしい</alt>
		</trans>
	</term>
	<term id="641">
		<trans lang="en">
			<word>(adj) cheap,inexpensive,peaceful,quiet,gossipy,thoughtless,(P)</word>
		</trans>
		<trans lang="ja">
			<word>安い</word>
			<alt>やすい</alt>
		</trans>
	</term>
	<term id="642">
		<trans lang="en">
			<word>(n) (1) rest,recess,respite,(2) vacation,holiday,absence,suspension,(3) moulting,(P)</word>
		</trans>
		<trans lang="ja">
			<word>休み</word>
			<alt>やすみ</alt>
		</trans>
	</term>
	<term id="643">
		<trans lang="en">
			<word>(v5m,vi) to rest,to have a break,to take a day off,to be finished,to be absent,to retire,to sleep,(P)</word>
		</trans>
		<trans lang="ja">
			<word>休む</word>
			<alt>やすむ</alt>
		</trans>
	</term>
	<term id="646">
		<trans lang="en">
			<word>(v5r) (col) (uk) to do,to have sexual intercourse,to kill,to give (to inferiors, animals, etc.),to dispatch (a letter),to send,to study,to perform,to play (sports, game),to have (eat, drink, smoke),to row (a boat),to run or operate (a restaurant)</word>
		</trans>
		<trans lang="ja">
			<word>やる</word>
			<alt>（仕事をやる）</alt>
		</trans>
	</term>
	<term id="647">
		<trans lang="en">
			<word>(n-adv,n-t) evening,(P)</word>
		</trans>
		<trans lang="ja">
			<word>夕方</word>
			<alt>ゆうがた</alt>
		</trans>
	</term>
	<term id="648">
		<trans lang="en">
			<word>(n) post office,(P)</word>
		</trans>
		<trans lang="ja">
			<word>郵便局</word>
			<alt>ゆうびんきょく</alt>
		</trans>
	</term>
	<term id="649">
		<trans lang="en">
			<word>(n) evening</word>
		</trans>
		<trans lang="ja">
			<word>ゆうべ</word>
			<alt>（’昨晩’の意）</alt>
		</trans>
	</term>
	<term id="650">
		<trans lang="en">
			<word>(adj-na,n) fame,(P)</word>
		</trans>
		<trans lang="ja">
			<word>有名</word>
			<alt>ゆうめい</alt>
		</trans>
	</term>
	<term id="651">
		<trans lang="en">
			<word>(n) snow,(P)</word>
		</trans>
		<trans lang="ja">
			<word>雪</word>
			<alt>ゆき</alt>
		</trans>
	</term>
	<term id="652">
		<trans lang="en">
			<word>(adv,n) slowly,at ease,(P)</word>
		</trans>
		<trans lang="ja">
			<word>ゆっくり</word>
			<alt>ゆっくり</alt>
		</trans>
	</term>
	<term id="654">
		<trans lang="en">
			<word>(n) Western-style clothes,(P)</word>
		</trans>
		<trans lang="ja">
			<word>洋服</word>
			<alt>ようふく</alt>
		</trans>
	</term>
	<term id="656">
		<trans lang="en">
			<word>(n) beside,side,width,(P)</word>
		</trans>
		<trans lang="ja">
			<word>横</word>
			<alt>よこ</alt>
		</trans>
	</term>
	<term id="659">
		<trans lang="en">
			<word>(v5b) to call out,to invite,(P)</word>
		</trans>
		<trans lang="ja">
			<word>呼ぶ</word>
			<alt>よぶ</alt>
		</trans>
	</term>
	<term id="660">
		<trans lang="en">
			<word>(v5m) to read,(P)</word>
		</trans>
		<trans lang="ja">
			<word>読む</word>
			<alt>よむ</alt>
		</trans>
	</term>
	<term id="661">
		<trans lang="en">
			<word>(n-adv,n-t) evening,night,(P)</word>
		</trans>
		<trans lang="ja">
			<word>夜</word>
			<alt>よる</alt>
		</trans>
	</term>
	<term id="662">
		<trans lang="en">
			<word>(n-adv,n-t) next month,(P)</word>
		</trans>
		<trans lang="ja">
			<word>来月</word>
			<alt>らいげつ</alt>
		</trans>
	</term>
	<term id="663">
		<trans lang="en">
			<word>(n-adv,n-t) next week,(P)</word>
		</trans>
		<trans lang="ja">
			<word>来週</word>
			<alt>らいしゅう</alt>
		</trans>
	</term>
	<term id="664">
		<trans lang="en">
			<word>(n-adv,n-t) next year,(P)</word>
		</trans>
		<trans lang="ja">
			<word>来年</word>
			<alt>らいねん</alt>
		</trans>
	</term>
	<term id="666">
		<trans lang="en">
			<word>(adj-na,n) splendid,fine,handsome,elegant,imposing,prominent,legal,legitimate,(P)</word>
		</trans>
		<trans lang="ja">
			<word>りっぱ</word>
			<alt>りっぱ</alt>
		</trans>
	</term>
	<term id="667">
		<trans lang="en">
			<word>(n) overseas student,(P)</word>
		</trans>
		<trans lang="ja">
			<word>留学生</word>
			<alt>りゅうがくせい</alt>
		</trans>
	</term>
	<term id="668">
		<trans lang="en">
			<word>(n) parents,both parents,(P)</word>
		</trans>
		<trans lang="ja">
			<word>両親</word>
			<alt>りょうしん</alt>
		</trans>
	</term>
	<term id="669">
		<trans lang="en">
			<word>(n,vs) cooking,cookery,cuisine,(P)</word>
		</trans>
		<trans lang="ja">
			<word>料理</word>
			<alt>りょうり</alt>
		</trans>
	</term>
	<term id="670">
		<trans lang="en">
			<word>(n,vs) travel,trip,(P)</word>
		</trans>
		<trans lang="ja">
			<word>旅行</word>
			<alt>りょこう</alt>
		</trans>
	</term>
	<term id="671">
		<trans lang="en">
			<word>(n) zero,nought,(P)</word>
		</trans>
		<trans lang="ja">
			<word>零</word>
			<alt>れい</alt>
		</trans>
	</term>
	<term id="672">
		<trans lang="en">
			<word>(n) refrigerator,(P)</word>
		</trans>
		<trans lang="ja">
			<word>冷蔵庫</word>
			<alt>れいぞうこ</alt>
		</trans>
	</term>
	<term id="673">
		<trans lang="en">
			<word>(n) record,(P)</word>
		</trans>
		<trans lang="ja">
			<word>レコード</word>
			<alt>レコード</alt>
		</trans>
	</term>
	<term id="675">
		<trans lang="en">
			<word>(n,vs) practice,(P)</word>
		</trans>
		<trans lang="ja">
			<word>練習</word>
			<alt>れんしゅう</alt>
		</trans>
	</term>
	<term id="677">
		<trans lang="en">
			<word>(n) shirt (lit: white shirt),business shirt,(P)</word>
		</trans>
		<trans lang="ja">
			<word>ワイシャツ</word>
			<alt>ワイシャツ</alt>
		</trans>
	</term>
	<term id="678">
		<trans lang="en">
			<word>(adj) young,(P)</word>
		</trans>
		<trans lang="ja">
			<word>若い</word>
			<alt>わかい</alt>
		</trans>
	</term>
	<term id="679">
		<trans lang="en">
			<word>(io) (v5r) to be understood</word>
		</trans>
		<trans lang="ja">
			<word>分る</word>
			<alt>わかる</alt>
		</trans>
	</term>
	<term id="680">
		<trans lang="en">
			<word>(v1) to forget,to leave carelessly,to be forgetful of,to forget about,to forget (an article),(P)</word>
		</trans>
		<trans lang="ja">
			<word>忘れる</word>
			<alt>わすれる</alt>
		</trans>
	</term>
	<term id="682">
		<trans lang="en">
			<word>(v5s) to pass over,to hand over,(P)</word>
		</trans>
		<trans lang="ja">
			<word>渡す</word>
			<alt>わたす</alt>
		</trans>
	</term>
	<term id="683">
		<trans lang="en">
			<word>(v5r) to cross over,to go across,(P)</word>
		</trans>
		<trans lang="ja">
			<word>渡る</word>
			<alt>わたる</alt>
		</trans>
	</term>
	<term id="684">
		<trans lang="en">
			<word>(adj) bad,inferior,(P)</word>
		</trans>
		<trans lang="ja">
			<word>悪い</word>
			<alt>わるい</alt>
		</trans>
	</term>
</glossary>
