<?xml version="1.0"?>
<glossary id="15" name="0.4" author="Frédéric Bergeron">
	<desc></desc>
	<term id="1">
		<trans lang="en">
			<word>general,liberal,universal,ordinary,average</word>
		</trans>
		<trans lang="ja">
			<word>一般</word>
			<alt>いっぱん</alt>
		</trans>
	</term>
	<term id="2">
		<trans lang="en">
			<word>in proportion to,according to,depending on</word>
		</trans>
		<trans lang="ja">
			<word>応じて</word>
			<alt>おうじて</alt>
		</trans>
		<comment languages="en-ja">先に環境に応じてRubyをインストールを行って下さい。
First, install Ruby according to your environment.</comment>
	</term>
	<term id="3">
		<trans lang="en">
			<word>to perform,to do,to conduct oneself,to carry out</word>
		</trans>
		<trans lang="ja">
			<word>行う</word>
			<alt>おこなう</alt>
		</trans>
		<comment languages="en-ja">先に環境に応じてRubyをインストールを行って下さい。
First, install Ruby according to your environment.</comment>
	</term>
</glossary>
