<?xml version="1.0"?>
<glossary id="316" name="JNI-05" author="">
	<desc></desc>
	<term id="1">
		<trans lang="en">
			<word>movie, film</word>
		</trans>
		<trans lang="ja">
			<word>えいが</word>
			<alt>eiga</alt>
		</trans>
	</term>
	<term id="2">
		<trans lang="en">
			<word>from now</word>
		</trans>
		<trans lang="ja">
			<word>これから</word>
			<alt>korekara</alt>
		</trans>
	</term>
	<term id="3">
		<trans lang="en">
			<word>busy</word>
		</trans>
		<trans lang="ja">
			<word>いそがしい</word>
			<alt>isogashii</alt>
		</trans>
	</term>
	<term id="5">
		<trans lang="en">
			<word>sandwich</word>
		</trans>
		<trans lang="ja">
			<word>サンドイッチ</word>
			<alt>sandoitchi</alt>
		</trans>
	</term>
	<term id="6">
		<trans lang="en">
			<word>music</word>
		</trans>
		<trans lang="ja">
			<word>おんがく</word>
			<alt>ongaku</alt>
		</trans>
	</term>
</glossary>
