<?xml version="1.0"?>
<glossary id="302" name="JBPII-17" author="">
	<desc></desc>
	<term id="1">
		<trans lang="en">
			<word>morning   +</word>
		</trans>
		<trans lang="ja">
			<word>朝</word>
			<alt>asa</alt>
		</trans>
	</term>
	<term id="2">
		<trans lang="en">
			<word>safe   +</word>
		</trans>
		<trans lang="ja">
			<word>安全 [な]</word>
			<alt>anzen</alt>
		</trans>
	</term>
	<term id="3">
		<trans lang="en">
			<word>all the staff, all members</word>
		</trans>
		<trans lang="ja">
			<word>全員</word>
			<alt>zen'in</alt>
		</trans>
	</term>
	<term id="4">
		<trans lang="en">
			<word>a.m., morning   +</word>
		</trans>
		<trans lang="ja">
			<word>午前</word>
			<alt>gozen</alt>
		</trans>
	</term>
	<term id="5">
		<trans lang="en">
			<word>p.m., afternoon</word>
		</trans>
		<trans lang="ja">
			<word>午後</word>
			<alt>gogo</alt>
		</trans>
	</term>
	<term id="6">
		<trans lang="en">
			<word>write, draw   +</word>
		</trans>
		<trans lang="ja">
			<word>書く</word>
			<alt>kaku</alt>
		</trans>
	</term>
	<term id="7">
		<trans lang="en">
			<word>the other day   +</word>
		</trans>
		<trans lang="ja">
			<word>先日</word>
			<alt>senjitsu</alt>
		</trans>
	</term>
	<term id="8">
		<trans lang="en">
			<word>every   +</word>
		</trans>
		<trans lang="ja">
			<word>毎~</word>
			<alt>mai-</alt>
		</trans>
	</term>
	<term id="9">
		<trans lang="en">
			<word>every year</word>
		</trans>
		<trans lang="ja">
			<word>毎年</word>
			<alt>maitoshi</alt>
		</trans>
	</term>
	<term id="10">
		<trans lang="en">
			<word>few, little, scarce   +</word>
		</trans>
		<trans lang="ja">
			<word>少ない</word>
			<alt>sukunai</alt>
		</trans>
	</term>
	<term id="11">
		<trans lang="en">
			<word>a little, some, a few</word>
		</trans>
		<trans lang="ja">
			<word>少し</word>
			<alt>sukoshi</alt>
		</trans>
	</term>
	<term id="12">
		<trans lang="en">
			<word>be born   +</word>
		</trans>
		<trans lang="ja">
			<word>生まれる</word>
			<alt>umareru</alt>
		</trans>
	</term>
	<term id="13">
		<trans lang="en">
			<word>student</word>
		</trans>
		<trans lang="ja">
			<word>学生</word>
			<alt>gakusei</alt>
		</trans>
	</term>
	<term id="14">
		<trans lang="en">
			<word>teacher</word>
		</trans>
		<trans lang="ja">
			<word>先生</word>
			<alt>sensei</alt>
		</trans>
	</term>
	<term id="15">
		<trans lang="en">
			<word>clear weather</word>
		</trans>
		<trans lang="ja">
			<word>はれ</word>
			<alt>hare</alt>
		</trans>
	</term>
	<term id="16">
		<trans lang="en">
			<word>later</word>
		</trans>
		<trans lang="ja">
			<word>後 [の]</word>
			<alt>nochi</alt>
		</trans>
	</term>
	<term id="17">
		<trans lang="en">
			<word>cloudy</word>
		</trans>
		<trans lang="ja">
			<word>くもり [の]</word>
			<alt>kumori</alt>
		</trans>
	</term>
	<term id="18">
		<trans lang="en">
			<word>New Year's Eve</word>
		</trans>
		<trans lang="ja">
			<word>大みそか</word>
			<alt>oomisoka</alt>
		</trans>
	</term>
	<term id="19">
		<trans lang="en">
			<word>fence, wall</word>
		</trans>
		<trans lang="ja">
			<word>へい</word>
			<alt>hei</alt>
		</trans>
	</term>
	<term id="20">
		<trans lang="en">
			<word>character, letter</word>
		</trans>
		<trans lang="ja">
			<word>じ</word>
			<alt>ji</alt>
		</trans>
	</term>
	<term id="21">
		<trans lang="en">
			<word>bad at, inept ("ga")</word>
		</trans>
		<trans lang="ja">
			<word>へた [な]</word>
			<alt>heta</alt>
		</trans>
	</term>
	<term id="22">
		<trans lang="en">
			<word>difficult to ("V(i-stem)")</word>
		</trans>
		<trans lang="ja">
			<word>~にくい</word>
			<alt>-nikui</alt>
		</trans>
	</term>
	<term id="23">
		<trans lang="en">
			<word>family, household</word>
		</trans>
		<trans lang="ja">
			<word>一家</word>
			<alt>ikka</alt>
		</trans>
	</term>
	<term id="24">
		<trans lang="en">
			<word>noodles, buckwheat noodles</word>
		</trans>
		<trans lang="ja">
			<word>そば (food)</word>
			<alt>soba</alt>
		</trans>
	</term>
	<term id="25">
		<trans lang="en">
			<word>night</word>
		</trans>
		<trans lang="ja">
			<word>よる (N)</word>
			<alt>yoru</alt>
		</trans>
	</term>
	<term id="26">
		<trans lang="en">
			<word>usually; usual, ordinary</word>
		</trans>
		<trans lang="ja">
			<word>ふだん [の]</word>
			<alt>fudan</alt>
		</trans>
	</term>
	<term id="27">
		<trans lang="en">
			<word>channel</word>
		</trans>
		<trans lang="ja">
			<word>チャンネル</word>
			<alt>channeru</alt>
		</trans>
	</term>
	<term id="28">
		<trans lang="en">
			<word>one after another, in turn</word>
		</trans>
		<trans lang="ja">
			<word>つぎつぎに</word>
			<alt>tsugitsugini</alt>
		</trans>
	</term>
	<term id="29">
		<trans lang="en">
			<word>noisy, uproarious</word>
		</trans>
		<trans lang="ja">
			<word>さわがしい</word>
			<alt>sawagashii</alt>
		</trans>
	</term>
	<term id="30">
		<trans lang="en">
			<word>show</word>
		</trans>
		<trans lang="ja">
			<word>ショー</word>
			<alt>shoo</alt>
		</trans>
	</term>
	<term id="31">
		<trans lang="en">
			<word>samurai, Japanese warrior</word>
		</trans>
		<trans lang="ja">
			<word>さむらい</word>
			<alt>samurai</alt>
		</trans>
	</term>
	<term id="32">
		<trans lang="en">
			<word>drama, play</word>
		</trans>
		<trans lang="ja">
			<word>げき</word>
			<alt>geki</alt>
		</trans>
	</term>
	<term id="33">
		<trans lang="en">
			<word># th</word>
		</trans>
		<trans lang="ja">
			<word>だい~</word>
			<alt>dai-</alt>
		</trans>
	</term>
	<term id="34">
		<trans lang="en">
			<word>performance, recital</word>
		</trans>
		<trans lang="ja">
			<word>えんそう [する]</word>
			<alt>ensoo</alt>
		</trans>
	</term>
	<term id="35">
		<trans lang="en">
			<word>all over, various districts</word>
		</trans>
		<trans lang="ja">
			<word>かくち</word>
			<alt>kakuchi</alt>
		</trans>
	</term>
	<term id="36">
		<trans lang="en">
			<word>new year</word>
		</trans>
		<trans lang="ja">
			<word>新年</word>
			<alt>shinnen</alt>
		</trans>
	</term>
	<term id="37">
		<trans lang="en">
			<word>factory</word>
		</trans>
		<trans lang="ja">
			<word>工じょう</word>
			<alt>koojoo</alt>
		</trans>
	</term>
	<term id="38">
		<trans lang="en">
			<word>become dirty, be dirty</word>
		</trans>
		<trans lang="ja">
			<word>よごれる</word>
			<alt>yogoreru</alt>
		</trans>
	</term>
	<term id="39">
		<trans lang="en">
			<word>sky</word>
		</trans>
		<trans lang="ja">
			<word>そら</word>
			<alt>sora</alt>
		</trans>
	</term>
	<term id="40">
		<trans lang="en">
			<word>feeling</word>
		</trans>
		<trans lang="ja">
			<word>気持</word>
			<alt>kimochi</alt>
		</trans>
	</term>
	<term id="41">
		<trans lang="en">
			<word>neighborhood</word>
		</trans>
		<trans lang="ja">
			<word>近所</word>
			<alt>kinjo</alt>
		</trans>
	</term>
	<term id="42">
		<trans lang="en">
			<word>rush hour</word>
		</trans>
		<trans lang="ja">
			<word>ラッシュアワー</word>
			<alt>rasshuawaa</alt>
		</trans>
	</term>
	<term id="43">
		<trans lang="en">
			<word>white collar worker</word>
		</trans>
		<trans lang="ja">
			<word>サラリマン</word>
			<alt>sarariman</alt>
		</trans>
	</term>
	<term id="44">
		<trans lang="en">
			<word>printing, print</word>
		</trans>
		<trans lang="ja">
			<word>いんさつ [する]</word>
			<alt>insatsu</alt>
		</trans>
	</term>
	<term id="45">
		<trans lang="en">
			<word>brush, writing brush</word>
		</trans>
		<trans lang="ja">
			<word>ふで</word>
			<alt>fude</alt>
		</trans>
	</term>
	<term id="46">
		<trans lang="en">
			<word>as expected ( = yappari)</word>
		</trans>
		<trans lang="ja">
			<word>やはり</word>
			<alt>yahari</alt>
		</trans>
	</term>
	<term id="47">
		<trans lang="en">
			<word>beautiful</word>
		</trans>
		<trans lang="ja">
			<word>うつくしい</word>
			<alt>utsukushii</alt>
		</trans>
	</term>
	<term id="48">
		<trans lang="en">
			<word>almost, hardly</word>
		</trans>
		<trans lang="ja">
			<word>ほとんど</word>
			<alt>hotondo</alt>
		</trans>
	</term>
	<term id="49">
		<trans lang="en">
			<word>all, every</word>
		</trans>
		<trans lang="ja">
			<word>全部</word>
			<alt>zembu</alt>
		</trans>
	</term>
	<term id="50">
		<trans lang="en">
			<word>lottery</word>
		</trans>
		<trans lang="ja">
			<word>くじ</word>
			<alt>kuji</alt>
		</trans>
	</term>
	<term id="51">
		<trans lang="en">
			<word>with, attached (suff.)</word>
		</trans>
		<trans lang="ja">
			<word>~付き</word>
			<alt>-tsuki</alt>
		</trans>
	</term>
	<term id="52">
		<trans lang="en">
			<word>empty, vacant</word>
		</trans>
		<trans lang="ja">
			<word>から [の]</word>
			<alt>kara</alt>
		</trans>
	</term>
	<term id="53">
		<trans lang="en">
			<word>dance, dancing</word>
		</trans>
		<trans lang="ja">
			<word>ダンス</word>
			<alt>dansu</alt>
		</trans>
	</term>
	<term id="54">
		<trans lang="en">
			<word>pilot</word>
		</trans>
		<trans lang="ja">
			<word>パイロット</word>
			<alt>pairotto</alt>
		</trans>
	</term>
	<term id="55">
		<trans lang="en">
			<word>tax office</word>
		</trans>
		<trans lang="ja">
			<word>ぜいむしょ</word>
			<alt>zeimusho</alt>
		</trans>
	</term>
	<term id="56">
		<trans lang="en">
			<word>large sum, a lot of money</word>
		</trans>
		<trans lang="ja">
			<word>大金</word>
			<alt>taikin</alt>
		</trans>
	</term>
	<term id="57">
		<trans lang="en">
			<word>natto (Jap. food)</word>
		</trans>
		<trans lang="ja">
			<word>なっとう</word>
			<alt>nattoo</alt>
		</trans>
	</term>
	<term id="58">
		<trans lang="en">
			<word>smelly, foul-smelling</word>
		</trans>
		<trans lang="ja">
			<word>くさい</word>
			<alt>kusai</alt>
		</trans>
	</term>
	<term id="59">
		<trans lang="en">
			<word>bitter</word>
		</trans>
		<trans lang="ja">
			<word>にがい</word>
			<alt>nigai</alt>
		</trans>
	</term>
	<term id="60">
		<trans lang="en">
			<word>put on, wear (shoes, ...)</word>
		</trans>
		<trans lang="ja">
			<word>はく</word>
			<alt>haku</alt>
		</trans>
	</term>
	<term id="61">
		<trans lang="en">
			<word>easy to ("V(i-stem)")</word>
		</trans>
		<trans lang="ja">
			<word>~やすい</word>
			<alt>-yasui</alt>
		</trans>
	</term>
	<term id="62">
		<trans lang="en">
			<word>suit</word>
		</trans>
		<trans lang="ja">
			<word>スーツ</word>
			<alt>suutsu</alt>
		</trans>
	</term>
	<term id="63">
		<trans lang="en">
			<word>ring, sound</word>
		</trans>
		<trans lang="ja">
			<word>なる</word>
			<alt>naru</alt>
		</trans>
	</term>
	<term id="64">
		<trans lang="en">
			<word>come in</word>
		</trans>
		<trans lang="ja">
			<word>入って来る</word>
			<alt>haittekuru</alt>
		</trans>
	</term>
	<term id="65">
		<trans lang="en">
			<word>safe, strongbox</word>
		</trans>
		<trans lang="ja">
			<word>金こ</word>
			<alt>kinko</alt>
		</trans>
	</term>
	<term id="66">
		<trans lang="en">
			<word>you (informal, men's speech)</word>
		</trans>
		<trans lang="ja">
			<word>きみ</word>
			<alt>kimi</alt>
		</trans>
	</term>
	<term id="67">
		<trans lang="en">
			<word>not too, not very ( = amari)</word>
		</trans>
		<trans lang="ja">
			<word>あんまり</word>
			<alt>ammari</alt>
		</trans>
	</term>
	<term id="68">
		<trans lang="en">
			<word>New Year's</word>
		</trans>
		<trans lang="ja">
			<word>しょう月</word>
			<alt>shoogatsu</alt>
		</trans>
	</term>
	<term id="69">
		<trans lang="en">
			<word>horrible, nasty</word>
		</trans>
		<trans lang="ja">
			<word>いや [な]</word>
			<alt>iya</alt>
		</trans>
	</term>
	<term id="70">
		<trans lang="en">
			<word>take it easy</word>
		</trans>
		<trans lang="ja">
			<word>のんびりする</word>
			<alt>nombirisuru</alt>
		</trans>
	</term>
</glossary>
