<?xml version="1.0"?>
<glossary id="36" name="Genki 14" author="">
	<desc></desc>
	<term id="658">
		<trans lang="en">
			<word>"stuffed animal (e.g., teddy bear)"</word>
		</trans>
		<trans lang="ja">
			<alt>ぬいぐるみ</alt>
		</trans>
	</term>
	<term id="659">
		<trans lang="en">
			<word>(my) older brother</word>
		</trans>
		<trans lang="ja">
			<word>兄</word>
			<alt>あに</alt>
		</trans>
	</term>
	<term id="660">
		<trans lang="en">
			<word>landlord</word>
		</trans>
		<trans lang="ja">
			<word>大家さん</word>
			<alt>おおやさん</alt>
		</trans>
	</term>
	<term id="661">
		<trans lang="en">
			<word>return (as a token of gratitude)</word>
		</trans>
		<trans lang="ja">
			<word>お返し</word>
			<alt>おかえし</alt>
		</trans>
	</term>
	<term id="662">
		<trans lang="en">
			<word>(your/his) wife</word>
		</trans>
		<trans lang="ja">
			<word>奥さん</word>
			<alt>おくさん</alt>
		</trans>
	</term>
	<term id="663">
		<trans lang="en">
			<word>uncle; middle-aged man</word>
		</trans>
		<trans lang="ja">
			<alt>おじさん</alt>
		</trans>
	</term>
	<term id="664">
		<trans lang="en">
			<word>aunt; middle-aged woman</word>
		</trans>
		<trans lang="ja">
			<alt>おばさん</alt>
		</trans>
	</term>
	<term id="665">
		<trans lang="en">
			<word>club; student society</word>
		</trans>
		<trans lang="ja">
			<alt>クラブ</alt>
		</trans>
	</term>
	<term id="666">
		<trans lang="en">
			<word>Christmas</word>
		</trans>
		<trans lang="ja">
			<alt>クリスマス</alt>
		</trans>
	</term>
	<term id="667">
		<trans lang="en">
			<word>(your/her) husband</word>
		</trans>
		<trans lang="ja">
			<alt>ごしゅじん</alt>
		</trans>
	</term>
	<term id="668">
		<trans lang="en">
			<word>tumbler; glass</word>
		</trans>
		<trans lang="ja">
			<alt>コップ</alt>
		</trans>
	</term>
	<term id="669">
		<trans lang="en">
			<word>plate; dish</word>
		</trans>
		<trans lang="ja">
			<word>皿</word>
			<alt>さら</alt>
		</trans>
	</term>
	<term id="670">
		<trans lang="en">
			<word>time</word>
		</trans>
		<trans lang="ja">
			<word>時間</word>
			<alt>じかん</alt>
		</trans>
	</term>
	<term id="671">
		<trans lang="en">
			<word>chocolate</word>
		</trans>
		<trans lang="ja">
			<alt>チョコレート</alt>
		</trans>
	</term>
	<term id="672">
		<trans lang="en">
			<word>e-mail</word>
		</trans>
		<trans lang="ja">
			<word>電子メール</word>
			<alt>でんしメール</alt>
		</trans>
	</term>
	<term id="673">
		<trans lang="en">
			<word>necktie</word>
		</trans>
		<trans lang="ja">
			<alt>ネクタイ</alt>
		</trans>
	</term>
	<term id="674">
		<trans lang="en">
			<word>(my) mother</word>
		</trans>
		<trans lang="ja">
			<word>母</word>
			<alt>はは</alt>
		</trans>
	</term>
	<term id="675">
		<trans lang="en">
			<word>St. Valentine's Day</word>
		</trans>
		<trans lang="ja">
			<alt>バレンタインデー</alt>
		</trans>
	</term>
	<term id="676">
		<trans lang="en">
			<word>camcorder</word>
		</trans>
		<trans lang="ja">
			<alt>ビデオカメラ</alt>
		</trans>
	</term>
	<term id="677">
		<trans lang="en">
			<word>married couple; husband and wife</word>
		</trans>
		<trans lang="ja">
			<word>夫婦</word>
			<alt>ふうふ</alt>
		</trans>
	</term>
	<term id="678">
		<trans lang="en">
			<word>"White Day" (yet another gift-giving day)"</word>
		</trans>
		<trans lang="ja">
			<alt>ホワイトデー</alt>
		</trans>
	</term>
	<term id="679">
		<trans lang="en">
			<word>winter scarf</word>
		</trans>
		<trans lang="ja">
			<alt>マフラー</alt>
		</trans>
	</term>
	<term id="680">
		<trans lang="en">
			<word>comic book</word>
		</trans>
		<trans lang="ja">
			<word>漫画</word>
			<alt>まんが</alt>
		</trans>
	</term>
	<term id="681">
		<trans lang="en">
			<word>multistory apartment; condominium</word>
		</trans>
		<trans lang="ja">
			<alt>マンション</alt>
		</trans>
	</term>
	<term id="682">
		<trans lang="en">
			<word>mandarin</word>
		</trans>
		<trans lang="ja">
			<alt>みかん</alt>
		</trans>
	</term>
	<term id="683">
		<trans lang="en">
			<word>ring</word>
		</trans>
		<trans lang="ja">
			<word>指輪</word>
			<alt>ゆびわ</alt>
		</trans>
	</term>
	<term id="684">
		<trans lang="en">
			<word>parents</word>
		</trans>
		<trans lang="ja">
			<word>両親</word>
			<alt>りょうしん</alt>
		</trans>
	</term>
	<term id="685">
		<trans lang="en">
			<word>resume</word>
		</trans>
		<trans lang="ja">
			<word>履歴書</word>
			<alt>りれきしょ</alt>
		</trans>
	</term>
	<term id="686">
		<trans lang="en">
			<word>to want</word>
		</trans>
		<trans lang="ja">
			<word>欲しい</word>
			<alt>ほしい</alt>
		</trans>
	</term>
	<term id="687">
		<trans lang="en">
			<word>stingy; cheap</word>
		</trans>
		<trans lang="ja">
			<alt>けち</alt>
		</trans>
	</term>
	<term id="688">
		<trans lang="en">
			<word>to send</word>
		</trans>
		<trans lang="ja">
			<word>送る</word>
			<alt>おくる</alt>
		</trans>
	</term>
	<term id="689">
		<trans lang="en">
			<word>to look good (on somebody)</word>
		</trans>
		<trans lang="ja">
			<word>似合う</word>
			<alt>にあう</alt>
		</trans>
	</term>
	<term id="690">
		<trans lang="en">
			<word>to give up</word>
		</trans>
		<trans lang="ja">
			<alt>あきらめる</alt>
		</trans>
	</term>
	<term id="691">
		<trans lang="en">
			<word>to give (to others)</word>
		</trans>
		<trans lang="ja">
			<alt>あげる</alt>
		</trans>
	</term>
	<term id="692">
		<trans lang="en">
			<word>to give (me)</word>
		</trans>
		<trans lang="ja">
			<alt>くれる</alt>
		</trans>
	</term>
	<term id="693">
		<trans lang="en">
			<word>to come into existence; to be made</word>
		</trans>
		<trans lang="ja">
			<alt>できる</alt>
		</trans>
	</term>
	<term id="694">
		<trans lang="en">
			<word>to consult</word>
		</trans>
		<trans lang="ja">
			<word>相談する</word>
			<alt>そうだんする</alt>
		</trans>
	</term>
	<term id="695">
		<trans lang="en">
			<word>to propose marriage</word>
		</trans>
		<trans lang="ja">
			<alt>プロポーズする</alt>
		</trans>
	</term>
	<term id="696">
		<trans lang="en">
			<word>same</word>
		</trans>
		<trans lang="ja">
			<word>同じ</word>
			<alt>おなじ</alt>
		</trans>
	</term>
	<term id="697">
		<trans lang="en">
			<word>last year</word>
		</trans>
		<trans lang="ja">
			<word>去年</word>
			<alt>きょねん</alt>
		</trans>
	</term>
	<term id="698">
		<trans lang="en">
			<word>we</word>
		</trans>
		<trans lang="ja">
			<word>私たち</word>
			<alt>わたしたち</alt>
		</trans>
	</term>
	<term id="699">
		<trans lang="en">
			<word>exactly</word>
		</trans>
		<trans lang="ja">
			<alt>ちょうど</alt>
		</trans>
	</term>
	<term id="700">
		<trans lang="en">
			<word>well</word>
		</trans>
		<trans lang="ja">
			<alt>よく</alt>
		</trans>
	</term>
	<term id="701">
		<trans lang="en">
			<word>[generic counter for smaller items]</word>
		</trans>
		<trans lang="ja">
			<word>個</word>
			<alt>こ</alt>
		</trans>
	</term>
	<term id="702">
		<trans lang="en">
			<word>[counter for bound volumes]</word>
		</trans>
		<trans lang="ja">
			<word>冊</word>
			<alt>さつ</alt>
		</trans>
	</term>
	<term id="703">
		<trans lang="en">
			<word>[counter for equipment]</word>
		</trans>
		<trans lang="ja">
			<word>台</word>
			<alt>だい</alt>
		</trans>
	</term>
	<term id="704">
		<trans lang="en">
			<word>[counter for smaller animals]</word>
		</trans>
		<trans lang="ja">
			<word>匹</word>
			<alt>ひき</alt>
		</trans>
	</term>
	<term id="705">
		<trans lang="en">
			<word>[counter for long objects]</word>
		</trans>
		<trans lang="ja">
			<word>本</word>
			<alt>ぽん</alt>
		</trans>
	</term>
</glossary>
