<?xml version="1.0"?>
<glossary id="381" name="p119-134" author="Frédéric Bergeron">
	<desc></desc>
	<term id="1">
		<trans lang="es">
			<word>viudo</word>
		</trans>
		<trans lang="fr">
			<word>veuf</word>
		</trans>
	</term>
	<term id="2">
		<trans lang="es">
			<word>gula</word>
		</trans>
		<trans lang="fr">
			<word>gourmandise</word>
		</trans>
		<comment languages="es-fr">Comemos con gula.
Nous mangeons avec gourmandise.</comment>
	</term>
	<term id="3">
		<trans lang="es">
			<word>catadura</word>
		</trans>
		<trans lang="fr">
			<word>tête,gueule (aspect)</word>
		</trans>
		<comment languages="es-fr">aquellos personajes de catadura extraña
ces persoannages à l'aspect douteux</comment>
	</term>
	<term id="4">
		<trans lang="es">
			<word>amparar</word>
		</trans>
		<trans lang="fr">
			<word>protéger</word>
		</trans>
	</term>
	<term id="5">
		<trans lang="es">
			<word>sepultar</word>
		</trans>
		<trans lang="fr">
			<word>ensevelir</word>
		</trans>
	</term>
</glossary>
