<?xml version="1.0"?>
<glossary id="157" name="16" author="Frédéric Bergeron">
	<desc></desc>
	<term id="1">
		<trans lang="es">
			<word>insensato</word>
		</trans>
		<trans lang="fr">
			<word>insensé (n.),fou</word>
		</trans>
	</term>
	<term id="2">
		<trans lang="es">
			<word>sobrellevar</word>
		</trans>
		<trans lang="fr">
			<word>supporter,endurer</word>
		</trans>
	</term>
	<term id="3">
		<trans lang="es">
			<word>estadista</word>
		</trans>
		<trans lang="fr">
			<word>homme d'état</word>
		</trans>
	</term>
	<term id="4">
		<trans lang="es">
			<word>tobillo</word>
		</trans>
		<trans lang="fr">
			<word>cheville</word>
		</trans>
	</term>
	<term id="5">
		<trans lang="es">
			<word>recóndito</word>
		</trans>
		<trans lang="fr">
			<word>caché</word>
		</trans>
	</term>
	<term id="6">
		<trans lang="es">
			<word>genio</word>
		</trans>
		<trans lang="fr">
			<word>génie</word>
		</trans>
		<comment languages="es-fr">Es más difícil hacer entrar al genio en su redoma que sacarlo de ella.
C'est plus difficile de faire rentrer le génie dans sa fiole que de le faire sortir.</comment>
	</term>
	<term id="7">
		<trans lang="es">
			<word>redoma</word>
		</trans>
		<trans lang="fr">
			<word>fiole</word>
		</trans>
		<comment languages="es-fr">Es más difícil hacer entrar al genio en su redoma que sacarlo de ella.
C'est plus difficile de faire rentrer le génie dans sa fiole que de le faire sortir.</comment>
	</term>
	<term id="8">
		<trans lang="es">
			<word>recalcar</word>
		</trans>
		<trans lang="fr">
			<word>appuyer sur,insister sur</word>
		</trans>
	</term>
</glossary>
