<?xml version="1.0"?>
<glossary id="258" name="44" author="Frédéric Bergeron">
	<desc></desc>
	<term id="1">
		<trans lang="en">
			<word>to be sufficient,to be enough</word>
		</trans>
		<trans lang="ja">
			<word>足りる</word>
			<alt>たりる</alt>
		</trans>
	</term>
	<term id="2">
		<trans lang="en">
			<word>trade,business,commerce,transaction (to)</word>
		</trans>
		<trans lang="ja">
			<word>商売(する)</word>
			<alt>しょうばい(する)</alt>
		</trans>
	</term>
	<term id="3">
		<trans lang="en">
			<word>salary,wages</word>
		</trans>
		<trans lang="ja">
			<word>給料</word>
			<alt>きゅうりょう</alt>
		</trans>
	</term>
	<term id="4">
		<trans lang="en">
			<word>commemoration,memory</word>
		</trans>
		<trans lang="ja">
			<word>記念</word>
			<alt>きねん</alt>
		</trans>
	</term>
	<term id="5">
		<trans lang="en">
			<word>commodity,goods,stock,merchandise</word>
		</trans>
		<trans lang="ja">
			<word>商品</word>
			<alt>しょうひん</alt>
		</trans>
	</term>
	<term id="6">
		<trans lang="en">
			<word>sale (to make a)</word>
		</trans>
		<trans lang="ja">
			<word>発売(する)</word>
			<alt>はつばい(する)</alt>
		</trans>
	</term>
	<term id="7">
		<trans lang="en">
			<word>shop,stand</word>
		</trans>
		<trans lang="ja">
			<word>売店</word>
			<alt>ばいてん</alt>
		</trans>
	</term>
	<term id="8">
		<trans lang="en">
			<word>hourly pay,hourly wage</word>
		</trans>
		<trans lang="ja">
			<word>時給</word>
			<alt>じきゅう</alt>
		</trans>
	</term>
	<term id="9">
		<trans lang="en">
			<word>remaining money</word>
		</trans>
		<trans lang="ja">
			<word>残金</word>
			<alt>ざんきん</alt>
		</trans>
	</term>
	<term id="10">
		<trans lang="en">
			<word>chagrin,regret</word>
		</trans>
		<trans lang="ja">
			<word>無念</word>
			<alt>むねん</alt>
		</trans>
	</term>
</glossary>
