<?xml version="1.0"?>
<glossary id="234" name="Was ist los?" author="Frédéric Bergeron">
	<desc></desc>
	<term id="1">
		<trans lang="de">
			<word>... funktioniert nicht.</word>
		</trans>
		<trans lang="fr">
			<word>... ne fonctionne pas.</word>
		</trans>
	</term>
	<term id="2">
		<trans lang="de">
			<word>die Heizung</word>
		</trans>
		<trans lang="fr">
			<word>le chauffage</word>
		</trans>
	</term>
	<term id="3">
		<trans lang="de">
			<word>das Fenster</word>
			<alt>fenstèr</alt>
		</trans>
		<trans lang="fr">
			<word>la fenêtre</word>
		</trans>
	</term>
	<term id="4">
		<trans lang="de">
			<word>der Wasserhahn</word>
		</trans>
		<trans lang="fr">
			<word>le robinet</word>
		</trans>
	</term>
	<term id="5">
		<trans lang="de">
			<word>das Licht</word>
		</trans>
		<trans lang="fr">
			<word>la lumière</word>
		</trans>
	</term>
	<term id="6">
		<trans lang="de">
			<word>die Dusche</word>
		</trans>
		<trans lang="fr">
			<word>la douche</word>
		</trans>
	</term>
	<term id="7">
		<trans lang="de">
			<word>der Schalter</word>
		</trans>
		<trans lang="fr">
			<word>l'interrupteur</word>
		</trans>
	</term>
	<term id="8">
		<trans lang="de">
			<word>Das Zimmer ist ...</word>
		</trans>
		<trans lang="fr">
			<word>La chambre est ...</word>
		</trans>
	</term>
	<term id="9">
		<trans lang="de">
			<word>Das Zimmer ist zu laut.</word>
		</trans>
		<trans lang="fr">
			<word>La chambre est trop bruyante.</word>
		</trans>
	</term>
	<term id="10">
		<trans lang="de">
			<word>Das Zimmer ist zu klein.</word>
		</trans>
		<trans lang="fr">
			<word>La chambre est trop petite.</word>
		</trans>
	</term>
	<term id="11">
		<trans lang="de">
			<word>Das Zimmer ist zu kalt.</word>
		</trans>
		<trans lang="fr">
			<word>La chambre est trop froide.</word>
		</trans>
	</term>
	<term id="12">
		<trans lang="de">
			<word>Das Zimmer ist zu warm.</word>
		</trans>
		<trans lang="fr">
			<word>La chambre est trop chaude.</word>
		</trans>
	</term>
	<term id="13">
		<trans lang="de">
			<word>Das Zimmer ist zu teuer.</word>
		</trans>
		<trans lang="fr">
			<word>La chambre est trop chère.</word>
		</trans>
	</term>
	<term id="14">
		<trans lang="de">
			<word>Es gibt kein/keine/keinen ...</word>
		</trans>
		<trans lang="fr">
			<word>Il n'y a pas de ...</word>
		</trans>
	</term>
	<term id="15">
		<trans lang="de">
			<word>Es gibt kein Telefon.</word>
		</trans>
		<trans lang="fr">
			<word>Il n'y a pas de téléphone.</word>
		</trans>
	</term>
	<term id="16">
		<trans lang="de">
			<word>Es gibt kein Bad.</word>
		</trans>
		<trans lang="fr">
			<word>Il n'y a pas de baignoire.</word>
		</trans>
	</term>
	<term id="17">
		<trans lang="de">
			<word>Es gibt keine Bar.</word>
		</trans>
		<trans lang="fr">
			<word>Il n'y a pas de bar.</word>
		</trans>
	</term>
	<term id="18">
		<trans lang="de">
			<word>Es gibt keinen Fernseher.</word>
		</trans>
		<trans lang="fr">
			<word>Il n'y a pas de télévision.</word>
		</trans>
	</term>
	<term id="19">
		<trans lang="de">
			<word>Die Heizung funktioniert nicht.</word>
		</trans>
		<trans lang="fr">
			<word>Le chauffage ne fonctionne pas.</word>
		</trans>
	</term>
	<term id="20">
		<trans lang="de">
			<word>Das Licht ist kaputt.</word>
		</trans>
		<trans lang="fr">
			<word>La lumière est cassée.</word>
		</trans>
	</term>
	<term id="21">
		<trans lang="de">
			<word>Es kommt gleich jemand.</word>
		</trans>
		<trans lang="fr">
			<word>Quelqu'un arrive tout de suite.</word>
		</trans>
		<comment languages="de-fr">jemand=quelqu'un
gleich=(adv.) tout de suite
</comment>
	</term>
	<term id="22">
		<trans lang="de">
			<word>Welche Zimmernummer haben Sie?</word>
		</trans>
		<trans lang="fr">
			<word>Quel est votre numéro de chambre?</word>
		</trans>
	</term>
	<term id="23">
		<trans lang="de">
			<word>Wie funktioniert ... ?</word>
		</trans>
		<trans lang="fr">
			<word>Comment fonctionne ... ?</word>
		</trans>
	</term>
	<term id="24">
		<trans lang="de">
			<word>Ich nehme es.</word>
		</trans>
		<trans lang="fr">
			<word>Je la prends.</word>
		</trans>
	</term>
	<term id="25">
		<trans lang="de">
			<word>der Zimmerservice</word>
			<alt>tsimmèrservisse</alt>
		</trans>
		<trans lang="fr">
			<word>le service de chambre</word>
		</trans>
	</term>
	<term id="26">
		<trans lang="de">
			<word>Ich habe meinen Schlüssel verloren.</word>
		</trans>
		<trans lang="fr">
			<word>J'ai perdu ma clé.</word>
		</trans>
	</term>
</glossary>
