<?xml version="1.0"?>
<glossary id="283" name="8.2.04" author="Frédéric Bergeron">
	<desc></desc>
	<term id="1">
		<trans lang="en">
			<word>attribute,context</word>
		</trans>
		<trans lang="ja">
			<word>属性</word>
			<alt>ぞくせい</alt>
		</trans>
	</term>
	<term id="2">
		<trans lang="en">
			<word>preparation (to)</word>
		</trans>
		<trans lang="ja">
			<word>用意(する)</word>
			<alt>ようい(する)</alt>
		</trans>
	</term>
	<term id="3">
		<trans lang="en">
			<word>discrimination,discernment,identification</word>
		</trans>
		<trans lang="ja">
			<word>識別</word>
			<alt>しきべつ</alt>
		</trans>
	</term>
	<term id="4">
		<trans lang="en">
			<word>any,arbitrary,optional,pleasure,discretion,free will</word>
		</trans>
		<trans lang="ja">
			<word>任意</word>
			<alt>にんい</alt>
		</trans>
	</term>
</glossary>
