<?xml version="1.0"?>
<glossary id="5" name="06" author="">
	<desc></desc>
	<term id="1">
		<trans lang="en">
			<word>east</word>
		</trans>
		<trans lang="ja">
			<word>東 (8)</word>
			<alt>ひがし；トウ</alt>
		</trans>
		<comment languages="en-ja">東 ; ひがし ; east
東口 ; ひがしぐち ; east exit
東京 ; とうきょう ; Tokyo
南東 ; なんとう ; southeast
東北 ; とうほく ; Tohoku region
中近東 ; ちゅうきんとう ; the Middle and Near East
東京駅 ; とうきょうえき ; Tokyo Station
東大寺 ; とうだいじ ; Todaiji Temple
東京都 ; とうきょうと ; Tokyo (metropolis)
東洋 ; とうよう ; the East; the Orient
関東地方 ; かんとうちほう ; the Kanto District
東海道線 ; とうかいどうせん ; the Tokaido line</comment>
	</term>
	<term id="2">
		<trans lang="en">
			<word>west</word>
		</trans>
		<trans lang="ja">
			<word>西 (6)</word>
			<alt>にし；セイ；サイ</alt>
		</trans>
		<comment languages="en-ja">西 ; にし ; west
西口 ; にしぐち ; west exit
北西 ; ほくせい ; northwest
関西 ; かんさい ; Kansai region
大西洋 ; たいせいよう ; the Atlantic
西洋 ; せいよう ; the West</comment>
	</term>
	<term id="3">
		<trans lang="en">
			<word>south</word>
		</trans>
		<trans lang="ja">
			<word>南 (9)</word>
			<alt>みなみ；ナン</alt>
		</trans>
		<comment languages="en-ja">南 ; みなみ ; south
南口 ; みなみぐち ; south exit
南東 ; なんとう ; southeast</comment>
	</term>
	<term id="4">
		<trans lang="en">
			<word>north</word>
		</trans>
		<trans lang="ja">
			<word>北 (5)</word>
			<alt>きた；ホク；ホッ</alt>
		</trans>
		<comment languages="en-ja">北西 ; ほくせい ; northwest
北 ; きた ; north
北口 ; きたぐち ; north exit
東北 ; とうほく ; Tohoku region
北海道 ; ほっかいどう ; Hokkaido
北山町 ; きたやままち ; Kitayama town
北米 ; ほくべい ; North America
北風 ; きたかぜ ; a north wind</comment>
	</term>
	<term id="5">
		<trans lang="en">
			<word>mouth</word>
		</trans>
		<trans lang="ja">
			<word>口 (3)</word>
			<alt>ぐち；くち；コウ</alt>
		</trans>
		<comment languages="en-ja">東口 ; ひがしぐち ; east exit
西口 ; にしぐち ; west exit
南口 ; みなみぐち ; south exit
北口 ; きたぐち ; north exit
口 ; くち ; mouth
人口 ; じんこう ; population
出口 ; でぐち ; exit
入口 ; いりぐち ; entrance
川口市 ; かわぐちし ; Kawaguchi city
悪口 ; わるくち ; speaking ill of
窓口 ; まどぐち ; a window; a counter</comment>
	</term>
	<term id="6">
		<trans lang="en">
			<word>to exit</word>
		</trans>
		<trans lang="ja">
			<word>出 (5)</word>
			<alt>で；だ；シュッ；シュツ</alt>
		</trans>
		<comment languages="en-ja">出る ; でる ; to exit
出口 ; でぐち ; exit
出す ; だす ; to take something out
出席 ; しゅっせき ; attendance
輸出 ; ゆしゅつ ; export
思い出す ; おもいだす ; to recall
思い出 ; おもいで ; a memory
貸し出し ; かしだし ; loaning out
出席する ; しゅっせきする ; to attend
出発する ; しゅっぱつする ; to depart
引き出し ; ひきだし ; a drawer</comment>
	</term>
	<term id="7">
		<trans lang="en">
			<word>right</word>
		</trans>
		<trans lang="ja">
			<word>右 (5)</word>
			<alt>みぎ；ウ；ユウ</alt>
		</trans>
		<comment languages="en-ja">右 ; みぎ ; right
右折 ; うせつ ; right turn
左右 ; さゆう ; right and left</comment>
	</term>
	<term id="8">
		<trans lang="en">
			<word>left</word>
		</trans>
		<trans lang="ja">
			<word>左 (5)</word>
			<alt>ひだり；サ</alt>
		</trans>
		<comment languages="en-ja">左右 ; さゆう ; right and left
左 ; ひだり ; left
左折 ; させつ ; left turn
左利き ; ひだりきき ; left-handed</comment>
	</term>
	<term id="9">
		<trans lang="en">
			<word>minute; to divide</word>
		</trans>
		<trans lang="ja">
			<word>分 (4)</word>
			<alt>フン；プン；ブン</alt>
		</trans>
		<comment languages="en-ja">一分 ; いっぷん ; one minute
六分 ; ろっぷん ; six minutes
半分 ; はんぶん ; half
五分 ; ごふん ; five minutes
十分 ; じゅっぷん ; ten minutes
自分 ; じぶん ; oneself
気分が悪い ; きぶんがわるい ; to feel sick
分野 ; ぶんや ; realm; field
春分の日 ; しゅんぶんのひ ; the vernal equinox day
秋分の日 ; しゅうぶんのひ ; the autumnal equinox day
分割 ; ぶんかつ ; division
分類する ; ぶんるいする ; to classify</comment>
	</term>
	<term id="10">
		<trans lang="en">
			<word>previous; ahead</word>
		</trans>
		<trans lang="ja">
			<word>先 (6)</word>
			<alt>セン；さき</alt>
		</trans>
		<comment languages="en-ja">先生 ; せんせい ; teacher
先週 ; せんしゅう ; last week
先に ; さきに ; ahead
先週 ; せんしゅう ; last week
連絡先 ; れんらくさき ; contact address
先進国 ; せんしんこく ; advanced nations</comment>
	</term>
	<term id="11">
		<trans lang="en">
			<word>birth</word>
		</trans>
		<trans lang="ja">
			<word>生 (5)</word>
			<alt>セイ；う；ショウ</alt>
		</trans>
		<comment languages="en-ja">一年生 ; いちねんせい ; first-year student
二年生 ; にねんせい ; second-year student
三年生 ; さんねんせい ; third-year student
先生 ; せんせい ; teacher
学生 ; がくせい ; student
生まれる ; うまれる ; to be born
一生に一度 ; いっしょうにいちど ; once in a life time
大学生 ; だいがくせい ; college student
小学生 ; しょうがくせい ; elementary school student
高校生 ; こうこうせい ; high school student
生活 ; せいかつ ; (daily) life
留学生 ; りゅうがくせい ; foreign students
四年生 ; よねんせい ; fourth-year student
生物学 ; せいぶつがく ; biology
生産する ; せいさんする ; to produce
卒業生 ; そつぎょうせい ; a graduate</comment>
	</term>
	<term id="12">
		<trans lang="en">
			<word>big</word>
		</trans>
		<trans lang="ja">
			<word>大 (3)</word>
			<alt>ダイ；おお；タイ</alt>
		</trans>
		<comment languages="en-ja">私立大学 ; しりつだいがく ; private university
大学生 ; だいがくせい ; college student
大きい ; おおきい ; big
大変な ; たいへんな ; tough
大人 ; おとな ; adult
大学 ; だいがく ; university
国立大学 ; こくりつだいがく ; national university
大学院 ; だいがくいん ; graduate school
大使 ; たいし ; ambassador
大阪着 ; おおさかちゃく ; arriving at Osaka
大西洋 ; たいせいよう ; the Atlantic
大切 ; たいせつ ; precious; important
短大 ; たんだい ; a junior college
大雨 ; おおあめ ; heavy rain
東大寺 ; とうだいじ ; Todaiji Temple
大阪府 ; おおさかふ ; Osaka Prefecture
大使館 ; たいしかん ; embassy
大学卒 ; だいがくそつ ; a college graduate
大変 ; たいへん ; very; much</comment>
	</term>
	<term id="13">
		<trans lang="en">
			<word>learning</word>
		</trans>
		<trans lang="ja">
			<word>学 (8)</word>
			<alt>ガク；ガッ；まな</alt>
		</trans>
		<comment languages="en-ja">中学 ; ちゅうがく ; junior high school
私立大学 ; しりつだいがく ; private university
心理学 ; しんりがく ; psychology
学生 ; がくせい ; student
大学生 ; だいがくせい ; college student
大学 ; だいがく ; university
学校 ; がっこう ; school
学ぶ ; まなぶ ; to study
小学校 ; しょうがっこう ; elementary school
小学生 ; しょうがくせい ; elementary school student
中学校 ; ちゅうがこう ; junior high school
文学 ; ぶんがく ; literature
言語学 ; げんごがく ; linguistics
国立大学 ; こくりつだいがく ; national university
大学院 ; だいがくいん ; graduate school
留学生 ; りゅうがくせい ; foreign students
秋学期 ; あきがっき ; fall semester
工学 ; こうがく ; engineering
生物学 ; せいぶつがく ; biology
経済学 ; けいざいがく ; economics
学歴 ; がくれき ; one's educational background
史学 ; しがく ; study of history
数学 ; すうがく ; mathematics
公立学校 ; こうりつがっこう ; public school
科学者 ; かがくしゃ ; a scientist
学者 ; がくしゃ ; a scholar
学期 ; がっき ; a school term
考古学 ; こうこがく ; archaeology
学位 ; がくい ; a degree
民族学 ; みんぞくがく ; ethnology
退学する ; たいがくする ; to leave school
大学卒 ; だいがくそつ ; a college graduate</comment>
	</term>
	<term id="14">
		<trans lang="en">
			<word>outside</word>
		</trans>
		<trans lang="ja">
			<word>外 (5)</word>
			<alt>ガイ；そと</alt>
		</trans>
		<comment languages="en-ja">外国 ; がいこく ; foreign country
外国人 ; がいこくじん ; foreigner
外 ; そと ; outside
海外 ; かいがい ; overseas
外交 ; がいこう ; diplomacy</comment>
	</term>
	<term id="15">
		<trans lang="en">
			<word>country</word>
		</trans>
		<trans lang="ja">
			<word>国 (8)</word>
			<alt>コク；ゴク；くに</alt>
		</trans>
	</term>
</glossary>
