<?xml version="1.0"?>
<glossary id="158" name="18" author="Frédéric Bergeron">
	<desc></desc>
	<term id="1">
		<trans lang="es">
			<word>mercer</word>
		</trans>
		<trans lang="fr">
			<word>bercer,balancer</word>
		</trans>
	</term>
	<term id="2">
		<trans lang="es">
			<word>rocato</word>
		</trans>
		<trans lang="fr">
			<word>modestie</word>
		</trans>
	</term>
	<term id="3">
		<trans lang="es">
			<word>medición</word>
		</trans>
		<trans lang="fr">
			<word>mesure</word>
		</trans>
	</term>
	<term id="4">
		<trans lang="es">
			<word>pormenor</word>
		</trans>
		<trans lang="fr">
			<word>détail</word>
		</trans>
	</term>
</glossary>
