<?xml version="1.0"?>
<glossary id="306" name="JBPI-09" author="">
	<desc></desc>
	<term id="1">
		<trans lang="en">
			<word>superintendent</word>
		</trans>
		<trans lang="ja">
			<word>かんりにん</word>
			<alt>kanrinin</alt>
		</trans>
	</term>
	<term id="2">
		<trans lang="en">
			<word>supermarket</word>
		</trans>
		<trans lang="ja">
			<word>スーパー</word>
			<alt>suupaa</alt>
		</trans>
	</term>
	<term id="3">
		<trans lang="en">
			<word>neighboring, next to</word>
		</trans>
		<trans lang="ja">
			<word>となり [の]</word>
			<alt>tonari</alt>
		</trans>
	</term>
	<term id="4">
		<trans lang="en">
			<word>mail box, post box</word>
		</trans>
		<trans lang="ja">
			<word>ポスト</word>
			<alt>posuto</alt>
		</trans>
	</term>
	<term id="5">
		<trans lang="en">
			<word>be clear, understand ("ga")</word>
		</trans>
		<trans lang="ja">
			<word>わかる</word>
			<alt>wakaru</alt>
		</trans>
	</term>
	<term id="6">
		<trans lang="en">
			<word>building (Jap.)</word>
		</trans>
		<trans lang="ja">
			<word>たてもの</word>
			<alt>tatemono</alt>
		</trans>
	</term>
	<term id="7">
		<trans lang="en">
			<word>lots of, much, many</word>
		</trans>
		<trans lang="ja">
			<word>たくさん</word>
			<alt>takusan</alt>
		</trans>
	</term>
	<term id="8">
		<trans lang="en">
			<word>book shop, book store</word>
		</trans>
		<trans lang="ja">
			<word>ほんや</word>
			<alt>hon'ya</alt>
		</trans>
	</term>
	<term id="9">
		<trans lang="en">
			<word># persons</word>
		</trans>
		<trans lang="ja">
			<word>~にん</word>
			<alt>-nin</alt>
		</trans>
	</term>
	<term id="10">
		<trans lang="en">
			<word>two people   **</word>
		</trans>
		<trans lang="ja">
			<word>ふたり</word>
			<alt>futari</alt>
		</trans>
	</term>
	<term id="11">
		<trans lang="en">
			<word>how many people?</word>
		</trans>
		<trans lang="ja">
			<word>なんにん</word>
			<alt>nannin</alt>
		</trans>
	</term>
	<term id="12">
		<trans lang="en">
			<word>taxi stand</word>
		</trans>
		<trans lang="ja">
			<word>タクシーのりば</word>
			<alt>takushiinoriba</alt>
		</trans>
	</term>
	<term id="13">
		<trans lang="en">
			<word>hospital</word>
		</trans>
		<trans lang="ja">
			<word>びょういん</word>
			<alt>byooin</alt>
		</trans>
	</term>
	<term id="14">
		<trans lang="en">
			<word>ticket</word>
		</trans>
		<trans lang="ja">
			<word>きっぷ</word>
			<alt>kippu</alt>
		</trans>
	</term>
	<term id="15">
		<trans lang="en">
			<word>ticket office, ticket window</word>
		</trans>
		<trans lang="ja">
			<word>きっぷうりば</word>
			<alt>kippuuriba</alt>
		</trans>
	</term>
	<term id="16">
		<trans lang="en">
			<word>entrance</word>
		</trans>
		<trans lang="ja">
			<word>いりぐち</word>
			<alt>iriguchi</alt>
		</trans>
	</term>
	<term id="17">
		<trans lang="en">
			<word>medicine</word>
		</trans>
		<trans lang="ja">
			<word>くすり</word>
			<alt>kusuri</alt>
		</trans>
	</term>
	<term id="18">
		<trans lang="en">
			<word>pharmacy, drug store</word>
		</trans>
		<trans lang="ja">
			<word>くすりや</word>
			<alt>kusuriya</alt>
		</trans>
	</term>
	<term id="19">
		<trans lang="en">
			<word>meat</word>
		</trans>
		<trans lang="ja">
			<word>にく</word>
			<alt>niku</alt>
		</trans>
	</term>
	<term id="20">
		<trans lang="en">
			<word>meat store, butcher</word>
		</trans>
		<trans lang="ja">
			<word>にくや</word>
			<alt>nikuya</alt>
		</trans>
	</term>
	<term id="21">
		<trans lang="en">
			<word>vegetable store, greengrocer</word>
		</trans>
		<trans lang="ja">
			<word>やおや</word>
			<alt>yaoya</alt>
		</trans>
	</term>
	<term id="22">
		<trans lang="en">
			<word>fish</word>
		</trans>
		<trans lang="ja">
			<word>さかな</word>
			<alt>sakana</alt>
		</trans>
	</term>
	<term id="23">
		<trans lang="en">
			<word>fish shop, fish store</word>
		</trans>
		<trans lang="ja">
			<word>さかなや</word>
			<alt>sakanaya</alt>
		</trans>
	</term>
	<term id="24">
		<trans lang="en">
			<word>bread</word>
		</trans>
		<trans lang="ja">
			<word>パン</word>
			<alt>pan</alt>
		</trans>
	</term>
	<term id="25">
		<trans lang="en">
			<word>bread store, bakery</word>
		</trans>
		<trans lang="ja">
			<word>パンや</word>
			<alt>pan'ya</alt>
		</trans>
	</term>
	<term id="26">
		<trans lang="en">
			<word>liquor store</word>
		</trans>
		<trans lang="ja">
			<word>さかや</word>
			<alt>sakaya</alt>
		</trans>
	</term>
	<term id="27">
		<trans lang="en">
			<word>here, this place</word>
		</trans>
		<trans lang="ja">
			<word>ここ</word>
			<alt>koko</alt>
		</trans>
	</term>
	<term id="28">
		<trans lang="en">
			<word>there, that place</word>
		</trans>
		<trans lang="ja">
			<word>そこ</word>
			<alt>soko</alt>
		</trans>
	</term>
	<term id="29">
		<trans lang="en">
			<word>glasses, eye glasses</word>
		</trans>
		<trans lang="ja">
			<word>めがね</word>
			<alt>megane</alt>
		</trans>
	</term>
	<term id="30">
		<trans lang="en">
			<word>room</word>
		</trans>
		<trans lang="ja">
			<word>へや</word>
			<alt>heya</alt>
		</trans>
	</term>
	<term id="31">
		<trans lang="en">
			<word>bus terminal, bus stop</word>
		</trans>
		<trans lang="ja">
			<word>バスのりば</word>
			<alt>basunoriba</alt>
		</trans>
	</term>
	<term id="32">
		<trans lang="en">
			<word>ticket gate</word>
		</trans>
		<trans lang="ja">
			<word>かいさつぐち</word>
			<alt>kaisatsuguchi</alt>
		</trans>
	</term>
	<term id="33">
		<trans lang="en">
			<word>police box</word>
		</trans>
		<trans lang="ja">
			<word>こうばん</word>
			<alt>kooban</alt>
		</trans>
	</term>
	<term id="34">
		<trans lang="en">
			<word>why?, how?</word>
		</trans>
		<trans lang="ja">
			<word>どうして</word>
			<alt>dooshite</alt>
		</trans>
	</term>
	<term id="35">
		<trans lang="en">
			<word>airplane</word>
		</trans>
		<trans lang="ja">
			<word>ひこうき</word>
			<alt>hikooki</alt>
		</trans>
	</term>
</glossary>
