<?xml version="1.0"?>
<glossary id="17" name="0.2" author="Frédéric Bergeron">
	<desc></desc>
	<term id="1">
		<trans lang="en">
			<word>target,object (of worship, study, etc),subject (of taxation, etc) (to)</word>
		</trans>
		<trans lang="ja">
			<word>対象(する)</word>
			<alt>たいしょう(する)</alt>
		</trans>
		<comment languages="en-ja">この辞書は高校生を対象としたものです。
This dictionary is primarily intended for high school students.

若者を対象にした本が近頃良く売れる。
Books for young people sell well these days.</comment>
	</term>
	<term id="2">
		<trans lang="en">
			<word>knowledge,information</word>
		</trans>
		<trans lang="ja">
			<word>知識</word>
			<alt>ちしき</alt>
		</trans>
	</term>
	<term id="3">
		<trans lang="en">
			<word>experience (to)</word>
		</trans>
		<trans lang="ja">
			<word>経験(する)</word>
			<alt>けいけん(する)</alt>
		</trans>
	</term>
	<term id="4">
		<trans lang="en">
			<word>as much as possible</word>
		</trans>
		<trans lang="ja">
			<word>成るべく</word>
			<alt>なるべく</alt>
		</trans>
		<comment languages="en-ja">なるべくゆっくり話してもらえますか。
Could you speak as slowly as possible?</comment>
	</term>
	<term id="5">
		<trans lang="en">
			<word>preparation,preliminaries,reserve,spare</word>
		</trans>
		<trans lang="ja">
			<word>予備</word>
			<alt>よび</alt>
		</trans>
		<comment languages="en-ja">ところで、予備の電池はあるの？
By the way, do you have any spare batteries?

私達はその食料のうちの少しを予備に取っておくべきだ。
We should hold some of food in reserve.

予備の枕をください。
I need an extra pillow.</comment>
	</term>
	<term id="6">
		<trans lang="en">
			<word>source of electricity,power (button on TV, etc.)</word>
		</trans>
		<trans lang="ja">
			<word>電源</word>
			<alt>でんげん</alt>
		</trans>
	</term>
	<term id="7">
		<trans lang="en">
			<word>to omit,to eliminate,to curtail,to economize</word>
		</trans>
		<trans lang="ja">
			<word>省く</word>
			<alt>はぶく</alt>
		</trans>
		<comment languages="en-ja">あなたが手伝ってくれれば、大いに手間が省ける。
Your help will save us a lot of work.

あなたはこの二行を省くべきだ。
You should leave out these two line.</comment>
	</term>
	<term id="8">
		<trans lang="en">
			<word>for the present,once,in outline</word>
		</trans>
		<trans lang="ja">
			<word>一まず</word>
			<alt>ひとまず</alt>
		</trans>
	</term>
	<term id="9">
		<trans lang="en">
			<word>hypothesis,supposition,assumption (to)</word>
		</trans>
		<trans lang="ja">
			<word>想定(する)</word>
			<alt>そうてい(する)</alt>
		</trans>
	</term>
	<term id="10">
		<trans lang="en">
			<word>operation,management,processing (to)</word>
		</trans>
		<trans lang="ja">
			<word>操作(する)</word>
			<alt>そうさ(する)</alt>
		</trans>
	</term>
	<term id="11">
		<trans lang="en">
			<word>text,script,this book</word>
		</trans>
		<trans lang="ja">
			<word>本書</word>
			<alt>ほんしょ</alt>
		</trans>
	</term>
	<term id="12">
		<trans lang="en">
			<word>dedication,mental attitude</word>
		</trans>
		<trans lang="ja">
			<word>心がけ</word>
			<alt>こころがけ</alt>
		</trans>
	</term>
	<term id="13">
		<trans lang="en">
			<word>elements,rudiments,ABC's of..</word>
		</trans>
		<trans lang="ja">
			<word>初歩</word>
			<alt>しょほ</alt>
		</trans>
	</term>
	<term id="14">
		<trans lang="en">
			<word>reader</word>
		</trans>
		<trans lang="ja">
			<word>読者</word>
			<alt>どくしゃ</alt>
		</trans>
		<comment languages="en-ja">対象読者について。
About the target readers.</comment>
	</term>
</glossary>
