<?xml version="1.0"?>
<glossary id="406" name="p249-251" author="Frédéric Bergeron">
	<desc></desc>
	<term id="1">
		<trans lang="es">
			<word>tajar</word>
		</trans>
		<trans lang="fr">
			<word>couper,trancher</word>
		</trans>
	</term>
	<term id="2">
		<trans lang="es">
			<word>refriega</word>
		</trans>
		<trans lang="fr">
			<word>combat,engagement</word>
		</trans>
	</term>
	<term id="3">
		<trans lang="es">
			<word>derramar</word>
		</trans>
		<trans lang="fr">
			<word>répendre,verser</word>
		</trans>
	</term>
</glossary>
