<?xml version="1.0"?>
<glossary id="206" name="Woher kommen Sie?" author="Frédéric Bergeron">
	<desc></desc>
	<term id="1">
		<trans lang="de">
			<word>Woher kommen Sie?</word>
		</trans>
		<trans lang="fr">
			<word>D'où venez-vous?</word>
		</trans>
	</term>
	<term id="2">
		<trans lang="de">
			<word>Ich komme aus...</word>
		</trans>
		<trans lang="fr">
			<word>Je viens de...</word>
		</trans>
	</term>
	<term id="3">
		<trans lang="de">
			<word>Frankreich</word>
		</trans>
		<trans lang="fr">
			<word>France</word>
		</trans>
	</term>
	<term id="4">
		<trans lang="de">
			<word>Franzose</word>
		</trans>
		<trans lang="fr">
			<word>Français (un)</word>
		</trans>
	</term>
	<term id="5">
		<trans lang="de">
			<word>Französin</word>
		</trans>
		<trans lang="fr">
			<word>Française (une)</word>
		</trans>
	</term>
	<term id="6">
		<trans lang="de">
			<word>Deutschland</word>
		</trans>
		<trans lang="fr">
			<word>Allemagne</word>
		</trans>
	</term>
	<term id="7">
		<trans lang="de">
			<word>Österreich</word>
		</trans>
		<trans lang="fr">
			<word>Autriche</word>
		</trans>
	</term>
</glossary>
