<?xml version="1.0"?>
<glossary id="10" name="06" author="Frédéric Bergeron">
	<desc></desc>
	<term id="1">
		<trans lang="en">
			<word>tableware</word>
		</trans>
		<trans lang="ja">
			<word>食器</word>
			<alt>しょっき</alt>
		</trans>
		<comment languages="en-ja">お手伝いさんはすぐに食卓から食器をかたづけた。
The maid immediately cleaned the dishes from the table.

私は食器を洗っています。
I'm washing the dishes.</comment>
	</term>
	<term id="2">
		<trans lang="en">
			<word>school lunch,providing a meal</word>
		</trans>
		<trans lang="ja">
			<word>給食</word>
			<alt>きゅうしょく</alt>
		</trans>
		<comment languages="en-ja">給食の食器を片付ける。
They're putting the school lunch's dishes away.</comment>
	</term>
	<term id="3">
		<trans lang="en">
			<word>subject,curriculum,course</word>
		</trans>
		<trans lang="ja">
			<word>課目</word>
			<alt>かもく</alt>
		</trans>
		<comment languages="en-ja">新しい課目の学習を始る。
They begin to study the new course.</comment>
	</term>
	<term id="4">
		<trans lang="en">
			<word>kindergarten pupil</word>
		</trans>
		<trans lang="ja">
			<word>園児</word>
			<alt>えんじ</alt>
		</trans>
		<comment languages="en-ja">園児達は公園で遊んでいる。
The kindergarden kids are playing in the park.</comment>
	</term>
	<term id="5">
		<trans lang="en">
			<word>pollen</word>
		</trans>
		<trans lang="ja">
			<word>花粉</word>
			<alt>かふん</alt>
		</trans>
		<comment languages="en-ja">私は花粉アレルギーだ。
I am allergic to pollen.</comment>
	</term>
	<term id="6">
		<trans lang="en">
			<word>subject,theme,task</word>
		</trans>
		<trans lang="ja">
			<word>課題</word>
			<alt>かだい</alt>
		</trans>
		<comment languages="en-ja">その課題に関しては、あとで議論しよう。
As to that subject, we will discuss it later.

その学生は自分の課題に専念した。
The student concentrated on his subject.</comment>
	</term>
	<term id="7">
		<trans lang="en">
			<word>magnet</word>
		</trans>
		<trans lang="ja">
			<word>磁石</word>
			<alt>じしゃく</alt>
		</trans>
	</term>
	<term id="8">
		<trans lang="en">
			<word>daily lesson/work/routine</word>
		</trans>
		<trans lang="ja">
			<word>日課</word>
			<alt>にっか</alt>
		</trans>
	</term>
</glossary>
