<?xml version="1.0"?>
<glossary id="279" name="8.1.01" author="Frédéric Bergeron">
	<desc></desc>
	<term id="1">
		<trans lang="en">
			<word>receipt,acceptance,reception (desk),information desk</word>
		</trans>
		<trans lang="ja">
			<word>受け付け</word>
			<alt>うけつけ</alt>
		</trans>
		<comment languages="en-ja">同じメッセージを受け付けます。
They accept the same messages.</comment>
	</term>
	<term id="2">
		<trans lang="en">
			<word>create,generate,form</word>
		</trans>
		<trans lang="ja">
			<word>生成</word>
			<alt>せいせい</alt>
		</trans>
		<comment languages="en-ja">新しいオブジェクトを生成する。
We create new objects.</comment>
	</term>
	<term id="3">
		<trans lang="en">
			<word>representation,notation</word>
		</trans>
		<trans lang="ja">
			<word>表記法</word>
			<alt>ひょうきほう</alt>
		</trans>
	</term>
</glossary>
