<?xml version="1.0"?>
<glossary id="233" name="Ich möchte..." author="Frédéric Bergeron">
	<desc></desc>
	<term id="1">
		<trans lang="de">
			<word>Haben Sie ein Familienzimmer?</word>
		</trans>
		<trans lang="fr">
			<word>Avez-vous une chambre familiale?</word>
		</trans>
	</term>
	<term id="2">
		<trans lang="de">
			<word>Haben Sie ein Zweibettzimmer?</word>
		</trans>
		<trans lang="fr">
			<word>Avez-vous une chambre à deux lits?</word>
		</trans>
	</term>
	<term id="3">
		<trans lang="de">
			<word>Haben Sie ein Dreibettzimmer?</word>
		</trans>
		<trans lang="fr">
			<word>Avez-vous une chambre à trois lits?</word>
		</trans>
	</term>
	<term id="4">
		<trans lang="de">
			<word>Haben Sie etwas Billigeres?</word>
		</trans>
		<trans lang="fr">
			<word>Avez-vous quelque chose de moins cher?</word>
		</trans>
	</term>
	<term id="5">
		<trans lang="de">
			<word>Haben Sie eine Garage?</word>
		</trans>
		<trans lang="fr">
			<word>Avez-vous un garage?</word>
		</trans>
	</term>
	<term id="6">
		<trans lang="de">
			<word>Haben Sie ein Zimmer mit Balkon?</word>
		</trans>
		<trans lang="fr">
			<word>Avez-vous une chambre avec balcon?</word>
		</trans>
	</term>
	<term id="7">
		<trans lang="de">
			<word>Haben Sie ein Zimmer mit Fernseher?</word>
		</trans>
		<trans lang="fr">
			<word>Avez-vous une chambre avec télévision?</word>
		</trans>
	</term>
	<term id="8">
		<trans lang="de">
			<word>Haben Sie ein Zimmer mit Telefon?</word>
		</trans>
		<trans lang="fr">
			<word>Avez-vous une chambre avec téléphone?</word>
		</trans>
	</term>
	<term id="9">
		<trans lang="de">
			<word>Ich möchte nach Frankreich anrufen.</word>
		</trans>
		<trans lang="fr">
			<word>J'aimerais appeler la France.</word>
		</trans>
	</term>
	<term id="10">
		<trans lang="de">
			<word>Ich möchte im Zimmer frühstücken.</word>
		</trans>
		<trans lang="fr">
			<word>J'aimerais prendre le petit déjeuner dans ma chambre.</word>
		</trans>
	</term>
	<term id="11">
		<trans lang="de">
			<word>Ich möchte das Fenster öffnen.</word>
		</trans>
		<trans lang="fr">
			<word>J'aimerais ouvrir la fenêtre.</word>
		</trans>
	</term>
	<term id="12">
		<trans lang="de">
			<word>Ich möchte Heizung ausmachen.</word>
		</trans>
		<trans lang="fr">
			<word>J'aimerais éteindre le chauffage.</word>
		</trans>
	</term>
	<term id="13">
		<trans lang="de">
			<word>Ich möchte zahlen.</word>
		</trans>
		<trans lang="fr">
			<word>J'aimerais payer.</word>
		</trans>
	</term>
	<term id="14">
		<trans lang="de">
			<word>Ich möchte eine Quittung.</word>
		</trans>
		<trans lang="fr">
			<word>J'aimerais un reçu.</word>
		</trans>
	</term>
	<term id="15">
		<trans lang="de">
			<word>Gibt es ... ?</word>
		</trans>
		<trans lang="fr">
			<word>Y a-t-il ... ?</word>
		</trans>
	</term>
	<term id="16">
		<trans lang="de">
			<word>Gibt es eine Garage?</word>
		</trans>
		<trans lang="fr">
			<word>Y a-t-il un garage?</word>
		</trans>
	</term>
	<term id="17">
		<trans lang="de">
			<word>Gibt es eine Tiefgarage?</word>
		</trans>
		<trans lang="fr">
			<word>Y a-t-il un garage souterrain?</word>
		</trans>
	</term>
	<term id="18">
		<trans lang="de">
			<word>Gibt es einen Parkplatz?</word>
		</trans>
		<trans lang="fr">
			<word>Y a-t-il un parking?</word>
		</trans>
	</term>
	<term id="19">
		<trans lang="de">
			<word>Gibt es ein Schwimmbad?</word>
		</trans>
		<trans lang="fr">
			<word>Y a-t-il une piscine?</word>
		</trans>
	</term>
	<term id="20">
		<trans lang="de">
			<word>Gibt es einen Fitnessraum?</word>
		</trans>
		<trans lang="fr">
			<word>Y a-t-il une salle de remise en forme?</word>
		</trans>
	</term>
	<term id="21">
		<trans lang="de">
			<word>Gibt es eine Bar?</word>
		</trans>
		<trans lang="fr">
			<word>Y a-t-il un bar?</word>
		</trans>
	</term>
	<term id="22">
		<trans lang="de">
			<word>Gibt es ein Restaurant?</word>
		</trans>
		<trans lang="fr">
			<word>Y a-t-il un restaurant?</word>
		</trans>
	</term>
	<term id="23">
		<trans lang="de">
			<word>Gibt es ein Telefon im Zimmer?</word>
		</trans>
		<trans lang="fr">
			<word>Y a-t-il un téléphone dans la chambre?</word>
		</trans>
	</term>
	<term id="24">
		<trans lang="de">
			<word>Würden Sie mich um ... wecken?</word>
		</trans>
		<trans lang="fr">
			<word>Pourriez-vous me réveiller à ... ?</word>
		</trans>
	</term>
	<term id="25">
		<trans lang="de">
			<word>Nehmen Sie (Kredit) Karten?</word>
		</trans>
		<trans lang="fr">
			<word>Prenez-vous les cartes (de crédit)?</word>
		</trans>
	</term>
	<term id="26">
		<trans lang="de">
			<word>Unterschreiben Sie hier.</word>
		</trans>
		<trans lang="fr">
			<word>Signez ici.</word>
		</trans>
	</term>
</glossary>
