<?xml version="1.0"?>
<glossary id="125" name="6.04" author="Frédéric Bergeron">
	<desc></desc>
	<term id="1">
		<trans lang="en">
			<word>something definitely settled</word>
		</trans>
		<trans lang="ja">
			<word>一定</word>
			<alt>いちじょう</alt>
		</trans>
	</term>
	<term id="2">
		<trans lang="en">
			<word>initial value</word>
		</trans>
		<trans lang="ja">
			<word>初期値</word>
			<alt>しょきち</alt>
		</trans>
	</term>
	<term id="3">
		<trans lang="en">
			<word>to produce,to yield,to result from</word>
		</trans>
		<trans lang="ja">
			<word>生じる</word>
			<alt>しょうじる</alt>
		</trans>
		<comment languages="en-ja">

</comment>
	</term>
</glossary>
