<?xml version="1.0"?>
<glossary id="330" name="JCS2-17" author="">
	<desc></desc>
	<term id="1">
		<trans lang="en">
			<word>population   +</word>
		</trans>
		<trans lang="ja">
			<word>人口</word>
			<alt>jinkoo</alt>
		</trans>
	</term>
	<term id="2">
		<trans lang="en">
			<word>hand   +</word>
		</trans>
		<trans lang="ja">
			<word>手</word>
			<alt>te</alt>
		</trans>
	</term>
	<term id="3">
		<trans lang="en">
			<word>letter</word>
		</trans>
		<trans lang="ja">
			<word>手がみ</word>
			<alt>tegami</alt>
		</trans>
	</term>
	<term id="4">
		<trans lang="en">
			<word>stamp, postage stamp</word>
		</trans>
		<trans lang="ja">
			<word>きっ手</word>
			<alt>kitte</alt>
		</trans>
	</term>
	<term id="5">
		<trans lang="en">
			<word>skilful, good at ("N ga")</word>
		</trans>
		<trans lang="ja">
			<word>上手 [な]</word>
			<alt>joozu</alt>
		</trans>
	</term>
	<term id="6">
		<trans lang="en">
			<word>inept, bad at ("N ga")</word>
		</trans>
		<trans lang="ja">
			<word>下手 [な]</word>
			<alt>heta</alt>
		</trans>
	</term>
	<term id="7">
		<trans lang="en">
			<word>karate (Jap. martial art)</word>
		</trans>
		<trans lang="ja">
			<word>から手</word>
			<alt>karate</alt>
		</trans>
	</term>
	<term id="8">
		<trans lang="en">
			<word>mind, heart   +</word>
		</trans>
		<trans lang="ja">
			<word>心</word>
			<alt>kokoro</alt>
		</trans>
	</term>
	<term id="9">
		<trans lang="en">
			<word>think, believe   +</word>
		</trans>
		<trans lang="ja">
			<word>思う</word>
			<alt>omou</alt>
		</trans>
	</term>
	<term id="10">
		<trans lang="en">
			<word>consideration, thoughtfulness</word>
		</trans>
		<trans lang="ja">
			<word>思いやり</word>
			<alt>omoiyari</alt>
		</trans>
	</term>
	<term id="11">
		<trans lang="en">
			<word>bicycle, bike   +</word>
		</trans>
		<trans lang="ja">
			<word>自転車</word>
			<alt>jitensha</alt>
		</trans>
	</term>
	<term id="12">
		<trans lang="en">
			<word>oneself</word>
		</trans>
		<trans lang="ja">
			<word>自分</word>
			<alt>jibun</alt>
		</trans>
	</term>
	<term id="13">
		<trans lang="en">
			<word>may (permission)</word>
		</trans>
		<trans lang="ja">
			<word>~もいい</word>
			<alt>-mo i</alt>
		</trans>
	</term>
	<term id="15">
		<trans lang="en">
			<word>not have to (concession)</word>
		</trans>
		<trans lang="ja">
			<word>~なくてもいい</word>
			<alt>-nakutemo ii</alt>
		</trans>
	</term>
	<term id="17">
		<trans lang="en">
			<word>should not, must not (prohibition)</word>
		</trans>
		<trans lang="ja">
			<word>~はいけない</word>
			<alt>-wa ikenai</alt>
		</trans>
	</term>
	<term id="19">
		<trans lang="en">
			<word>should, must (obligation)</word>
		</trans>
		<trans lang="ja">
			<word>~なくてはいけない</word>
			<alt>-nakutewa ikenai</alt>
		</trans>
	</term>
	<term id="21">
		<trans lang="en">
			<word>by (time)</word>
		</trans>
		<trans lang="ja">
			<word>までに</word>
			<alt>madeni</alt>
		</trans>
	</term>
	<term id="22">
		<trans lang="en">
			<word>quit, stop (s.th.)</word>
		</trans>
		<trans lang="ja">
			<word>やめる</word>
			<alt>yameru</alt>
		</trans>
	</term>
	<term id="23">
		<trans lang="en">
			<word>handwriting, handwritten</word>
		</trans>
		<trans lang="ja">
			<word>手書き [の]</word>
			<alt>tegaki</alt>
		</trans>
	</term>
	<term id="24">
		<trans lang="en">
			<word>be late (for: "N ni")</word>
		</trans>
		<trans lang="ja">
			<word>おくれる</word>
			<alt>okureru</alt>
		</trans>
	</term>
	<term id="25">
		<trans lang="en">
			<word>take off (clothing)</word>
		</trans>
		<trans lang="ja">
			<word>ぬぐ</word>
			<alt>nugu</alt>
		</trans>
	</term>
	<term id="26">
		<trans lang="en">
			<word>entrance, doorway</word>
		</trans>
		<trans lang="ja">
			<word>入口</word>
			<alt>iriguchi</alt>
		</trans>
	</term>
	<term id="27">
		<trans lang="en">
			<word>review</word>
		</trans>
		<trans lang="ja">
			<word>ふくしゅう [する]</word>
			<alt>fukushuu</alt>
		</trans>
	</term>
	<term id="28">
		<trans lang="en">
			<word>bathroom, toilet</word>
		</trans>
		<trans lang="ja">
			<word>トイレ</word>
			<alt>toire</alt>
		</trans>
	</term>
	<term id="29">
		<trans lang="en">
			<word>return (s.th.)</word>
		</trans>
		<trans lang="ja">
			<word>かえす</word>
			<alt>kaesu</alt>
		</trans>
	</term>
	<term id="30">
		<trans lang="en">
			<word>notebook</word>
		</trans>
		<trans lang="ja">
			<word>ノート</word>
			<alt>nooto</alt>
		</trans>
	</term>
	<term id="31">
		<trans lang="en">
			<word>sandwich</word>
		</trans>
		<trans lang="ja">
			<word>サンドイッチ</word>
			<alt>sandoitchi</alt>
		</trans>
	</term>
	<term id="32">
		<trans lang="en">
			<word>but (= "keredomo")</word>
		</trans>
		<trans lang="ja">
			<word>けど</word>
			<alt>kedo</alt>
		</trans>
	</term>
	<term id="33">
		<trans lang="en">
			<word>suit</word>
		</trans>
		<trans lang="ja">
			<word>スーツ</word>
			<alt>suutsu</alt>
		</trans>
	</term>
	<term id="34">
		<trans lang="en">
			<word>cigarette</word>
		</trans>
		<trans lang="ja">
			<word>たばこ</word>
			<alt>tabako</alt>
		</trans>
	</term>
	<term id="35">
		<trans lang="en">
			<word>inhale, smoke</word>
		</trans>
		<trans lang="ja">
			<word>すう</word>
			<alt>suu</alt>
		</trans>
	</term>
	<term id="36">
		<trans lang="en">
			<word>cut class, loaf ("N wo")</word>
		</trans>
		<trans lang="ja">
			<word>さぼる</word>
			<alt>saboru</alt>
		</trans>
	</term>
	<term id="37">
		<trans lang="en">
			<word>day after tomorrow</word>
		</trans>
		<trans lang="ja">
			<word>あさって</word>
			<alt>asatte</alt>
		</trans>
	</term>
	<term id="38">
		<trans lang="en">
			<word>interview</word>
		</trans>
		<trans lang="ja">
			<word>めんせつ [する]</word>
			<alt>mensetsu</alt>
		</trans>
	</term>
	<term id="39">
		<trans lang="en">
			<word>invitation, invite</word>
		</trans>
		<trans lang="ja">
			<word>しょう待 [する]</word>
			<alt>shootai</alt>
		</trans>
	</term>
	<term id="40">
		<trans lang="en">
			<word>invitation (letter, card)</word>
		</trans>
		<trans lang="ja">
			<word>しょう待じょう</word>
			<alt>shootaijoo</alt>
		</trans>
	</term>
	<term id="41">
		<trans lang="en">
			<word>printing, print</word>
		</trans>
		<trans lang="ja">
			<word>いんさつ [する]</word>
			<alt>insatsu</alt>
		</trans>
	</term>
	<term id="42">
		<trans lang="en">
			<word>foot, leg   +</word>
		</trans>
		<trans lang="ja">
			<word>足</word>
			<alt>ashi</alt>
		</trans>
	</term>
	<term id="43">
		<trans lang="en">
			<word>eye   +</word>
		</trans>
		<trans lang="ja">
			<word>目</word>
			<alt>me</alt>
		</trans>
	</term>
	<term id="44">
		<trans lang="en">
			<word>body   +</word>
		</trans>
		<trans lang="ja">
			<word>体</word>
			<alt>karada</alt>
		</trans>
	</term>
</glossary>
