<?xml version="1.0"?>
<glossary id="14" name="0.1" author="Frédéric Bergeron">
	<desc></desc>
	<term id="1">
		<trans lang="en">
			<word>introduction (to introduce)</word>
		</trans>
		<trans lang="ja">
			<word>紹介(する)</word>
			<alt>しょうかい(する)</alt>
		</trans>
		<comment languages="en-ja">Rubyについて簡単に紹介しておきましょう。
Let's introduce ourselves slowly to Ruby.</comment>
	</term>
	<term id="2">
		<trans lang="en">
			<word>execution (to execute)</word>
		</trans>
		<trans lang="ja">
			<word>実行(する)</word>
			<alt>じっこう(する)</alt>
		</trans>
	</term>
	<term id="3">
		<trans lang="en">
			<word>instruction (to instruct)</word>
		</trans>
		<trans lang="ja">
			<word>命令(する)</word>
			<alt>めいれい(する)</alt>
		</trans>
		<comment languages="en-ja">機械命令に翻訳する。
It translates machine instructions.</comment>
	</term>
	<term id="4">
		<trans lang="en">
			<word>work,operation</word>
		</trans>
		<trans lang="ja">
			<word>作業</word>
			<alt>さぎょう</alt>
		</trans>
		<comment languages="en-ja">｢コンパイル」という作業が必要になります。
We need to do the operation called "Compilation".</comment>
	</term>
	<term id="5">
		<trans lang="en">
			<word>easy,simple,informal,offhand,cheap</word>
		</trans>
		<trans lang="ja">
			<word>手軽</word>
			<alt>てがる</alt>
		</trans>
		<comment languages="en-ja">プログラミングを手軽に楽しむことができる。
We can enjoy programming easily.</comment>
	</term>
	<term id="6">
		<trans lang="en">
			<word>OO (object oriented)</word>
		</trans>
		<trans lang="ja">
			<word>指向</word>
			<alt>しこう</alt>
		</trans>
	</term>
	<term id="7">
		<trans lang="en">
			<word>plan,design (to)</word>
		</trans>
		<trans lang="ja">
			<word>設計(する)</word>
			<alt>せっけい(する)</alt>
		</trans>
		<comment languages="en-ja">新しい言語を設計している。
He is designing a new language.</comment>
	</term>
	<term id="8">
		<trans lang="en">
			<word>development,exploitation (to)</word>
		</trans>
		<trans lang="ja">
			<word>開発(する)</word>
			<alt>かいはつ(する)</alt>
		</trans>
	</term>
	<term id="9">
		<trans lang="en">
			<word>consistency,coherence,integration</word>
		</trans>
		<trans lang="ja">
			<word>一貫</word>
			<alt>いっかん</alt>
		</trans>
		<comment languages="en-ja">すべてデータは一貫してオブゲクトとし表現されている。
All the data are consistently expressed as objects.</comment>
	</term>
	<term id="10">
		<trans lang="en">
			<word>expression,presentation,representation (to)</word>
		</trans>
		<trans lang="ja">
			<word>表現(する)</word>
			<alt>ひょうげん(する)</alt>
		</trans>
		<comment languages="en-ja">すべてデータは一貫してオブゲクトとし表現されている。
All the data are consistently expressed as objects.</comment>
	</term>
	<term id="11">
		<trans lang="en">
			<word>obedient,meek,docile,unaffected,frank</word>
		</trans>
		<trans lang="ja">
			<word>素直</word>
			<alt>すなお</alt>
		</trans>
		<comment languages="en-ja">彼は実に素直な人だ。
He is an extremely frank person.</comment>
	</term>
	<term id="12">
		<trans lang="en">
			<word>describing,descriptor (to)</word>
		</trans>
		<trans lang="ja">
			<word>記述(する)</word>
			<alt>きじゅつ(する)</alt>
		</trans>
		<comment languages="en-ja">彼は何が起こったのか正確に記述した。
He described exactly what happened.
[Seems to be used for written reports, not oral ones.]</comment>
	</term>
	<term id="13">
		<trans lang="en">
			<word>inheritance,succession,accession (to)</word>
		</trans>
		<trans lang="ja">
			<word>継承(する)</word>
			<alt>けいしょう(する)</alt>
		</trans>
	</term>
	<term id="14">
		<trans lang="en">
			<word>to be endowed with,to possess</word>
		</trans>
		<trans lang="ja">
			<word>備わる</word>
			<alt>そなわる</alt>
		</trans>
		<comment languages="en-ja">このホテルには体育館とプールが備わっている。
This hotel is equipped with a gymnasium and swimming pool.
[Used for things, not for living beings.]</comment>
	</term>
	<term id="15">
		<trans lang="en">
			<word>varied,various</word>
		</trans>
		<trans lang="ja">
			<word>様々</word>
			<alt>さまざま</alt>
		</trans>
	</term>
	<term id="16">
		<trans lang="en">
			<word>standard,level</word>
		</trans>
		<trans lang="ja">
			<word>標準</word>
			<alt>ひょうじゅん</alt>
		</trans>
		<comment languages="en-ja">このシャツは標準サイズだ。
This shirt is the standard size.

その赤ちゃんの発育はその年齢では標準です。
The baby's growth is normal for his age.</comment>
	</term>
	<term id="17">
		<trans lang="en">
			<word>append,attach (to)</word>
		</trans>
		<trans lang="ja">
			<word>添付(する)</word>
			<alt>てんぷ(する)</alt>
		</trans>
		<comment languages="en-ja">ファイルを３つ添付します。
I'm attaching three files.

圧縮したファイルを添付で送ってください。
Send it to me in/as a compressed file.</comment>
	</term>
	<term id="18">
		<trans lang="en">
			<word>processing,dealing with,treatment,disposal (to)</word>
		</trans>
		<trans lang="ja">
			<word>処理(する)</word>
			<alt>しょり(する)</alt>
		</trans>
		<comment languages="en-ja">エラー処理できる。
It can handle errors.</comment>
	</term>
	<term id="19">
		<trans lang="en">
			<word>release,liberation,emancipation (to)</word>
		</trans>
		<trans lang="ja">
			<word>解放(する)</word>
			<alt>かいほう(する)</alt>
		</trans>
		<comment languages="en-ja">自動的にメモリの解放できる。
It can release memory automatically.</comment>
	</term>
	<term id="20">
		<trans lang="en">
			<word>pleasant,agreeable,comfortable</word>
		</trans>
		<trans lang="ja">
			<word>快適</word>
			<alt>かいてき</alt>
		</trans>
		<comment languages="en-ja">ここは快適な部屋だ。
This room is comfortable.</comment>
	</term>
	<term id="21">
		<trans lang="en">
			<word>support,backing,aid (to)</word>
		</trans>
		<trans lang="ja">
			<word>支援(する)</word>
			<alt>しえん(する)</alt>
		</trans>
		<comment languages="en-ja">快適なプログラミングを支援する機能も備わっています。
It also possesses functions to support/to aid pleasant programming.

あなたの計画で、彼の支援をあてにすることは出来ない。
You cannot depend on his support for your project.</comment>
	</term>
	<term id="22">
		<trans lang="en">
			<word>action,movements,motions,bearing,behaviour,manners (to)</word>
		</trans>
		<trans lang="ja">
			<word>動作(する)</word>
			<alt>どうさ(する)</alt>
		</trans>
		<comment languages="en-ja">Rubyはさまざまプラットフォームで動作します。
Ruby behaves well on several platforms.</comment>
	</term>
	<term id="23">
		<trans lang="en">
			<word>to differ,to vary,to disagree</word>
		</trans>
		<trans lang="ja">
			<word>異なる</word>
			<alt>ことなる</alt>
		</trans>
		<comment languages="en-ja">あなたとはこの点で意見が異なっていると思います。
I'm afraid I differ with you on this point.

あなたの意見は私のとは全く異なる。
Your opinion is quite different from mine.

この２つはお互いに非常に異なっている。
These two are very different from each other.</comment>
	</term>
	<term id="24">
		<trans lang="en">
			<word>obtaining,coming to hand (to)</word>
		</trans>
		<trans lang="ja">
			<word>入手(する)</word>
			<alt>にゅうしゅ(する)</alt>
		</trans>
		<comment languages="en-ja">誰もがRubyを入手して、自由に使用することができる。
Anyone can obtain Ruby and use it freely.</comment>
	</term>
	<term id="25">
		<trans lang="en">
			<word>presenting to the public (to)</word>
		</trans>
		<trans lang="ja">
			<word>公開(する)</word>
			<alt>こうかい(する)</alt>
		</trans>
	</term>
	<term id="26">
		<trans lang="en">
			<word>support,maintenance (to)</word>
		</trans>
		<trans lang="ja">
			<word>支持(する)</word>
			<alt>しじ(する)</alt>
		</trans>
	</term>
	<term id="27">
		<trans lang="en">
			<word>vigor,active</word>
		</trans>
		<trans lang="ja">
			<word>活発</word>
			<alt>かっぱつ</alt>
		</trans>
		<comment languages="en-ja">今までRubyの開発は活発です。
So far, the development of Ruby is active.</comment>
	</term>
	<term id="28">
		<trans lang="en">
			<word>in short,after all,blockade,stuffing,ultimate</word>
		</trans>
		<trans lang="ja">
			<word>詰まり</word>
			<alt>つまり</alt>
		</trans>
		<comment languages="en-ja">詰まり、Rubyの開発の方が速くて楽しいです。
In short, developing in Ruby is faster and funnier.</comment>
	</term>
	<term id="29">
		<trans lang="en">
			<word>translation,de-encryption,deciphering (to)</word>
		</trans>
		<trans lang="ja">
			<word>翻訳(する)</word>
			<alt>ほんやく(する)</alt>
		</trans>
	</term>
</glossary>
