<?xml version="1.0"?>
<glossary id="136" name="02" author="Frédéric Bergeron">
	<desc></desc>
	<term id="1">
		<trans lang="es">
			<word>alcanzar</word>
		</trans>
		<trans lang="fr">
			<word>atteindre</word>
		</trans>
	</term>
	<term id="2">
		<trans lang="es">
			<word>despegar</word>
		</trans>
		<trans lang="fr">
			<word>décoller</word>
		</trans>
	</term>
	<term id="3">
		<trans lang="es">
			<word>estancia</word>
		</trans>
		<trans lang="fr">
			<word>séjour</word>
		</trans>
	</term>
	<term id="4">
		<trans lang="es">
			<word>abrumar</word>
		</trans>
		<trans lang="fr">
			<word>accabler,écraser</word>
		</trans>
	</term>
	<term id="5">
		<trans lang="es">
			<word>arrebatar</word>
		</trans>
		<trans lang="fr">
			<word>arracher</word>
		</trans>
	</term>
	<term id="6">
		<trans lang="es">
			<word>arrebato</word>
		</trans>
		<trans lang="fr">
			<word>crise</word>
		</trans>
	</term>
	<term id="7">
		<trans lang="es">
			<word>percatarse</word>
		</trans>
		<trans lang="fr">
			<word>s'apercevoir</word>
		</trans>
	</term>
	<term id="8">
		<trans lang="es">
			<word>agotar</word>
		</trans>
		<trans lang="fr">
			<word>épuiser</word>
		</trans>
	</term>
	<term id="9">
		<trans lang="es">
			<word>adueñarse</word>
		</trans>
		<trans lang="fr">
			<word>s'emparer,s'approprier</word>
		</trans>
	</term>
	<term id="10">
		<trans lang="es">
			<word>colmo</word>
		</trans>
		<trans lang="fr">
			<word>comble</word>
		</trans>
	</term>
	<term id="11">
		<trans lang="es">
			<word>quejarse</word>
		</trans>
		<trans lang="fr">
			<word>se plaindre</word>
		</trans>
	</term>
	<term id="12">
		<trans lang="es">
			<word>suceder</word>
		</trans>
		<trans lang="fr">
			<word>succéder,arriver (événement)</word>
		</trans>
	</term>
	<term id="13">
		<trans lang="es">
			<word>prender</word>
		</trans>
		<trans lang="fr">
			<word>attacher,accrocher</word>
		</trans>
	</term>
</glossary>
