<?xml version="1.0"?>
<glossary id="29" name="1.06" author="Frédéric Bergeron">
	<desc></desc>
	<term id="1">
		<trans lang="en">
			<word>result,consequence</word>
		</trans>
		<trans lang="ja">
			<word>結果</word>
			<alt>けっか</alt>
		</trans>
	</term>
	<term id="2">
		<trans lang="en">
			<word>affirmation,confirmation (to)</word>
		</trans>
		<trans lang="ja">
			<word>確認(する)</word>
			<alt>かくにん(する)</alt>
		</trans>
	</term>
	<term id="3">
		<trans lang="en">
			<word>apparent,obvious,very clear</word>
		</trans>
		<trans lang="ja">
			<word>一目瞭然</word>
			<alt>いちもくりょうぜん</alt>
		</trans>
	</term>
	<term id="4">
		<trans lang="en">
			<word>to use,to make use of</word>
		</trans>
		<trans lang="ja">
			<word>用いる</word>
			<alt>もちいる</alt>
		</trans>
	</term>
	<term id="5">
		<trans lang="en">
			<word>furthermore,still,yet,more,still more,greater,further,less</word>
		</trans>
		<trans lang="ja">
			<word>尚</word>
			<alt>なお</alt>
		</trans>
	</term>
	<term id="6">
		<trans lang="en">
			<word>arrangement,array (programming)</word>
		</trans>
		<trans lang="ja">
			<word>配列</word>
			<alt>はいれつ</alt>
		</trans>
	</term>
</glossary>
