<?xml version="1.0"?>
<glossary id="423" name="p367-377" author="Frédéric Bergeron">
	<desc></desc>
	<term id="1">
		<trans lang="es">
			<word>pegajoso</word>
		</trans>
		<trans lang="fr">
			<word>collant</word>
		</trans>
	</term>
	<term id="2">
		<trans lang="es">
			<word>yeso</word>
		</trans>
		<trans lang="fr">
			<word>plâtre</word>
		</trans>
	</term>
	<term id="3">
		<trans lang="es">
			<word>reto</word>
		</trans>
		<trans lang="fr">
			<word>défi</word>
		</trans>
	</term>
	<term id="4">
		<trans lang="es">
			<word>acopiar</word>
		</trans>
		<trans lang="fr">
			<word>amasser</word>
		</trans>
	</term>
</glossary>
