<?xml version="1.0"?>
<glossary id="23" name="1.02.2" author="Frédéric Bergeron">
	<desc></desc>
	<term id="1">
		<trans lang="en">
			<word>to handle,to deal with,to treat</word>
		</trans>
		<trans lang="ja">
			<word>扱う</word>
			<alt>あつかう</alt>
		</trans>
		<comment languages="en-ja">メソッドとは、オブジェクトを扱うための手続きのことです。
To handle objects, the procedure is to use methods.</comment>
	</term>
	<term id="2">
		<trans lang="en">
			<word>procedure,(legal) process,formalities</word>
		</trans>
		<trans lang="ja">
			<word>手続き</word>
			<alt>てつづき</alt>
		</trans>
		<comment languages="en-ja">メソッドとは、オブジェクトを扱うための手続きのことです。
To handle objects, the procedure is to use methods.</comment>
	</term>
	<term id="3">
		<trans lang="en">
			<word>addition</word>
		</trans>
		<trans lang="ja">
			<word>足し算</word>
			<alt>たしざん</alt>
		</trans>
		<comment languages="en-ja">数値を使って足し算や掛け算をする。
We use numeric values and performs some additions and multiplications.</comment>
	</term>
	<term id="4">
		<trans lang="en">
			<word>multiplication</word>
		</trans>
		<trans lang="ja">
			<word>掛け算</word>
			<alt>かけざん</alt>
		</trans>
		<comment languages="en-ja">数値を使って足し算や掛け算をする。
We use numeric values and performs some additions and multiplications.</comment>
	</term>
	<term id="5">
		<trans lang="en">
			<word>fellow,companion,comrade</word>
		</trans>
		<trans lang="ja">
			<word>同士</word>
			<alt>どうし</alt>
		</trans>
		<comment languages="en-ja">私たちはいつまでも友達同士でいましょう。
We'll be friends always.

私たちは隣り同士です。
We were next-door neighbor.</comment>
	</term>
	<term id="6">
		<trans lang="en">
			<word>to connect</word>
		</trans>
		<trans lang="ja">
			<word>繋げる</word>
			<alt>つなげる</alt>
		</trans>
		<comment languages="en-ja">二つの文字列を繋げるためにメソッドを使う。
To concatene two strings, we use a method.</comment>
	</term>
	<term id="7">
		<trans lang="en">
			<word>to seek,to request,to demand,to want,to wish for,to search for,to pursue (pleasure)</word>
		</trans>
		<trans lang="ja">
			<word>求める</word>
			<alt>もとめる</alt>
		</trans>
		<comment languages="en-ja">ただ一つの方法は、彼女に助けを求めることだった。
The only way was to ask her for help.

たとえ飢えかかっていても、彼は助けを求めたがらなかった。
He didn't like to ask for help even if he was starving.</comment>
	</term>
	<term id="8">
		<trans lang="en">
			<word>to pass over,to hand over</word>
		</trans>
		<trans lang="ja">
			<word>渡す</word>
			<alt>わたす</alt>
		</trans>
		<comment languages="en-ja">メソッドに渡す情報のことを「引き数」といいます。
The information we pass to a method is called an "argument".</comment>
	</term>
	<term id="9">
		<trans lang="en">
			<word>argument (e.g. function, program)</word>
		</trans>
		<trans lang="ja">
			<word>引き数</word>
			<alt>ひきすう</alt>
		</trans>
		<comment languages="en-ja">メソッドに渡す情報のことを「引き数」といいます。
The information we pass to a method is called an "argument".</comment>
	</term>
	<term id="10">
		<trans lang="en">
			<word>to give,to present,to award</word>
		</trans>
		<trans lang="ja">
			<word>与える</word>
			<alt>あたえる</alt>
		</trans>
		<comment languages="en-ja">printメソッドは引数として与えられた文字列をコンソールに出力します。
The print method outputs the string it's given as argument to the console.</comment>
	</term>
</glossary>
