<?xml version="1.0"?>
<glossary id="341" name="JCS1-10" author="">
	<desc></desc>
	<term id="1">
		<trans lang="en">
			<word>weather   +</word>
		</trans>
		<trans lang="ja">
			<word>天気</word>
			<alt>tenki</alt>
		</trans>
	</term>
	<term id="2">
		<trans lang="en">
			<word>go out, come out; attend   +</word>
		</trans>
		<trans lang="ja">
			<word>出る</word>
			<alt>deru</alt>
		</trans>
	</term>
	<term id="3">
		<trans lang="en">
			<word>send out, put out</word>
		</trans>
		<trans lang="ja">
			<word>出す</word>
			<alt>dasu</alt>
		</trans>
	</term>
	<term id="4">
		<trans lang="en">
			<word>meal, have a meal   +</word>
		</trans>
		<trans lang="ja">
			<word>食事 [する]</word>
			<alt>shokuji</alt>
		</trans>
	</term>
	<term id="5">
		<trans lang="en">
			<word>thing (abstract)</word>
		</trans>
		<trans lang="ja">
			<word>事</word>
			<alt>koto</alt>
		</trans>
	</term>
	<term id="6">
		<trans lang="en">
			<word>business, affairs, s.th. to do   +</word>
		</trans>
		<trans lang="ja">
			<word>用事</word>
			<alt>yooji</alt>
		</trans>
	</term>
	<term id="7">
		<trans lang="en">
			<word>work   +</word>
		</trans>
		<trans lang="ja">
			<word>仕事 [する]</word>
			<alt>shigoto</alt>
		</trans>
	</term>
	<term id="8">
		<trans lang="en">
			<word>hear, listen to   +</word>
		</trans>
		<trans lang="ja">
			<word>聞く</word>
			<alt>kiku</alt>
		</trans>
	</term>
	<term id="9">
		<trans lang="en">
			<word>ask, enquire of (s.o.)</word>
		</trans>
		<trans lang="ja">
			<word>~に聞く</word>
			<alt>-ni kiku</alt>
		</trans>
	</term>
	<term id="10">
		<trans lang="en">
			<word>newspaper</word>
		</trans>
		<trans lang="ja">
			<word>新聞</word>
			<alt>shimbun</alt>
		</trans>
	</term>
	<term id="11">
		<trans lang="en">
			<word>service</word>
		</trans>
		<trans lang="ja">
			<word>サービス</word>
			<alt>saabisu</alt>
		</trans>
	</term>
	<term id="12">
		<trans lang="en">
			<word>design</word>
		</trans>
		<trans lang="ja">
			<word>デザイン</word>
			<alt>dezain</alt>
		</trans>
	</term>
	<term id="13">
		<trans lang="en">
			<word>party</word>
		</trans>
		<trans lang="ja">
			<word>パーティー</word>
			<alt>paatii</alt>
		</trans>
	</term>
	<term id="14">
		<trans lang="en">
			<word>after, after doing ...</word>
		</trans>
		<trans lang="ja">
			<word>~てから</word>
			<alt>-tekara</alt>
		</trans>
	</term>
	<term id="15">
		<trans lang="en">
			<word>long</word>
		</trans>
		<trans lang="ja">
			<word>ながい</word>
			<alt>nagai</alt>
		</trans>
	</term>
	<term id="16">
		<trans lang="en">
			<word>yucky, bad tasting</word>
		</trans>
		<trans lang="ja">
			<word>まずい</word>
			<alt>mazui</alt>
		</trans>
	</term>
	<term id="17">
		<trans lang="en">
			<word>splendid, marvellous</word>
		</trans>
		<trans lang="ja">
			<word>すばらしい</word>
			<alt>subarashii</alt>
		</trans>
	</term>
	<term id="18">
		<trans lang="en">
			<word>short, brief</word>
		</trans>
		<trans lang="ja">
			<word>みじかい</word>
			<alt>mijikai</alt>
		</trans>
	</term>
	<term id="19">
		<trans lang="en">
			<word>accurate</word>
		</trans>
		<trans lang="ja">
			<word>せいかく [な]</word>
			<alt>seikaku</alt>
		</trans>
	</term>
	<term id="20">
		<trans lang="en">
			<word>lively, bustling</word>
		</trans>
		<trans lang="ja">
			<word>にぎやか [な]</word>
			<alt>nigiyaka</alt>
		</trans>
	</term>
	<term id="21">
		<trans lang="en">
			<word>fresh</word>
		</trans>
		<trans lang="ja">
			<word>しんせん [な]</word>
			<alt>shinsen</alt>
		</trans>
	</term>
	<term id="22">
		<trans lang="en">
			<word>impressive</word>
		</trans>
		<trans lang="ja">
			<word>いんしょうてき [な]</word>
			<alt>inshooteki</alt>
		</trans>
	</term>
	<term id="23">
		<trans lang="en">
			<word>fall (rain, snow)</word>
		</trans>
		<trans lang="ja">
			<word>ふる</word>
			<alt>furu</alt>
		</trans>
	</term>
	<term id="24">
		<trans lang="en">
			<word>free time</word>
		</trans>
		<trans lang="ja">
			<word>ひま</word>
			<alt>hima</alt>
		</trans>
	</term>
	<term id="25">
		<trans lang="en">
			<word>Thailand</word>
		</trans>
		<trans lang="ja">
			<word>タイ</word>
			<alt>tai</alt>
		</trans>
	</term>
	<term id="26">
		<trans lang="en">
			<word>scenery</word>
		</trans>
		<trans lang="ja">
			<word>けしき</word>
			<alt>keshiki</alt>
		</trans>
	</term>
	<term id="27">
		<trans lang="en">
			<word>report</word>
		</trans>
		<trans lang="ja">
			<word>レポート</word>
			<alt>repooto</alt>
		</trans>
	</term>
	<term id="28">
		<trans lang="en">
			<word>school</word>
		</trans>
		<trans lang="ja">
			<word>学こう</word>
			<alt>gakkoo</alt>
		</trans>
	</term>
	<term id="29">
		<trans lang="en">
			<word>Osaka (Jap. city)</word>
		</trans>
		<trans lang="ja">
			<word>大さか</word>
			<alt>oosaka</alt>
		</trans>
	</term>
	<term id="30">
		<trans lang="en">
			<word>return, homecoming</word>
		</trans>
		<trans lang="ja">
			<word>かえり</word>
			<alt>kaeri</alt>
		</trans>
	</term>
	<term id="31">
		<trans lang="en">
			<word>class, teaching</word>
		</trans>
		<trans lang="ja">
			<word>じゅぎょう</word>
			<alt>jugyoo</alt>
		</trans>
	</term>
	<term id="32">
		<trans lang="en">
			<word>not exist (= "arimasen")</word>
		</trans>
		<trans lang="ja">
			<word>ない</word>
			<alt>nai</alt>
		</trans>
	</term>
	<term id="33">
		<trans lang="en">
			<word>hotel</word>
		</trans>
		<trans lang="ja">
			<word>ホテル</word>
			<alt>hoteru</alt>
		</trans>
	</term>
	<term id="34">
		<trans lang="en">
			<word>fast, speedy</word>
		</trans>
		<trans lang="ja">
			<word>はやい</word>
			<alt>hayai</alt>
		</trans>
	</term>
	<term id="35">
		<trans lang="en">
			<word>country, countryside, hometown</word>
		</trans>
		<trans lang="ja">
			<word>いなか</word>
			<alt>inaka</alt>
		</trans>
	</term>
	<term id="36">
		<trans lang="en">
			<word>we</word>
		</trans>
		<trans lang="ja">
			<word>わたしたち</word>
			<alt>watashitachi</alt>
		</trans>
	</term>
	<term id="37">
		<trans lang="en">
			<word>pleasant, enjoyable</word>
		</trans>
		<trans lang="ja">
			<word>たのしい</word>
			<alt>tanoshii</alt>
		</trans>
	</term>
	<term id="38">
		<trans lang="en">
			<word>reason</word>
		</trans>
		<trans lang="ja">
			<word>りゆう</word>
			<alt>riyuu</alt>
		</trans>
	</term>
	<term id="39">
		<trans lang="en">
			<word>Kyoto (Jap. city)</word>
		</trans>
		<trans lang="ja">
			<word>きょうと</word>
			<alt>kyooto</alt>
		</trans>
	</term>
	<term id="40">
		<trans lang="en">
			<word>garden</word>
		</trans>
		<trans lang="ja">
			<word>にわ</word>
			<alt>niwa</alt>
		</trans>
	</term>
	<term id="41">
		<trans lang="en">
			<word>(Buddhist) temple</word>
		</trans>
		<trans lang="ja">
			<word>おてら</word>
			<alt>otera</alt>
		</trans>
	</term>
	<term id="42">
		<trans lang="en">
			<word>hot spring</word>
		</trans>
		<trans lang="ja">
			<word>おんせん</word>
			<alt>onsen</alt>
		</trans>
	</term>
	<term id="43">
		<trans lang="en">
			<word>light (weight)</word>
		</trans>
		<trans lang="ja">
			<word>かるい</word>
			<alt>karui</alt>
		</trans>
	</term>
	<term id="44">
		<trans lang="en">
			<word>heavy   +</word>
		</trans>
		<trans lang="ja">
			<word>重い</word>
			<alt>omoi</alt>
		</trans>
	</term>
	<term id="45">
		<trans lang="en">
			<word>finish, (come to an) end</word>
		</trans>
		<trans lang="ja">
			<word>おわる</word>
			<alt>owaru</alt>
		</trans>
	</term>
	<term id="46">
		<trans lang="en">
			<word>(physical) exercise</word>
		</trans>
		<trans lang="ja">
			<word>うんどう [する]</word>
			<alt>undoo</alt>
		</trans>
	</term>
	<term id="47">
		<trans lang="en">
			<word>shower</word>
		</trans>
		<trans lang="ja">
			<word>シャワー [をあびる]</word>
			<alt>shawaa</alt>
		</trans>
	</term>
	<term id="48">
		<trans lang="en">
			<word>bathe, take a bath</word>
		</trans>
		<trans lang="ja">
			<word>あびる</word>
			<alt>abiru</alt>
		</trans>
	</term>
	<term id="49">
		<trans lang="en">
			<word>next</word>
		</trans>
		<trans lang="ja">
			<word>つぎ [の/に]</word>
			<alt>tsugi</alt>
		</trans>
	</term>
	<term id="50">
		<trans lang="en">
			<word>arrangement, arrange, prepare</word>
		</trans>
		<trans lang="ja">
			<word>じゅんび [する]</word>
			<alt>jumbi</alt>
		</trans>
	</term>
	<term id="51">
		<trans lang="en">
			<word>walk, stroll, take a walk</word>
		</trans>
		<trans lang="ja">
			<word>さんぽ [する]</word>
			<alt>sampo</alt>
		</trans>
	</term>
	<term id="52">
		<trans lang="en">
			<word>company, business   +</word>
		</trans>
		<trans lang="ja">
			<word>会社</word>
			<alt>kaisha</alt>
		</trans>
	</term>
</glossary>
