<?xml version="1.0"?>
<glossary id="27" name="1.04" author="Frédéric Bergeron">
	<desc></desc>
	<term id="1">
		<trans lang="en">
			<word>omission,abbreviation,abridgment (to)</word>
		</trans>
		<trans lang="ja">
			<word>省略(する)</word>
			<alt>しょうりゃく(する)</alt>
		</trans>
		<comment languages="en-ja">Rubyのメソッドは、「()」を省略することができます。
We can omit parenthesis when calling a Ruby method.

IEEEは何の省略ですか。
What does IEEE stand for?</comment>
	</term>
	<term id="2">
		<trans lang="en">
			<word>element</word>
		</trans>
		<trans lang="ja">
			<word>要素</word>
			<alt>ようそ</alt>
		</trans>
		<comment languages="en-ja">どんな要素がいの反応に貢献したのか。
What factor contributed to the reaction.

やさしさは人の人格の中の重要な要素だ。
Tenderness is an important element in a person's character.</comment>
	</term>
	<term id="3">
		<trans lang="en">
			<word>to be crowded</word>
		</trans>
		<trans lang="ja">
			<word>混む</word>
			<alt>こむ</alt>
		</trans>
		<comment languages="en-ja">あのレストランはいつも混んでいる。
The restaurant is always packed.</comment>
	</term>
	<term id="4">
		<trans lang="en">
			<word>length,height</word>
		</trans>
		<trans lang="ja">
			<word>縦</word>
			<alt>たて</alt>
		</trans>
	</term>
</glossary>
