<?xml version="1.0"?>
<glossary id="274" name="52" author="Frédéric Bergeron">
	<desc></desc>
	<term id="1" imagePath="1.gif">
		<trans lang="en">
			<word>positive,active,proactive</word>
		</trans>
		<trans lang="ja">
			<word>積極的</word>
			<alt>せっきょくてき</alt>
		</trans>
	</term>
	<term id="2" imagePath="2.gif">
		<trans lang="en">
			<word>south pole,Antarctic</word>
		</trans>
		<trans lang="ja">
			<word>南極</word>
			<alt>なんきょく</alt>
		</trans>
	</term>
	<term id="3">
		<trans lang="en">
			<word>observation (to)</word>
		</trans>
		<trans lang="ja">
			<word>観測(する)</word>
			<alt>かんそく(する)</alt>
		</trans>
		<comment languages="en-ja">観測隊 : Observation group</comment>
	</term>
	<term id="4" imagePath="4.gif">
		<trans lang="en">
			<word>storage,preservation</word>
		</trans>
		<trans lang="ja">
			<word>貯蔵</word>
			<alt>ちょぞう</alt>
		</trans>
		<comment languages="en-ja">食料を貯蔵する。
We preserve the food.</comment>
	</term>
	<term id="5" imagePath="5.gif">
		<trans lang="en">
			<word>surroundings,circumference,environs</word>
		</trans>
		<trans lang="ja">
			<word>周囲</word>
			<alt>しゅうい</alt>
		</trans>
	</term>
	<term id="6">
		<trans lang="en">
			<word>area</word>
		</trans>
		<trans lang="ja">
			<word>面積</word>
			<alt>めんせき</alt>
		</trans>
		<comment languages="en-ja">面積が変化した。
This area has changed.</comment>
	</term>
	<term id="7" imagePath="7.gif">
		<trans lang="en">
			<word>North Pole</word>
		</trans>
		<trans lang="ja">
			<word>北極</word>
			<alt>ほっきょく</alt>
		</trans>
	</term>
	<term id="8">
		<trans lang="en">
			<word>fallen snow</word>
		</trans>
		<trans lang="ja">
			<word>積雪</word>
			<alt>せきせつ</alt>
		</trans>
	</term>
	<term id="9" imagePath="9.gif">
		<trans lang="en">
			<word>once around,a revolution,a lap,a turn,a round,one full year</word>
		</trans>
		<trans lang="ja">
			<word>一周</word>
			<alt>いっしゅう</alt>
		</trans>
		<comment languages="en-ja">一周すると五百メートルだ。
One lap makes 500 meters.</comment>
	</term>
	<term id="10" imagePath="10.gif">
		<trans lang="en">
			<word>passive</word>
		</trans>
		<trans lang="ja">
			<word>消極的</word>
			<alt>しょうきょくてき</alt>
		</trans>
	</term>
	<term id="11" imagePath="11.gif">
		<trans lang="en">
			<word>circumference</word>
		</trans>
		<trans lang="ja">
			<word>円周</word>
			<alt>えんしゅう</alt>
		</trans>
	</term>
	<term id="12">
		<trans lang="en">
			<word>capacity,volume</word>
		</trans>
		<trans lang="ja">
			<word>体積</word>
			<alt>たいせき</alt>
		</trans>
	</term>
	<term id="13" imagePath="13.gif">
		<trans lang="en">
			<word>circumference,outskirts,environs,(computer) peripheral</word>
		</trans>
		<trans lang="ja">
			<word>周辺</word>
			<alt>しゅうへん</alt>
		</trans>
	</term>
</glossary>
