<?xml version="1.0"?>
<glossary id="38" name="18" author="Frédéric Bergeron">
	<desc></desc>
	<term id="1">
		<trans lang="en">
			<word>Inland Sea</word>
		</trans>
		<trans lang="ja">
			<word>瀬戸内海</word>
			<alt>せとないかい</alt>
		</trans>
	</term>
	<term id="2" imagePath="2.gif">
		<trans lang="en">
			<word>a region,a zone,the whole place</word>
		</trans>
		<trans lang="ja">
			<word>一帯</word>
			<alt>いったい</alt>
		</trans>
	</term>
	<term id="3">
		<trans lang="en">
			<word>over-all length,span</word>
		</trans>
		<trans lang="ja">
			<word>全長</word>
			<alt>ぜんちょう</alt>
		</trans>
	</term>
	<term id="4" imagePath="4.gif">
		<trans lang="en">
			<word>100,000,000,hundred million</word>
		</trans>
		<trans lang="ja">
			<word>億</word>
			<alt>おく</alt>
		</trans>
	</term>
	<term id="5" imagePath="5.gif">
		<trans lang="en">
			<word>bottom,sole</word>
		</trans>
		<trans lang="ja">
			<word>底</word>
			<alt>そこ</alt>
		</trans>
	</term>
	<term id="6" imagePath="6.gif">
		<trans lang="en">
			<word>climate</word>
		</trans>
		<trans lang="ja">
			<word>気候</word>
			<alt>きこう</alt>
		</trans>
		<comment languages="en-ja">あの島は熱帯性気候です。
That island has a tropical climate.</comment>
	</term>
	<term id="7" imagePath="7.gif">
		<trans lang="en">
			<word>temperate zone</word>
		</trans>
		<trans lang="ja">
			<word>温帯</word>
			<alt>おんたい</alt>
		</trans>
		<comment languages="en-ja">我々のところの気候は温帯性です。
Our country's climate is temperate.</comment>
	</term>
	<term id="8" imagePath="8.gif">
		<trans lang="en">
			<word>falling rocks,fallen rocks</word>
		</trans>
		<trans lang="ja">
			<word>落石</word>
			<alt>らくせき</alt>
		</trans>
	</term>
	<term id="9" imagePath="9.gif">
		<trans lang="en">
			<word>summary,digest (to)</word>
		</trans>
		<trans lang="ja">
			<word>要約(する)</word>
			<alt>ようやく(する)</alt>
		</trans>
	</term>
	<term id="10" imagePath="10.gif">
		<trans lang="en">
			<word>tropics</word>
		</trans>
		<trans lang="ja">
			<word>熱帯</word>
			<alt>ねったい</alt>
		</trans>
	</term>
	<term id="11" imagePath="11.gif">
		<trans lang="en">
			<word>weather</word>
		</trans>
		<trans lang="ja">
			<word>天候</word>
			<alt>てんこう</alt>
		</trans>
	</term>
	<term id="12">
		<trans lang="en">
			<word>area,zone</word>
		</trans>
		<trans lang="ja">
			<word>地帯</word>
			<alt>ちたい</alt>
		</trans>
	</term>
	<term id="13">
		<trans lang="en">
			<word>agriculture</word>
		</trans>
		<trans lang="ja">
			<word>農業</word>
			<alt>のうぎょう</alt>
		</trans>
	</term>
	<term id="14">
		<trans lang="en">
			<word>popularity,prosperous</word>
		</trans>
		<trans lang="ja">
			<word>盛ん</word>
			<alt>さかん</alt>
		</trans>
	</term>
	<term id="15" imagePath="15.gif">
		<trans lang="en">
			<word>economising,saving (to)</word>
		</trans>
		<trans lang="ja">
			<word>節約(する)</word>
			<alt>せつやく(する)</alt>
		</trans>
		<comment languages="en-ja">その機誡で、あなたは多くの時間と労力を節約できます。
The machine will save you much time and labor.</comment>
	</term>
</glossary>
