<?xml version="1.0"?>
<glossary id="309" name="JBPI-13" author="">
	<desc></desc>
	<term id="1">
		<trans lang="en">
			<word>cake, sweets</word>
		</trans>
		<trans lang="ja">
			<word>おかし</word>
			<alt>okashi</alt>
		</trans>
	</term>
	<term id="2">
		<trans lang="en">
			<word>how?</word>
		</trans>
		<trans lang="ja">
			<word>いかが</word>
			<alt>ikaga</alt>
		</trans>
	</term>
	<term id="3">
		<trans lang="en">
			<word>desu ka   How about it?</word>
		</trans>
		<trans lang="ja">
			<word>いかがですか</word>
			<alt>ikaga</alt>
		</trans>
	</term>
	<term id="4">
		<trans lang="en">
			<word>accept, receive, eat (humble)</word>
		</trans>
		<trans lang="ja">
			<word>いただく</word>
			<alt>itadaku</alt>
		</trans>
	</term>
	<term id="5">
		<trans lang="en">
			<word>pretty, clean</word>
		</trans>
		<trans lang="ja">
			<word>きれい [な]</word>
			<alt>kirei</alt>
		</trans>
	</term>
	<term id="6">
		<trans lang="en">
			<word>eat ( = taberu, hon.)</word>
		</trans>
		<trans lang="ja">
			<word>めしあがる</word>
			<alt>meshiagaru</alt>
		</trans>
	</term>
	<term id="7">
		<trans lang="en">
			<word>very</word>
		</trans>
		<trans lang="ja">
			<word>とても</word>
			<alt>totemo</alt>
		</trans>
	</term>
	<term id="8">
		<trans lang="en">
			<word>delicious, tasty</word>
		</trans>
		<trans lang="ja">
			<word>おいしい</word>
			<alt>oishii</alt>
		</trans>
	</term>
	<term id="9">
		<trans lang="en">
			<word># cupful</word>
		</trans>
		<trans lang="ja">
			<word>~はい</word>
			<alt>-hai</alt>
		</trans>
	</term>
	<term id="10">
		<trans lang="en">
			<word>one cupful   *</word>
		</trans>
		<trans lang="ja">
			<word>いっぱい</word>
			<alt>ippai</alt>
		</trans>
	</term>
	<term id="11">
		<trans lang="en">
			<word>fine, alright</word>
		</trans>
		<trans lang="ja">
			<word>けっこう [な]</word>
			<alt>kekkoo</alt>
		</trans>
	</term>
	<term id="12">
		<trans lang="en">
			<word>kekkoo desu No thank you.</word>
		</trans>
		<trans lang="ja">
			<word>もうけっこうです</word>
			<alt>moo</alt>
		</trans>
	</term>
	<term id="13">
		<trans lang="en">
			<word>quiet</word>
		</trans>
		<trans lang="ja">
			<word>しずか [な]</word>
			<alt>shizuka</alt>
		</trans>
	</term>
	<term id="14">
		<trans lang="en">
			<word>high, expensive</word>
		</trans>
		<trans lang="ja">
			<word>たかい</word>
			<alt>takai</alt>
		</trans>
	</term>
	<term id="15">
		<trans lang="en">
			<word>cheap</word>
		</trans>
		<trans lang="ja">
			<word>やすい</word>
			<alt>yasui</alt>
		</trans>
	</term>
	<term id="16">
		<trans lang="en">
			<word>new, fresh</word>
		</trans>
		<trans lang="ja">
			<word>あたらしい</word>
			<alt>atarashii</alt>
		</trans>
	</term>
	<term id="17">
		<trans lang="en">
			<word>old</word>
		</trans>
		<trans lang="ja">
			<word>ふるい</word>
			<alt>furui</alt>
		</trans>
	</term>
	<term id="18">
		<trans lang="en">
			<word>interesting</word>
		</trans>
		<trans lang="ja">
			<word>おもしろい</word>
			<alt>omoshiroi</alt>
		</trans>
	</term>
	<term id="19">
		<trans lang="en">
			<word>boring; trifling, worthless</word>
		</trans>
		<trans lang="ja">
			<word>つまらない</word>
			<alt>tsumaranai</alt>
		</trans>
	</term>
	<term id="20">
		<trans lang="en">
			<word>difficult</word>
		</trans>
		<trans lang="ja">
			<word>むずかしい</word>
			<alt>muzukashii</alt>
		</trans>
	</term>
	<term id="21">
		<trans lang="en">
			<word>easy, simple</word>
		</trans>
		<trans lang="ja">
			<word>やさしい</word>
			<alt>yasashii</alt>
		</trans>
	</term>
	<term id="22">
		<trans lang="en">
			<word>nearby, close (to: "kara")</word>
		</trans>
		<trans lang="ja">
			<word>ちかい</word>
			<alt>chikai</alt>
		</trans>
	</term>
	<term id="23">
		<trans lang="en">
			<word>far, distant (from: "kara")</word>
		</trans>
		<trans lang="ja">
			<word>とおい</word>
			<alt>tooi</alt>
		</trans>
	</term>
	<term id="24">
		<trans lang="en">
			<word>busy</word>
		</trans>
		<trans lang="ja">
			<word>いそがしい</word>
			<alt>isogashii</alt>
		</trans>
	</term>
	<term id="25">
		<trans lang="en">
			<word>bad</word>
		</trans>
		<trans lang="ja">
			<word>わるい</word>
			<alt>warui</alt>
		</trans>
	</term>
	<term id="26">
		<trans lang="en">
			<word>famous</word>
		</trans>
		<trans lang="ja">
			<word>ゆうめい [な]</word>
			<alt>yuumei</alt>
		</trans>
	</term>
	<term id="27">
		<trans lang="en">
			<word>kind, helpful</word>
		</trans>
		<trans lang="ja">
			<word>しんせつ [な]</word>
			<alt>shinsetsu</alt>
		</trans>
	</term>
	<term id="28">
		<trans lang="en">
			<word>free, free time</word>
		</trans>
		<trans lang="ja">
			<word>ひま [な]</word>
			<alt>hima</alt>
		</trans>
	</term>
	<term id="29">
		<trans lang="en">
			<word>lively</word>
		</trans>
		<trans lang="ja">
			<word>にぎやか [な]</word>
			<alt>nigiyaka</alt>
		</trans>
	</term>
	<term id="30">
		<trans lang="en">
			<word>convenient</word>
		</trans>
		<trans lang="ja">
			<word>べんり [な]</word>
			<alt>benri</alt>
		</trans>
	</term>
	<term id="31">
		<trans lang="en">
			<word>well, healthy</word>
		</trans>
		<trans lang="ja">
			<word>げんき [な]</word>
			<alt>genki</alt>
		</trans>
	</term>
	<term id="32">
		<trans lang="en">
			<word>egg</word>
		</trans>
		<trans lang="ja">
			<word>たまご</word>
			<alt>tamago</alt>
		</trans>
	</term>
	<term id="33">
		<trans lang="en">
			<word>meat</word>
		</trans>
		<trans lang="ja">
			<word>にく</word>
			<alt>niku</alt>
		</trans>
	</term>
	<term id="34">
		<trans lang="en">
			<word>beef</word>
		</trans>
		<trans lang="ja">
			<word>ぎゅうにく</word>
			<alt>gyuuniku</alt>
		</trans>
	</term>
	<term id="35">
		<trans lang="en">
			<word>bird, chicken</word>
		</trans>
		<trans lang="ja">
			<word>とり</word>
			<alt>tori</alt>
		</trans>
	</term>
	<term id="36">
		<trans lang="en">
			<word>chicken meat</word>
		</trans>
		<trans lang="ja">
			<word>とりにく</word>
			<alt>toriniku</alt>
		</trans>
	</term>
	<term id="37">
		<trans lang="en">
			<word>vegetable</word>
		</trans>
		<trans lang="ja">
			<word>やさい</word>
			<alt>yasai</alt>
		</trans>
	</term>
	<term id="38">
		<trans lang="en">
			<word>park, public park</word>
		</trans>
		<trans lang="ja">
			<word>こうえん</word>
			<alt>kooen</alt>
		</trans>
	</term>
	<term id="39">
		<trans lang="en">
			<word>we, us</word>
		</trans>
		<trans lang="ja">
			<word>わたしたち</word>
			<alt>watashitachi</alt>
		</trans>
	</term>
	<term id="40">
		<trans lang="en">
			<word>meal, have a meal</word>
		</trans>
		<trans lang="ja">
			<word>しょくじ [する]</word>
			<alt>shokuji</alt>
		</trans>
	</term>
	<term id="41">
		<trans lang="en">
			<word>what kind of?</word>
		</trans>
		<trans lang="ja">
			<word>どんな</word>
			<alt>donna</alt>
		</trans>
	</term>
	<term id="42">
		<trans lang="en">
			<word>desu ka  How are you?</word>
		</trans>
		<trans lang="ja">
			<word>おげんきですか</word>
			<alt>ogenki</alt>
		</trans>
	</term>
	<term id="43">
		<trans lang="en">
			<word>desu  I am fine.</word>
		</trans>
		<trans lang="ja">
			<word>げんきです</word>
			<alt>genki</alt>
		</trans>
	</term>
	<term id="44">
		<trans lang="en">
			<word>weather</word>
		</trans>
		<trans lang="ja">
			<word>てんき</word>
			<alt>tenki</alt>
		</trans>
	</term>
	<term id="45">
		<trans lang="en">
			<word>really, truly</word>
		</trans>
		<trans lang="ja">
			<word>ほんとうに</word>
			<alt>hontooni</alt>
		</trans>
	</term>
	<term id="46">
		<trans lang="en">
			<word>about, approximately</word>
		</trans>
		<trans lang="ja">
			<word>~ぐらい</word>
			<alt>-gurai</alt>
		</trans>
	</term>
	<term id="47">
		<trans lang="en">
			<word>about 5 minutes</word>
		</trans>
		<trans lang="ja">
			<word>五ふんぐらい</word>
			<alt>gofungurai</alt>
		</trans>
	</term>
	<term id="48">
		<trans lang="en">
			<word>tree, wood</word>
		</trans>
		<trans lang="ja">
			<word>木</word>
			<alt>ki</alt>
		</trans>
	</term>
</glossary>
