<?xml version="1.0"?>
<glossary id="182" name="49" author="Frédéric Bergeron">
	<desc></desc>
	<term id="1">
		<trans lang="es">
			<word>cohete</word>
		</trans>
		<trans lang="fr">
			<word>fusée</word>
		</trans>
	</term>
	<term id="2">
		<trans lang="es">
			<word>pavor</word>
		</trans>
		<trans lang="fr">
			<word>frayeur</word>
		</trans>
	</term>
	<term id="3">
		<trans lang="es">
			<word>encaramarse</word>
		</trans>
		<trans lang="fr">
			<word>grimper</word>
		</trans>
	</term>
</glossary>
