<?xml version="1.0"?>
<glossary id="180" name="46" author="Frédéric Bergeron">
	<desc></desc>
	<term id="1">
		<trans lang="es">
			<word>jerga</word>
		</trans>
		<trans lang="fr">
			<word>jargon,argot,charabia</word>
		</trans>
	</term>
	<term id="2">
		<trans lang="es">
			<word>concha</word>
		</trans>
		<trans lang="fr">
			<word>coquille,écaille</word>
		</trans>
	</term>
	<term id="3">
		<trans lang="es">
			<word>caracol</word>
		</trans>
		<trans lang="fr">
			<word>escargot</word>
		</trans>
	</term>
	<term id="4">
		<trans lang="es">
			<word>mermar</word>
		</trans>
		<trans lang="fr">
			<word>diminuer</word>
		</trans>
	</term>
</glossary>
