<?xml version="1.0"?>
<glossary id="315" name="JBPII-04" author="">
	<desc></desc>
	<term id="1">
		<trans lang="en">
			<word>store, shop   +</word>
		</trans>
		<trans lang="ja">
			<word>店</word>
			<alt>mise</alt>
		</trans>
	</term>
	<term id="2">
		<trans lang="en">
			<word>branch, branch office   +</word>
		</trans>
		<trans lang="ja">
			<word>支店</word>
			<alt>shiten</alt>
		</trans>
	</term>
	<term id="3">
		<trans lang="en">
			<word>town   +</word>
		</trans>
		<trans lang="ja">
			<word>町</word>
			<alt>machi</alt>
		</trans>
	</term>
	<term id="4">
		<trans lang="en">
			<word>within a city   ++</word>
		</trans>
		<trans lang="ja">
			<word>市内</word>
			<alt>shinai</alt>
		</trans>
	</term>
	<term id="5">
		<trans lang="en">
			<word>silver   +</word>
		</trans>
		<trans lang="ja">
			<word>銀</word>
			<alt>gin</alt>
		</trans>
	</term>
	<term id="6">
		<trans lang="en">
			<word>bank</word>
		</trans>
		<trans lang="ja">
			<word>銀行</word>
			<alt>ginkoo</alt>
		</trans>
	</term>
	<term id="7">
		<trans lang="en">
			<word>know, get to know   +</word>
		</trans>
		<trans lang="ja">
			<word>知る</word>
			<alt>shiru</alt>
		</trans>
	</term>
	<term id="8">
		<trans lang="en">
			<word>have done</word>
		</trans>
		<trans lang="ja">
			<word>~ことがある</word>
			<alt>-kotoga aru</alt>
		</trans>
	</term>
	<term id="9">
		<trans lang="en">
			<word>time, about</word>
		</trans>
		<trans lang="ja">
			<word>ころ</word>
			<alt>koro</alt>
		</trans>
	</term>
	<term id="10">
		<trans lang="en">
			<word>tour, go round</word>
		</trans>
		<trans lang="ja">
			<word>まわる</word>
			<alt>mawaru</alt>
		</trans>
	</term>
	<term id="11">
		<trans lang="en">
			<word>quite, very</word>
		</trans>
		<trans lang="ja">
			<word>なかなか</word>
			<alt>nakanaka</alt>
		</trans>
	</term>
	<term id="12">
		<trans lang="en">
			<word>business contact</word>
		</trans>
		<trans lang="ja">
			<word>とりひきさき</word>
			<alt>torihikisaki</alt>
		</trans>
	</term>
	<term id="13">
		<trans lang="en">
			<word>greeting, greet</word>
		</trans>
		<trans lang="ja">
			<word>あいさつ [する]</word>
			<alt>aisatsu</alt>
		</trans>
	</term>
	<term id="14">
		<trans lang="en">
			<word>peace of mind, be relieved</word>
		</trans>
		<trans lang="ja">
			<word>あんしん [する]</word>
			<alt>anshin</alt>
		</trans>
	</term>
	<term id="15">
		<trans lang="en">
			<word>climb</word>
		</trans>
		<trans lang="ja">
			<word>のぼる</word>
			<alt>noboru</alt>
		</trans>
	</term>
	<term id="16">
		<trans lang="en">
			<word>put, set up</word>
		</trans>
		<trans lang="ja">
			<word>おく</word>
			<alt>oku</alt>
		</trans>
	</term>
	<term id="17">
		<trans lang="en">
			<word>fly</word>
		</trans>
		<trans lang="ja">
			<word>とぶ</word>
			<alt>tobu</alt>
		</trans>
	</term>
	<term id="18">
		<trans lang="en">
			<word>sit, take a seat</word>
		</trans>
		<trans lang="ja">
			<word>すわる</word>
			<alt>suwaru</alt>
		</trans>
	</term>
	<term id="19">
		<trans lang="en">
			<word>wear, put on</word>
		</trans>
		<trans lang="ja">
			<word>きる</word>
			<alt>kiru</alt>
		</trans>
	</term>
	<term id="20">
		<trans lang="en">
			<word>practice, practise</word>
		</trans>
		<trans lang="ja">
			<word>れんしゅう [する]</word>
			<alt>renshuu</alt>
		</trans>
	</term>
	<term id="21">
		<trans lang="en">
			<word>UFO</word>
		</trans>
		<trans lang="ja">
			<word>ユーフォー</word>
			<alt>yuufoo</alt>
		</trans>
	</term>
	<term id="22">
		<trans lang="en">
			<word>judo (Jap. martial art)</word>
		</trans>
		<trans lang="ja">
			<word>じゅうどう</word>
			<alt>juudoo</alt>
		</trans>
	</term>
	<term id="23">
		<trans lang="en">
			<word>president (of a country)</word>
		</trans>
		<trans lang="ja">
			<word>大とうりょう</word>
			<alt>daitooryoo</alt>
		</trans>
	</term>
	<term id="24">
		<trans lang="en">
			<word>tofu (Jap. food)</word>
		</trans>
		<trans lang="ja">
			<word>とうふ</word>
			<alt>toofu</alt>
		</trans>
	</term>
	<term id="25">
		<trans lang="en">
			<word>fishing, fish</word>
		</trans>
		<trans lang="ja">
			<word>つり [をする]</word>
			<alt>tsuri</alt>
		</trans>
	</term>
</glossary>
