<?xml version="1.0"?>
<glossary id="389" name="p189-192" author="Frédéric Bergeron">
	<desc></desc>
	<term id="1">
		<trans lang="es">
			<word>astilla</word>
		</trans>
		<trans lang="fr">
			<word>écharde</word>
		</trans>
	</term>
	<term id="2">
		<trans lang="es">
			<word>cera</word>
		</trans>
		<trans lang="fr">
			<word>cire</word>
		</trans>
	</term>
	<term id="3">
		<trans lang="es">
			<word>mozo</word>
		</trans>
		<trans lang="fr">
			<word>jeune</word>
		</trans>
	</term>
	<term id="4">
		<trans lang="es">
			<word>agarrar</word>
		</trans>
		<trans lang="fr">
			<word>saisir,empoigner</word>
		</trans>
	</term>
</glossary>
