<?xml version="1.0"?>
<glossary id="239" name="Wie komme ich dorthin?" author="Frédéric Bergeron">
	<desc></desc>
	<term id="1">
		<trans lang="de">
			<word>links</word>
		</trans>
		<trans lang="fr">
			<word>gauche</word>
		</trans>
	</term>
	<term id="2">
		<trans lang="de">
			<word>rechts</word>
		</trans>
		<trans lang="fr">
			<word>droite</word>
		</trans>
	</term>
	<term id="3">
		<trans lang="de">
			<word>geradeaus</word>
		</trans>
		<trans lang="fr">
			<word>tout droit</word>
		</trans>
	</term>
	<term id="4">
		<trans lang="de">
			<word>die erste Straße rechts</word>
		</trans>
		<trans lang="fr">
			<word>la première rue à droite</word>
		</trans>
	</term>
	<term id="5">
		<trans lang="de">
			<word>die zweite Straße links</word>
		</trans>
		<trans lang="fr">
			<word>la deuxième rue à gauche</word>
		</trans>
	</term>
	<term id="6">
		<trans lang="de">
			<word>auf der linken Seite</word>
		</trans>
		<trans lang="fr">
			<word>sur la gauche</word>
		</trans>
		<comment languages="de-fr">Littéralement: du côté gauche.</comment>
	</term>
	<term id="7">
		<trans lang="de">
			<word>auf der rechten Seite</word>
		</trans>
		<trans lang="fr">
			<word>sur la droite</word>
		</trans>
		<comment languages="de-fr">Littéralement: du côté droit.</comment>
	</term>
	<term id="8">
		<trans lang="de">
			<word>Sie nehmen ...</word>
		</trans>
		<trans lang="fr">
			<word>Vous prenez ...</word>
		</trans>
	</term>
	<term id="9">
		<trans lang="de">
			<word>zum/zur</word>
		</trans>
		<trans lang="fr">
			<word>jusqu'à</word>
		</trans>
	</term>
	<term id="10">
		<trans lang="de">
			<word>Wie komme dorthin?</word>
		</trans>
		<trans lang="fr">
			<word>Comment aller là?</word>
		</trans>
		<comment languages="de-fr">Litéralement: Comment vais-je là?</comment>
	</term>
	<term id="11">
		<trans lang="de">
			<word>Tankstelle (f.)</word>
		</trans>
		<trans lang="fr">
			<word>station-service (poste d'essence)</word>
		</trans>
	</term>
</glossary>
