<?xml version="1.0"?>
<glossary id="28" name="1.05" author="Frédéric Bergeron">
	<desc></desc>
	<term id="1">
		<trans lang="en">
			<word>each,every,either,respectively,severally</word>
		</trans>
		<trans lang="ja">
			<word>各々</word>
			<alt>それぞれ</alt>
		</trans>
		<comment languages="en-ja">それぞれの文字列の末尾に改行が追加される。
We append a linefeed at the end of each string.</comment>
	</term>
	<term id="2">
		<trans lang="en">
			<word>end</word>
		</trans>
		<trans lang="ja">
			<word>末尾</word>
			<alt>まつび</alt>
		</trans>
		<comment languages="en-ja">それぞれの文字列の末尾に改行が追加される。
We append a linefeed at the end of each string.</comment>
	</term>
	<term id="3">
		<trans lang="en">
			<word>addition,supplement,appendix (to)</word>
		</trans>
		<trans lang="ja">
			<word>追加(する)</word>
			<alt>ついか(する)</alt>
		</trans>
		<comment languages="en-ja">それぞれの文字列の末尾に改行が追加される。
We append a linefeed at the end of each string.</comment>
	</term>
	<term id="4">
		<trans lang="en">
			<word>kitchen,one's own convenience,one's way,selfishness</word>
		</trans>
		<trans lang="ja">
			<word>勝手</word>
			<alt>かって</alt>
		</trans>
		<comment languages="en-ja">その人は勝手ですね。
He is selfish, isn't it?</comment>
	</term>
	<term id="5">
		<trans lang="en">
			<word>errand,message,messenger,use,usage,trainer,mission (to)</word>
		</trans>
		<trans lang="ja">
			<word>使い(する)</word>
			<alt>つかい(する)</alt>
		</trans>
		<comment languages="en-ja">あの子供たちは言葉使いが悪い。
Those children use bad words.

わたしは自分で行く代わりに、使いの者をやった。
Instead of going myself, I sent a messenger.</comment>
	</term>
	<term id="6">
		<trans lang="en">
			<word>scene,setting (e.g. of novel)</word>
		</trans>
		<trans lang="ja">
			<word>場面</word>
			<alt>ばめん</alt>
		</trans>
	</term>
</glossary>
