<?xml version="1.0"?>
<glossary id="43" name="1.11" author="Frédéric Bergeron">
	<desc></desc>
	<term id="1">
		<trans lang="en">
			<word>control,governing,checking,suppression,management</word>
		</trans>
		<trans lang="ja">
			<word>制御</word>
			<alt>せいぎょ</alt>
		</trans>
		<comment languages="en-ja">制御構造 : Control structure</comment>
	</term>
	<term id="2">
		<trans lang="en">
			<word>structure,construction</word>
		</trans>
		<trans lang="ja">
			<word>構造</word>
			<alt>こうぞう</alt>
		</trans>
		<comment languages="en-ja">制御構造 : Control structure</comment>
	</term>
	<term id="3">
		<trans lang="en">
			<word>device,trick,mechanism,gadget</word>
		</trans>
		<trans lang="ja">
			<word>仕掛け</word>
			<alt>しかけ</alt>
		</trans>
	</term>
</glossary>
