<?xml version="1.0"?>
<glossary id="414" name="p301-307" author="Frédéric Bergeron">
	<desc></desc>
	<term id="1">
		<trans lang="es">
			<word>añejo</word>
		</trans>
		<trans lang="fr">
			<word>vieux</word>
		</trans>
	</term>
	<term id="2">
		<trans lang="es">
			<word>pliego</word>
		</trans>
		<trans lang="fr">
			<word>pli,feuille (de papier)</word>
		</trans>
		<comment languages="es-fr">pliegos de pargamino
feuilles de parchemin</comment>
	</term>
	<term id="3">
		<trans lang="es">
			<word>pergamino</word>
		</trans>
		<trans lang="fr">
			<word>parchemin</word>
		</trans>
	</term>
</glossary>
