<?xml version="1.0"?>
<glossary id="201" name="Was kostet das?" author="Frédéric Bergeron">
	<desc></desc>
	<term id="1">
		<trans lang="de">
			<word>Was darf es sein?</word>
		</trans>
		<trans lang="fr">
			<word>Que puis-je vous offrir?</word>
		</trans>
		<comment languages="de-fr">Littéralement: Qu'est-ce que cela pourrait être?</comment>
	</term>
	<term id="2">
		<trans lang="de">
			<word>Was macht das?</word>
		</trans>
		<trans lang="fr">
			<word>Combien ça coûte?</word>
		</trans>
		<comment languages="de-fr">Littéralement: Qu'est-ce que ça fait?</comment>
	</term>
</glossary>
