<?xml version="1.0"?>
<glossary id="308" name="JNI-12" author="">
	<desc></desc>
	<term id="1">
		<trans lang="en">
			<word>walk, go on foot</word>
		</trans>
		<trans lang="ja">
			<word>あるく</word>
			<alt>aruku</alt>
		</trans>
	</term>
	<term id="2">
		<trans lang="en">
			<word>front, in front; before</word>
		</trans>
		<trans lang="ja">
			<word>まえ</word>
			<alt>mae</alt>
		</trans>
	</term>
	<term id="3">
		<trans lang="en">
			<word>a little</word>
		</trans>
		<trans lang="ja">
			<word>ちょっと</word>
			<alt>chotto</alt>
		</trans>
	</term>
	<term id="4">
		<trans lang="en">
			<word>here, this place</word>
		</trans>
		<trans lang="ja">
			<word>ここ</word>
			<alt>koko</alt>
		</trans>
	</term>
	<term id="5">
		<trans lang="en">
			<word>there, that place (near you)</word>
		</trans>
		<trans lang="ja">
			<word>そこ</word>
			<alt>soko</alt>
		</trans>
	</term>
	<term id="6">
		<trans lang="en">
			<word>over there, that place</word>
		</trans>
		<trans lang="ja">
			<word>あそこ</word>
			<alt>asoko</alt>
		</trans>
	</term>
	<term id="7">
		<trans lang="en">
			<word>throat</word>
		</trans>
		<trans lang="ja">
			<word>のど</word>
			<alt>nodo</alt>
		</trans>
	</term>
	<term id="8">
		<trans lang="en">
			<word>dry, become dry</word>
		</trans>
		<trans lang="ja">
			<word>かわく</word>
			<alt>kawaku</alt>
		</trans>
	</term>
	<term id="9">
		<trans lang="en">
			<word>kawaita  be thirsty</word>
		</trans>
		<trans lang="ja">
			<word>のどがかわいた</word>
			<alt>nodoga</alt>
		</trans>
	</term>
	<term id="10">
		<trans lang="en">
			<word>Please. (offer)</word>
		</trans>
		<trans lang="ja">
			<word>どうぞ</word>
			<alt>doozo</alt>
		</trans>
	</term>
	<term id="11">
		<trans lang="en">
			<word>I accept. (before eating)</word>
		</trans>
		<trans lang="ja">
			<word>いただきます</word>
			<alt>itadakimasu</alt>
		</trans>
	</term>
	<term id="12">
		<trans lang="en">
			<word>this way, this person (hon.)</word>
		</trans>
		<trans lang="ja">
			<word>こちら</word>
			<alt>kochira</alt>
		</trans>
	</term>
	<term id="13">
		<trans lang="en">
			<word>Pleased to meet you.</word>
		</trans>
		<trans lang="ja">
			<word>はじめまして</word>
			<alt>hajimemashite</alt>
		</trans>
	</term>
	<term id="14">
		<trans lang="en">
			<word>movie theatre, cinema</word>
		</trans>
		<trans lang="ja">
			<word>えいがかん</word>
			<alt>eigakan</alt>
		</trans>
	</term>
	<term id="15">
		<trans lang="en">
			<word>coffee shop</word>
		</trans>
		<trans lang="ja">
			<word>きっさてん</word>
			<alt>kissaten</alt>
		</trans>
	</term>
	<term id="16">
		<trans lang="en">
			<word>one, 1   +</word>
		</trans>
		<trans lang="ja">
			<word>一</word>
			<alt>ichi</alt>
		</trans>
	</term>
	<term id="17">
		<trans lang="en">
			<word>two, 2   +</word>
		</trans>
		<trans lang="ja">
			<word>二</word>
			<alt>ni</alt>
		</trans>
	</term>
	<term id="18">
		<trans lang="en">
			<word>three, 3   +</word>
		</trans>
		<trans lang="ja">
			<word>三</word>
			<alt>san</alt>
		</trans>
	</term>
	<term id="19">
		<trans lang="en">
			<word>four, 4 (also "yon")   +</word>
		</trans>
		<trans lang="ja">
			<word>四</word>
			<alt>shi</alt>
		</trans>
	</term>
	<term id="20">
		<trans lang="en">
			<word>five, 5   +</word>
		</trans>
		<trans lang="ja">
			<word>五</word>
			<alt>go</alt>
		</trans>
	</term>
	<term id="21">
		<trans lang="en">
			<word>six, 6   +</word>
		</trans>
		<trans lang="ja">
			<word>六</word>
			<alt>roku</alt>
		</trans>
	</term>
	<term id="22">
		<trans lang="en">
			<word>seven, 7 (also "nana")   +</word>
		</trans>
		<trans lang="ja">
			<word>七</word>
			<alt>shichi</alt>
		</trans>
	</term>
	<term id="23">
		<trans lang="en">
			<word>eight, 8   +</word>
		</trans>
		<trans lang="ja">
			<word>八</word>
			<alt>hachi</alt>
		</trans>
	</term>
	<term id="24">
		<trans lang="en">
			<word>nine, 9 (also "ku-")   +</word>
		</trans>
		<trans lang="ja">
			<word>九</word>
			<alt>kyuu</alt>
		</trans>
	</term>
	<term id="25">
		<trans lang="en">
			<word>ten, 10   +</word>
		</trans>
		<trans lang="ja">
			<word>十　 (おん)</word>
			<alt>juu</alt>
		</trans>
	</term>
	<term id="26">
		<trans lang="en">
			<word># o'clock   +</word>
		</trans>
		<trans lang="ja">
			<word>~時</word>
			<alt>-ji</alt>
		</trans>
	</term>
	<term id="27">
		<trans lang="en">
			<word>4 o'clock, 4:00</word>
		</trans>
		<trans lang="ja">
			<word>四時</word>
			<alt>yoji</alt>
		</trans>
	</term>
	<term id="28">
		<trans lang="en">
			<word>7 o'clock, 7:00</word>
		</trans>
		<trans lang="ja">
			<word>七時</word>
			<alt>shichiji</alt>
		</trans>
	</term>
	<term id="29">
		<trans lang="en">
			<word>9 o'clock, 9:00</word>
		</trans>
		<trans lang="ja">
			<word>九時</word>
			<alt>kuji</alt>
		</trans>
	</term>
	<term id="30">
		<trans lang="en">
			<word>12 o'clock, 12:00</word>
		</trans>
		<trans lang="ja">
			<word>十二時</word>
			<alt>juuniji</alt>
		</trans>
	</term>
	<term id="31">
		<trans lang="en">
			<word>what time?</word>
		</trans>
		<trans lang="ja">
			<word>なん時</word>
			<alt>nanji</alt>
		</trans>
	</term>
	<term id="32">
		<trans lang="en">
			<word># minutes   +</word>
		</trans>
		<trans lang="ja">
			<word>~分</word>
			<alt>-fun</alt>
		</trans>
	</term>
	<term id="33">
		<trans lang="en">
			<word>3 minutes, 3 mins</word>
		</trans>
		<trans lang="ja">
			<word>三分</word>
			<alt>sampun</alt>
		</trans>
	</term>
	<term id="34">
		<trans lang="en">
			<word>5 minutes, 5 mins</word>
		</trans>
		<trans lang="ja">
			<word>五分</word>
			<alt>gofun</alt>
		</trans>
	</term>
	<term id="35">
		<trans lang="en">
			<word>6 minutes, 6 mins</word>
		</trans>
		<trans lang="ja">
			<word>六分</word>
			<alt>roppun</alt>
		</trans>
	</term>
	<term id="36">
		<trans lang="en">
			<word>20 minutes, 20 mins</word>
		</trans>
		<trans lang="ja">
			<word>二十分</word>
			<alt>nijuppun</alt>
		</trans>
	</term>
	<term id="37">
		<trans lang="en">
			<word>47 minutes, 47 mins</word>
		</trans>
		<trans lang="ja">
			<word>四十七分</word>
			<alt>yonjuunanafun</alt>
		</trans>
	</term>
	<term id="38">
		<trans lang="en">
			<word>child   +</word>
		</trans>
		<trans lang="ja">
			<word>子ども</word>
			<alt>kodomo</alt>
		</trans>
	</term>
	<term id="39">
		<trans lang="en">
			<word>children</word>
		</trans>
		<trans lang="ja">
			<word>子どもたち</word>
			<alt>kodomotachi</alt>
		</trans>
	</term>
	<term id="40">
		<trans lang="en">
			<word>hundred, 100</word>
		</trans>
		<trans lang="ja">
			<word>ひゃく</word>
			<alt>hyaku</alt>
		</trans>
	</term>
	<term id="41">
		<trans lang="en">
			<word>300   *</word>
		</trans>
		<trans lang="ja">
			<word>三びゃく</word>
			<alt>sambyaku</alt>
		</trans>
	</term>
	<term id="42">
		<trans lang="en">
			<word>600   *</word>
		</trans>
		<trans lang="ja">
			<word>六ぴゃく</word>
			<alt>roppyaku</alt>
		</trans>
	</term>
	<term id="43">
		<trans lang="en">
			<word>700</word>
		</trans>
		<trans lang="ja">
			<word>七ひゃく</word>
			<alt>nanahyaku</alt>
		</trans>
	</term>
	<term id="44">
		<trans lang="en">
			<word>800   *</word>
		</trans>
		<trans lang="ja">
			<word>八ぴゃく</word>
			<alt>happyaku</alt>
		</trans>
	</term>
	<term id="45">
		<trans lang="en">
			<word>thousand, 1000</word>
		</trans>
		<trans lang="ja">
			<word>せん</word>
			<alt>sen</alt>
		</trans>
	</term>
	<term id="46">
		<trans lang="en">
			<word>3000   *</word>
		</trans>
		<trans lang="ja">
			<word>三ぜん</word>
			<alt>sanzen</alt>
		</trans>
	</term>
	<term id="47">
		<trans lang="en">
			<word>8000   *</word>
		</trans>
		<trans lang="ja">
			<word>八せん</word>
			<alt>hassen</alt>
		</trans>
	</term>
	<term id="48">
		<trans lang="en">
			<word>9000</word>
		</trans>
		<trans lang="ja">
			<word>九せん</word>
			<alt>kyuusen</alt>
		</trans>
	</term>
	<term id="49">
		<trans lang="en">
			<word>ten thousand, 10000</word>
		</trans>
		<trans lang="ja">
			<word>~まん</word>
			<alt>-man</alt>
		</trans>
	</term>
	<term id="50">
		<trans lang="en">
			<word>10000</word>
		</trans>
		<trans lang="ja">
			<word>一まん</word>
			<alt>ichiman</alt>
		</trans>
	</term>
	<term id="51">
		<trans lang="en">
			<word>50000</word>
		</trans>
		<trans lang="ja">
			<word>五まん</word>
			<alt>goman</alt>
		</trans>
	</term>
	<term id="52">
		<trans lang="en">
			<word>70000</word>
		</trans>
		<trans lang="ja">
			<word>七まん</word>
			<alt>nanaman</alt>
		</trans>
	</term>
	<term id="53">
		<trans lang="en">
			<word>2000 yen</word>
		</trans>
		<trans lang="ja">
			<word>二せんえん</word>
			<alt>nisen'en</alt>
		</trans>
	</term>
	<term id="54">
		<trans lang="en">
			<word>80000 yen</word>
		</trans>
		<trans lang="ja">
			<word>八まんえん</word>
			<alt>hachimanen</alt>
		</trans>
	</term>
</glossary>
