<?xml version="1.0"?>
<glossary id="314" name="JNI-07" author="">
	<desc></desc>
	<term id="1">
		<trans lang="en">
			<word>birthday</word>
		</trans>
		<trans lang="ja">
			<word>たんじょうび</word>
			<alt>tanjoobi</alt>
		</trans>
	</term>
	<term id="2">
		<trans lang="en">
			<word>present</word>
		</trans>
		<trans lang="ja">
			<word>プレゼント</word>
			<alt>purezento</alt>
		</trans>
	</term>
	<term id="3">
		<trans lang="en">
			<word>socks</word>
		</trans>
		<trans lang="ja">
			<word>くつした</word>
			<alt>kutsushita</alt>
		</trans>
	</term>
	<term id="4">
		<trans lang="en">
			<word>only</word>
		</trans>
		<trans lang="ja">
			<word>~だけ</word>
			<alt>-dake</alt>
		</trans>
	</term>
	<term id="5">
		<trans lang="en">
			<word>this, this one</word>
		</trans>
		<trans lang="ja">
			<word>これ</word>
			<alt>kore</alt>
		</trans>
	</term>
	<term id="6">
		<trans lang="en">
			<word>that, that one (near you)</word>
		</trans>
		<trans lang="ja">
			<word>それ</word>
			<alt>sore</alt>
		</trans>
	</term>
	<term id="7">
		<trans lang="en">
			<word>that, that one (over there)</word>
		</trans>
		<trans lang="ja">
			<word>あれ</word>
			<alt>are</alt>
		</trans>
	</term>
	<term id="8">
		<trans lang="en">
			<word>which?, which one?</word>
		</trans>
		<trans lang="ja">
			<word>どれ</word>
			<alt>dore</alt>
		</trans>
	</term>
</glossary>
