<?xml version="1.0"?>
<glossary id="200" name="Das Alphabet." author="Frédéric Bergeron">
	<desc></desc>
	<term id="3">
		<trans lang="de">
			<word>c</word>
			<alt>tsé</alt>
		</trans>
		<trans lang="fr">
			<word>c</word>
		</trans>
	</term>
	<term id="5">
		<trans lang="de">
			<word>e</word>
			<alt>é</alt>
		</trans>
		<trans lang="fr">
			<word>e</word>
		</trans>
	</term>
	<term id="7">
		<trans lang="de">
			<word>g</word>
			<alt>gué</alt>
		</trans>
		<trans lang="fr">
			<word>g</word>
		</trans>
	</term>
	<term id="8">
		<trans lang="de">
			<word>h</word>
			<alt>ha</alt>
		</trans>
		<trans lang="fr">
			<word>h</word>
		</trans>
	</term>
	<term id="10">
		<trans lang="de">
			<word>j</word>
			<alt>yot</alt>
		</trans>
		<trans lang="fr">
			<word>j</word>
		</trans>
	</term>
	<term id="11">
		<trans lang="de">
			<word>q</word>
			<alt>kou</alt>
		</trans>
		<trans lang="fr">
			<word>q</word>
		</trans>
	</term>
	<term id="12">
		<trans lang="de">
			<word>u</word>
			<alt>ou</alt>
		</trans>
		<trans lang="fr">
			<word>u</word>
		</trans>
	</term>
	<term id="13">
		<trans lang="de">
			<word>v</word>
			<alt>fao</alt>
		</trans>
		<trans lang="fr">
			<word>v</word>
		</trans>
	</term>
	<term id="14">
		<trans lang="de">
			<word>w</word>
			<alt>vé</alt>
		</trans>
		<trans lang="fr">
			<word>w</word>
		</trans>
	</term>
	<term id="15">
		<trans lang="de">
			<word>y</word>
			<alt>upsilon</alt>
		</trans>
		<trans lang="fr">
			<word>y</word>
		</trans>
	</term>
	<term id="16">
		<trans lang="de">
			<word>z</word>
			<alt>tset</alt>
		</trans>
		<trans lang="fr">
			<word>z</word>
		</trans>
	</term>
	<term id="17">
		<trans lang="de">
			<word>ä</word>
			<alt>è</alt>
		</trans>
		<trans lang="fr">
			<word>ä</word>
		</trans>
	</term>
	<term id="18">
		<trans lang="de">
			<word>äu</word>
			<alt>oï</alt>
		</trans>
		<trans lang="fr">
			<word>äu</word>
		</trans>
	</term>
	<term id="19">
		<trans lang="de">
			<word>ö</word>
			<alt>eu</alt>
		</trans>
		<trans lang="fr">
			<word>ö</word>
		</trans>
	</term>
	<term id="20">
		<trans lang="de">
			<word>ü</word>
			<alt>u</alt>
		</trans>
		<trans lang="fr">
			<word>ü</word>
		</trans>
	</term>
	<term id="21">
		<trans lang="de">
			<word>nn</word>
			<alt>doppel n</alt>
		</trans>
		<trans lang="fr">
			<word>nn</word>
		</trans>
	</term>
	<term id="22">
		<trans lang="de">
			<word>ß</word>
			<alt>s tset,scharfes s</alt>
		</trans>
		<trans lang="fr">
			<word>ß</word>
		</trans>
	</term>
</glossary>
