<?xml version="1.0"?>
<glossary id="370" name="p055-066" author="Frédéric Bergeron">
	<desc></desc>
	<term id="1">
		<trans lang="es">
			<word>salado</word>
		</trans>
		<trans lang="fr">
			<word>salé</word>
		</trans>
	</term>
	<term id="2">
		<trans lang="es">
			<word>balde</word>
		</trans>
		<trans lang="fr">
			<word>seau</word>
		</trans>
		<comment languages="es-fr">un balde de desechos: un seau de rebuts</comment>
	</term>
	<term id="3">
		<trans lang="es">
			<word>desecho</word>
		</trans>
		<trans lang="fr">
			<word>rebut</word>
		</trans>
		<comment languages="es-fr">un balde de desechos: un seau de rebuts</comment>
	</term>
	<term id="4">
		<trans lang="es">
			<word>escarbar</word>
		</trans>
		<trans lang="fr">
			<word>gratter,fouiller</word>
		</trans>
	</term>
	<term id="5">
		<trans lang="es">
			<word>alimaña</word>
		</trans>
		<trans lang="fr">
			<word>animal nuisible</word>
		</trans>
	</term>
	<term id="6">
		<trans lang="es">
			<word>mugre (f.)</word>
		</trans>
		<trans lang="fr">
			<word>crasse (f.)</word>
		</trans>
	</term>
	<term id="7">
		<trans lang="es">
			<word>amedrentar</word>
		</trans>
		<trans lang="fr">
			<word>faire peur</word>
		</trans>
	</term>
	<term id="8">
		<trans lang="es">
			<word>costado</word>
		</trans>
		<trans lang="fr">
			<word>côté</word>
		</trans>
	</term>
	<term id="9">
		<trans lang="es">
			<word>acabar</word>
		</trans>
		<trans lang="fr">
			<word>finir,achever</word>
		</trans>
	</term>
	<term id="10">
		<trans lang="es">
			<word>calentura</word>
		</trans>
		<trans lang="fr">
			<word>fièvre,température</word>
		</trans>
	</term>
	<term id="11">
		<trans lang="es">
			<word>piojo</word>
		</trans>
		<trans lang="fr">
			<word>pou</word>
		</trans>
	</term>
	<term id="12">
		<trans lang="es">
			<word>quicio</word>
		</trans>
		<trans lang="fr">
			<word>penture (de porte)</word>
		</trans>
		<comment languages="es-fr">sacar de quicio a alguien: faire sortir quelqu'un de ses gonds,l'enrager</comment>
	</term>
	<term id="13">
		<trans lang="es">
			<word>monje,fraile</word>
		</trans>
		<trans lang="fr">
			<word>moine</word>
		</trans>
	</term>
</glossary>
