<?xml version="1.0"?>
<glossary id="231" name="Ein Formular zum Ausfüllen." author="Frédéric Bergeron">
	<desc></desc>
	<term id="1">
		<trans lang="de">
			<word>Wohnort</word>
		</trans>
		<trans lang="fr">
			<word>domicile</word>
		</trans>
	</term>
	<term id="2">
		<trans lang="de">
			<word>Anschrift</word>
		</trans>
		<trans lang="fr">
			<word>adresse</word>
		</trans>
	</term>
	<term id="3">
		<trans lang="de">
			<word>Staatsangehörigkeit</word>
		</trans>
		<trans lang="fr">
			<word>nationalité</word>
		</trans>
	</term>
	<term id="4">
		<trans lang="de">
			<word>Geburtsort</word>
		</trans>
		<trans lang="fr">
			<word>lieu de naissance</word>
		</trans>
	</term>
	<term id="5">
		<trans lang="de">
			<word>Geburtsdatum</word>
		</trans>
		<trans lang="fr">
			<word>date de naissance</word>
		</trans>
	</term>
	<term id="6">
		<trans lang="de">
			<word>Familienstand</word>
		</trans>
		<trans lang="fr">
			<word>situation familiale</word>
		</trans>
	</term>
	<term id="7">
		<trans lang="de">
			<word>verheiratet</word>
		</trans>
		<trans lang="fr">
			<word>marié</word>
		</trans>
	</term>
	<term id="8">
		<trans lang="de">
			<word>ledig</word>
		</trans>
		<trans lang="fr">
			<word>célibataire</word>
		</trans>
	</term>
	<term id="9">
		<trans lang="de">
			<word>Ihren Ausweis</word>
		</trans>
		<trans lang="fr">
			<word>votre carte d'identité</word>
		</trans>
	</term>
</glossary>
