<?xml version="1.0"?>
<glossary id="20" name="21" author="">
	<desc></desc>
	<term id="1">
		<trans lang="en">
			<word>to trust; to believe in</word>
		</trans>
		<trans lang="ja">
			<word>信 (9)</word>
			<alt>シン</alt>
		</trans>
		<comment languages="en-ja">信じる ; しんじる ; to believe
信号 ; しんごう ; a traffic light
返信する ; へんしんする ; to reply (by letter)
信用する ; しんようする ; to trust
通信 ; つうしん ; correspondence
通信機関 ; つうしんきかん ; communications or media organization
自信 ; じしん ; self-confidence</comment>
	</term>
	<term id="2">
		<trans lang="en">
			<word>to pass through</word>
		</trans>
		<trans lang="ja">
			<word>経 (11)</word>
			<alt>ケイ</alt>
		</trans>
		<comment languages="en-ja">経験 ; けいけん ; experience
経済学 ; けいざいがく ; economics
経営する ; けいえいする ; to run an enterprise
経由 ; けいゆ ; via; by way of</comment>
	</term>
	<term id="3">
		<trans lang="en">
			<word>stand</word>
		</trans>
		<trans lang="ja">
			<word>台 (5)</word>
			<alt>タイ；ダイ</alt>
		</trans>
		<comment languages="en-ja">台所 ; だいどころ ; kitchen
台風 ; たいふう ; typoon
二台 ; にだい ; two vechicles/machines/etc.
寝台車 ; しんだいしゃ ; sleeping car
台所 ; だいどころ ; kitchen
台 ; だい ; a table; a platform
台地 ; だいち ; a plateau</comment>
	</term>
	<term id="4">
		<trans lang="en">
			<word>wind</word>
		</trans>
		<trans lang="ja">
			<word>風 (9)</word>
			<alt>フウ；かぜ</alt>
		</trans>
		<comment languages="en-ja">台風 ; たいふう ; typoon
風 ; かぜ ; wind
涼風 ; りょうふう ; a cool breeze
北風 ; きたかぜ ; a north wind
和風 ; わふう ; Japanese style</comment>
	</term>
	<term id="5">
		<trans lang="en">
			<word>dog</word>
		</trans>
		<trans lang="ja">
			<word>犬 (4)</word>
			<alt>いぬ；ケン</alt>
		</trans>
		<comment languages="en-ja">犬 ; いぬ ; dog</comment>
	</term>
	<term id="6">
		<trans lang="en">
			<word>first</word>
		</trans>
		<trans lang="ja">
			<word>初 (7)</word>
			<alt>はじ；ショ；はつ</alt>
		</trans>
		<comment languages="en-ja">初めは ; はじめは ; at first
初めて ; はじめて ; first time
最初 ; さいしょ ; first
初夏 ; しょか ; early summer
初歩 ; しょほ ; the first steps</comment>
	</term>
	<term id="7">
		<trans lang="en">
			<word>young</word>
		</trans>
		<trans lang="ja">
			<word>若 (8)</word>
			<alt>わか</alt>
		</trans>
		<comment languages="en-ja">若い ; わかい ; young</comment>
	</term>
	<term id="8">
		<trans lang="en">
			<word>to send</word>
		</trans>
		<trans lang="ja">
			<word>送 (9)</word>
			<alt>おく；ソウ</alt>
		</trans>
		<comment languages="en-ja">送る ; おくる ; to send; to drop someone off
見送る ; みおくる ; to see someone off
送別会 ; そうべつかい ; a farewell party
送料 ; そうりょう ; postage
運送 ; うんそう ; conveyance
放送局 ; ほうそうきょく ; a broadcasting station</comment>
	</term>
	<term id="9">
		<trans lang="en">
			<word>happiness</word>
		</trans>
		<trans lang="ja">
			<word>幸 (8)</word>
			<alt>しあわ；コウ；さいわ</alt>
		</trans>
		<comment languages="en-ja">幸せ ; しあわせ ; happy
幸い ; さいわい ; fortunately</comment>
	</term>
	<term id="10">
		<trans lang="en">
			<word>to measure</word>
		</trans>
		<trans lang="ja">
			<word>計 (9)</word>
			<alt>ケイ；はか</alt>
		</trans>
		<comment languages="en-ja">時計 ; とけい ; watch
計画 ; けいかく ; plan
体温計 ; たいおんけい ; medical thermometer
合計 ; ごうけい ; a total
目覚まし時計 ; めざましどけい ; an alarm clock
置き時計 ; おきどけい ; a table clock</comment>
	</term>
	<term id="11">
		<trans lang="en">
			<word>late</word>
		</trans>
		<trans lang="ja">
			<word>遅 (12)</word>
			<alt>おく；おそ；チ</alt>
		</trans>
		<comment languages="en-ja">遅れる ; おくれる ; to be late
遅い ; おそい ; late</comment>
	</term>
	<term id="12">
		<trans lang="en">
			<word>to deliver</word>
		</trans>
		<trans lang="ja">
			<word>配 (10)</word>
			<alt>パイ；くば；ハイ</alt>
		</trans>
		<comment languages="en-ja">心配する ; しんぱいする ; to worry
心配な ; しんぱいな ; worried about
配る ; くばる ; to deliver
配達する ; はいたつする ; to deliver</comment>
	</term>
	<term id="13">
		<trans lang="en">
			<word>young brother</word>
		</trans>
		<trans lang="ja">
			<word>弟 (7)</word>
			<alt>おとうと；ダイ；デ</alt>
		</trans>
		<comment languages="en-ja">弟 ; おとうと ; younger brother
兄弟 ; きょうだい ; brothers; siblings</comment>
	</term>
	<term id="14">
		<trans lang="en">
			<word>young sister</word>
		</trans>
		<trans lang="ja">
			<word>妹 (8)</word>
			<alt>いもうと；マイ</alt>
		</trans>
		<comment languages="en-ja">妹 ; いもうと ; younger sister</comment>
	</term>
	<term id="15">
		<trans lang="en">
			<word>heavy; to pile up</word>
		</trans>
		<trans lang="ja">
			<word>重 (9)</word>
			<alt>かさ；シュウ；チョウ</alt>
		</trans>
	</term>
</glossary>
