<?xml version="1.0"?>
<glossary id="311" name="JNI-09" author="">
	<desc></desc>
	<term id="1">
		<trans lang="en">
			<word>far, distant (from: "kara")</word>
		</trans>
		<trans lang="ja">
			<word>とおい</word>
			<alt>tooi</alt>
		</trans>
	</term>
	<term id="2">
		<trans lang="en">
			<word>train, electric train</word>
		</trans>
		<trans lang="ja">
			<word>でんしゃ</word>
			<alt>densha</alt>
		</trans>
	</term>
	<term id="3">
		<trans lang="en">
			<word>about, approximately (time)</word>
		</trans>
		<trans lang="ja">
			<word>~ごろ</word>
			<alt>-goro</alt>
		</trans>
	</term>
	<term id="4">
		<trans lang="en">
			<word>towel</word>
		</trans>
		<trans lang="ja">
			<word>タオル</word>
			<alt>taoru</alt>
		</trans>
	</term>
	<term id="5">
		<trans lang="en">
			<word>be late (for: "ni")</word>
		</trans>
		<trans lang="ja">
			<word>おくれる</word>
			<alt>okureru</alt>
		</trans>
	</term>
	<term id="6">
		<trans lang="en">
			<word># yen (Jap. currency)</word>
		</trans>
		<trans lang="ja">
			<word>~えん</word>
			<alt>-en</alt>
		</trans>
	</term>
	<term id="11">
		<trans lang="en">
			<word>Be careful.</word>
		</trans>
		<trans lang="ja">
			<word>きをつけて</word>
			<alt>kiwo tsukete</alt>
		</trans>
	</term>
	<term id="12">
		<trans lang="en">
			<word>practice, practise</word>
		</trans>
		<trans lang="ja">
			<word>れんしゅう [する]</word>
			<alt>renshuu</alt>
		</trans>
	</term>
	<term id="13">
		<trans lang="en">
			<word>game, match, competition</word>
		</trans>
		<trans lang="ja">
			<word>しあい</word>
			<alt>shiai</alt>
		</trans>
	</term>
	<term id="14">
		<trans lang="en">
			<word>class</word>
		</trans>
		<trans lang="ja">
			<word>クラス</word>
			<alt>kurasu</alt>
		</trans>
	</term>
	<term id="15">
		<trans lang="en">
			<word>home economics</word>
		</trans>
		<trans lang="ja">
			<word>かていか</word>
			<alt>kateika</alt>
		</trans>
	</term>
	<term id="16">
		<trans lang="en">
			<word>history</word>
		</trans>
		<trans lang="ja">
			<word>れきし</word>
			<alt>rekishi</alt>
		</trans>
	</term>
	<term id="17">
		<trans lang="en">
			<word>physical education, phys. ed.</word>
		</trans>
		<trans lang="ja">
			<word>たいいく</word>
			<alt>taiiku</alt>
		</trans>
	</term>
	<term id="18">
		<trans lang="en">
			<word>gymnasium</word>
		</trans>
		<trans lang="ja">
			<word>たいいくかん</word>
			<alt>taiikukan</alt>
		</trans>
	</term>
	<term id="19">
		<trans lang="en">
			<word>social studies</word>
		</trans>
		<trans lang="ja">
			<word>しゃかいか</word>
			<alt>shakaika</alt>
		</trans>
	</term>
	<term id="20">
		<trans lang="en">
			<word>art</word>
		</trans>
		<trans lang="ja">
			<word>びじゅつ</word>
			<alt>bijutsu</alt>
		</trans>
	</term>
	<term id="21">
		<trans lang="en">
			<word>mathematics, maths</word>
		</trans>
		<trans lang="ja">
			<word>すうがく</word>
			<alt>suugaku</alt>
		</trans>
	</term>
	<term id="22">
		<trans lang="en">
			<word>science; chemistry</word>
		</trans>
		<trans lang="ja">
			<word>かがく</word>
			<alt>kagaku</alt>
		</trans>
	</term>
	<term id="23">
		<trans lang="en">
			<word>basketball</word>
		</trans>
		<trans lang="ja">
			<word>バスケット</word>
			<alt>basuketto</alt>
		</trans>
	</term>
	<term id="24">
		<trans lang="en">
			<word>tennis</word>
		</trans>
		<trans lang="ja">
			<word>テニス</word>
			<alt>tenisu</alt>
		</trans>
	</term>
</glossary>
