<?xml version="1.0"?>
<glossary id="313" name="JBPI-16" author="">
	<desc></desc>
	<term id="1">
		<trans lang="en">
			<word>skiing</word>
		</trans>
		<trans lang="ja">
			<word>スキー</word>
			<alt>sukii</alt>
		</trans>
	</term>
	<term id="2">
		<trans lang="en">
			<word>together (with: "to")</word>
		</trans>
		<trans lang="ja">
			<word>いっしょに</word>
			<alt>isshoni</alt>
		</trans>
	</term>
	<term id="3">
		<trans lang="en">
			<word>regrettable, a pity</word>
		</trans>
		<trans lang="ja">
			<word>ざんねん [な]</word>
			<alt>zannen</alt>
		</trans>
	</term>
	<term id="4">
		<trans lang="en">
			<word>condition</word>
		</trans>
		<trans lang="ja">
			<word>つごう</word>
			<alt>tsugoo</alt>
		</trans>
	</term>
	<term id="5">
		<trans lang="en">
			<word>warui  be unable</word>
		</trans>
		<trans lang="ja">
			<word>つごうがわるい</word>
			<alt>tsugooga</alt>
		</trans>
	</term>
	<term id="6">
		<trans lang="en">
			<word>hiking</word>
		</trans>
		<trans lang="ja">
			<word>ハイキング</word>
			<alt>haikingu</alt>
		</trans>
	</term>
	<term id="7">
		<trans lang="en">
			<word>driving, a drive</word>
		</trans>
		<trans lang="ja">
			<word>ドライブ</word>
			<alt>doraibu</alt>
		</trans>
	</term>
	<term id="8">
		<trans lang="en">
			<word>walk, take a walk</word>
		</trans>
		<trans lang="ja">
			<word>さんぽ [する]</word>
			<alt>sampo</alt>
		</trans>
	</term>
	<term id="9">
		<trans lang="en">
			<word>sea, ocean</word>
		</trans>
		<trans lang="ja">
			<word>うみ</word>
			<alt>umi</alt>
		</trans>
	</term>
	<term id="10">
		<trans lang="en">
			<word>baby</word>
		</trans>
		<trans lang="ja">
			<word>あかちゃん</word>
			<alt>akachan</alt>
		</trans>
	</term>
	<term id="11">
		<trans lang="en">
			<word>spoon</word>
		</trans>
		<trans lang="ja">
			<word>スプーン</word>
			<alt>supuun</alt>
		</trans>
	</term>
	<term id="12">
		<trans lang="en">
			<word>mug, cup</word>
		</trans>
		<trans lang="ja">
			<word>コップ</word>
			<alt>koppu</alt>
		</trans>
	</term>
</glossary>
