<?xml version="1.0"?>
<glossary id="299" name="JBPI-02" author="">
	<desc></desc>
	<term id="1">
		<trans lang="en">
			<word>business card, name card</word>
		</trans>
		<trans lang="ja">
			<word>めいし</word>
			<alt>meishi</alt>
		</trans>
	</term>
	<term id="2">
		<trans lang="en">
			<word>Please. (offer)</word>
		</trans>
		<trans lang="ja">
			<word>どうぞ</word>
			<alt>doozo</alt>
		</trans>
	</term>
	<term id="3">
		<trans lang="en">
			<word>very much, Thanks.</word>
		</trans>
		<trans lang="ja">
			<word>どうも</word>
			<alt>doomo</alt>
		</trans>
	</term>
	<term id="4">
		<trans lang="en">
			<word>Thank you.</word>
		</trans>
		<trans lang="ja">
			<word>ありがとう</word>
			<alt>arigatoo</alt>
		</trans>
	</term>
	<term id="5">
		<trans lang="en">
			<word>... very much.</word>
		</trans>
		<trans lang="ja">
			<word>~ございます</word>
			<alt>-gozaimasu</alt>
		</trans>
	</term>
	<term id="6">
		<trans lang="en">
			<word>this, this one</word>
		</trans>
		<trans lang="ja">
			<word>これ</word>
			<alt>kore</alt>
		</trans>
	</term>
	<term id="7">
		<trans lang="en">
			<word>name</word>
		</trans>
		<trans lang="ja">
			<word>なまえ</word>
			<alt>namae</alt>
		</trans>
	</term>
	<term id="8">
		<trans lang="en">
			<word>Yes (agreement)</word>
		</trans>
		<trans lang="ja">
			<word>ええ</word>
			<alt>ee</alt>
		</trans>
	</term>
	<term id="9">
		<trans lang="en">
			<word>desu    That's right., Indeed.</word>
		</trans>
		<trans lang="ja">
			<word>そうです</word>
			<alt>soo</alt>
		</trans>
	</term>
	<term id="10">
		<trans lang="en">
			<word>company</word>
		</trans>
		<trans lang="ja">
			<word>かいしゃ</word>
			<alt>kaisha</alt>
		</trans>
	</term>
	<term id="11">
		<trans lang="en">
			<word>phone, telephone (-call)</word>
		</trans>
		<trans lang="ja">
			<word>でんわ [をする]</word>
			<alt>denwa</alt>
		</trans>
	</term>
	<term id="12">
		<trans lang="en">
			<word>number</word>
		</trans>
		<trans lang="ja">
			<word>ばんごう</word>
			<alt>bangoo</alt>
		</trans>
	</term>
	<term id="13">
		<trans lang="en">
			<word>telephone number</word>
		</trans>
		<trans lang="ja">
			<word>でんわばんごう</word>
			<alt>denwabangoo</alt>
		</trans>
	</term>
	<term id="14">
		<trans lang="en">
			<word>home</word>
		</trans>
		<trans lang="ja">
			<word>うち</word>
			<alt>uchi</alt>
		</trans>
	</term>
	<term id="15">
		<trans lang="en">
			<word>clock, watch</word>
		</trans>
		<trans lang="ja">
			<word>とけい</word>
			<alt>tokei</alt>
		</trans>
	</term>
	<term id="16">
		<trans lang="en">
			<word>one, 1</word>
		</trans>
		<trans lang="ja">
			<word>一</word>
			<alt>ichi</alt>
		</trans>
	</term>
	<term id="17">
		<trans lang="en">
			<word>two, 2</word>
		</trans>
		<trans lang="ja">
			<word>二</word>
			<alt>ni</alt>
		</trans>
	</term>
	<term id="18">
		<trans lang="en">
			<word>three, 3</word>
		</trans>
		<trans lang="ja">
			<word>三</word>
			<alt>san</alt>
		</trans>
	</term>
	<term id="19">
		<trans lang="en">
			<word>four, 4 (or: "shi")</word>
		</trans>
		<trans lang="ja">
			<word>四</word>
			<alt>yon</alt>
		</trans>
	</term>
	<term id="20">
		<trans lang="en">
			<word>five, 5</word>
		</trans>
		<trans lang="ja">
			<word>五</word>
			<alt>go</alt>
		</trans>
	</term>
	<term id="21">
		<trans lang="en">
			<word>six, 6</word>
		</trans>
		<trans lang="ja">
			<word>六</word>
			<alt>roku</alt>
		</trans>
	</term>
	<term id="22">
		<trans lang="en">
			<word>seven, 7 (or: "shichi")</word>
		</trans>
		<trans lang="ja">
			<word>七</word>
			<alt>nana</alt>
		</trans>
	</term>
	<term id="23">
		<trans lang="en">
			<word>eight, 8</word>
		</trans>
		<trans lang="ja">
			<word>八</word>
			<alt>hachi</alt>
		</trans>
	</term>
	<term id="24">
		<trans lang="en">
			<word>nine, 9 (or: "ku")</word>
		</trans>
		<trans lang="ja">
			<word>九</word>
			<alt>kyuu</alt>
		</trans>
	</term>
	<term id="25">
		<trans lang="en">
			<word>ten, 10</word>
		</trans>
		<trans lang="ja">
			<word>十　 (おん)</word>
			<alt>juu</alt>
		</trans>
	</term>
	<term id="26">
		<trans lang="en">
			<word>zero, 0 (or: "rei")</word>
		</trans>
		<trans lang="ja">
			<word>ゼロ</word>
			<alt>zero</alt>
		</trans>
	</term>
	<term id="27">
		<trans lang="en">
			<word>book</word>
		</trans>
		<trans lang="ja">
			<word>ほん</word>
			<alt>hon</alt>
		</trans>
	</term>
	<term id="28">
		<trans lang="en">
			<word>newspaper</word>
		</trans>
		<trans lang="ja">
			<word>しんぶん</word>
			<alt>shimbun</alt>
		</trans>
	</term>
	<term id="29">
		<trans lang="en">
			<word>key</word>
		</trans>
		<trans lang="ja">
			<word>かぎ</word>
			<alt>kagi</alt>
		</trans>
	</term>
	<term id="30">
		<trans lang="en">
			<word>car</word>
		</trans>
		<trans lang="ja">
			<word>くるま</word>
			<alt>kuruma</alt>
		</trans>
	</term>
	<term id="31">
		<trans lang="en">
			<word>address</word>
		</trans>
		<trans lang="ja">
			<word>じゅうしょ</word>
			<alt>juusho</alt>
		</trans>
	</term>
	<term id="32">
		<trans lang="en">
			<word>what?</word>
		</trans>
		<trans lang="ja">
			<word>なに</word>
			<alt>nani</alt>
		</trans>
	</term>
	<term id="33">
		<trans lang="en">
			<word># number</word>
		</trans>
		<trans lang="ja">
			<word>~ばん</word>
			<alt>-ban</alt>
		</trans>
	</term>
	<term id="34">
		<trans lang="en">
			<word>what number?</word>
		</trans>
		<trans lang="ja">
			<word>なんばん</word>
			<alt>nanban</alt>
		</trans>
	</term>
	<term id="35">
		<trans lang="en">
			<word>school</word>
		</trans>
		<trans lang="ja">
			<word>がっこう</word>
			<alt>gakkoo</alt>
		</trans>
	</term>
</glossary>
