<?xml version="1.0"?>
<glossary id="33" name="1.08.2" author="Frédéric Bergeron">
	<desc></desc>
	<term id="1">
		<trans lang="en">
			<word>operation (math)</word>
		</trans>
		<trans lang="ja">
			<word>演算</word>
			<alt>えんざん</alt>
		</trans>
	</term>
	<term id="2">
		<trans lang="en">
			<word>symbol,code</word>
		</trans>
		<trans lang="ja">
			<word>記号</word>
			<alt>きごう</alt>
		</trans>
		<comment languages="en-ja">＆という記号は、ａｎｄを指す。
The sign ‘&amp;' stands for ‘and'.</comment>
	</term>
	<term id="3">
		<trans lang="en">
			<word>division (math)</word>
		</trans>
		<trans lang="ja">
			<word>割り算</word>
			<alt>わりざん</alt>
		</trans>
	</term>
	<term id="4">
		<trans lang="en">
			<word>custom,habit,manners</word>
		</trans>
		<trans lang="ja">
			<word>習慣</word>
			<alt>しゅうかん</alt>
		</trans>
	</term>
	<term id="5">
		<trans lang="en">
			<word>subtraction</word>
		</trans>
		<trans lang="ja">
			<word>引き算</word>
			<alt>ひきざん</alt>
		</trans>
	</term>
	<term id="6">
		<trans lang="en">
			<word>order,sequence,procedure</word>
		</trans>
		<trans lang="ja">
			<word>順序</word>
			<alt>じゅんじょ</alt>
		</trans>
	</term>
</glossary>
