<?xml version="1.0"?>
<glossary id="25" name="1.03.1" author="Frédéric Bergeron">
	<desc></desc>
	<term id="1">
		<trans lang="en">
			<word>generally,ordinarily,usually</word>
		</trans>
		<trans lang="ja">
			<word>普通</word>
			<alt>ふつう</alt>
		</trans>
	</term>
	<term id="2">
		<trans lang="en">
			<word>special,unique</word>
		</trans>
		<trans lang="ja">
			<word>特殊</word>
			<alt>とくしゅ</alt>
		</trans>
		<comment languages="en-ja">特殊な才能を与えられた動物もいる。
Some animals are endowed with special gifts.</comment>
	</term>
	<term id="3">
		<trans lang="en">
			<word>to bury</word>
		</trans>
		<trans lang="ja">
			<word>埋め込む</word>
			<alt>うめこむ</alt>
		</trans>
	</term>
	<term id="4">
		<trans lang="en">
			<word>to include,to instruct,to make one understand,to put in one's mouth</word>
		</trans>
		<trans lang="ja">
			<word>含める</word>
			<alt>ふくめる</alt>
		</trans>
		<comment languages="en-ja">文字列の中には「”」を含めるために「￥」を使う。
To include quote marks into a string, we use backslashes.

私も含めて全員、バスに乗った。
All of us, including me rode the bus.</comment>
	</term>
	<term id="5">
		<trans lang="en">
			<word>special</word>
		</trans>
		<trans lang="ja">
			<word>特別</word>
			<alt>とくべつ</alt>
		</trans>
		<comment languages="en-ja">この仕事は特別な技術を必要とする。
This work calls for special skill.

その国では外国人は誰でも特別なもてなしを受ける。
Foreigners get special treatment in that country.</comment>
	</term>
</glossary>
