<?xml version="1.0"?>
<glossary id="21" name="22" author="">
	<desc></desc>
	<term id="1">
		<trans lang="en">
			<word>to write down</word>
		</trans>
		<trans lang="ja">
			<word>記 (10)</word>
			<alt>キ</alt>
		</trans>
		<comment languages="en-ja">日記 ; にっき ; diary
記号 ; きごう ; a sign; a symbol
記事 ; きじ ; an article
記入する ; きにゅうする ; to fill in
記者 ; きしゃ ; a reporter
記念 ; きねん ; memory; commemoration</comment>
	</term>
	<term id="2">
		<trans lang="en">
			<word>silver</word>
		</trans>
		<trans lang="ja">
			<word>銀 (14)</word>
			<alt>ギン</alt>
		</trans>
		<comment languages="en-ja">銀 ; ぎん ; silver
銀座 ; ぎんざ ; Ginza
銀行 ; ぎんこう ; bank</comment>
	</term>
	<term id="3">
		<trans lang="en">
			<word>...times; to turn</word>
		</trans>
		<trans lang="ja">
			<word>回 (6)</word>
			<alt>カイ；まわ</alt>
		</trans>
		<comment languages="en-ja">回転寿し ; かいてんずし ; rotating sushi
一回 ; いっかい ; one time
回転する ; かいてんする ; to rotate
次回 ; じかい ; next time</comment>
	</term>
	<term id="4">
		<trans lang="en">
			<word>evening</word>
		</trans>
		<trans lang="ja">
			<word>夕 (3)</word>
			<alt>ゆう</alt>
		</trans>
		<comment languages="en-ja">夕方 ; ゆうがた ; evening
夕食 ; ゆうしょく ; dinner</comment>
	</term>
	<term id="5">
		<trans lang="en">
			<word>black</word>
		</trans>
		<trans lang="ja">
			<word>黒 (11)</word>
			<alt>くろ；コク</alt>
		</trans>
		<comment languages="en-ja">黒木さん ; くろきさん ; Mr./Ms. Kuroki
黒い ; くろい ; black
黒 ; くろ ; black color
黒板 ; こくばん ; blackboard
黒字 ; くろじ ; a profit; surplus</comment>
	</term>
	<term id="6">
		<trans lang="en">
			<word>task; to use</word>
		</trans>
		<trans lang="ja">
			<word>用 (5)</word>
			<alt>ヨウ</alt>
		</trans>
		<comment languages="en-ja">使用中 ; しようちゅう ; "Occupied"
用事 ; ようじ ; business; an engagement; a thing to take care of
用紙 ; ようし ; blank form
利用する ; りようする ; to use
使用する ; しようする ; to use
借用書 ; しゃくようしょ ; an IOU
活用形 ; かつようけい ; conjugation form
急用 ; きゅうよう ; urgent business
信用する ; しんようする ; to trust
引用する ; いんようする ; to quote; to cite
用具 ; ようぐ ; a tool
用意する ; よういする ; to prepare
服用する ; ふくようする ; to take (medicine)
用いる ; もちいる ; to use; to make use of
薬を服用 ; くすりをふくよう ; to take medicine
女性用 ; じょせいよう ; for ladies
実用的な ; じつようてきな ; practical</comment>
	</term>
	<term id="7">
		<trans lang="en">
			<word>to keep; to protect</word>
		</trans>
		<trans lang="ja">
			<word>守 (6)</word>
			<alt>ス；まも；シュ</alt>
		</trans>
		<comment languages="en-ja">留守 ; るす ; absence from home
留守番電話 ; るすばんでんわ ; answering machine
お守り ; おまもり ; charm</comment>
	</term>
	<term id="8">
		<trans lang="en">
			<word>the end of</word>
		</trans>
		<trans lang="ja">
			<word>末 (5)</word>
			<alt>マツ；まえ</alt>
		</trans>
		<comment languages="en-ja">週末 ; しゅうまつ ; weekend</comment>
	</term>
	<term id="9">
		<trans lang="en">
			<word>to wait</word>
		</trans>
		<trans lang="ja">
			<word>待 (9)</word>
			<alt>ま；まち；タイ</alt>
		</trans>
		<comment languages="en-ja">待つ ; まつ ; to wait
招待 ; しょうたい ; invitation
期待する ; きたいする ; to expect</comment>
	</term>
	<term id="10">
		<trans lang="en">
			<word>to remain</word>
		</trans>
		<trans lang="ja">
			<word>残 (10)</word>
			<alt>ザン；この</alt>
		</trans>
		<comment languages="en-ja">残業 ; ざんぎょう ; over-time work
残す ; のこす ; to leave
残念 ; ざんねん ; regrettable
残る ; のこる ; to remain
残高 ; ざんだか ; balance; remainder</comment>
	</term>
	<term id="11">
		<trans lang="en">
			<word>order; number</word>
		</trans>
		<trans lang="ja">
			<word>番 (12)</word>
			<alt>バン</alt>
		</trans>
		<comment languages="en-ja">留守番電話 ; るすばんでんわ ; answering machine
一番 ; いちばん ; the first
番号 ; ばんごう ; number
電話番号 ; でんわばんごう ; a telephone number
番組 ; ばんぐみ ; a program
一番 ; いちばん ; the most; number 1
交番 ; こうばん ; police box
番地 ; ばんち ; lot number (as part of an address)
当番 ; とうばん ; duty</comment>
	</term>
	<term id="12">
		<trans lang="en">
			<word>station</word>
		</trans>
		<trans lang="ja">
			<word>駅 (14)</word>
			<alt>エキ</alt>
		</trans>
		<comment languages="en-ja">駅 ; えき ; station
東京駅 ; とうきょうえき ; Tokyo Station
駅員 ; えきいん ; station attendant</comment>
	</term>
	<term id="13">
		<trans lang="en">
			<word>theory; to explain</word>
		</trans>
		<trans lang="ja">
			<word>説 (14)</word>
			<alt>セツ；セッ</alt>
		</trans>
		<comment languages="en-ja">説明 ; せつめい ; explanation
説明する ; せつめいする ; to explain
小説 ; しょうせつ ; novel
説教する ; せっきょうする ; to preach
伝説 ; でんせつ ; a legend
説得する ; せっとくする ; to persuade</comment>
	</term>
	<term id="14">
		<trans lang="en">
			<word>idea; proposal</word>
		</trans>
		<trans lang="ja">
			<word>案 (10)</word>
			<alt>アン</alt>
		</trans>
		<comment languages="en-ja">案内する ; あんないする ; to guide
案内所 ; あんないしょ ; information desk
案 ; あん ; an idea; a proposal
名案 ; めいあん ; a good idea
提案 ; ていあん ; to propose</comment>
	</term>
	<term id="15">
		<trans lang="en">
			<word>inside; inner</word>
		</trans>
		<trans lang="ja">
			<word>内 (4)</word>
			<alt>ナイ</alt>
		</trans>
		<comment languages="en-ja">案内する ; あんないする ; to guide
案内所 ; あんないしょ ; information desk
家内 ; かない ; my wife</comment>
	</term>
	<term id="16">
		<trans lang="en">
			<word>to forget</word>
		</trans>
		<trans lang="ja">
			<word>忘 (7)</word>
			<alt>わす；ボウ</alt>
		</trans>
	</term>
</glossary>
