<?xml version="1.0"?>
<glossary id="331" name="JCS3-21" author="">
	<desc></desc>
	<term id="1">
		<trans lang="en">
			<word>noon, daytime   +</word>
		</trans>
		<trans lang="ja">
			<word>昼</word>
			<alt>hiru</alt>
		</trans>
	</term>
	<term id="2">
		<trans lang="en">
			<word>lunch</word>
		</trans>
		<trans lang="ja">
			<word>昼ごはん</word>
			<alt>hirugohan</alt>
		</trans>
	</term>
	<term id="3">
		<trans lang="en">
			<word>night   +</word>
		</trans>
		<trans lang="ja">
			<word>夜</word>
			<alt>yoru</alt>
		</trans>
	</term>
	<term id="4">
		<trans lang="en">
			<word>(come to a) stop ("N ni")  +</word>
		</trans>
		<trans lang="ja">
			<word>止まる</word>
			<alt>tomaru</alt>
		</trans>
	</term>
	<term id="5">
		<trans lang="en">
			<word>(physical) exercise   +</word>
		</trans>
		<trans lang="ja">
			<word>運動 [する]</word>
			<alt>undoo</alt>
		</trans>
	</term>
	<term id="6">
		<trans lang="en">
			<word>start ("N ga")   +</word>
		</trans>
		<trans lang="ja">
			<word>始まる</word>
			<alt>hajimaru</alt>
		</trans>
	</term>
	<term id="7">
		<trans lang="en">
			<word>begin, start ("N wo")</word>
		</trans>
		<trans lang="ja">
			<word>始める</word>
			<alt>hajimeru</alt>
		</trans>
	</term>
	<term id="8">
		<trans lang="en">
			<word>class, teaching   +</word>
		</trans>
		<trans lang="ja">
			<word>じゅ業</word>
			<alt>jugyoo</alt>
		</trans>
	</term>
	<term id="9">
		<trans lang="en">
			<word>graduation, graduate</word>
		</trans>
		<trans lang="ja">
			<word>そつ業 [する]</word>
			<alt>sotsugyoo</alt>
		</trans>
	</term>
	<term id="10">
		<trans lang="en">
			<word>open ("N ga")</word>
		</trans>
		<trans lang="ja">
			<word>開く</word>
			<alt>aku</alt>
		</trans>
	</term>
	<term id="11">
		<trans lang="en">
			<word>have been done ("V-te")</word>
		</trans>
		<trans lang="ja">
			<word>〜ある</word>
			<alt>-aru</alt>
		</trans>
	</term>
	<term id="12">
		<trans lang="en">
			<word>summer</word>
		</trans>
		<trans lang="ja">
			<word>夏</word>
			<alt>natsu</alt>
		</trans>
	</term>
	<term id="13">
		<trans lang="en">
			<word>everyone</word>
		</trans>
		<trans lang="ja">
			<word>みんな</word>
			<alt>minna</alt>
		</trans>
	</term>
	<term id="14">
		<trans lang="en">
			<word>about, approximately</word>
		</trans>
		<trans lang="ja">
			<word>やく~</word>
			<alt>yaku-</alt>
		</trans>
	</term>
	<term id="15">
		<trans lang="en">
			<word># times</word>
		</trans>
		<trans lang="ja">
			<word>~ばい</word>
			<alt>-bai</alt>
		</trans>
	</term>
	<term id="16">
		<trans lang="en">
			<word>abundant, plentiful, rich</word>
		</trans>
		<trans lang="ja">
			<word>ゆたか [な]</word>
			<alt>yutaka</alt>
		</trans>
	</term>
	<term id="17">
		<trans lang="en">
			<word>nature</word>
		</trans>
		<trans lang="ja">
			<word>自ぜん</word>
			<alt>shizen</alt>
		</trans>
	</term>
	<term id="18">
		<trans lang="en">
			<word>famous   +</word>
		</trans>
		<trans lang="ja">
			<word>有名 [な]</word>
			<alt>yuumei</alt>
		</trans>
	</term>
	<term id="19">
		<trans lang="en">
			<word>high school</word>
		</trans>
		<trans lang="ja">
			<word>高校</word>
			<alt>kookoo</alt>
		</trans>
	</term>
	<term id="20">
		<trans lang="en">
			<word>interest, hobby</word>
		</trans>
		<trans lang="ja">
			<word>しゅみ</word>
			<alt>shumi</alt>
		</trans>
	</term>
	<term id="21">
		<trans lang="en">
			<word>close ("N ga")</word>
		</trans>
		<trans lang="ja">
			<word>しまる</word>
			<alt>shimaru</alt>
		</trans>
	</term>
	<term id="22">
		<trans lang="en">
			<word>turn on, come on</word>
		</trans>
		<trans lang="ja">
			<word>つく</word>
			<alt>tsuku</alt>
		</trans>
	</term>
	<term id="23">
		<trans lang="en">
			<word>go off, go out</word>
		</trans>
		<trans lang="ja">
			<word>きえる</word>
			<alt>kieru</alt>
		</trans>
	</term>
	<term id="24">
		<trans lang="en">
			<word>stop, park ("N ni")</word>
		</trans>
		<trans lang="ja">
			<word>止める</word>
			<alt>tomeru</alt>
		</trans>
	</term>
	<term id="25">
		<trans lang="en">
			<word>sound</word>
		</trans>
		<trans lang="ja">
			<word>おと</word>
			<alt>oto</alt>
		</trans>
	</term>
	<term id="26">
		<trans lang="en">
			<word>at once, immediately</word>
		</trans>
		<trans lang="ja">
			<word>すぐ</word>
			<alt>sugu</alt>
		</trans>
	</term>
	<term id="27">
		<trans lang="en">
			<word>spring</word>
		</trans>
		<trans lang="ja">
			<word>春</word>
			<alt>haru</alt>
		</trans>
	</term>
	<term id="28">
		<trans lang="en">
			<word>straight</word>
		</trans>
		<trans lang="ja">
			<word>まっすぐ</word>
			<alt>massugu</alt>
		</trans>
	</term>
	<term id="29">
		<trans lang="en">
			<word>heal, recover, get well</word>
		</trans>
		<trans lang="ja">
			<word>なおる</word>
			<alt>naoru</alt>
		</trans>
	</term>
	<term id="30">
		<trans lang="en">
			<word>be found</word>
		</trans>
		<trans lang="ja">
			<word>見つかる</word>
			<alt>mitsukaru</alt>
		</trans>
	</term>
	<term id="31">
		<trans lang="en">
			<word>present, gift</word>
		</trans>
		<trans lang="ja">
			<word>プレゼント</word>
			<alt>purezento</alt>
		</trans>
	</term>
	<term id="32">
		<trans lang="en">
			<word>be born</word>
		</trans>
		<trans lang="ja">
			<word>生まれる</word>
			<alt>umareru</alt>
		</trans>
	</term>
	<term id="33">
		<trans lang="en">
			<word>grow, be brought up</word>
		</trans>
		<trans lang="ja">
			<word>そだつ</word>
			<alt>sodatsu</alt>
		</trans>
	</term>
	<term id="34">
		<trans lang="en">
			<word>place</word>
		</trans>
		<trans lang="ja">
			<word>ところ</word>
			<alt>tokoro</alt>
		</trans>
	</term>
	<term id="35">
		<trans lang="en">
			<word>lake</word>
		</trans>
		<trans lang="ja">
			<word>みずうみ</word>
			<alt>mizuumi</alt>
		</trans>
	</term>
	<term id="36">
		<trans lang="en">
			<word>snow</word>
		</trans>
		<trans lang="ja">
			<word>ゆき [がふる]</word>
			<alt>yuki</alt>
		</trans>
	</term>
	<term id="37">
		<trans lang="en">
			<word>last year</word>
		</trans>
		<trans lang="ja">
			<word>きょ年</word>
			<alt>kyonen</alt>
		</trans>
	</term>
	<term id="38">
		<trans lang="en">
			<word>international</word>
		</trans>
		<trans lang="ja">
			<word>国さいてき [な]</word>
			<alt>kokusaiteki</alt>
		</trans>
	</term>
	<term id="39">
		<trans lang="en">
			<word>international economics</word>
		</trans>
		<trans lang="ja">
			<word>国さいけいざい</word>
			<alt>kokusaikeizai</alt>
		</trans>
	</term>
	<term id="40">
		<trans lang="en">
			<word>by the way</word>
		</trans>
		<trans lang="ja">
			<word>ところで</word>
			<alt>tokorode</alt>
		</trans>
	</term>
	<term id="41">
		<trans lang="en">
			<word>wine</word>
		</trans>
		<trans lang="ja">
			<word>ワイン</word>
			<alt>wain</alt>
		</trans>
	</term>
	<term id="42">
		<trans lang="en">
			<word>switch</word>
		</trans>
		<trans lang="ja">
			<word>スイッチ</word>
			<alt>suitchi</alt>
		</trans>
	</term>
	<term id="43">
		<trans lang="en">
			<word>cut</word>
		</trans>
		<trans lang="ja">
			<word>きる</word>
			<alt>kiru</alt>
		</trans>
	</term>
	<term id="44">
		<trans lang="en">
			<word>move ("N ga")</word>
		</trans>
		<trans lang="ja">
			<word>動く</word>
			<alt>ugoku</alt>
		</trans>
	</term>
	<term id="45">
		<trans lang="en">
			<word>wicket, ticket gate</word>
		</trans>
		<trans lang="ja">
			<word>かいさつ口</word>
			<alt>kaisatsuguchi</alt>
		</trans>
	</term>
	<term id="46">
		<trans lang="en">
			<word>data, materials</word>
		</trans>
		<trans lang="ja">
			<word>し料</word>
			<alt>shiryoo</alt>
		</trans>
	</term>
	<term id="47">
		<trans lang="en">
			<word>cool, refrigerate</word>
		</trans>
		<trans lang="ja">
			<word>ひやす</word>
			<alt>hiyasu</alt>
		</trans>
	</term>
	<term id="48">
		<trans lang="en">
			<word>many (people)</word>
		</trans>
		<trans lang="ja">
			<word>大ぜい [の]</word>
			<alt>oozei</alt>
		</trans>
	</term>
	<term id="49">
		<trans lang="en">
			<word>festival</word>
		</trans>
		<trans lang="ja">
			<word>まつり</word>
			<alt>matsuri</alt>
		</trans>
	</term>
	<term id="50">
		<trans lang="en">
			<word>young</word>
		</trans>
		<trans lang="ja">
			<word>わかい</word>
			<alt>wakai</alt>
		</trans>
	</term>
	<term id="51">
		<trans lang="en">
			<word>assemble, gather, come together   +</word>
		</trans>
		<trans lang="ja">
			<word>集まる</word>
			<alt>atsumaru</alt>
		</trans>
	</term>
	<term id="52">
		<trans lang="en">
			<word>evening   +</word>
		</trans>
		<trans lang="ja">
			<word>夕がた</word>
			<alt>yuugata</alt>
		</trans>
	</term>
</glossary>
