<?xml version="1.0"?>
<glossary id="325" name="JBPI-30" author="">
	<desc></desc>
	<term id="1">
		<trans lang="en">
			<word>get crowded</word>
		</trans>
		<trans lang="ja">
			<word>こむ</word>
			<alt>komu</alt>
		</trans>
	</term>
	<term id="2">
		<trans lang="en">
			<word>iru   be crowded</word>
		</trans>
		<trans lang="ja">
			<word>こんでいる</word>
			<alt>konde</alt>
		</trans>
	</term>
	<term id="3">
		<trans lang="en">
			<word>place</word>
		</trans>
		<trans lang="ja">
			<word>ところ</word>
			<alt>tokoro</alt>
		</trans>
	</term>
	<term id="4">
		<trans lang="en">
			<word>other</word>
		</trans>
		<trans lang="ja">
			<word>ほか [の]</word>
			<alt>hoka</alt>
		</trans>
	</term>
	<term id="5">
		<trans lang="en">
			<word>group</word>
		</trans>
		<trans lang="ja">
			<word>グループ</word>
			<alt>guruupu</alt>
		</trans>
	</term>
	<term id="6">
		<trans lang="en">
			<word>make, compose, form; cook</word>
		</trans>
		<trans lang="ja">
			<word>つくる</word>
			<alt>tsukuru</alt>
		</trans>
	</term>
	<term id="7">
		<trans lang="en">
			<word>every month</word>
		</trans>
		<trans lang="ja">
			<word>まい月</word>
			<alt>maitsuki</alt>
		</trans>
	</term>
	<term id="8">
		<trans lang="en">
			<word>society</word>
		</trans>
		<trans lang="ja">
			<word>しゃかい</word>
			<alt>shakai</alt>
		</trans>
	</term>
	<term id="9">
		<trans lang="en">
			<word>culture</word>
		</trans>
		<trans lang="ja">
			<word>ぶんか</word>
			<alt>bunka</alt>
		</trans>
	</term>
	<term id="10">
		<trans lang="en">
			<word>think, consider</word>
		</trans>
		<trans lang="ja">
			<word>かんがえる</word>
			<alt>kangaeru</alt>
		</trans>
	</term>
	<term id="11">
		<trans lang="en">
			<word>way of thinking</word>
		</trans>
		<trans lang="ja">
			<word>かんがえかた</word>
			<alt>kangaekata</alt>
		</trans>
	</term>
	<term id="12">
		<trans lang="en">
			<word>economy</word>
		</trans>
		<trans lang="ja">
			<word>けいざい</word>
			<alt>keizai</alt>
		</trans>
	</term>
	<term id="13">
		<trans lang="en">
			<word>politics</word>
		</trans>
		<trans lang="ja">
			<word>せいじ</word>
			<alt>seiji</alt>
		</trans>
	</term>
	<term id="14">
		<trans lang="en">
			<word>nowadays, recently</word>
		</trans>
		<trans lang="ja">
			<word>さいきん</word>
			<alt>saikin</alt>
		</trans>
	</term>
	<term id="15">
		<trans lang="en">
			<word>text</word>
		</trans>
		<trans lang="ja">
			<word>テキスト</word>
			<alt>tekisuto</alt>
		</trans>
	</term>
	<term id="16">
		<trans lang="en">
			<word>sugu    very soon</word>
		</trans>
		<trans lang="ja">
			<word>もうすぐ</word>
			<alt>moo</alt>
		</trans>
	</term>
	<term id="17">
		<trans lang="en">
			<word>end, finish, be over</word>
		</trans>
		<trans lang="ja">
			<word>おわる</word>
			<alt>owaru</alt>
		</trans>
	</term>
	<term id="18">
		<trans lang="en">
			<word>pleasure, delight, joy</word>
		</trans>
		<trans lang="ja">
			<word>たのしみ</word>
			<alt>tanoshimi</alt>
		</trans>
	</term>
	<term id="19">
		<trans lang="en">
			<word>yoroshiku   Regards to ...</word>
		</trans>
		<trans lang="ja">
			<word>~によろしく</word>
			<alt>-ni</alt>
		</trans>
	</term>
	<term id="20">
		<trans lang="en">
			<word>de   Keep well.</word>
		</trans>
		<trans lang="ja">
			<word>おげんきで</word>
			<alt>ogenki</alt>
		</trans>
	</term>
</glossary>
