<?xml version="1.0"?>
<glossary id="129" name="6.07" author="Frédéric Bergeron">
	<desc></desc>
	<term id="1">
		<trans lang="en">
			<word>point in time,occasion</word>
		</trans>
		<trans lang="ja">
			<word>時点</word>
			<alt>じてん</alt>
		</trans>
		<comment languages="en-ja">この時点で、jの値は１になっています。
At this point, the value of j is 1.</comment>
	</term>
	<term id="2">
		<trans lang="en">
			<word>to move (house),to be infected,to be contagious,to transfer (department)</word>
		</trans>
		<trans lang="ja">
			<word>移る</word>
			<alt>うつる</alt>
		</trans>
		<comment languages="en-ja">次にwhile文に処理が移ります。
Then, we move to the body of the while statement.</comment>
	</term>
	<term id="3">
		<trans lang="en">
			<word>above mentioned</word>
		</trans>
		<trans lang="ja">
			<word>上記</word>
			<alt>じょうき</alt>
		</trans>
		<comment languages="en-ja">上記の比較結果を調べる。
We check the comparison result mentioned above.</comment>
	</term>
	<term id="4">
		<trans lang="en">
			<word>to increase,to multiply (vi)</word>
		</trans>
		<trans lang="ja">
			<word>増える</word>
			<alt>ふえる</alt>
		</trans>
	</term>
	<term id="5">
		<trans lang="en">
			<word>to increase,to add to,to augment (vt) </word>
		</trans>
		<trans lang="ja">
			<word>増やす</word>
			<alt>ふやす</alt>
		</trans>
	</term>
	<term id="6">
		<trans lang="en">
			<word>increase</word>
		</trans>
		<trans lang="ja">
			<word>増やし</word>
			<alt>ふやし</alt>
		</trans>
	</term>
	<term id="7">
		<trans lang="en">
			<word>explicitly</word>
		</trans>
		<trans lang="ja">
			<word>明示的</word>
			<alt>めいしてき</alt>
		</trans>
	</term>
	<term id="8">
		<trans lang="en">
			<word>to cross over,to cross,to pass through,to pass over (out of)</word>
		</trans>
		<trans lang="ja">
			<word>超える</word>
			<alt>こえる</alt>
		</trans>
	</term>
</glossary>
