<?xml version="1.0"?>
<glossary id="347" name="JCS1-06" author="">
	<desc></desc>
	<term id="1">
		<trans lang="en">
			<word>see, watch, look at   +</word>
		</trans>
		<trans lang="ja">
			<word>見る</word>
			<alt>miru</alt>
		</trans>
	</term>
	<term id="2">
		<trans lang="en">
			<word>show</word>
		</trans>
		<trans lang="ja">
			<word>見せる</word>
			<alt>miseru</alt>
		</trans>
	</term>
	<term id="3">
		<trans lang="en">
			<word>buy   +</word>
		</trans>
		<trans lang="ja">
			<word>買う</word>
			<alt>kau</alt>
		</trans>
	</term>
	<term id="4">
		<trans lang="en">
			<word>shopping</word>
		</trans>
		<trans lang="ja">
			<word>買いもの [する]</word>
			<alt>kaimono</alt>
		</trans>
	</term>
	<term id="5">
		<trans lang="en">
			<word>talk   +</word>
		</trans>
		<trans lang="ja">
			<word>話す</word>
			<alt>hanasu</alt>
		</trans>
	</term>
	<term id="6">
		<trans lang="en">
			<word>conversation</word>
		</trans>
		<trans lang="ja">
			<word>かい話</word>
			<alt>kaiwa</alt>
		</trans>
	</term>
	<term id="7">
		<trans lang="en">
			<word>phone number</word>
		</trans>
		<trans lang="ja">
			<word>でん話ばんごう</word>
			<alt>denwabangoo</alt>
		</trans>
	</term>
	<term id="8">
		<trans lang="en">
			<word>read   +</word>
		</trans>
		<trans lang="ja">
			<word>読む</word>
			<alt>yomu</alt>
		</trans>
	</term>
	<term id="9">
		<trans lang="en">
			<word>reading, way of reading</word>
		</trans>
		<trans lang="ja">
			<word>読みかた</word>
			<alt>yomikata</alt>
		</trans>
	</term>
	<term id="10">
		<trans lang="en">
			<word>write, put down   +</word>
		</trans>
		<trans lang="ja">
			<word>書く</word>
			<alt>kaku</alt>
		</trans>
	</term>
	<term id="11">
		<trans lang="en">
			<word>dictionary (look up in ...)</word>
		</trans>
		<trans lang="ja">
			<word>じ書 [をひく]</word>
			<alt>jisho</alt>
		</trans>
	</term>
	<term id="12">
		<trans lang="en">
			<word>library</word>
		</trans>
		<trans lang="ja">
			<word>と書かん</word>
			<alt>toshokan</alt>
		</trans>
	</term>
	<term id="13">
		<trans lang="en">
			<word>eat   +</word>
		</trans>
		<trans lang="ja">
			<word>食べる</word>
			<alt>taberu</alt>
		</trans>
	</term>
	<term id="14">
		<trans lang="en">
			<word>dining hall, cafeteria</word>
		</trans>
		<trans lang="ja">
			<word>食どう</word>
			<alt>shokudoo</alt>
		</trans>
	</term>
	<term id="15">
		<trans lang="en">
			<word>food</word>
		</trans>
		<trans lang="ja">
			<word>食べもの</word>
			<alt>tabemono</alt>
		</trans>
	</term>
	<term id="16">
		<trans lang="en">
			<word>drink; take (medicine)   +</word>
		</trans>
		<trans lang="ja">
			<word>飲む</word>
			<alt>nomu</alt>
		</trans>
	</term>
	<term id="17">
		<trans lang="en">
			<word># sheets, # flat or folded things</word>
		</trans>
		<trans lang="ja">
			<word>~まい</word>
			<alt>-mai</alt>
		</trans>
	</term>
	<term id="18">
		<trans lang="en">
			<word># machines (e.g. TV)</word>
		</trans>
		<trans lang="ja">
			<word>~だい</word>
			<alt>-dai</alt>
		</trans>
	</term>
	<term id="19">
		<trans lang="en">
			<word># sticks, # cylindrical objects</word>
		</trans>
		<trans lang="ja">
			<word>~本</word>
			<alt>-hon</alt>
		</trans>
	</term>
	<term id="20">
		<trans lang="en">
			<word># people, # persons</word>
		</trans>
		<trans lang="ja">
			<word>~人</word>
			<alt>-nin</alt>
		</trans>
	</term>
	<term id="21">
		<trans lang="en">
			<word># small things</word>
		</trans>
		<trans lang="ja">
			<word>~こ</word>
			<alt>-ko</alt>
		</trans>
	</term>
	<term id="22">
		<trans lang="en">
			<word># small animals</word>
		</trans>
		<trans lang="ja">
			<word>~ひき</word>
			<alt>-hiki</alt>
		</trans>
	</term>
	<term id="23">
		<trans lang="en">
			<word># books, # volumes</word>
		</trans>
		<trans lang="ja">
			<word>~さつ</word>
			<alt>-satsu</alt>
		</trans>
	</term>
	<term id="24">
		<trans lang="en">
			<word>here, this place</word>
		</trans>
		<trans lang="ja">
			<word>ここ</word>
			<alt>koko</alt>
		</trans>
	</term>
	<term id="25">
		<trans lang="en">
			<word>art museum</word>
		</trans>
		<trans lang="ja">
			<word>びじゅつかん</word>
			<alt>bijutsukan</alt>
		</trans>
	</term>
	<term id="26">
		<trans lang="en">
			<word>exist, be in a place (inanimate)</word>
		</trans>
		<trans lang="ja">
			<word>ある</word>
			<alt>aru</alt>
		</trans>
	</term>
	<term id="27">
		<trans lang="en">
			<word>be, be in a place (animate)</word>
		</trans>
		<trans lang="ja">
			<word>いる</word>
			<alt>iru</alt>
		</trans>
	</term>
	<term id="28">
		<trans lang="en">
			<word>movie theatre, cinema</word>
		</trans>
		<trans lang="ja">
			<word>えいがかん</word>
			<alt>eigakan</alt>
		</trans>
	</term>
	<term id="29">
		<trans lang="en">
			<word>shop, store</word>
		</trans>
		<trans lang="ja">
			<word>みせ</word>
			<alt>mise</alt>
		</trans>
	</term>
	<term id="30">
		<trans lang="en">
			<word>stamp, postage stamp</word>
		</trans>
		<trans lang="ja">
			<word>きって</word>
			<alt>kitte</alt>
		</trans>
	</term>
	<term id="31">
		<trans lang="en">
			<word>postcard</word>
		</trans>
		<trans lang="ja">
			<word>は書</word>
			<alt>hagaki</alt>
		</trans>
	</term>
	<term id="32">
		<trans lang="en">
			<word>only, nothing but (with -ve)</word>
		</trans>
		<trans lang="ja">
			<word>しか</word>
			<alt>shika</alt>
		</trans>
	</term>
	<term id="33">
		<trans lang="en">
			<word>how many?</word>
		</trans>
		<trans lang="ja">
			<word>いくつ</word>
			<alt>ikutsu</alt>
		</trans>
	</term>
	<term id="34">
		<trans lang="en">
			<word>paper</word>
		</trans>
		<trans lang="ja">
			<word>かみ</word>
			<alt>kami</alt>
		</trans>
	</term>
	<term id="35">
		<trans lang="en">
			<word>computer</word>
		</trans>
		<trans lang="ja">
			<word>コンピュータ</word>
			<alt>kompyuuta</alt>
		</trans>
	</term>
	<term id="36">
		<trans lang="en">
			<word>eraser</word>
		</trans>
		<trans lang="ja">
			<word>けしゴム</word>
			<alt>keshigomu</alt>
		</trans>
	</term>
	<term id="37">
		<trans lang="en">
			<word>cat</word>
		</trans>
		<trans lang="ja">
			<word>ねこ</word>
			<alt>neko</alt>
		</trans>
	</term>
	<term id="38">
		<trans lang="en">
			<word>dog</word>
		</trans>
		<trans lang="ja">
			<word>いぬ</word>
			<alt>inu</alt>
		</trans>
	</term>
	<term id="39">
		<trans lang="en">
			<word>pencil</word>
		</trans>
		<trans lang="ja">
			<word>えんぴつ</word>
			<alt>empitsu</alt>
		</trans>
	</term>
	<term id="40">
		<trans lang="en">
			<word>apple</word>
		</trans>
		<trans lang="ja">
			<word>りんご</word>
			<alt>ringo</alt>
		</trans>
	</term>
	<term id="41">
		<trans lang="en">
			<word>park</word>
		</trans>
		<trans lang="ja">
			<word>こうえん</word>
			<alt>kooen</alt>
		</trans>
	</term>
	<term id="42">
		<trans lang="en">
			<word>town, city</word>
		</trans>
		<trans lang="ja">
			<word>まち</word>
			<alt>machi</alt>
		</trans>
	</term>
	<term id="43">
		<trans lang="en">
			<word>airport</word>
		</trans>
		<trans lang="ja">
			<word>くうこう</word>
			<alt>kuukoo</alt>
		</trans>
	</term>
	<term id="44">
		<trans lang="en">
			<word>foreigner</word>
		</trans>
		<trans lang="ja">
			<word>がいこく人</word>
			<alt>gaikokujin</alt>
		</trans>
	</term>
	<term id="45">
		<trans lang="en">
			<word>club</word>
		</trans>
		<trans lang="ja">
			<word>クラブ</word>
			<alt>kurabu</alt>
		</trans>
	</term>
	<term id="46">
		<trans lang="en">
			<word>foreign country, abroad</word>
		</trans>
		<trans lang="ja">
			<word>がいこく</word>
			<alt>gaikoku</alt>
		</trans>
	</term>
	<term id="47">
		<trans lang="en">
			<word>neighbourhood</word>
		</trans>
		<trans lang="ja">
			<word>きんじょう</word>
			<alt>kinjoo</alt>
		</trans>
	</term>
	<term id="48">
		<trans lang="en">
			<word>there, that place (near you)</word>
		</trans>
		<trans lang="ja">
			<word>そこ</word>
			<alt>soko</alt>
		</trans>
	</term>
	<term id="49">
		<trans lang="en">
			<word>there, that place over there</word>
		</trans>
		<trans lang="ja">
			<word>あそこ</word>
			<alt>asoko</alt>
		</trans>
	</term>
	<term id="50">
		<trans lang="en">
			<word>police box</word>
		</trans>
		<trans lang="ja">
			<word>こうばん</word>
			<alt>kooban</alt>
		</trans>
	</term>
	<term id="51">
		<trans lang="en">
			<word>handkerchief</word>
		</trans>
		<trans lang="ja">
			<word>ハンカチ</word>
			<alt>hankachi</alt>
		</trans>
	</term>
	<term id="52">
		<trans lang="en">
			<word>ballpoint pen, biro</word>
		</trans>
		<trans lang="ja">
			<word>ボールペン</word>
			<alt>boorupen</alt>
		</trans>
	</term>
	<term id="53">
		<trans lang="en">
			<word>at about, approximately (time)</word>
		</trans>
		<trans lang="ja">
			<word>~ごろ</word>
			<alt>-goro</alt>
		</trans>
	</term>
	<term id="54">
		<trans lang="en">
			<word>station, train station</word>
		</trans>
		<trans lang="ja">
			<word>えき</word>
			<alt>eki</alt>
		</trans>
	</term>
	<term id="55">
		<trans lang="en">
			<word>swimming</word>
		</trans>
		<trans lang="ja">
			<word>水えい</word>
			<alt>suiei</alt>
		</trans>
	</term>
	<term id="56">
		<trans lang="en">
			<word>part-time job, work part-time</word>
		</trans>
		<trans lang="ja">
			<word>アルバイト [する]</word>
			<alt>arubaito</alt>
		</trans>
	</term>
	<term id="57">
		<trans lang="en">
			<word>supermarket</word>
		</trans>
		<trans lang="ja">
			<word>スーパー</word>
			<alt>suupaa</alt>
		</trans>
	</term>
	<term id="58">
		<trans lang="en">
			<word>zoo</word>
		</trans>
		<trans lang="ja">
			<word>どうぶつえん</word>
			<alt>doobutsuen</alt>
		</trans>
	</term>
	<term id="59">
		<trans lang="en">
			<word>table</word>
		</trans>
		<trans lang="ja">
			<word>テーブル</word>
			<alt>teeburu</alt>
		</trans>
	</term>
	<term id="60">
		<trans lang="en">
			<word>desk</word>
		</trans>
		<trans lang="ja">
			<word>つくえ</word>
			<alt>tsukue</alt>
		</trans>
	</term>
	<term id="61">
		<trans lang="en">
			<word>chair (sit down)</word>
		</trans>
		<trans lang="ja">
			<word>いす [にかける]</word>
			<alt>isu</alt>
		</trans>
	</term>
	<term id="62">
		<trans lang="en">
			<word>bed</word>
		</trans>
		<trans lang="ja">
			<word>ベッド</word>
			<alt>beddo</alt>
		</trans>
	</term>
	<term id="63">
		<trans lang="en">
			<word>refrigerator, fridge</word>
		</trans>
		<trans lang="ja">
			<word>れいぞうこ</word>
			<alt>reizooko</alt>
		</trans>
	</term>
	<term id="64">
		<trans lang="en">
			<word>colour</word>
		</trans>
		<trans lang="ja">
			<word>カラー</word>
			<alt>karaa</alt>
		</trans>
	</term>
	<term id="65">
		<trans lang="en">
			<word>black and white</word>
		</trans>
		<trans lang="ja">
			<word>白くろ</word>
			<alt>shirokuro</alt>
		</trans>
	</term>
	<term id="66">
		<trans lang="en">
			<word>canned coffee</word>
		</trans>
		<trans lang="ja">
			<word>かんコーヒー</word>
			<alt>kankoohii</alt>
		</trans>
	</term>
	<term id="67">
		<trans lang="en">
			<word>warm</word>
		</trans>
		<trans lang="ja">
			<word>あたたかい</word>
			<alt>atatakai</alt>
		</trans>
	</term>
	<term id="68">
		<trans lang="en">
			<word>cold (thing)</word>
		</trans>
		<trans lang="ja">
			<word>つめたい</word>
			<alt>tsumetai</alt>
		</trans>
	</term>
	<term id="69">
		<trans lang="en">
			<word>blue</word>
		</trans>
		<trans lang="ja">
			<word>あおい</word>
			<alt>aoi</alt>
		</trans>
	</term>
	<term id="70">
		<trans lang="en">
			<word>say   +</word>
		</trans>
		<trans lang="ja">
			<word>言う</word>
			<alt>iu</alt>
		</trans>
	</term>
</glossary>
