<?xml version="1.0"?>
<glossary id="140" name="06" author="Frédéric Bergeron">
	<desc></desc>
	<term id="1">
		<trans lang="es">
			<word>atemorizar</word>
		</trans>
		<trans lang="fr">
			<word>effrayer</word>
		</trans>
	</term>
	<term id="2">
		<trans lang="es">
			<word>hondo</word>
		</trans>
		<trans lang="fr">
			<word>profond</word>
		</trans>
	</term>
	<term id="3">
		<trans lang="es">
			<word>montaraz</word>
		</trans>
		<trans lang="fr">
			<word>sauvage (adj.)</word>
		</trans>
	</term>
	<term id="4">
		<trans lang="es">
			<word>pestaña</word>
		</trans>
		<trans lang="fr">
			<word>cil</word>
		</trans>
	</term>
	<term id="5">
		<trans lang="es">
			<word>ir al grano</word>
		</trans>
		<trans lang="fr">
			<word>aller au fait</word>
		</trans>
	</term>
	<term id="6">
		<trans lang="es">
			<word>verosímil</word>
		</trans>
		<trans lang="fr">
			<word>vraisemblable</word>
		</trans>
	</term>
	<term id="7">
		<trans lang="es">
			<word>sazón</word>
		</trans>
		<trans lang="fr">
			<word>maturité</word>
		</trans>
	</term>
	<term id="8">
		<trans lang="es">
			<word>acaso</word>
		</trans>
		<trans lang="fr">
			<word>hasard (n.),peut-être (adv.)</word>
		</trans>
	</term>
	<term id="9">
		<trans lang="es">
			<word>tugurio</word>
		</trans>
		<trans lang="fr">
			<word>taudis</word>
		</trans>
	</term>
</glossary>
