<?xml version="1.0"?>
<glossary id="273" name="7.2" author="Frédéric Bergeron">
	<desc></desc>
	<term id="1">
		<trans lang="en">
			<word>each,every</word>
		</trans>
		<trans lang="ja">
			<word>各</word>
			<alt>かく</alt>
		</trans>
		<comment languages="en-ja">文字列、配列、数値の各オブジェクトがレシーバになっています。
Each one of these objects (string, array, and numerical value) becomes the receiver.</comment>
	</term>
	<term id="2">
		<trans lang="en">
			<word>corresponding,answering to,coming under (to)</word>
		</trans>
		<trans lang="ja">
			<word>該当(する)</word>
			<alt>がいとう(する)</alt>
		</trans>
		<comment languages="en-ja">「レシーバがない」と言っても、レシーバに該当するオブジェクトが本当にないわけでわありません。
Even though we say that "there is no receiver", in reality, there is an receiver object. </comment>
	</term>
	<term id="3">
		<trans lang="en">
			<word>condition,situation,circumstances,state</word>
		</trans>
		<trans lang="ja">
			<word>状態</word>
			<alt>じょうたい</alt>
		</trans>
	</term>
	<term id="4">
		<trans lang="en">
			<word>behavior,conduct</word>
		</trans>
		<trans lang="ja">
			<word>振舞い</word>
			<alt>ふるまい</alt>
		</trans>
	</term>
</glossary>
