<?xml version="1.0"?>
<glossary id="45" name="Genki 23" author="">
	<desc></desc>
	<term id="1096">
		<trans lang="en">
			<word>memory</word>
		</trans>
		<trans lang="ja">
			<word>思い出</word>
			<alt>おもいで</alt>
		</trans>
	</term>
	<term id="1097">
		<trans lang="en">
			<word>trip to a foreign country</word>
		</trans>
		<trans lang="ja">
			<word>海外旅行</word>
			<alt>かいがいりょこう</alt>
		</trans>
	</term>
	<term id="1098">
		<trans lang="en">
			<word>body</word>
		</trans>
		<trans lang="ja">
			<word>体</word>
			<alt>からだ</alt>
		</trans>
	</term>
	<term id="1099">
		<trans lang="en">
			<word>socks</word>
		</trans>
		<trans lang="ja">
			<word>靴下</word>
			<alt>くつした</alt>
		</trans>
	</term>
	<term id="1100">
		<trans lang="en">
			<word>international call</word>
		</trans>
		<trans lang="ja">
			<word>国際電話</word>
			<alt>こくさいでんわ</alt>
		</trans>
	</term>
	<term id="1101">
		<trans lang="en">
			<word>tuition</word>
		</trans>
		<trans lang="ja">
			<word>授業料</word>
			<alt>じゅぎょうりょう</alt>
		</trans>
	</term>
	<term id="1102">
		<trans lang="en">
			<word>elementary school</word>
		</trans>
		<trans lang="ja">
			<word>小学校</word>
			<alt>しょうがっこう</alt>
		</trans>
	</term>
	<term id="1103">
		<trans lang="en">
			<word>election</word>
		</trans>
		<trans lang="ja">
			<word>選挙</word>
			<alt>せんきょ</alt>
		</trans>
	</term>
	<term id="1104">
		<trans lang="en">
			<word>tire</word>
		</trans>
		<trans lang="ja">
			<alt>タイヤ</alt>
		</trans>
	</term>
	<term id="1105">
		<trans lang="en">
			<word>free of charge</word>
		</trans>
		<trans lang="ja">
			<alt>ただ</alt>
		</trans>
	</term>
	<term id="1106">
		<trans lang="en">
			<word>place</word>
		</trans>
		<trans lang="ja">
			<word>場所</word>
			<alt>ばしょ</alt>
		</trans>
	</term>
	<term id="1107">
		<trans lang="en">
			<word>villa; vacation home</word>
		</trans>
		<trans lang="ja">
			<word>別荘</word>
			<alt>べっそう</alt>
		</trans>
	</term>
	<term id="1108">
		<trans lang="en">
			<word>bonus</word>
		</trans>
		<trans lang="ja">
			<alt>ボーナス</alt>
		</trans>
	</term>
	<term id="1109">
		<trans lang="en">
			<word>Bon dance (Japanese traditional dance)</word>
		</trans>
		<trans lang="ja">
			<word>盆踊り</word>
			<alt>ぼんおどり</alt>
		</trans>
	</term>
	<term id="1110">
		<trans lang="en">
			<word>interview</word>
		</trans>
		<trans lang="ja">
			<word>面接</word>
			<alt>めんせつ</alt>
		</trans>
	</term>
	<term id="1111">
		<trans lang="en">
			<word>dinner</word>
		</trans>
		<trans lang="ja">
			<word>夕食</word>
			<alt>ゆうしょく</alt>
		</trans>
	</term>
	<term id="1112">
		<trans lang="en">
			<word>ideal</word>
		</trans>
		<trans lang="ja">
			<word>理想</word>
			<alt>りそう</alt>
		</trans>
	</term>
	<term id="1113">
		<trans lang="en">
			<word>looking after a house during one's absence</word>
		</trans>
		<trans lang="ja">
			<word>留守番</word>
			<alt>るすばん</alt>
		</trans>
	</term>
	<term id="1114">
		<trans lang="en">
			<word>(food is) terrible</word>
		</trans>
		<trans lang="ja">
			<alt>まずい</alt>
		</trans>
	</term>
	<term id="1115">
		<trans lang="en">
			<word>the rain stops</word>
		</trans>
		<trans lang="ja">
			<word>雨がやむ</word>
			<alt>あめがやむ</alt>
		</trans>
	</term>
	<term id="1116">
		<trans lang="en">
			<word>(someone) is gone; to disappear</word>
		</trans>
		<trans lang="ja">
			<alt>いなくなる</alt>
		</trans>
	</term>
	<term id="1117">
		<trans lang="en">
			<word>to be in someone's care</word>
		</trans>
		<trans lang="ja">
			<word>お世話になる</word>
			<alt>おせわになる</alt>
		</trans>
	</term>
	<term id="1118">
		<trans lang="en">
			<word>to have a stomachache</word>
		</trans>
		<trans lang="ja">
			<alt>おなかをこわす</alt>
		</trans>
	</term>
	<term id="1119">
		<trans lang="en">
			<word>to be different; wrong</word>
		</trans>
		<trans lang="ja">
			<word>違う</word>
			<alt>ちがう</alt>
		</trans>
	</term>
	<term id="1120">
		<trans lang="en">
			<word>to be lost; to disappear</word>
		</trans>
		<trans lang="ja">
			<alt>なくなる</alt>
		</trans>
	</term>
	<term id="1121">
		<trans lang="en">
			<word>to talk behind someone's back</word>
		</trans>
		<trans lang="ja">
			<word>悪口を言う</word>
			<alt>わるぐちをいう</alt>
		</trans>
	</term>
	<term id="1122">
		<trans lang="en">
			<word>"to take (an examination, interview, etc.)"</word>
		</trans>
		<trans lang="ja">
			<word>受ける</word>
			<alt>うける</alt>
		</trans>
	</term>
	<term id="1123">
		<trans lang="en">
			<word>to change</word>
		</trans>
		<trans lang="ja">
			<word>換える</word>
			<alt>かえる</alt>
		</trans>
	</term>
	<term id="1124">
		<trans lang="en">
			<word>(something/someone) separates; parts from</word>
		</trans>
		<trans lang="ja">
			<word>離れる</word>
			<alt>はなれる</alt>
		</trans>
	</term>
	<term id="1125">
		<trans lang="en">
			<word>to look ...(facial expression)</word>
		</trans>
		<trans lang="ja">
			<word>~顔をする</word>
			<alt>~かおをする</alt>
		</trans>
	</term>
	<term id="1126">
		<trans lang="en">
			<word>to be disappointed</word>
		</trans>
		<trans lang="ja">
			<alt>がっかりする</alt>
		</trans>
	</term>
	<term id="1127">
		<trans lang="en">
			<word>to be tolerant/patient</word>
		</trans>
		<trans lang="ja">
			<word>我慢する</word>
			<alt>がまんする</alt>
		</trans>
	</term>
	<term id="1128">
		<trans lang="en">
			<word>to take care of ...</word>
		</trans>
		<trans lang="ja">
			<word>世話をする</word>
			<alt>せわをする</alt>
		</trans>
	</term>
	<term id="1129">
		<trans lang="en">
			<word>to sympathize</word>
		</trans>
		<trans lang="ja">
			<word>同情する</word>
			<alt>どうじょうする</alt>
		</trans>
	</term>
	<term id="1130">
		<trans lang="en">
			<word>(tire) goes flat</word>
		</trans>
		<trans lang="ja">
			<alt>パンクする</alt>
		</trans>
	</term>
	<term id="1131">
		<trans lang="en">
			<word>(something/someone) comes back</word>
		</trans>
		<trans lang="ja">
			<word>戻ってくる</word>
			<alt>もどってくる</alt>
		</trans>
	</term>
	<term id="1132">
		<trans lang="en">
			<word>to win a championship</word>
		</trans>
		<trans lang="ja">
			<word>優勝する</word>
			<alt>ゆうしょうする</alt>
		</trans>
	</term>
	<term id="1133">
		<trans lang="en">
			<word>no</word>
		</trans>
		<trans lang="ja">
			<alt>いや</alt>
		</trans>
	</term>
	<term id="1134">
		<trans lang="en">
			<word>Take care of yourself.</word>
		</trans>
		<trans lang="ja">
			<word>元気でね</word>
			<alt>げんきでね</alt>
		</trans>
	</term>
	<term id="1135">
		<trans lang="en">
			<word>You are right.</word>
		</trans>
		<trans lang="ja">
			<alt>そうそう</alt>
		</trans>
	</term>
	<term id="1136">
		<trans lang="en">
			<word>it is about time to ...</word>
		</trans>
		<trans lang="ja">
			<alt>そろそろ</alt>
		</trans>
	</term>
	<term id="1137">
		<trans lang="en">
			<word>such ...; that kind of ...</word>
		</trans>
		<trans lang="ja">
			<alt>そんな~</alt>
		</trans>
	</term>
	<term id="1138">
		<trans lang="en">
			<word>extremely</word>
		</trans>
		<trans lang="ja">
			<alt>ものすごく</alt>
		</trans>
	</term>
</glossary>
