<?xml version="1.0"?>
<glossary id="363" name="Wann kommen Sie?" author="Frédéric Bergeron">
	<desc></desc>
	<term id="1">
		<trans lang="de">
			<word>die Monate</word>
		</trans>
		<trans lang="fr">
			<word>les mois</word>
		</trans>
	</term>
	<term id="2">
		<trans lang="de">
			<word>Januar</word>
		</trans>
		<trans lang="fr">
			<word>janvier</word>
		</trans>
	</term>
	<term id="3">
		<trans lang="de">
			<word>Februar</word>
		</trans>
		<trans lang="fr">
			<word>février</word>
		</trans>
	</term>
	<term id="4">
		<trans lang="de">
			<word>März</word>
		</trans>
		<trans lang="fr">
			<word>mars</word>
		</trans>
	</term>
	<term id="5">
		<trans lang="de">
			<word>Mai</word>
			<alt>maï</alt>
		</trans>
		<trans lang="fr">
			<word>mai</word>
		</trans>
	</term>
	<term id="6">
		<trans lang="de">
			<word>Juni</word>
			<alt>youni</alt>
		</trans>
		<trans lang="fr">
			<word>juin</word>
		</trans>
	</term>
	<term id="7">
		<trans lang="de">
			<word>Juli</word>
			<alt>youli</alt>
		</trans>
		<trans lang="fr">
			<word>juillet</word>
		</trans>
	</term>
	<term id="8">
		<trans lang="de">
			<word>August</word>
			<alt>aogoust</alt>
		</trans>
		<trans lang="fr">
			<word>août</word>
		</trans>
	</term>
	<term id="9">
		<trans lang="de">
			<word>September</word>
		</trans>
		<trans lang="fr">
			<word>septembre</word>
		</trans>
	</term>
	<term id="10">
		<trans lang="de">
			<word>Oktober</word>
		</trans>
		<trans lang="fr">
			<word>octobre</word>
		</trans>
	</term>
	<term id="11">
		<trans lang="de">
			<word>November</word>
		</trans>
		<trans lang="fr">
			<word>novembre</word>
		</trans>
	</term>
	<term id="12">
		<trans lang="de">
			<word>Dezember</word>
		</trans>
		<trans lang="fr">
			<word>décembre</word>
		</trans>
	</term>
	<term id="13">
		<trans lang="de">
			<word>die Feiertage</word>
		</trans>
		<trans lang="fr">
			<word>les jours fériés</word>
		</trans>
	</term>
	<term id="14">
		<trans lang="de">
			<word>Sommerferien</word>
		</trans>
		<trans lang="fr">
			<word>vacances d'été</word>
		</trans>
	</term>
	<term id="15">
		<trans lang="de">
			<word>Weihnachtsferien</word>
		</trans>
		<trans lang="fr">
			<word>vacances de Noël</word>
		</trans>
	</term>
	<term id="16">
		<trans lang="de">
			<word>Osterferien</word>
		</trans>
		<trans lang="fr">
			<word>vacances de Pâques</word>
		</trans>
	</term>
	<term id="17">
		<trans lang="de">
			<word>Wann kommen Sie nach Deutschland?</word>
		</trans>
		<trans lang="fr">
			<word>Quand venez-vous en Allemagne?</word>
		</trans>
	</term>
	<term id="18">
		<trans lang="de">
			<word>Wie lange bleiben Sie?</word>
		</trans>
		<trans lang="fr">
			<word>Combien de temps séjournerez-vous?</word>
		</trans>
	</term>
	<term id="19">
		<trans lang="de">
			<word>Wann fahren Sie ab?</word>
		</trans>
		<trans lang="fr">
			<word>Quand partez-vous?</word>
		</trans>
	</term>
	<term id="20">
		<trans lang="de">
			<word>Juni, wenn das geth.</word>
		</trans>
		<trans lang="fr">
			<word>En juin, si ça vous va.</word>
		</trans>
	</term>
	<term id="21">
		<trans lang="de">
			<word>vom 8.Juli bis zum 1.August </word>
		</trans>
		<trans lang="fr">
			<word>du 8 juillet au 1er août</word>
		</trans>
		<comment languages="de-fr">vom achten Juli bis zum ersten August</comment>
	</term>
</glossary>
