<?xml version="1.0"?>
<glossary id="236" name="Es ist..." author="Frédéric Bergeron">
	<desc></desc>
	<term id="1">
		<trans lang="de">
			<word>Es ist ein Uhr.</word>
		</trans>
		<trans lang="fr">
			<word>Il est 1 heure.</word>
		</trans>
	</term>
	<term id="2">
		<trans lang="de">
			<word>Es ist acht Uhr.</word>
		</trans>
		<trans lang="fr">
			<word>Il est 8 heures.</word>
		</trans>
	</term>
	<term id="3">
		<trans lang="de">
			<word>Es ist fünf nach eins.</word>
		</trans>
		<trans lang="fr">
			<word>Il est 1:05.</word>
		</trans>
	</term>
	<term id="4">
		<trans lang="de">
			<word>Es ist zehn nach zwei.</word>
		</trans>
		<trans lang="fr">
			<word>Il est 2:10.</word>
		</trans>
	</term>
	<term id="5">
		<trans lang="de">
			<word>Es ist Viertel nach zwei.</word>
		</trans>
		<trans lang="fr">
			<word>Il est 2 heures et quart.</word>
		</trans>
	</term>
	<term id="6">
		<trans lang="de">
			<word>Es ist Viertel nach acht.</word>
		</trans>
		<trans lang="fr">
			<word>Il est 8 heures et quart.</word>
		</trans>
	</term>
	<term id="7">
		<trans lang="de">
			<word>Es ist Viertel vor zwei.</word>
		</trans>
		<trans lang="fr">
			<word>Il est 2 heures moins quart.</word>
		</trans>
	</term>
	<term id="8">
		<trans lang="de">
			<word>Es ist fünf vor zwei.</word>
		</trans>
		<trans lang="fr">
			<word>Il est 2 heures moins 5.</word>
		</trans>
	</term>
	<term id="9">
		<trans lang="de">
			<word>Es ist zehn nach drei.</word>
		</trans>
		<trans lang="fr">
			<word>Il est 3:10.</word>
		</trans>
	</term>
	<term id="10">
		<trans lang="de">
			<word>Es tut mir Leid.</word>
		</trans>
		<trans lang="fr">
			<word>Je suis désolé.</word>
		</trans>
	</term>
	<term id="11">
		<trans lang="de">
			<word>Ich weiß es nicht.</word>
		</trans>
		<trans lang="fr">
			<word>Je ne (le) sais pas.</word>
		</trans>
	</term>
	<term id="12">
		<trans lang="de">
			<word>vor</word>
		</trans>
		<trans lang="fr">
			<word>avant</word>
		</trans>
	</term>
	<term id="13">
		<trans lang="de">
			<word>nach</word>
		</trans>
		<trans lang="fr">
			<word>après</word>
		</trans>
	</term>
	<term id="14">
		<trans lang="de">
			<word>Entschuldigen Sie, bitte.</word>
		</trans>
		<trans lang="fr">
			<word>Excusez-moi, s'il vous plaît.</word>
		</trans>
	</term>
	<term id="15">
		<trans lang="de">
			<word>Wie viel Uhr ist es?</word>
		</trans>
		<trans lang="fr">
			<word>Quelle heure est-il?</word>
		</trans>
		<comment languages="de-fr">Littéralement: Combien d'heures est-il?</comment>
	</term>
	<term id="16">
		<trans lang="de">
			<word>Wie spät ist es?</word>
		</trans>
		<trans lang="fr">
			<word>Quelle heure est-il?</word>
		</trans>
		<comment languages="de-fr">Littéralement: Combien tard est-il?</comment>
	</term>
	<term id="17">
		<trans lang="de">
			<word>die Uhr</word>
		</trans>
		<trans lang="fr">
			<word>l'heure (à la montre), la montre</word>
		</trans>
	</term>
	<term id="18">
		<trans lang="de">
			<word>kaputt</word>
		</trans>
		<trans lang="fr">
			<word>cassé</word>
		</trans>
	</term>
</glossary>
