<?xml version="1.0"?>
<glossary id="14" name="15" author="">
	<desc></desc>
	<term id="1">
		<trans lang="en">
			<word>death; to die</word>
		</trans>
		<trans lang="ja">
			<word>死 (6)</word>
			<alt>し；シ</alt>
		</trans>
		<comment languages="en-ja">死ぬ ; しぬ ; to die</comment>
	</term>
	<term id="2">
		<trans lang="en">
			<word>mind; meaning</word>
		</trans>
		<trans lang="ja">
			<word>意 (13)</word>
			<alt>イ</alt>
		</trans>
		<comment languages="en-ja">意味 ; いみ ; meaning
注意する ; ちゅういする ; to watch out
同意する ; どういする ; to agree
意見 ; いけん ; an opinion
意識 ; いしき ; consciousness
意志 ; いし ; an intention
用意する ; よういする ; to prepare
得意な ; とくいな ; to be good at
漢字の意味 ; かんじのいみ ; kanji's meaning</comment>
	</term>
	<term id="3">
		<trans lang="en">
			<word>flavor; taste</word>
		</trans>
		<trans lang="ja">
			<word>味 (8)</word>
			<alt>ミ；あじ</alt>
		</trans>
		<comment languages="en-ja">意味 ; いみ ; meaning
趣味 ; しゅみ ; hobby
興味 ; きょうみ ; interest
味噌 ; みそ ; soybean paste
味 ; あじ ; taste
味わう ; あじわう ; to enjoy the taste
漢字の意味 ; かんじのいみ ; kanji's meaning</comment>
	</term>
	<term id="4">
		<trans lang="en">
			<word>to pour; to shed</word>
		</trans>
		<trans lang="ja">
			<word>注 (8)</word>
			<alt>チュウ；そそ</alt>
		</trans>
		<comment languages="en-ja">注意する ; ちゅういする ; to watch out
注ぐ ; そそぐ ; to pour
注文する ; ちゅうもんする ; to order
注 ; ちゅう ; explanatory notes
注目する ; ちゅうもくする ; to pay attention</comment>
	</term>
	<term id="5">
		<trans lang="en">
			<word>summer</word>
		</trans>
		<trans lang="ja">
			<word>夏 (10)</word>
			<alt>なつ；カ</alt>
		</trans>
		<comment languages="en-ja">夏 ; なつ ; summer
夏休み ; なつやすみ ; summer vacation
冷夏 ; れいか ; a cool summer
初夏 ; しょか ; early summer</comment>
	</term>
	<term id="6">
		<trans lang="en">
			<word>fish</word>
		</trans>
		<trans lang="ja">
			<word>魚 (11)</word>
			<alt>さかな；うお；ギョ</alt>
		</trans>
		<comment languages="en-ja">魚 ; さかな ; fish
金魚 ; きんぎょ ; goldfish</comment>
	</term>
	<term id="7">
		<trans lang="en">
			<word>temple</word>
		</trans>
		<trans lang="ja">
			<word>寺 (6)</word>
			<alt>てら；ジ</alt>
		</trans>
		<comment languages="en-ja">お寺 ; おてら ; temple
東大寺 ; とうだいじ ; Todaiji Temple</comment>
	</term>
	<term id="8">
		<trans lang="en">
			<word>spacious; wide</word>
		</trans>
		<trans lang="ja">
			<word>広 (5)</word>
			<alt>ひろ；コウ</alt>
		</trans>
		<comment languages="en-ja">広い ; ひろい ; wide; spacious
広場 ; ひろば ; square; open space; plaza
広島 ; ひろしま ; Hiroshima
広告 ; こうこく ; advertisement
求人広告 ; きゅうじんこうこく ; a help wanted advertisement</comment>
	</term>
	<term id="9">
		<trans lang="en">
			<word>to roll over</word>
		</trans>
		<trans lang="ja">
			<word>転 (11)</word>
			<alt>テン；ころ</alt>
		</trans>
		<comment languages="en-ja">運転 ; うんてん ; driving
自転車 ; じてんしゃ ; bicycle
回転寿し ; かいてんずし ; rotating sushi
転ぶ ; ころぶ ; to tumble; to fall down
回転する ; かいてんする ; to rotate
運転手 ; うんてんしゅ ; driver; chauffeur
横転する ; おうてんする ; to turn over</comment>
	</term>
	<term id="10">
		<trans lang="en">
			<word>to borrow</word>
		</trans>
		<trans lang="ja">
			<word>借 (10)</word>
			<alt>か；シャク；シャツ</alt>
		</trans>
		<comment languages="en-ja">借りる ; かりる ; to borrow
借金 ; しゃっきん ; a debt
借用書 ; しゃくようしょ ; an IOU</comment>
	</term>
	<term id="11">
		<trans lang="en">
			<word>to run</word>
		</trans>
		<trans lang="ja">
			<word>走 (7)</word>
			<alt>はし；ソウ</alt>
		</trans>
		<comment languages="en-ja">走る ; はしる ; to run</comment>
	</term>
	<term id="12">
		<trans lang="en">
			<word>to build</word>
		</trans>
		<trans lang="ja">
			<word>建 (9)</word>
			<alt>たて；た；ケン</alt>
		</trans>
		<comment languages="en-ja">建物 ; たてもの ; building</comment>
	</term>
	<term id="13">
		<trans lang="en">
			<word>ground</word>
		</trans>
		<trans lang="ja">
			<word>地 (6)</word>
			<alt>チ；ジ</alt>
		</trans>
		<comment languages="en-ja">地下鉄 ; ちかてつ ; subway
地図 ; ちず ; map
地下 ; ちか ; underground
地震 ; じしん ; earthquake
遊園地 ; ゆうえんち ; an amusement park
地区 ; ちく ; a district
地方 ; ちほう ; locality; district
土地 ; とち ; plot of land; lot; soil
番地 ; ばんち ; lot number (as part of an address)
関東地方 ; かんとうちほう ; the Kanto District
台地 ; だいち ; a plateau
地位 ; ちい ; position</comment>
	</term>
	<term id="14">
		<trans lang="en">
			<word>place</word>
		</trans>
		<trans lang="ja">
			<word>場 (12)</word>
			<alt>ば；ジョウ</alt>
		</trans>
		<comment languages="en-ja">広場 ; ひろば ; square; open space; plaza
場所 ; ばしょ ; place
村役場 ; むらやくば ; a village office
工場 ; こうじょう ; factory
場合 ; ばあい ; case; situation
売り場 ; うりば ; sales counter
立場 ; たちば ; a standpoint</comment>
	</term>
	<term id="15">
		<trans lang="en">
			<word>foot; leg</word>
		</trans>
		<trans lang="ja">
			<word>足 (7)</word>
			<alt>あし；た；ソク</alt>
		</trans>
		<comment languages="en-ja">足 ; あし ; foot; leg
足りる ; たりる ; to be sufficient
不足 ; ふそく ; insufficiency; shortage; deficiency; lack
遠足 ; えんそく ; a picnic
足音 ; あしおと ; footsteps</comment>
	</term>
	<term id="16">
		<trans lang="en">
			<word>to pass; to commute</word>
		</trans>
		<trans lang="ja">
			<word>通 (10)</word>
			<alt>とお；かよ；ツウ</alt>
		</trans>
	</term>
</glossary>
