<?xml version="1.0"?>
<glossary id="251" name="32" author="Frédéric Bergeron">
	<desc></desc>
	<term id="1" imagePath="1.gif">
		<trans lang="en">
			<word>lane,alley,side street</word>
		</trans>
		<trans lang="ja">
			<word>横町</word>
			<alt>よこちょう</alt>
		</trans>
	</term>
	<term id="2" imagePath="2.gif">
		<trans lang="en">
			<word>to remain,to be left</word>
		</trans>
		<trans lang="ja">
			<word>残る</word>
			<alt>のこる</alt>
		</trans>
		<comment languages="en-ja">においが残る。
The smell remains.</comment>
	</term>
	<term id="3">
		<trans lang="en">
			<word>to well up (emotion)</word>
		</trans>
		<trans lang="ja">
			<word>こみ上げる</word>
			<alt>こみあげる</alt>
		</trans>
		<comment languages="en-ja">笑いが込み上げる。
He's welling up his laughter. (?)</comment>
	</term>
	<term id="4" imagePath="4.gif">
		<trans lang="en">
			<word>to be mixed,to be blended with,to associate with,to join</word>
		</trans>
		<trans lang="ja">
			<word>交ざる</word>
			<alt>まざる</alt>
		</trans>
		<comment languages="en-ja">花の色が交ざる。
The flowers' colors are mixed up.</comment>
	</term>
	<term id="5" imagePath="5.gif">
		<trans lang="en">
			<word>kun-yomi (Japanese reading of character)</word>
		</trans>
		<trans lang="ja">
			<word>訓読み</word>
			<alt>くんよみ</alt>
		</trans>
	</term>
	<term id="6" imagePath="6.gif">
		<trans lang="en">
			<word>on (Chinese) reading of kanji</word>
		</trans>
		<trans lang="ja">
			<word>音読み</word>
			<alt>おんよみ</alt>
		</trans>
	</term>
	<term id="7">
		<trans lang="en">
			<word>storehouse,warehouse,godown</word>
		</trans>
		<trans lang="ja">
			<word>倉庫</word>
			<alt>そうこ</alt>
		</trans>
	</term>
	<term id="8" imagePath="8.gif">
		<trans lang="en">
			<word>distinction,differentiation,classification (to)</word>
		</trans>
		<trans lang="ja">
			<word>区別(する)</word>
			<alt>くべつ(する)</alt>
		</trans>
		<comment languages="en-ja">音訓を区別する。
To differentiate between Chinese and Japanese readings.</comment>
	</term>
	<term id="9" imagePath="9.gif">
		<trans lang="en">
			<word>townspeople</word>
		</trans>
		<trans lang="ja">
			<word>町民</word>
			<alt>ちょうみん</alt>
		</trans>
	</term>
	<term id="10" imagePath="10.gif">
		<trans lang="en">
			<word>the block,the street,the neighborhood,the town</word>
		</trans>
		<trans lang="ja">
			<word>町内</word>
			<alt>ちょうない</alt>
		</trans>
	</term>
	<term id="11">
		<trans lang="en">
			<word>use,utilization,application (to)</word>
		</trans>
		<trans lang="ja">
			<word>利用(する)</word>
			<alt>りよう(する)</alt>
		</trans>
	</term>
	<term id="12">
		<trans lang="en">
			<word>flower garden,flower bed</word>
		</trans>
		<trans lang="ja">
			<word>花畑</word>
			<alt>はなばたけ</alt>
		</trans>
	</term>
</glossary>
