<?xml version="1.0"?>
<glossary id="328" name="JCS3-24" author="">
	<desc></desc>
	<term id="1">
		<trans lang="en">
			<word>colour   +</word>
		</trans>
		<trans lang="ja">
			<word>色</word>
			<alt>iro</alt>
		</trans>
	</term>
	<term id="2">
		<trans lang="en">
			<word>yellow (-ness)</word>
		</trans>
		<trans lang="ja">
			<word>き色 [い]</word>
			<alt>kiiro</alt>
		</trans>
	</term>
	<term id="3">
		<trans lang="en">
			<word>(light) brown</word>
		</trans>
		<trans lang="ja">
			<word>茶色 [の]</word>
			<alt>chairo</alt>
		</trans>
	</term>
	<term id="4">
		<trans lang="en">
			<word>red   +</word>
		</trans>
		<trans lang="ja">
			<word>赤い</word>
			<alt>akai</alt>
		</trans>
	</term>
	<term id="5">
		<trans lang="en">
			<word>blue   +</word>
		</trans>
		<trans lang="ja">
			<word>青い</word>
			<alt>aoi</alt>
		</trans>
	</term>
	<term id="6">
		<trans lang="en">
			<word>black   +</word>
		</trans>
		<trans lang="ja">
			<word>黒い</word>
			<alt>kuroi</alt>
		</trans>
	</term>
	<term id="7">
		<trans lang="en">
			<word>bad   +</word>
		</trans>
		<trans lang="ja">
			<word>悪い</word>
			<alt>warui</alt>
		</trans>
	</term>
	<term id="8">
		<trans lang="en">
			<word>English (language)   +</word>
		</trans>
		<trans lang="ja">
			<word>英語</word>
			<alt>eigo</alt>
		</trans>
	</term>
	<term id="9">
		<trans lang="en">
			<word>match, game   +</word>
		</trans>
		<trans lang="ja">
			<word>試あい</word>
			<alt>shiai</alt>
		</trans>
	</term>
	<term id="10">
		<trans lang="en">
			<word>exam, examine (give an exam)   +</word>
		</trans>
		<trans lang="ja">
			<word>試験 [する]</word>
			<alt>shiken</alt>
		</trans>
	</term>
	<term id="11">
		<trans lang="en">
			<word>heavy snow</word>
		</trans>
		<trans lang="ja">
			<word>大ゆき</word>
			<alt>ooyuki</alt>
		</trans>
	</term>
	<term id="12">
		<trans lang="en">
			<word>so that ("V[dict]/ V-nai")</word>
		</trans>
		<trans lang="ja">
			<word>~ように</word>
			<alt>-yooni</alt>
		</trans>
	</term>
	<term id="13">
		<trans lang="en">
			<word>while, during ("V[plain]/ Adj-i/ ...")</word>
		</trans>
		<trans lang="ja">
			<word>~あいだに</word>
			<alt>-aidani</alt>
		</trans>
	</term>
	<term id="14">
		<trans lang="en">
			<word>varied, various</word>
		</trans>
		<trans lang="ja">
			<word>色々 [な]</word>
			<alt>iroiro</alt>
		</trans>
	</term>
	<term id="15">
		<trans lang="en">
			<word>atmosphere, mood</word>
		</trans>
		<trans lang="ja">
			<word>ふんい気</word>
			<alt>fun'iki</alt>
		</trans>
	</term>
	<term id="16">
		<trans lang="en">
			<word>cancellation, call off</word>
		</trans>
		<trans lang="ja">
			<word>中止 [する]</word>
			<alt>chuushi</alt>
		</trans>
	</term>
	<term id="17">
		<trans lang="en">
			<word>happen, occur</word>
		</trans>
		<trans lang="ja">
			<word>おこる</word>
			<alt>okoru</alt>
		</trans>
	</term>
	<term id="18">
		<trans lang="en">
			<word>gather, collect</word>
		</trans>
		<trans lang="ja">
			<word>集める</word>
			<alt>atsumeru</alt>
		</trans>
	</term>
	<term id="19">
		<trans lang="en">
			<word>continue</word>
		</trans>
		<trans lang="ja">
			<word>つづける</word>
			<alt>tsuzukeru</alt>
		</trans>
	</term>
	<term id="20">
		<trans lang="en">
			<word>preparation, prepare</word>
		</trans>
		<trans lang="ja">
			<word>用い [する]</word>
			<alt>yooi</alt>
		</trans>
	</term>
	<term id="21">
		<trans lang="en">
			<word>braille</word>
		</trans>
		<trans lang="ja">
			<word>てん字</word>
			<alt>tenji</alt>
		</trans>
	</term>
	<term id="22">
		<trans lang="en">
			<word>letter, character</word>
		</trans>
		<trans lang="ja">
			<word>文字</word>
			<alt>moji</alt>
		</trans>
	</term>
	<term id="23">
		<trans lang="en">
			<word>guitar (play guitar)</word>
		</trans>
		<trans lang="ja">
			<word>ギター [をひく]</word>
			<alt>gitaa</alt>
		</trans>
	</term>
	<term id="24">
		<trans lang="en">
			<word>left-handed</word>
		</trans>
		<trans lang="ja">
			<word>左きき</word>
			<alt>hidarikiki</alt>
		</trans>
	</term>
	<term id="25">
		<trans lang="en">
			<word>textbook</word>
		</trans>
		<trans lang="ja">
			<word>教か書</word>
			<alt>kyookasho</alt>
		</trans>
	</term>
	<term id="26">
		<trans lang="en">
			<word>idea, opinion, thought</word>
		</trans>
		<trans lang="ja">
			<word>考え</word>
			<alt>kangae</alt>
		</trans>
	</term>
	<term id="27">
		<trans lang="en">
			<word>letter, symbol</word>
		</trans>
		<trans lang="ja">
			<word>字</word>
			<alt>ji</alt>
		</trans>
	</term>
	<term id="28">
		<trans lang="en">
			<word>blackboard</word>
		</trans>
		<trans lang="ja">
			<word>黒ばん</word>
			<alt>kokuban</alt>
		</trans>
	</term>
	<term id="29">
		<trans lang="en">
			<word>goods, product(s)</word>
		</trans>
		<trans lang="ja">
			<word>品物</word>
			<alt>shinamono</alt>
		</trans>
	</term>
	<term id="30">
		<trans lang="en">
			<word>be sold, sell well</word>
		</trans>
		<trans lang="ja">
			<word>うれる</word>
			<alt>ureru</alt>
		</trans>
	</term>
	<term id="31">
		<trans lang="en">
			<word>price</word>
		</trans>
		<trans lang="ja">
			<word>ねだん</word>
			<alt>nedan</alt>
		</trans>
	</term>
	<term id="32">
		<trans lang="en">
			<word>change</word>
		</trans>
		<trans lang="ja">
			<word>かわる</word>
			<alt>kawaru</alt>
		</trans>
	</term>
	<term id="33">
		<trans lang="en">
			<word>water shortage</word>
		</trans>
		<trans lang="ja">
			<word>水ぶ足</word>
			<alt>mizubusoku</alt>
		</trans>
	</term>
	<term id="34">
		<trans lang="en">
			<word>grade, score (on a test)</word>
		</trans>
		<trans lang="ja">
			<word>せいせき</word>
			<alt>seiseki</alt>
		</trans>
	</term>
	<term id="35">
		<trans lang="en">
			<word>units</word>
		</trans>
		<trans lang="ja">
			<word>たんい</word>
			<alt>tan'i</alt>
		</trans>
	</term>
	<term id="36">
		<trans lang="en">
			<word>suffice, be enough</word>
		</trans>
		<trans lang="ja">
			<word>足りる</word>
			<alt>tariru</alt>
		</trans>
	</term>
	<term id="37">
		<trans lang="en">
			<word>why?</word>
		</trans>
		<trans lang="ja">
			<word>どうして</word>
			<alt>dooshite</alt>
		</trans>
	</term>
	<term id="38">
		<trans lang="en">
			<word>culture</word>
		</trans>
		<trans lang="ja">
			<word>文か</word>
			<alt>bunka</alt>
		</trans>
	</term>
	<term id="39">
		<trans lang="en">
			<word>get to know, learn of</word>
		</trans>
		<trans lang="ja">
			<word>しる</word>
			<alt>shiru</alt>
		</trans>
	</term>
	<term id="40">
		<trans lang="en">
			<word>investigation, survey</word>
		</trans>
		<trans lang="ja">
			<word>ちょうさ [する]</word>
			<alt>choosa</alt>
		</trans>
	</term>
	<term id="41">
		<trans lang="en">
			<word>slowly, at ease</word>
		</trans>
		<trans lang="ja">
			<word>ゆっくり</word>
			<alt>yukkuri</alt>
		</trans>
	</term>
	<term id="42">
		<trans lang="en">
			<word>expression, represent</word>
		</trans>
		<trans lang="ja">
			<word>ひょうげん [する]</word>
			<alt>hyoogen</alt>
		</trans>
	</term>
	<term id="43">
		<trans lang="en">
			<word>graduate school</word>
		</trans>
		<trans lang="ja">
			<word>大学院</word>
			<alt>daigakuin</alt>
		</trans>
	</term>
	<term id="44">
		<trans lang="en">
			<word>receive, take (an exam)</word>
		</trans>
		<trans lang="ja">
			<word>うける</word>
			<alt>ukeru</alt>
		</trans>
	</term>
	<term id="45">
		<trans lang="en">
			<word>this term, this semester</word>
		</trans>
		<trans lang="ja">
			<word>今学き</word>
			<alt>kongakki</alt>
		</trans>
	</term>
	<term id="46">
		<trans lang="en">
			<word>other, else, besides</word>
		</trans>
		<trans lang="ja">
			<word>ほか [の/に]</word>
			<alt>hoka</alt>
		</trans>
	</term>
</glossary>
