<?xml version="1.0"?>
<glossary id="399" name="Animaux" author="Frédéric Bergeron">
	<desc></desc>
	<term id="1">
		<trans lang="de">
			<word>Kaninchen (n.)</word>
		</trans>
		<trans lang="fr">
			<word>lapin</word>
		</trans>
	</term>
	<term id="2">
		<trans lang="de">
			<word>Katze (f.)</word>
		</trans>
		<trans lang="fr">
			<word>chat</word>
		</trans>
	</term>
	<term id="3">
		<trans lang="de">
			<word>Hund (m.)</word>
		</trans>
		<trans lang="fr">
			<word>chien</word>
		</trans>
	</term>
	<term id="4">
		<trans lang="de">
			<word>Vogel (m.)</word>
		</trans>
		<trans lang="fr">
			<word>oiseau</word>
		</trans>
	</term>
	<term id="5">
		<trans lang="de">
			<word>Eichhörnchen (n.)</word>
		</trans>
		<trans lang="fr">
			<word>écureuil</word>
		</trans>
	</term>
	<term id="6">
		<trans lang="de">
			<word>Goldfisch (m.)</word>
		</trans>
		<trans lang="fr">
			<word>poisson rouge</word>
		</trans>
	</term>
	<term id="7">
		<trans lang="de">
			<word>Schlange (f.)</word>
		</trans>
		<trans lang="fr">
			<word>serpent</word>
		</trans>
	</term>
	<term id="8">
		<trans lang="de">
			<word>Maus (f.)</word>
		</trans>
		<trans lang="fr">
			<word>souris</word>
		</trans>
	</term>
	<term id="9">
		<trans lang="de">
			<word>Wellensittich (m.)</word>
		</trans>
		<trans lang="fr">
			<word>perruche</word>
		</trans>
	</term>
	<term id="10">
		<trans lang="de">
			<word>Papagei (m.)</word>
		</trans>
		<trans lang="fr">
			<word>perroquet</word>
		</trans>
	</term>
</glossary>
