<?xml version="1.0"?>
<glossary id="372" name="p072-075" author="Frédéric Bergeron">
	<desc></desc>
	<term id="1">
		<trans lang="es">
			<word>hinchar</word>
		</trans>
		<trans lang="fr">
			<word>gonfler</word>
		</trans>
		<comment languages="es-fr">Tengo la cara hinchada y el ojo casi cerrado.
J'ai le visage gonflé et l'oeil presque fermé.</comment>
	</term>
	<term id="2">
		<trans lang="es">
			<word>quijada</word>
		</trans>
		<trans lang="fr">
			<word>mâchoir (f.)</word>
		</trans>
	</term>
	<term id="3">
		<trans lang="es">
			<word>entrenamiento</word>
		</trans>
		<trans lang="fr">
			<word>entraînement</word>
		</trans>
	</term>
	<term id="4">
		<trans lang="es">
			<word>espeso</word>
		</trans>
		<trans lang="fr">
			<word>épais</word>
		</trans>
	</term>
</glossary>
