<?xml version="1.0"?>
<glossary id="16" name="0.3" author="Frédéric Bergeron">
	<desc></desc>
	<term id="1">
		<trans lang="en">
			<word>head,lead,vanguard,first</word>
		</trans>
		<trans lang="ja">
			<word>先頭</word>
			<alt>せんとう</alt>
		</trans>
		<comment languages="en-ja">彼は走者の先頭に立っている。
He is at the head of runners.

彼女が列の先頭です。
She is first in line.</comment>
	</term>
	<term id="2">
		<trans lang="en">
			<word>first half</word>
		</trans>
		<trans lang="ja">
			<word>前半</word>
			<alt>ぜんはん</alt>
		</trans>
	</term>
	<term id="3">
		<trans lang="en">
			<word>tedium,boredom (to bore)</word>
		</trans>
		<trans lang="ja">
			<word>退屈(する)</word>
			<alt>たいくつ(する)</alt>
		</trans>
	</term>
	<term id="4">
		<trans lang="en">
			<word>grammar</word>
		</trans>
		<trans lang="ja">
			<word>文法</word>
			<alt>ぶんぽう</alt>
		</trans>
	</term>
	<term id="5">
		<trans lang="en">
			<word>fundamental,standard,basic</word>
		</trans>
		<trans lang="ja">
			<word>基本的</word>
			<alt>きほんてき</alt>
		</trans>
	</term>
	<term id="6">
		<trans lang="en">
			<word>quite,very</word>
		</trans>
		<trans lang="ja">
			<word>ごく</word>
			<alt>ごく</alt>
		</trans>
		<comment languages="en-ja">ごく簡単なRubyのプログラムを使いながら、プログラムの基本的な構成を紹介します。
By using quite easy Ruby programs, we'll introduce ourselves to the fundamental organisation of a program.</comment>
	</term>
	<term id="7">
		<trans lang="en">
			<word>organization,composition (to)</word>
		</trans>
		<trans lang="ja">
			<word>構成(する)</word>
			<alt>こうせい(する)</alt>
		</trans>
		<comment languages="en-ja">ごく簡単なRubyのプログラムを使いながら、プログラムの基本的な構成を紹介します。
By using quite easy Ruby programs, we'll introduce ourselves to the fundamental organisation of a program.</comment>
	</term>
	<term id="8">
		<trans lang="en">
			<word>foundation,basis</word>
		</trans>
		<trans lang="ja">
			<word>基礎</word>
			<alt>きそ</alt>
		</trans>
	</term>
	<term id="9">
		<trans lang="en">
			<word>rule,regulations</word>
		</trans>
		<trans lang="ja">
			<word>規則</word>
			<alt>きそく</alt>
		</trans>
	</term>
	<term id="10">
		<trans lang="en">
			<word>term,terminology</word>
		</trans>
		<trans lang="ja">
			<word>用語</word>
			<alt>ようご</alt>
		</trans>
	</term>
	<term id="11">
		<trans lang="en">
			<word>skill,cleverness</word>
		</trans>
		<trans lang="ja">
			<word>巧み</word>
			<alt>たくみ</alt>
		</trans>
		<comment languages="en-ja">ビルは論争が巧みだ。
Bill is skillful in arguing and debating.</comment>
	</term>
	<term id="12">
		<trans lang="en">
			<word>to break to pieces,to digest,to handle easily</word>
		</trans>
		<trans lang="ja">
			<word>熟す</word>
			<alt>こなす</alt>
		</trans>
	</term>
	<term id="13">
		<trans lang="en">
			<word>altitude,height,advanced</word>
		</trans>
		<trans lang="ja">
			<word>高度</word>
			<alt>こうど</alt>
		</trans>
	</term>
	<term id="14">
		<trans lang="en">
			<word>environment,circumstance</word>
		</trans>
		<trans lang="ja">
			<word>環境</word>
			<alt>かんきょう</alt>
		</trans>
	</term>
	<term id="15">
		<trans lang="en">
			<word>variable (e.g. math)</word>
		</trans>
		<trans lang="ja">
			<word>変数</word>
			<alt>へんすう</alt>
		</trans>
	</term>
	<term id="16">
		<trans lang="en">
			<word>topic,subject</word>
		</trans>
		<trans lang="ja">
			<word>話題</word>
			<alt>わだい</alt>
		</trans>
	</term>
	<term id="17">
		<trans lang="en">
			<word>(pref) whole,all,general,gross</word>
		</trans>
		<trans lang="ja">
			<word>総</word>
			<alt>そう</alt>
		</trans>
		<comment languages="en-ja">後で総復習をしましょう。
After that, let's make a general review.</comment>
	</term>
	<term id="18">
		<trans lang="en">
			<word>review (to)</word>
		</trans>
		<trans lang="ja">
			<word>復習(する)</word>
			<alt>ふくしゅう(する)</alt>
		</trans>
	</term>
	<term id="19">
		<trans lang="en">
			<word>complexity,complication</word>
		</trans>
		<trans lang="ja">
			<word>複雑</word>
			<alt>ふくざつ</alt>
		</trans>
	</term>
	<term id="20">
		<trans lang="en">
			<word>practical use,utility</word>
		</trans>
		<trans lang="ja">
			<word>実用</word>
			<alt>じつよう</alt>
		</trans>
	</term>
	<term id="21">
		<trans lang="en">
			<word>relation,connection,relevance</word>
		</trans>
		<trans lang="ja">
			<word>関連</word>
			<alt>かんれん</alt>
		</trans>
	</term>
	<term id="22">
		<trans lang="en">
			<word>information,(military) intelligence</word>
		</trans>
		<trans lang="ja">
			<word>情報</word>
			<alt>じょうほう</alt>
		</trans>
	</term>
	<term id="23">
		<trans lang="en">
			<word>appendix,supplement</word>
		</trans>
		<trans lang="ja">
			<word>付録</word>
			<alt>ふろく</alt>
		</trans>
	</term>
	<term id="24">
		<trans lang="en">
			<word>source of information</word>
		</trans>
		<trans lang="ja">
			<word>情報源</word>
			<alt>じょうほうげん</alt>
		</trans>
	</term>
	<term id="25">
		<trans lang="en">
			<word>to put in order,to get ready,to arrange,to adjust</word>
		</trans>
		<trans lang="ja">
			<word>整える</word>
			<alt>ととのえる</alt>
		</trans>
		<comment languages="en-ja">先に環境を整えましょう。
First, let's set up the environment.

けんは毎朝自分でベッドを整えます。
Ken makes his own bed every morning.

ジョンは、その会合のための準備をいま整えています。
John is seeing to the arrangements for the meeting.</comment>
	</term>
</glossary>
