<?xml version="1.0"?>
<glossary id="357" name="Lektion 03" author="Frédéric Bergeron">
	<desc></desc>
	<term id="1">
		<trans lang="de">
			<word>Medizin (f.)</word>
			<alt>méditsin</alt>
		</trans>
		<trans lang="fr">
			<word>médecine</word>
		</trans>
	</term>
	<term id="2">
		<trans lang="de">
			<word>Pädagogik (f.)</word>
			<alt>pèdagoguik</alt>
		</trans>
		<trans lang="fr">
			<word>pédagogie/enseignement</word>
		</trans>
	</term>
	<term id="3">
		<trans lang="de">
			<word>Wirtschaft (f.)</word>
		</trans>
		<trans lang="fr">
			<word>économie</word>
		</trans>
	</term>
	<term id="4">
		<trans lang="de">
			<word>Biologie (f.)</word>
			<alt>biologui</alt>
		</trans>
		<trans lang="fr">
			<word>biologie</word>
		</trans>
	</term>
	<term id="5">
		<trans lang="de">
			<word>Informatik (f.)</word>
		</trans>
		<trans lang="fr">
			<word>informatique</word>
		</trans>
	</term>
	<term id="6">
		<trans lang="de">
			<word>Psychologie (f.)</word>
			<alt>psuhyologui</alt>
		</trans>
		<trans lang="fr">
			<word>psychologie</word>
		</trans>
	</term>
	<term id="7">
		<trans lang="de">
			<word>Mathematik (f.)</word>
		</trans>
		<trans lang="fr">
			<word>mathématique</word>
		</trans>
	</term>
	<term id="8">
		<trans lang="de">
			<word>Geschichte (f.)</word>
			<alt>guéchicht</alt>
		</trans>
		<trans lang="fr">
			<word>histoire</word>
		</trans>
	</term>
	<term id="9">
		<trans lang="de">
			<word>Soziologie (f.)</word>
			<alt>sotsiologui</alt>
		</trans>
		<trans lang="fr">
			<word>sociologie</word>
		</trans>
	</term>
	<term id="10">
		<trans lang="de">
			<word>Kunst (f.)</word>
			<alt>kounst</alt>
		</trans>
		<trans lang="fr">
			<word>art</word>
		</trans>
	</term>
	<term id="11">
		<trans lang="de">
			<word>Tiermedizin (f.)</word>
		</trans>
		<trans lang="fr">
			<word>médecine vétérinaire</word>
		</trans>
		<comment languages="de-fr">Tier: animal</comment>
	</term>
	<term id="12">
		<trans lang="de">
			<word>Physik (f.)</word>
			<alt>fusik</alt>
		</trans>
		<trans lang="fr">
			<word>physique</word>
		</trans>
	</term>
	<term id="13">
		<trans lang="de">
			<word>Jura (m.)</word>
		</trans>
		<trans lang="fr">
			<word>droit (n.)</word>
		</trans>
	</term>
	<term id="14">
		<trans lang="de">
			<word>Musik (f.)</word>
			<alt>mouzik</alt>
		</trans>
		<trans lang="fr">
			<word>musique</word>
		</trans>
	</term>
	<term id="15">
		<trans lang="de">
			<word>Chemie (f.)</word>
			<alt>chémi ou kémi</alt>
		</trans>
		<trans lang="fr">
			<word>chimie</word>
		</trans>
	</term>
	<term id="16">
		<trans lang="de">
			<word>studieren</word>
		</trans>
		<trans lang="fr">
			<word>étudier (spécialité,branche,discipline)</word>
		</trans>
		<comment languages="de-fr">On utilise studieren pour un champ d'étude universitaire ou une carrière.  Si on veut plutôt dire étudier le japonais pour quelques heures, on utilisera alors lernen.</comment>
	</term>
	<term id="17">
		<trans lang="de">
			<word>Was studieren Sie?</word>
		</trans>
		<trans lang="fr">
			<word>Qu'est-ce que vous étudiez?</word>
		</trans>
	</term>
	<term id="18">
		<trans lang="de">
			<word>BWL (Betriebswirtschaftslehre)</word>
		</trans>
		<trans lang="fr">
			<word>Gestion des entreprises</word>
		</trans>
	</term>
	<term id="19">
		<trans lang="de">
			<word>Studienfächer</word>
		</trans>
		<trans lang="fr">
			<word>discipline,spécialité</word>
		</trans>
	</term>
	<term id="20">
		<trans lang="de">
			<word>lernen</word>
		</trans>
		<trans lang="fr">
			<word>étudier (courte période)</word>
		</trans>
		<comment languages="de-fr">On utilise lernen pour signifier qu'on travaille sur une matière en particulier pour un court lapse de temps.  Pour exprimer son champ d'étude universitaire ou son orientation de carrière, on utilise plutôt studieren.</comment>
	</term>
	<term id="21">
		<trans lang="de">
			<word>machen</word>
		</trans>
		<trans lang="fr">
			<word>faire</word>
		</trans>
	</term>
	<term id="22">
		<trans lang="de">
			<word>Fremdsprache</word>
		</trans>
		<trans lang="fr">
			<word>langue étrangère</word>
		</trans>
	</term>
	<term id="23">
		<trans lang="de">
			<word>natürlich</word>
		</trans>
		<trans lang="fr">
			<word>naturellement,biensûr</word>
		</trans>
	</term>
	<term id="24">
		<trans lang="de">
			<word>haben</word>
		</trans>
		<trans lang="fr">
			<word>avoir</word>
		</trans>
		<comment languages="de-fr">ich habe
du hast
er/es/sie hat
wir haben
ihr habt
sie haben</comment>
	</term>
	<term id="25">
		<trans lang="de">
			<word>Statistik</word>
		</trans>
		<trans lang="fr">
			<word>statistiques</word>
		</trans>
	</term>
	<term id="26">
		<trans lang="de">
			<word>Literatur</word>
		</trans>
		<trans lang="fr">
			<word>littérature</word>
		</trans>
	</term>
	<term id="27">
		<trans lang="de">
			<word>nichts</word>
		</trans>
		<trans lang="fr">
			<word>rien</word>
		</trans>
	</term>
	<term id="28">
		<trans lang="de">
			<word>sprechen</word>
		</trans>
		<trans lang="fr">
			<word>parler</word>
		</trans>
		<comment languages="de-fr">ich speche
du sprichst
er/es/sie spricht
wir sprechen
ihr sprechen(?)
sie sprechen</comment>
	</term>
	<term id="29">
		<trans lang="de">
			<word>ein bisschen</word>
		</trans>
		<trans lang="fr">
			<word>un peu</word>
		</trans>
	</term>
	<term id="30">
		<trans lang="de">
			<word>Freundin(nen)</word>
		</trans>
		<trans lang="fr">
			<word>ami(e)</word>
		</trans>
	</term>
	<term id="31">
		<trans lang="de">
			<word>immer</word>
		</trans>
		<trans lang="fr">
			<word>toujours</word>
		</trans>
	</term>
	<term id="32">
		<trans lang="de">
			<word>miteinander</word>
		</trans>
		<trans lang="fr">
			<word>entre eux</word>
		</trans>
		<comment languages="de-fr">Shing Li und Midori sprechen immer Deutsch miteinander.</comment>
	</term>
	<term id="33">
		<trans lang="de">
			<word>ausländisch</word>
		</trans>
		<trans lang="fr">
			<word>étranger (adj.)</word>
		</trans>
	</term>
	<term id="34">
		<trans lang="de">
			<word>Ist heute Mittwoch?</word>
		</trans>
		<trans lang="fr">
			<word>Est-ce que c'est mercredi aujourd'hui?</word>
		</trans>
	</term>
	<term id="35">
		<trans lang="de">
			<word>Was hast du denn heute?</word>
		</trans>
		<trans lang="fr">
			<word>Qu'est-ce que tu as (quels cours) généralement aujourd'hui?</word>
		</trans>
		<comment languages="de-fr">denn: généralement,habituellement</comment>
	</term>
	<term id="37">
		<trans lang="de">
			<word>Welcher Tag ist heute?</word>
		</trans>
		<trans lang="fr">
			<word>Quel jour c'est aujourd'hui?</word>
		</trans>
	</term>
	<term id="38">
		<trans lang="de">
			<word>Wochenende</word>
		</trans>
		<trans lang="fr">
			<word>fin de semaine</word>
		</trans>
		<comment languages="de-fr">un long week-end: langes Wochenende</comment>
	</term>
	<term id="39">
		<trans lang="de">
			<word>Mond (m.)</word>
		</trans>
		<trans lang="fr">
			<word>lune (f.)</word>
		</trans>
	</term>
	<term id="40">
		<trans lang="de">
			<word>Donner (m.)</word>
		</trans>
		<trans lang="fr">
			<word>tonnerre (m.)</word>
		</trans>
		<comment languages="de-fr">Comme dans Donnerstag.</comment>
	</term>
	<term id="41">
		<trans lang="de">
			<word>Sonne (f.)</word>
		</trans>
		<trans lang="fr">
			<word>soleil (m.)</word>
		</trans>
	</term>
	<term id="42">
		<trans lang="de">
			<word>Mitte (f.)</word>
		</trans>
		<trans lang="fr">
			<word>milieu,centre (m.)</word>
		</trans>
	</term>
	<term id="43">
		<trans lang="de">
			<word>Dienst (m.)</word>
		</trans>
		<trans lang="fr">
			<word>service (m.)</word>
		</trans>
	</term>
	<term id="44">
		<trans lang="de">
			<word>leider</word>
		</trans>
		<trans lang="fr">
			<word>malheureusement,hélas!</word>
		</trans>
		<comment languages="de-fr">Sprichst du auch Spanisch?
Nein, leider nicht.</comment>
	</term>
	<term id="45">
		<trans lang="de">
			<word>Ich wünsche Ihnen ein schönes Wochenende!</word>
		</trans>
		<trans lang="fr">
			<word>Je vous souhaite un bon week-end.</word>
		</trans>
		<comment languages="de-fr">On répond habituellement: Gleichfalls!</comment>
	</term>
	<term id="46">
		<trans lang="de">
			<word>Gleichfalls!</word>
		</trans>
		<trans lang="fr">
			<word>pareillement,de même,vous aussi</word>
		</trans>
		<comment languages="de-fr">gleich: égal
falls: au cas où

Ich wünsche Ihnen ein schönes Wochenende!
Gleichfalls!</comment>
	</term>
	<term id="47">
		<trans lang="de">
			<word>wünschen</word>
		</trans>
		<trans lang="fr">
			<word>désirer,souhaiter</word>
		</trans>
	</term>
	<term id="48">
		<trans lang="de">
			<word>man</word>
		</trans>
		<trans lang="fr">
			<word>on</word>
		</trans>
		<comment languages="de-fr">Wo spricht man Spanisch? Spanisch spricht man in Spanien.
Où parle-t-on espagnol? L'espagnol se parle en Espagne.

Was spricht man in Japan? In Japan spricht man Japanisch.
Que parle-t-on au Japon? Au Japon, on parle japonais.</comment>
	</term>
</glossary>
