<?xml version="1.0"?>
<glossary id="358" name="Nationalités &amp; langues" author="Frédéric Bergeron">
	<desc></desc>
	<term id="1">
		<trans lang="de">
			<word>Franzose/Französin</word>
		</trans>
		<trans lang="fr">
			<word>Français(e)</word>
		</trans>
		<comment languages="de-fr">Französisch</comment>
	</term>
	<term id="2">
		<trans lang="de">
			<word>Frankreich</word>
		</trans>
		<trans lang="fr">
			<word>France</word>
		</trans>
	</term>
	<term id="3">
		<trans lang="de">
			<word>Engländer(in)</word>
		</trans>
		<trans lang="fr">
			<word>Anglais(e)</word>
		</trans>
		<comment languages="de-fr">Englisch</comment>
	</term>
	<term id="4">
		<trans lang="de">
			<word>Australien</word>
		</trans>
		<trans lang="fr">
			<word>Australie</word>
		</trans>
	</term>
	<term id="5">
		<trans lang="de">
			<word>Ire/Irin</word>
		</trans>
		<trans lang="fr">
			<word>Irelandais(e)</word>
		</trans>
	</term>
	<term id="6">
		<trans lang="de">
			<word>Irland</word>
		</trans>
		<trans lang="fr">
			<word>Irelande</word>
		</trans>
	</term>
	<term id="7">
		<trans lang="de">
			<word>Australier(in)</word>
		</trans>
		<trans lang="fr">
			<word>Australien(ne)</word>
		</trans>
		<comment languages="de-fr">Englisch</comment>
	</term>
	<term id="8">
		<trans lang="de">
			<word>England</word>
		</trans>
		<trans lang="fr">
			<word>Angleterre</word>
		</trans>
	</term>
	<term id="9">
		<trans lang="de">
			<word>Italien</word>
		</trans>
		<trans lang="fr">
			<word>Italie</word>
		</trans>
	</term>
	<term id="10">
		<trans lang="de">
			<word>Italiener(in)</word>
		</trans>
		<trans lang="fr">
			<word>Italien(ne)</word>
		</trans>
		<comment languages="de-fr">italienisch</comment>
	</term>
	<term id="11">
		<trans lang="de">
			<word>Spanier(in)</word>
		</trans>
		<trans lang="fr">
			<word>Espagnol(e)</word>
		</trans>
		<comment languages="de-fr">Spanisch</comment>
	</term>
	<term id="12">
		<trans lang="de">
			<word>Spanien</word>
		</trans>
		<trans lang="fr">
			<word>Espagne</word>
		</trans>
	</term>
	<term id="13">
		<trans lang="de">
			<word>Amerikaner(in)</word>
		</trans>
		<trans lang="fr">
			<word>Américain(e)</word>
		</trans>
		<comment languages="de-fr">Englisch</comment>
	</term>
	<term id="14">
		<trans lang="de">
			<word>Amerika/den Vereinigten Staaten</word>
		</trans>
		<trans lang="fr">
			<word>Amérique/des États-Unis</word>
		</trans>
		<comment languages="de-fr">Ich kome aus den Vereinigten Staaten.
Je viens des États-Unis.</comment>
	</term>
	<term id="15">
		<trans lang="de">
			<word>Portugiese/Portugiesin</word>
		</trans>
		<trans lang="fr">
			<word>Portugais(e)</word>
		</trans>
		<comment languages="de-fr">Portugiesisch</comment>
	</term>
	<term id="16">
		<trans lang="de">
			<word>Portugal</word>
		</trans>
		<trans lang="fr">
			<word>Portugal</word>
		</trans>
	</term>
	<term id="17">
		<trans lang="de">
			<word>Pole/Polin</word>
		</trans>
		<trans lang="fr">
			<word>Polonais(e)</word>
		</trans>
	</term>
	<term id="18">
		<trans lang="de">
			<word>Polen</word>
		</trans>
		<trans lang="fr">
			<word>Pologne</word>
		</trans>
	</term>
	<term id="19">
		<trans lang="de">
			<word>Belgier(in)</word>
		</trans>
		<trans lang="fr">
			<word>Belge</word>
		</trans>
	</term>
	<term id="20">
		<trans lang="de">
			<word>Belgien</word>
		</trans>
		<trans lang="fr">
			<word>Belgique</word>
		</trans>
	</term>
	<term id="21">
		<trans lang="de">
			<word>Österreicher(in)</word>
		</trans>
		<trans lang="fr">
			<word>Autrichien(ne)</word>
		</trans>
		<comment languages="de-fr">Deutsche</comment>
	</term>
	<term id="22">
		<trans lang="de">
			<word>Österreich</word>
		</trans>
		<trans lang="fr">
			<word>Autriche</word>
		</trans>
	</term>
	<term id="23">
		<trans lang="de">
			<word>Holländer(in)</word>
		</trans>
		<trans lang="fr">
			<word>Hollandais(e)</word>
		</trans>
	</term>
	<term id="24">
		<trans lang="de">
			<word>Holland</word>
		</trans>
		<trans lang="fr">
			<word>Hollande</word>
		</trans>
	</term>
	<term id="25">
		<trans lang="de">
			<word>Däne/Dänin</word>
		</trans>
		<trans lang="fr">
			<word>Danois(e)</word>
		</trans>
	</term>
	<term id="26">
		<trans lang="de">
			<word>Dänemark</word>
		</trans>
		<trans lang="fr">
			<word>Danemark</word>
		</trans>
	</term>
	<term id="27">
		<trans lang="de">
			<word>Schwede/Schwedin</word>
		</trans>
		<trans lang="fr">
			<word>Suédois(e)</word>
		</trans>
	</term>
	<term id="28">
		<trans lang="de">
			<word>Schweden</word>
		</trans>
		<trans lang="fr">
			<word>Suède</word>
		</trans>
	</term>
	<term id="29">
		<trans lang="de">
			<word>Koreaner(in)</word>
		</trans>
		<trans lang="fr">
			<word>Coréen(ne)</word>
		</trans>
		<comment languages="de-fr">Koreanisch</comment>
	</term>
	<term id="30">
		<trans lang="de">
			<word>Schweizer(in)</word>
		</trans>
		<trans lang="fr">
			<word>Suisse (un/une)</word>
		</trans>
		<comment languages="de-fr">Deutsche
Französisch
Italienisch
Rätoromanisch</comment>
	</term>
	<term id="31">
		<trans lang="de">
			<word>Chinese/Chinesin</word>
		</trans>
		<trans lang="fr">
			<word>Chinois(e)</word>
		</trans>
		<comment languages="de-fr">Chinesisch</comment>
	</term>
	<term id="32">
		<trans lang="de">
			<word>Russe/Russin</word>
		</trans>
		<trans lang="fr">
			<word>Russe (un/une)</word>
		</trans>
		<comment languages="de-fr">Russisch</comment>
	</term>
	<term id="33">
		<trans lang="de">
			<word>Norwegen</word>
			<alt>Norviguen</alt>
		</trans>
		<trans lang="fr">
			<word>Norvège</word>
		</trans>
	</term>
	<term id="34">
		<trans lang="de">
			<word>Israel</word>
			<alt>israel (on prononce le s)</alt>
		</trans>
		<trans lang="fr">
			<word>Israël</word>
		</trans>
	</term>
	<term id="35">
		<trans lang="de">
			<word>Deutscher/Deutsche</word>
		</trans>
		<trans lang="fr">
			<word>Allemand(e)</word>
		</trans>
		<comment languages="de-fr">Deutsch</comment>
	</term>
	<term id="36">
		<trans lang="de">
			<word>Kanadier(in)</word>
		</trans>
		<trans lang="fr">
			<word>Canadien(ne)</word>
		</trans>
	</term>
	<term id="37">
		<trans lang="de">
			<word>Grieche/Griechin</word>
		</trans>
		<trans lang="fr">
			<word>Grec(que)</word>
		</trans>
		<comment languages="de-fr">Griechisch</comment>
	</term>
	<term id="38">
		<trans lang="de">
			<word>Türke/Türkin</word>
		</trans>
		<trans lang="fr">
			<word>Turque</word>
		</trans>
		<comment languages="de-fr">Türkish</comment>
	</term>
</glossary>
