<?xml version="1.0"?>
<glossary id="194" name="Wie ist Ihre Adresse?" author="Frédéric Bergeron">
	<desc></desc>
	<term id="1">
		<trans lang="de">
			<word>ich wohne...</word>
		</trans>
		<trans lang="fr">
			<word>j'habite...</word>
		</trans>
	</term>
	<term id="2">
		<trans lang="de">
			<word>er wohnt...</word>
		</trans>
		<trans lang="fr">
			<word>il habite...</word>
		</trans>
	</term>
	<term id="3">
		<trans lang="de">
			<word>sie wohnt...</word>
		</trans>
		<trans lang="fr">
			<word>elle habite...</word>
		</trans>
	</term>
	<term id="4">
		<trans lang="de">
			<word>die Adresse</word>
		</trans>
		<trans lang="fr">
			<word>l'adresse</word>
		</trans>
	</term>
	<term id="5">
		<trans lang="de">
			<word>die Straße</word>
		</trans>
		<trans lang="fr">
			<word>la rue</word>
		</trans>
	</term>
	<term id="6">
		<trans lang="de">
			<word>die Allee</word>
		</trans>
		<trans lang="fr">
			<word>l'avenue</word>
		</trans>
	</term>
</glossary>
