<?xml version="1.0"?>
<glossary id="318" name="JBPII-01" author="">
	<desc></desc>
	<term id="1">
		<trans lang="en">
			<word>meet ("ni")   +</word>
		</trans>
		<trans lang="ja">
			<word>会う</word>
			<alt>au</alt>
		</trans>
	</term>
	<term id="2">
		<trans lang="en">
			<word>company   +</word>
		</trans>
		<trans lang="ja">
			<word>会社</word>
			<alt>kaisha</alt>
		</trans>
	</term>
	<term id="3">
		<trans lang="en">
			<word>come   +</word>
		</trans>
		<trans lang="ja">
			<word>来る</word>
			<alt>kuru</alt>
		</trans>
	</term>
	<term id="4">
		<trans lang="en">
			<word>next month</word>
		</trans>
		<trans lang="ja">
			<word>来月</word>
			<alt>raigetsu</alt>
		</trans>
	</term>
	<term id="5">
		<trans lang="en">
			<word>go   +</word>
		</trans>
		<trans lang="ja">
			<word>行く</word>
			<alt>iku</alt>
		</trans>
	</term>
	<term id="6">
		<trans lang="en">
			<word>inside, amongst   +</word>
		</trans>
		<trans lang="ja">
			<word>中</word>
			<alt>naka</alt>
		</trans>
	</term>
	<term id="7">
		<trans lang="en">
			<word>time; when   +</word>
		</trans>
		<trans lang="ja">
			<word>時</word>
			<alt>toki</alt>
		</trans>
	</term>
	<term id="8">
		<trans lang="en">
			<word>8 o'clock, 8.00</word>
		</trans>
		<trans lang="ja">
			<word>八時</word>
			<alt>hachiji</alt>
		</trans>
	</term>
	<term id="9">
		<trans lang="en">
			<word>book   +</word>
		</trans>
		<trans lang="ja">
			<word>本</word>
			<alt>hon</alt>
		</trans>
	</term>
	<term id="10">
		<trans lang="en">
			<word># long thin things, # sticks</word>
		</trans>
		<trans lang="ja">
			<word>~本</word>
			<alt>-hon</alt>
		</trans>
	</term>
	<term id="11">
		<trans lang="en">
			<word>Japan</word>
		</trans>
		<trans lang="ja">
			<word>日本</word>
			<alt>nihon</alt>
		</trans>
	</term>
	<term id="12">
		<trans lang="en">
			<word>Japanese (language)   +</word>
		</trans>
		<trans lang="ja">
			<word>日本語</word>
			<alt>nihongo</alt>
		</trans>
	</term>
	<term id="13">
		<trans lang="en">
			<word>this morning</word>
		</trans>
		<trans lang="ja">
			<word>けさ</word>
			<alt>kesa</alt>
		</trans>
	</term>
	<term id="14">
		<trans lang="en">
			<word>for the first time</word>
		</trans>
		<trans lang="ja">
			<word>はじめて</word>
			<alt>hajimete</alt>
		</trans>
	</term>
	<term id="15">
		<trans lang="en">
			<word>terrible, wonderful</word>
		</trans>
		<trans lang="ja">
			<word>すごい</word>
			<alt>sugoi</alt>
		</trans>
	</term>
	<term id="16">
		<trans lang="en">
			<word>direction, side</word>
		</trans>
		<trans lang="ja">
			<word>ほう</word>
			<alt>hoo</alt>
		</trans>
	</term>
	<term id="17">
		<trans lang="en">
			<word>fast, early</word>
		</trans>
		<trans lang="ja">
			<word>はやい</word>
			<alt>hayai</alt>
		</trans>
	</term>
	<term id="18">
		<trans lang="en">
			<word>Good morning.</word>
		</trans>
		<trans lang="ja">
			<word>おはよう</word>
			<alt>ohayoo</alt>
		</trans>
	</term>
	<term id="20">
		<trans lang="en">
			<word>road, street, way</word>
		</trans>
		<trans lang="ja">
			<word>みち</word>
			<alt>michi</alt>
		</trans>
	</term>
	<term id="21">
		<trans lang="en">
			<word>going (N)</word>
		</trans>
		<trans lang="ja">
			<word>行き</word>
			<alt>iki</alt>
		</trans>
	</term>
	<term id="22">
		<trans lang="en">
			<word>coming back, returning (N)</word>
		</trans>
		<trans lang="ja">
			<word>かえり</word>
			<alt>kaeri</alt>
		</trans>
	</term>
	<term id="23">
		<trans lang="en">
			<word>transportation</word>
		</trans>
		<trans lang="ja">
			<word>こうつう</word>
			<alt>kootsuu</alt>
		</trans>
	</term>
	<term id="24">
		<trans lang="en">
			<word>system</word>
		</trans>
		<trans lang="ja">
			<word>きかん</word>
			<alt>kikan</alt>
		</trans>
	</term>
	<term id="25">
		<trans lang="en">
			<word>number one, most</word>
		</trans>
		<trans lang="ja">
			<word>一ばん</word>
			<alt>ichiban</alt>
		</trans>
	</term>
	<term id="26">
		<trans lang="en">
			<word>peak</word>
		</trans>
		<trans lang="ja">
			<word>ピーク</word>
			<alt>piiku</alt>
		</trans>
	</term>
	<term id="27">
		<trans lang="en">
			<word>become empty</word>
		</trans>
		<trans lang="ja">
			<word>すく</word>
			<alt>suku</alt>
		</trans>
	</term>
	<term id="28">
		<trans lang="en">
			<word>iru   be empty</word>
		</trans>
		<trans lang="ja">
			<word>すいている</word>
			<alt>suite</alt>
		</trans>
	</term>
	<term id="29">
		<trans lang="en">
			<word>which one? (of two)</word>
		</trans>
		<trans lang="ja">
			<word>どちら</word>
			<alt>dochira</alt>
		</trans>
	</term>
	<term id="30">
		<trans lang="en">
			<word>sports</word>
		</trans>
		<trans lang="ja">
			<word>スポーツ</word>
			<alt>supootsu</alt>
		</trans>
	</term>
	<term id="31">
		<trans lang="en">
			<word>which one? (coll.)</word>
		</trans>
		<trans lang="ja">
			<word>どっち</word>
			<alt>dotchi</alt>
		</trans>
	</term>
	<term id="32">
		<trans lang="en">
			<word>fax, facsimile</word>
		</trans>
		<trans lang="ja">
			<word>ファックス</word>
			<alt>fakkusu</alt>
		</trans>
	</term>
	<term id="33">
		<trans lang="en">
			<word>tempura (Jap. dish)</word>
		</trans>
		<trans lang="ja">
			<word>てんぷら</word>
			<alt>tempura</alt>
		</trans>
	</term>
	<term id="34">
		<trans lang="en">
			<word>middle</word>
		</trans>
		<trans lang="ja">
			<word>まん中</word>
			<alt>mannaka</alt>
		</trans>
	</term>
	<term id="35">
		<trans lang="en">
			<word>one day, in a day</word>
		</trans>
		<trans lang="ja">
			<word>一日</word>
			<alt>ichinichi</alt>
		</trans>
	</term>
	<term id="36">
		<trans lang="en">
			<word>work</word>
		</trans>
		<trans lang="ja">
			<word>はたらく</word>
			<alt>hataraku</alt>
		</trans>
	</term>
	<term id="37">
		<trans lang="en">
			<word>company president</word>
		</trans>
		<trans lang="ja">
			<word>社ちょう</word>
			<alt>shachoo</alt>
		</trans>
	</term>
	<term id="38">
		<trans lang="en">
			<word>earth, globe</word>
		</trans>
		<trans lang="ja">
			<word>ちきゅう</word>
			<alt>chikyuu</alt>
		</trans>
	</term>
	<term id="39">
		<trans lang="en">
			<word>moon</word>
		</trans>
		<trans lang="ja">
			<word>月</word>
			<alt>tsuki</alt>
		</trans>
	</term>
	<term id="40">
		<trans lang="en">
			<word>wide, spacious</word>
		</trans>
		<trans lang="ja">
			<word>ひろい</word>
			<alt>hiroi</alt>
		</trans>
	</term>
	<term id="41">
		<trans lang="en">
			<word>north</word>
		</trans>
		<trans lang="ja">
			<word>きた</word>
			<alt>kita</alt>
		</trans>
	</term>
	<term id="42">
		<trans lang="en">
			<word>both</word>
		</trans>
		<trans lang="ja">
			<word>どちらも</word>
			<alt>dochiramo</alt>
		</trans>
	</term>
</glossary>
