<?xml version="1.0"?>
<glossary id="317" name="JNI-04" author="">
	<desc></desc>
	<term id="1">
		<trans lang="en">
			<word>deep-fried</word>
		</trans>
		<trans lang="ja">
			<word>フライ</word>
			<alt>furai</alt>
		</trans>
	</term>
	<term id="2">
		<trans lang="en">
			<word>Please do, Please give</word>
		</trans>
		<trans lang="ja">
			<word>おねがいします</word>
			<alt>onegaishimasu</alt>
		</trans>
	</term>
	<term id="3">
		<trans lang="en">
			<word>hamburger</word>
		</trans>
		<trans lang="ja">
			<word>ハンバーガー</word>
			<alt>hambaagaa</alt>
		</trans>
	</term>
	<term id="4">
		<trans lang="en">
			<word>Please give (to me/us)</word>
		</trans>
		<trans lang="ja">
			<word>ください</word>
			<alt>kudasai</alt>
		</trans>
	</term>
	<term id="5">
		<trans lang="en">
			<word>Please do ("V-te")</word>
		</trans>
		<trans lang="ja">
			<word>~ください</word>
			<alt>-kudasai</alt>
		</trans>
	</term>
	<term id="6">
		<trans lang="en">
			<word>I, me (informal)</word>
		</trans>
		<trans lang="ja">
			<word>ぼく</word>
			<alt>boku</alt>
		</trans>
	</term>
	<term id="7">
		<trans lang="en">
			<word>I, me (humble)</word>
		</trans>
		<trans lang="ja">
			<word>わたし</word>
			<alt>watashi</alt>
		</trans>
	</term>
	<term id="8">
		<trans lang="en">
			<word>who?</word>
		</trans>
		<trans lang="ja">
			<word>だれ</word>
			<alt>dare</alt>
		</trans>
	</term>
	<term id="9">
		<trans lang="en">
			<word>be, stay (animate beings)</word>
		</trans>
		<trans lang="ja">
			<word>いる</word>
			<alt>iru</alt>
		</trans>
	</term>
	<term id="10">
		<trans lang="en">
			<word>speak, talk</word>
		</trans>
		<trans lang="ja">
			<word>はなす</word>
			<alt>hanasu</alt>
		</trans>
	</term>
	<term id="11">
		<trans lang="en">
			<word>read</word>
		</trans>
		<trans lang="ja">
			<word>よむ</word>
			<alt>yomu</alt>
		</trans>
	</term>
	<term id="12">
		<trans lang="en">
			<word>write, draw</word>
		</trans>
		<trans lang="ja">
			<word>かく</word>
			<alt>kaku</alt>
		</trans>
	</term>
	<term id="13">
		<trans lang="en">
			<word>wake up, get up</word>
		</trans>
		<trans lang="ja">
			<word>おきる</word>
			<alt>okiru</alt>
		</trans>
	</term>
	<term id="14">
		<trans lang="en">
			<word>go to bed, go to sleep</word>
		</trans>
		<trans lang="ja">
			<word>ねる</word>
			<alt>neru</alt>
		</trans>
	</term>
	<term id="15">
		<trans lang="en">
			<word>say; be called ("S / N to")</word>
		</trans>
		<trans lang="ja">
			<word>いう</word>
			<alt>iu</alt>
		</trans>
	</term>
	<term id="16">
		<trans lang="en">
			<word>name</word>
		</trans>
		<trans lang="ja">
			<word>なまえ</word>
			<alt>namae</alt>
		</trans>
	</term>
</glossary>
