<?xml version="1.0"?>
<glossary id="310" name="JBPII-09" author="">
	<desc></desc>
	<term id="1">
		<trans lang="en">
			<word>child   +</word>
		</trans>
		<trans lang="ja">
			<word>子ども</word>
			<alt>kodomo</alt>
		</trans>
	</term>
	<term id="2">
		<trans lang="en">
			<word>now   +</word>
		</trans>
		<trans lang="ja">
			<word>今</word>
			<alt>ima</alt>
		</trans>
	</term>
	<term id="3">
		<trans lang="en">
			<word>today, these days, nowadays</word>
		</trans>
		<trans lang="ja">
			<word>今日</word>
			<alt>konnichi</alt>
		</trans>
	</term>
	<term id="4">
		<trans lang="en">
			<word>today   **</word>
		</trans>
		<trans lang="ja">
			<word>今日</word>
			<alt>kyoo</alt>
		</trans>
	</term>
	<term id="5">
		<trans lang="en">
			<word>this month</word>
		</trans>
		<trans lang="ja">
			<word>今月</word>
			<alt>kongetsu</alt>
		</trans>
	</term>
	<term id="6">
		<trans lang="en">
			<word>this year   *</word>
		</trans>
		<trans lang="ja">
			<word>今年</word>
			<alt>kotoshi</alt>
		</trans>
	</term>
	<term id="7">
		<trans lang="en">
			<word>this time, next time</word>
		</trans>
		<trans lang="ja">
			<word>今度</word>
			<alt>kondo</alt>
		</trans>
	</term>
	<term id="8">
		<trans lang="en">
			<word>prep school   +</word>
		</trans>
		<trans lang="ja">
			<word>よび校</word>
			<alt>yobikoo</alt>
		</trans>
	</term>
	<term id="9">
		<trans lang="en">
			<word>get crowded   +</word>
		</trans>
		<trans lang="ja">
			<word>込む</word>
			<alt>komu</alt>
		</trans>
	</term>
	<term id="10">
		<trans lang="en">
			<word>apply, propose   +</word>
		</trans>
		<trans lang="ja">
			<word>申し込む</word>
			<alt>mooshikomu</alt>
		</trans>
	</term>
	<term id="11">
		<trans lang="en">
			<word>university   +</word>
		</trans>
		<trans lang="ja">
			<word>大学</word>
			<alt>daigaku</alt>
		</trans>
	</term>
	<term id="12">
		<trans lang="en">
			<word>matriculation, entering school</word>
		</trans>
		<trans lang="ja">
			<word>入学 [する]</word>
			<alt>nyuugaku</alt>
		</trans>
	</term>
	<term id="13">
		<trans lang="en">
			<word>entrance fee (at school)</word>
		</trans>
		<trans lang="ja">
			<word>入学金</word>
			<alt>nyuugakukin</alt>
		</trans>
	</term>
	<term id="14">
		<trans lang="en">
			<word>school</word>
		</trans>
		<trans lang="ja">
			<word>学校</word>
			<alt>gakkoo</alt>
		</trans>
	</term>
	<term id="15">
		<trans lang="en">
			<word>I'm sorry., Excuse me.</word>
		</trans>
		<trans lang="ja">
			<word>ごめんなさい</word>
			<alt>gomennasai</alt>
		</trans>
	</term>
	<term id="16">
		<trans lang="en">
			<word>success, passing (an exam)</word>
		</trans>
		<trans lang="ja">
			<word>ごうかく [する]</word>
			<alt>gookaku</alt>
		</trans>
	</term>
	<term id="17">
		<trans lang="en">
			<word>receive; take (an exam)</word>
		</trans>
		<trans lang="ja">
			<word>うける</word>
			<alt>ukeru</alt>
		</trans>
	</term>
	<term id="19">
		<trans lang="en">
			<word>rasshai    So long. (to s.o. leaving)</word>
		</trans>
		<trans lang="ja">
			<word>いってらっしゃい</word>
			<alt>itte</alt>
		</trans>
	</term>
	<term id="20">
		<trans lang="en">
			<word>fraction, part; share</word>
		</trans>
		<trans lang="ja">
			<word>~分</word>
			<alt>-bun</alt>
		</trans>
	</term>
	<term id="21">
		<trans lang="en">
			<word>fee, charge (for ...)</word>
		</trans>
		<trans lang="ja">
			<word>~りょう</word>
			<alt>-ryoo</alt>
		</trans>
	</term>
	<term id="22">
		<trans lang="en">
			<word>tuition fee</word>
		</trans>
		<trans lang="ja">
			<word>じゅぎょうりょう</word>
			<alt>jugyooryoo</alt>
		</trans>
	</term>
	<term id="23">
		<trans lang="en">
			<word>summer course</word>
		</trans>
		<trans lang="ja">
			<word>サマーコース</word>
			<alt>samaakoosu</alt>
		</trans>
	</term>
	<term id="24">
		<trans lang="en">
			<word>mail</word>
		</trans>
		<trans lang="ja">
			<word>ゆうびん</word>
			<alt>yuubin</alt>
		</trans>
	</term>
	<term id="25">
		<trans lang="en">
			<word>payment</word>
		</trans>
		<trans lang="ja">
			<word>支はらい</word>
			<alt>shiharai</alt>
		</trans>
	</term>
	<term id="26">
		<trans lang="en">
			<word>especially, on purpose</word>
		</trans>
		<trans lang="ja">
			<word>わざわざ</word>
			<alt>wazawaza</alt>
		</trans>
	</term>
	<term id="27">
		<trans lang="en">
			<word>transfer (money)</word>
		</trans>
		<trans lang="ja">
			<word>ふり込む</word>
			<alt>furikomu</alt>
		</trans>
	</term>
	<term id="28">
		<trans lang="en">
			<word>registered mail</word>
		</trans>
		<trans lang="ja">
			<word>かきとめ</word>
			<alt>kakitome</alt>
		</trans>
	</term>
	<term id="29">
		<trans lang="en">
			<word>change, become different</word>
		</trans>
		<trans lang="ja">
			<word>かわる</word>
			<alt>kawaru</alt>
		</trans>
	</term>
	<term id="30">
		<trans lang="en">
			<word>need, require</word>
		</trans>
		<trans lang="ja">
			<word>いる</word>
			<alt>iru</alt>
		</trans>
	</term>
	<term id="31">
		<trans lang="en">
			<word>visa</word>
		</trans>
		<trans lang="ja">
			<word>ビザ</word>
			<alt>biza</alt>
		</trans>
	</term>
	<term id="32">
		<trans lang="en">
			<word>withdraw (money)</word>
		</trans>
		<trans lang="ja">
			<word>おろす</word>
			<alt>orosu</alt>
		</trans>
	</term>
	<term id="33">
		<trans lang="en">
			<word>passport</word>
		</trans>
		<trans lang="ja">
			<word>パスポート</word>
			<alt>pasupooto</alt>
		</trans>
	</term>
	<term id="34">
		<trans lang="en">
			<word>be late (for: "ni")</word>
		</trans>
		<trans lang="ja">
			<word>おくれる</word>
			<alt>okureru</alt>
		</trans>
	</term>
	<term id="35">
		<trans lang="en">
			<word>rubbish</word>
		</trans>
		<trans lang="ja">
			<word>ごみ</word>
			<alt>gomi</alt>
		</trans>
	</term>
	<term id="36">
		<trans lang="en">
			<word>throw away</word>
		</trans>
		<trans lang="ja">
			<word>すてる</word>
			<alt>suteru</alt>
		</trans>
	</term>
	<term id="37">
		<trans lang="en">
			<word>air conditioner</word>
		</trans>
		<trans lang="ja">
			<word>クーラー</word>
			<alt>kuuraa</alt>
		</trans>
	</term>
	<term id="38">
		<trans lang="en">
			<word>seal, stamp</word>
		</trans>
		<trans lang="ja">
			<word>はんこ</word>
			<alt>hanko</alt>
		</trans>
	</term>
	<term id="39">
		<trans lang="en">
			<word>signature, sign (s.th.)</word>
		</trans>
		<trans lang="ja">
			<word>サイン [する]</word>
			<alt>sain</alt>
		</trans>
	</term>
	<term id="40">
		<trans lang="en">
			<word>pencil</word>
		</trans>
		<trans lang="ja">
			<word>えんぴつ</word>
			<alt>empitsu</alt>
		</trans>
	</term>
	<term id="41">
		<trans lang="en">
			<word>card (credit, greeting, ...)</word>
		</trans>
		<trans lang="ja">
			<word>カード</word>
			<alt>kaado</alt>
		</trans>
	</term>
	<term id="42">
		<trans lang="en">
			<word>not good</word>
		</trans>
		<trans lang="ja">
			<word>だめ [な]</word>
			<alt>dame</alt>
		</trans>
	</term>
	<term id="43">
		<trans lang="en">
			<word>patience, endurance, endure</word>
		</trans>
		<trans lang="ja">
			<word>がまん [する]</word>
			<alt>gaman</alt>
		</trans>
	</term>
	<term id="44">
		<trans lang="en">
			<word>I'm back.</word>
		</trans>
		<trans lang="ja">
			<word>ただいま</word>
			<alt>tadaima</alt>
		</trans>
	</term>
	<term id="45">
		<trans lang="en">
			<word>nasai    Welcome home.</word>
		</trans>
		<trans lang="ja">
			<word>おかえりなさい</word>
			<alt>okaeri</alt>
		</trans>
	</term>
	<term id="46">
		<trans lang="en">
			<word>hand over, put across</word>
		</trans>
		<trans lang="ja">
			<word>わたす</word>
			<alt>watasu</alt>
		</trans>
	</term>
</glossary>
