<?xml version="1.0"?>
<glossary id="307" name="JBPI-10" author="">
	<desc></desc>
	<term id="1">
		<trans lang="en">
			<word>weekend</word>
		</trans>
		<trans lang="ja">
			<word>しゅうまつ</word>
			<alt>shuumatsu</alt>
		</trans>
	</term>
	<term id="2">
		<trans lang="en">
			<word>do</word>
		</trans>
		<trans lang="ja">
			<word>する</word>
			<alt>suru</alt>
		</trans>
	</term>
	<term id="3">
		<trans lang="en">
			<word>Kabuki (Jap. form of theatre)</word>
		</trans>
		<trans lang="ja">
			<word>かぶき</word>
			<alt>kabuki</alt>
		</trans>
	</term>
	<term id="4">
		<trans lang="en">
			<word>see, watch, look</word>
		</trans>
		<trans lang="ja">
			<word>みる</word>
			<alt>miru</alt>
		</trans>
	</term>
	<term id="5">
		<trans lang="en">
			<word>good</word>
		</trans>
		<trans lang="ja">
			<word>いい</word>
			<alt>ii</alt>
		</trans>
	</term>
	<term id="6">
		<trans lang="en">
			<word>already, yet; more (another)</word>
		</trans>
		<trans lang="ja">
			<word>もう</word>
			<alt>moo</alt>
		</trans>
	</term>
	<term id="7">
		<trans lang="en">
			<word>buy</word>
		</trans>
		<trans lang="ja">
			<word>かう</word>
			<alt>kau</alt>
		</trans>
	</term>
	<term id="8">
		<trans lang="en">
			<word>shopping</word>
		</trans>
		<trans lang="ja">
			<word>かいもの [する]</word>
			<alt>kaimono</alt>
		</trans>
	</term>
	<term id="9">
		<trans lang="en">
			<word>theater booking agency</word>
		</trans>
		<trans lang="ja">
			<word>プレイガイド</word>
			<alt>pureigaido</alt>
		</trans>
	</term>
	<term id="10">
		<trans lang="en">
			<word>morning</word>
		</trans>
		<trans lang="ja">
			<word>あさ</word>
			<alt>asa</alt>
		</trans>
	</term>
	<term id="11">
		<trans lang="en">
			<word>meal, cooked rice</word>
		</trans>
		<trans lang="ja">
			<word>ごはん</word>
			<alt>gohan</alt>
		</trans>
	</term>
	<term id="12">
		<trans lang="en">
			<word>breakfast</word>
		</trans>
		<trans lang="ja">
			<word>あさごはん</word>
			<alt>asagohan</alt>
		</trans>
	</term>
	<term id="13">
		<trans lang="en">
			<word>lunch</word>
		</trans>
		<trans lang="ja">
			<word>ひるごはん</word>
			<alt>hirugohan</alt>
		</trans>
	</term>
	<term id="14">
		<trans lang="en">
			<word>evening</word>
		</trans>
		<trans lang="ja">
			<word>ばん</word>
			<alt>ban</alt>
		</trans>
	</term>
	<term id="15">
		<trans lang="en">
			<word>dinner</word>
		</trans>
		<trans lang="ja">
			<word>ばんごはん</word>
			<alt>bangohan</alt>
		</trans>
	</term>
	<term id="16">
		<trans lang="en">
			<word>every</word>
		</trans>
		<trans lang="ja">
			<word>まい~</word>
			<alt>mai-</alt>
		</trans>
	</term>
	<term id="17">
		<trans lang="en">
			<word>every day</word>
		</trans>
		<trans lang="ja">
			<word>まい日</word>
			<alt>mainichi</alt>
		</trans>
	</term>
	<term id="18">
		<trans lang="en">
			<word>every morning</word>
		</trans>
		<trans lang="ja">
			<word>まいあさ</word>
			<alt>maiasa</alt>
		</trans>
	</term>
	<term id="19">
		<trans lang="en">
			<word>every evening</word>
		</trans>
		<trans lang="ja">
			<word>まいばん</word>
			<alt>maiban</alt>
		</trans>
	</term>
	<term id="20">
		<trans lang="en">
			<word>every week</word>
		</trans>
		<trans lang="ja">
			<word>まいしゅう</word>
			<alt>maishuu</alt>
		</trans>
	</term>
	<term id="21">
		<trans lang="en">
			<word>studying, study</word>
		</trans>
		<trans lang="ja">
			<word>べんきょう [する]</word>
			<alt>benkyoo</alt>
		</trans>
	</term>
	<term id="22">
		<trans lang="en">
			<word>restaurant</word>
		</trans>
		<trans lang="ja">
			<word>レストラン</word>
			<alt>resutoran</alt>
		</trans>
	</term>
	<term id="23">
		<trans lang="en">
			<word>eat</word>
		</trans>
		<trans lang="ja">
			<word>たべる</word>
			<alt>taberu</alt>
		</trans>
	</term>
	<term id="24">
		<trans lang="en">
			<word>picture</word>
		</trans>
		<trans lang="ja">
			<word>え</word>
			<alt>e</alt>
		</trans>
	</term>
	<term id="25">
		<trans lang="en">
			<word>listen, hear</word>
		</trans>
		<trans lang="ja">
			<word>きく</word>
			<alt>kiku</alt>
		</trans>
	</term>
	<term id="26">
		<trans lang="en">
			<word>news</word>
		</trans>
		<trans lang="ja">
			<word>ニュース</word>
			<alt>nyuusu</alt>
		</trans>
	</term>
	<term id="27">
		<trans lang="en">
			<word>music</word>
		</trans>
		<trans lang="ja">
			<word>おんがく</word>
			<alt>ongaku</alt>
		</trans>
	</term>
	<term id="28">
		<trans lang="en">
			<word>record</word>
		</trans>
		<trans lang="ja">
			<word>レコード</word>
			<alt>rekoodo</alt>
		</trans>
	</term>
	<term id="29">
		<trans lang="en">
			<word>CD, compact disc</word>
		</trans>
		<trans lang="ja">
			<word>シーディー</word>
			<alt>shiidii</alt>
		</trans>
	</term>
	<term id="30">
		<trans lang="en">
			<word>sandwich</word>
		</trans>
		<trans lang="ja">
			<word>サンドイッチ</word>
			<alt>sandoitchi</alt>
		</trans>
	</term>
	<term id="31">
		<trans lang="en">
			<word>salad</word>
		</trans>
		<trans lang="ja">
			<word>サラダ</word>
			<alt>sarada</alt>
		</trans>
	</term>
	<term id="32">
		<trans lang="en">
			<word>tea, green tea</word>
		</trans>
		<trans lang="ja">
			<word>おちゃ</word>
			<alt>ocha</alt>
		</trans>
	</term>
	<term id="33">
		<trans lang="en">
			<word>rice wine, alcohol</word>
		</trans>
		<trans lang="ja">
			<word>おさけ</word>
			<alt>osake</alt>
		</trans>
	</term>
	<term id="34">
		<trans lang="en">
			<word>soup</word>
		</trans>
		<trans lang="ja">
			<word>スープ</word>
			<alt>suupu</alt>
		</trans>
	</term>
	<term id="35">
		<trans lang="en">
			<word>magazine</word>
		</trans>
		<trans lang="ja">
			<word>ざっし</word>
			<alt>zasshi</alt>
		</trans>
	</term>
	<term id="36">
		<trans lang="en">
			<word>map</word>
		</trans>
		<trans lang="ja">
			<word>ちず</word>
			<alt>chizu</alt>
		</trans>
	</term>
	<term id="37">
		<trans lang="en">
			<word>read</word>
		</trans>
		<trans lang="ja">
			<word>よむ</word>
			<alt>yomu</alt>
		</trans>
	</term>
	<term id="38">
		<trans lang="en">
			<word>letter</word>
		</trans>
		<trans lang="ja">
			<word>てがみ</word>
			<alt>tegami</alt>
		</trans>
	</term>
	<term id="39">
		<trans lang="en">
			<word>tennis</word>
		</trans>
		<trans lang="ja">
			<word>テニス</word>
			<alt>tenisu</alt>
		</trans>
	</term>
	<term id="40">
		<trans lang="en">
			<word>this evening</word>
		</trans>
		<trans lang="ja">
			<word>こんばん</word>
			<alt>komban</alt>
		</trans>
	</term>
	<term id="41">
		<trans lang="en">
			<word>coffee shop</word>
		</trans>
		<trans lang="ja">
			<word>きっさてん</word>
			<alt>kissaten</alt>
		</trans>
	</term>
	<term id="42">
		<trans lang="en">
			<word>coffee</word>
		</trans>
		<trans lang="ja">
			<word>コーヒー</word>
			<alt>koohii</alt>
		</trans>
	</term>
	<term id="43">
		<trans lang="en">
			<word>drink</word>
		</trans>
		<trans lang="ja">
			<word>のむ</word>
			<alt>nomu</alt>
		</trans>
	</term>
	<term id="44">
		<trans lang="en">
			<word>black tea</word>
		</trans>
		<trans lang="ja">
			<word>こうちゃ</word>
			<alt>koocha</alt>
		</trans>
	</term>
	<term id="45">
		<trans lang="en">
			<word>milk</word>
		</trans>
		<trans lang="ja">
			<word>ミルク</word>
			<alt>miruku</alt>
		</trans>
	</term>
	<term id="46">
		<trans lang="en">
			<word>juice</word>
		</trans>
		<trans lang="ja">
			<word>ジュース</word>
			<alt>juusu</alt>
		</trans>
	</term>
	<term id="47">
		<trans lang="en">
			<word>shoes</word>
		</trans>
		<trans lang="ja">
			<word>くつ</word>
			<alt>kutsu</alt>
		</trans>
	</term>
	<term id="48">
		<trans lang="en">
			<word>family, my family</word>
		</trans>
		<trans lang="ja">
			<word>かぞく</word>
			<alt>kazoku</alt>
		</trans>
	</term>
</glossary>
