<?xml version="1.0"?>
<glossary id="332" name="JCS2-20" author="">
	<desc></desc>
	<term id="1">
		<trans lang="en">
			<word>make   +</word>
		</trans>
		<trans lang="ja">
			<word>作る</word>
			<alt>tsukuru</alt>
		</trans>
	</term>
	<term id="2">
		<trans lang="en">
			<word>composition, essay</word>
		</trans>
		<trans lang="ja">
			<word>作文</word>
			<alt>sakubun</alt>
		</trans>
	</term>
	<term id="3">
		<trans lang="en">
			<word>open (s.th.)   +</word>
		</trans>
		<trans lang="ja">
			<word>開ける</word>
			<alt>akeru</alt>
		</trans>
	</term>
	<term id="4">
		<trans lang="en">
			<word>centre, middle   +</word>
		</trans>
		<trans lang="ja">
			<word>真ん中</word>
			<alt>mannaka</alt>
		</trans>
	</term>
	<term id="5">
		<trans lang="en">
			<word>photo, photograph   +</word>
		</trans>
		<trans lang="ja">
			<word>写真 [をとる]</word>
			<alt>shashin</alt>
		</trans>
	</term>
	<term id="6">
		<trans lang="en">
			<word>cooking, cook   ++</word>
		</trans>
		<trans lang="ja">
			<word>料理 [する]</word>
			<alt>ryoori</alt>
		</trans>
	</term>
	<term id="7">
		<trans lang="en">
			<word>strong, powerful   +</word>
		</trans>
		<trans lang="ja">
			<word>強い</word>
			<alt>tsuyoi</alt>
		</trans>
	</term>
	<term id="8">
		<trans lang="en">
			<word>studying, study   +</word>
		</trans>
		<trans lang="ja">
			<word>勉強 [する]</word>
			<alt>benkyoo</alt>
		</trans>
	</term>
	<term id="9">
		<trans lang="en">
			<word>underground, subway   +</word>
		</trans>
		<trans lang="ja">
			<word>地下てつ</word>
			<alt>chikatetsu</alt>
		</trans>
	</term>
	<term id="10">
		<trans lang="en">
			<word>map</word>
		</trans>
		<trans lang="ja">
			<word>地図</word>
			<alt>chizu</alt>
		</trans>
	</term>
	<term id="11">
		<trans lang="en">
			<word>do for (not: me/ us, "V-te")</word>
		</trans>
		<trans lang="ja">
			<word>~あげる</word>
			<alt>-ageru</alt>
		</trans>
	</term>
	<term id="12">
		<trans lang="en">
			<word>do for (me/ us, "V-te")</word>
		</trans>
		<trans lang="ja">
			<word>~くれる</word>
			<alt>-kureru</alt>
		</trans>
	</term>
	<term id="13">
		<trans lang="en">
			<word>do for (me/ us, "V-te", humble)</word>
		</trans>
		<trans lang="ja">
			<word>~くださる</word>
			<alt>-kudasaru</alt>
		</trans>
	</term>
	<term id="14">
		<trans lang="en">
			<word>have done ("N ni V-te")</word>
		</trans>
		<trans lang="ja">
			<word>~もらう</word>
			<alt>-morau</alt>
		</trans>
	</term>
	<term id="15">
		<trans lang="en">
			<word>have done ("N ni V-te", humble)</word>
		</trans>
		<trans lang="ja">
			<word>~いただく</word>
			<alt>-itadaku</alt>
		</trans>
	</term>
	<term id="16">
		<trans lang="en">
			<word>for, in order to, owing to ("N no")</word>
		</trans>
		<trans lang="ja">
			<word>~ために</word>
			<alt>-tameni</alt>
		</trans>
	</term>
	<term id="17">
		<trans lang="en">
			<word>introduction, introduce</word>
		</trans>
		<trans lang="ja">
			<word>しょうかい [する]</word>
			<alt>shookai</alt>
		</trans>
	</term>
	<term id="18">
		<trans lang="en">
			<word>knit</word>
		</trans>
		<trans lang="ja">
			<word>あむ</word>
			<alt>amu</alt>
		</trans>
	</term>
	<term id="19">
		<trans lang="en">
			<word>repair, fix; correct</word>
		</trans>
		<trans lang="ja">
			<word>なおす</word>
			<alt>naosu</alt>
		</trans>
	</term>
	<term id="20">
		<trans lang="en">
			<word>help, lend a hand</word>
		</trans>
		<trans lang="ja">
			<word>手つだう</word>
			<alt>tetsudau</alt>
		</trans>
	</term>
	<term id="21">
		<trans lang="en">
			<word>guidance, guide, show</word>
		</trans>
		<trans lang="ja">
			<word>あんない [する]</word>
			<alt>annai</alt>
		</trans>
	</term>
	<term id="22">
		<trans lang="en">
			<word>send; see off, escort</word>
		</trans>
		<trans lang="ja">
			<word>おくる</word>
			<alt>okuru</alt>
		</trans>
	</term>
	<term id="23">
		<trans lang="en">
			<word>place on, put on, give a ride</word>
		</trans>
		<trans lang="ja">
			<word>のせる</word>
			<alt>noseru</alt>
		</trans>
	</term>
	<term id="24">
		<trans lang="en">
			<word>take (s.o.) along, lead ("N wo")</word>
		</trans>
		<trans lang="ja">
			<word>つれて行く</word>
			<alt>tsureteiku</alt>
		</trans>
	</term>
	<term id="25">
		<trans lang="en">
			<word>put (s.o.) up, accommodate</word>
		</trans>
		<trans lang="ja">
			<word>とめる</word>
			<alt>tomeru</alt>
		</trans>
	</term>
	<term id="26">
		<trans lang="en">
			<word>roommate</word>
		</trans>
		<trans lang="ja">
			<word>ルームメート</word>
			<alt>ruumumeeto</alt>
		</trans>
	</term>
	<term id="27">
		<trans lang="en">
			<word>tidy up</word>
		</trans>
		<trans lang="ja">
			<word>かたづける</word>
			<alt>katazukeru</alt>
		</trans>
	</term>
	<term id="28">
		<trans lang="en">
			<word>plan</word>
		</trans>
		<trans lang="ja">
			<word>計画 [する]</word>
			<alt>keikaku</alt>
		</trans>
	</term>
	<term id="29">
		<trans lang="en">
			<word>entertainment, treat</word>
		</trans>
		<trans lang="ja">
			<word>ごちそう [する]</word>
			<alt>gochisoo</alt>
		</trans>
	</term>
	<term id="30">
		<trans lang="en">
			<word>baggage, luggage</word>
		</trans>
		<trans lang="ja">
			<word>に物</word>
			<alt>nimotsu</alt>
		</trans>
	</term>
	<term id="31">
		<trans lang="en">
			<word>carry</word>
		</trans>
		<trans lang="ja">
			<word>運ぶ</word>
			<alt>hakobu</alt>
		</trans>
	</term>
	<term id="32">
		<trans lang="en">
			<word>shutter</word>
		</trans>
		<trans lang="ja">
			<word>シャッター</word>
			<alt>shattaa</alt>
		</trans>
	</term>
	<term id="33">
		<trans lang="en">
			<word>custom, habit</word>
		</trans>
		<trans lang="ja">
			<word>習かん</word>
			<alt>shuukan</alt>
		</trans>
	</term>
	<term id="34">
		<trans lang="en">
			<word>explanation, explain</word>
		</trans>
		<trans lang="ja">
			<word>せつ明 [する]</word>
			<alt>setsumei</alt>
		</trans>
	</term>
	<term id="35">
		<trans lang="en">
			<word>aru    make a request, ask a favour</word>
		</trans>
		<trans lang="ja">
			<word>おねがいがある</word>
			<alt>onegaiga</alt>
		</trans>
	</term>
	<term id="36">
		<trans lang="en">
			<word>machine</word>
		</trans>
		<trans lang="ja">
			<word>きかい</word>
			<alt>kikai</alt>
		</trans>
	</term>
	<term id="37">
		<trans lang="en">
			<word>(letter of) recommendation</word>
		</trans>
		<trans lang="ja">
			<word>すいせんじょう</word>
			<alt>suisenjoo</alt>
		</trans>
	</term>
</glossary>
