<?xml version="1.0"?>
<glossary id="257" name="42" author="Frédéric Bergeron">
	<desc></desc>
	<term id="1" imagePath="1.gif">
		<trans lang="en">
			<word>sampling food</word>
		</trans>
		<trans lang="ja">
			<word>試食(する)</word>
			<alt>ししょく(する)</alt>
		</trans>
		<comment languages="en-ja">チーズを試食する。
He tastes the cheese.</comment>
	</term>
	<term id="2">
		<trans lang="en">
			<word>to pile up,to stack</word>
		</trans>
		<trans lang="ja">
			<word>積む</word>
			<alt>つむ</alt>
		</trans>
	</term>
	<term id="3" imagePath="3.gif">
		<trans lang="en">
			<word>pencil</word>
		</trans>
		<trans lang="ja">
			<word>鉛筆</word>
			<alt>えんぴつ</alt>
		</trans>
	</term>
	<term id="4">
		<trans lang="en">
			<word>salt</word>
		</trans>
		<trans lang="ja">
			<word>塩</word>
			<alt>しお</alt>
		</trans>
	</term>
	<term id="5" imagePath="5.gif">
		<trans lang="en">
			<word>wonder,miracle,strange,mystery,marvel,curiosity</word>
		</trans>
		<trans lang="ja">
			<word>不思議</word>
			<alt>ふしぎ</alt>
		</trans>
	</term>
	<term id="6">
		<trans lang="en">
			<word>chairman</word>
		</trans>
		<trans lang="ja">
			<word>議長</word>
			<alt>ぎちょう</alt>
		</trans>
	</term>
	<term id="7" imagePath="7.gif">
		<trans lang="en">
			<word>stroke order</word>
		</trans>
		<trans lang="ja">
			<word>筆順</word>
			<alt>ひつじゅん</alt>
		</trans>
		<comment languages="en-ja">正しい筆順で書く。
He writes the strokes in the right order.</comment>
	</term>
	<term id="8" imagePath="8.gif">
		<trans lang="en">
			<word>insufficiency,shortage,deficiency,lack</word>
		</trans>
		<trans lang="ja">
			<word>不足</word>
			<alt>ふそく</alt>
		</trans>
	</term>
	<term id="9">
		<trans lang="en">
			<word>to compensate for</word>
		</trans>
		<trans lang="ja">
			<word>補う</word>
			<alt>おぎなう</alt>
		</trans>
	</term>
	<term id="10">
		<trans lang="en">
			<word>to pile up,to make a heap,to lay bricks</word>
		</trans>
		<trans lang="ja">
			<word>積み上げる</word>
			<alt>つみあげる</alt>
		</trans>
	</term>
	<term id="11">
		<trans lang="en">
			<word>proceedings</word>
		</trans>
		<trans lang="ja">
			<word>議事</word>
			<alt>ぎじ</alt>
		</trans>
		<comment languages="en-ja">全ての議事が終わった。
All the proceedings are over.</comment>
	</term>
	<term id="12">
		<trans lang="en">
			<word>saltiness</word>
		</trans>
		<trans lang="ja">
			<word>塩気</word>
			<alt>しおけ</alt>
		</trans>
	</term>
</glossary>
