<?xml version="1.0"?>
<glossary id="314" name="JBPII-05" author="">
	<desc></desc>
	<term id="1">
		<trans lang="en">
			<word>lesson, section, department   +</word>
		</trans>
		<trans lang="ja">
			<word>課</word>
			<alt>ka</alt>
		</trans>
	</term>
	<term id="2">
		<trans lang="en">
			<word>lesson 1, section 1   *</word>
		</trans>
		<trans lang="ja">
			<word>だい一課</word>
			<alt>daiikka</alt>
		</trans>
	</term>
	<term id="3">
		<trans lang="en">
			<word>old   +</word>
		</trans>
		<trans lang="ja">
			<word>古い</word>
			<alt>furui</alt>
		</trans>
	</term>
	<term id="4">
		<trans lang="en">
			<word>new, fresh   +</word>
		</trans>
		<trans lang="ja">
			<word>新しい</word>
			<alt>atarashii</alt>
		</trans>
	</term>
	<term id="5">
		<trans lang="en">
			<word>cheap   +</word>
		</trans>
		<trans lang="ja">
			<word>安い</word>
			<alt>yasui</alt>
		</trans>
	</term>
	<term id="6">
		<trans lang="en">
			<word>part, department; # copies   +</word>
		</trans>
		<trans lang="ja">
			<word>部</word>
			<alt>bu</alt>
		</trans>
	</term>
	<term id="7">
		<trans lang="en">
			<word>word processor</word>
		</trans>
		<trans lang="ja">
			<word>ワープロ</word>
			<alt>waapuro</alt>
		</trans>
	</term>
	<term id="8">
		<trans lang="en">
			<word>hito  salesperson</word>
		</trans>
		<trans lang="ja">
			<word>セールスの人</word>
			<alt>seerusuno</alt>
		</trans>
	</term>
	<term id="9">
		<trans lang="en">
			<word>give, do (to/for me or us)</word>
		</trans>
		<trans lang="ja">
			<word>くれる</word>
			<alt>kureru</alt>
		</trans>
	</term>
	<term id="10">
		<trans lang="en">
			<word>our</word>
		</trans>
		<trans lang="ja">
			<word>うちの</word>
			<alt>uchino</alt>
		</trans>
	</term>
	<term id="11">
		<trans lang="en">
			<word>change</word>
		</trans>
		<trans lang="ja">
			<word>かえる</word>
			<alt>kaeru</alt>
		</trans>
	</term>
	<term id="12">
		<trans lang="en">
			<word>decide on</word>
		</trans>
		<trans lang="ja">
			<word>~にする</word>
			<alt>-ni suru</alt>
		</trans>
	</term>
	<term id="13">
		<trans lang="en">
			<word>become ("N ni, Adj-ku")</word>
		</trans>
		<trans lang="ja">
			<word>なる</word>
			<alt>naru</alt>
		</trans>
	</term>
	<term id="14">
		<trans lang="en">
			<word>decide, fix</word>
		</trans>
		<trans lang="ja">
			<word>きめる</word>
			<alt>kimeru</alt>
		</trans>
	</term>
	<term id="15">
		<trans lang="en">
			<word>By the way</word>
		</trans>
		<trans lang="ja">
			<word>とこれで</word>
			<alt>tokorode</alt>
		</trans>
	</term>
	<term id="16">
		<trans lang="en">
			<word>system</word>
		</trans>
		<trans lang="ja">
			<word>システム</word>
			<alt>shisutemu</alt>
		</trans>
	</term>
	<term id="17">
		<trans lang="en">
			<word>systems department</word>
		</trans>
		<trans lang="ja">
			<word>システム部</word>
			<alt>shisutemubu</alt>
		</trans>
	</term>
	<term id="18">
		<trans lang="en">
			<word>unsavoury, awkward</word>
		</trans>
		<trans lang="ja">
			<word>まずい</word>
			<alt>mazui</alt>
		</trans>
	</term>
	<term id="19">
		<trans lang="en">
			<word>to begin with, first of all</word>
		</trans>
		<trans lang="ja">
			<word>まず</word>
			<alt>mazu</alt>
		</trans>
	</term>
	<term id="20">
		<trans lang="en">
			<word>way of doing, how to</word>
		</trans>
		<trans lang="ja">
			<word>~かた</word>
			<alt>-kata</alt>
		</trans>
	</term>
	<term id="21">
		<trans lang="en">
			<word>way of using</word>
		</trans>
		<trans lang="ja">
			<word>つかいかた</word>
			<alt>tsukaikata</alt>
		</trans>
	</term>
	<term id="22">
		<trans lang="en">
			<word>simple, easy</word>
		</trans>
		<trans lang="ja">
			<word>かんたん [な]</word>
			<alt>kantan</alt>
		</trans>
	</term>
	<term id="23">
		<trans lang="en">
			<word>screen</word>
		</trans>
		<trans lang="ja">
			<word>がめん</word>
			<alt>gamen</alt>
		</trans>
	</term>
	<term id="24">
		<trans lang="en">
			<word>I (informal)</word>
		</trans>
		<trans lang="ja">
			<word>ぼく</word>
			<alt>boku</alt>
		</trans>
	</term>
	<term id="25">
		<trans lang="en">
			<word>like this, such</word>
		</trans>
		<trans lang="ja">
			<word>こんな</word>
			<alt>konna</alt>
		</trans>
	</term>
	<term id="26">
		<trans lang="en">
			<word>want, be desirable ("ga")</word>
		</trans>
		<trans lang="ja">
			<word>ほしい</word>
			<alt>hoshii</alt>
		</trans>
	</term>
	<term id="27">
		<trans lang="en">
			<word>winter</word>
		</trans>
		<trans lang="ja">
			<word>ふゆ</word>
			<alt>fuyu</alt>
		</trans>
	</term>
	<term id="28">
		<trans lang="en">
			<word>winter clothes</word>
		</trans>
		<trans lang="ja">
			<word>ふゆもの</word>
			<alt>fuyumono</alt>
		</trans>
	</term>
	<term id="29">
		<trans lang="en">
			<word>coat</word>
		</trans>
		<trans lang="ja">
			<word>コート</word>
			<alt>kooto</alt>
		</trans>
	</term>
	<term id="30">
		<trans lang="en">
			<word>strong</word>
		</trans>
		<trans lang="ja">
			<word>つよい</word>
			<alt>tsuyoi</alt>
		</trans>
	</term>
	<term id="31">
		<trans lang="en">
			<word>dirty</word>
		</trans>
		<trans lang="ja">
			<word>きたない</word>
			<alt>kitanai</alt>
		</trans>
	</term>
	<term id="32">
		<trans lang="en">
			<word>cleaning, clean</word>
		</trans>
		<trans lang="ja">
			<word>そうじ [する]</word>
			<alt>sooji</alt>
		</trans>
	</term>
	<term id="33">
		<trans lang="en">
			<word>warm</word>
		</trans>
		<trans lang="ja">
			<word>あたたかい</word>
			<alt>atatakai</alt>
		</trans>
	</term>
	<term id="34">
		<trans lang="en">
			<word>wind, breeze; a cold, flu</word>
		</trans>
		<trans lang="ja">
			<word>かぜ</word>
			<alt>kaze</alt>
		</trans>
	</term>
	<term id="35">
		<trans lang="en">
			<word>draw, pull; look up in</word>
		</trans>
		<trans lang="ja">
			<word>ひく</word>
			<alt>hiku</alt>
		</trans>
	</term>
	<term id="36">
		<trans lang="en">
			<word>hiku catch cold</word>
		</trans>
		<trans lang="ja">
			<word>かぜをひく</word>
			<alt>kazewo</alt>
		</trans>
	</term>
	<term id="37">
		<trans lang="en">
			<word>pianist</word>
		</trans>
		<trans lang="ja">
			<word>ピアニスト</word>
			<alt>pianisuto</alt>
		</trans>
	</term>
	<term id="38">
		<trans lang="en">
			<word>astronaut</word>
		</trans>
		<trans lang="ja">
			<word>うちゅうひこうし</word>
			<alt>uchuuhikooshi</alt>
		</trans>
	</term>
	<term id="39">
		<trans lang="en">
			<word>sickness, sick, ill</word>
		</trans>
		<trans lang="ja">
			<word>びょうき [な]</word>
			<alt>byooki</alt>
		</trans>
	</term>
	<term id="40">
		<trans lang="en">
			<word>poor</word>
		</trans>
		<trans lang="ja">
			<word>びんぼう [な]</word>
			<alt>bimboo</alt>
		</trans>
	</term>
	<term id="41">
		<trans lang="en">
			<word>miso (Jap. food)</word>
		</trans>
		<trans lang="ja">
			<word>みそ</word>
			<alt>miso</alt>
		</trans>
	</term>
	<term id="42">
		<trans lang="en">
			<word>soup</word>
		</trans>
		<trans lang="ja">
			<word>しる (N)</word>
			<alt>shiru</alt>
		</trans>
	</term>
	<term id="43">
		<trans lang="en">
			<word>handsome</word>
		</trans>
		<trans lang="ja">
			<word>ハンサム [な]</word>
			<alt>hansamu</alt>
		</trans>
	</term>
	<term id="44">
		<trans lang="en">
			<word>usually; most, general</word>
		</trans>
		<trans lang="ja">
			<word>大てい [の]</word>
			<alt>taitei</alt>
		</trans>
	</term>
	<term id="45">
		<trans lang="en">
			<word>visit</word>
		</trans>
		<trans lang="ja">
			<word>たずねる</word>
			<alt>tazuneru</alt>
		</trans>
	</term>
	<term id="46">
		<trans lang="en">
			<word>send, put out</word>
		</trans>
		<trans lang="ja">
			<word>だす</word>
			<alt>dasu</alt>
		</trans>
	</term>
	<term id="47">
		<trans lang="en">
			<word>light (weight)</word>
		</trans>
		<trans lang="ja">
			<word>かるい</word>
			<alt>karui</alt>
		</trans>
	</term>
	<term id="48">
		<trans lang="en">
			<word>overtime</word>
		</trans>
		<trans lang="ja">
			<word>ざんぎょう</word>
			<alt>zangyoo</alt>
		</trans>
	</term>
	<term id="49">
		<trans lang="en">
			<word>serious, difficult; very</word>
		</trans>
		<trans lang="ja">
			<word>たいへん [な]</word>
			<alt>taihen</alt>
		</trans>
	</term>
	<term id="50">
		<trans lang="en">
			<word>apartment, flat</word>
		</trans>
		<trans lang="ja">
			<word>アパート</word>
			<alt>apaato</alt>
		</trans>
	</term>
	<term id="51">
		<trans lang="en">
			<word>narrow, cramped</word>
		</trans>
		<trans lang="ja">
			<word>せまい</word>
			<alt>semai</alt>
		</trans>
	</term>
	<term id="52">
		<trans lang="en">
			<word>move (house)</word>
		</trans>
		<trans lang="ja">
			<word>ひっこす</word>
			<alt>hikkosu</alt>
		</trans>
	</term>
	<term id="53">
		<trans lang="en">
			<word>pottery</word>
		</trans>
		<trans lang="ja">
			<word>やきもの</word>
			<alt>yakimono</alt>
		</trans>
	</term>
	<term id="54">
		<trans lang="en">
			<word>shirt</word>
		</trans>
		<trans lang="ja">
			<word>シャツ</word>
			<alt>shatsu</alt>
		</trans>
	</term>
	<term id="55">
		<trans lang="en">
			<word>silk</word>
		</trans>
		<trans lang="ja">
			<word>きぬ</word>
			<alt>kinu</alt>
		</trans>
	</term>
	<term id="56">
		<trans lang="en">
			<word>scarf</word>
		</trans>
		<trans lang="ja">
			<word>スカーフ</word>
			<alt>sukaafu</alt>
		</trans>
	</term>
	<term id="57">
		<trans lang="en">
			<word>whiskey</word>
		</trans>
		<trans lang="ja">
			<word>ウイスキー</word>
			<alt>uisuki</alt>
		</trans>
	</term>
	<term id="58">
		<trans lang="en">
			<word>bouquet, bunch (of flowers)</word>
		</trans>
		<trans lang="ja">
			<word>はなたば</word>
			<alt>hanataba</alt>
		</trans>
	</term>
	<term id="59">
		<trans lang="en">
			<word>document</word>
		</trans>
		<trans lang="ja">
			<word>しょるい</word>
			<alt>shorui</alt>
		</trans>
	</term>
	<term id="60">
		<trans lang="en">
			<word>immediately, at once</word>
		</trans>
		<trans lang="ja">
			<word>すぐ</word>
			<alt>sugu</alt>
		</trans>
	</term>
	<term id="61">
		<trans lang="en">
			<word>examination, examine</word>
		</trans>
		<trans lang="ja">
			<word>しけん [する]</word>
			<alt>shiken</alt>
		</trans>
	</term>
</glossary>
