<?xml version="1.0"?>
<glossary id="308" name="JBPII-11" author="">
	<desc></desc>
	<term id="1">
		<trans lang="en">
			<word>village   +</word>
		</trans>
		<trans lang="ja">
			<word>村</word>
			<alt>mura</alt>
		</trans>
	</term>
	<term id="2">
		<trans lang="en">
			<word>trading company   +</word>
		</trans>
		<trans lang="ja">
			<word>商社</word>
			<alt>shoosha</alt>
		</trans>
	</term>
	<term id="3">
		<trans lang="en">
			<word>many, numerous   +</word>
		</trans>
		<trans lang="ja">
			<word>多い</word>
			<alt>ooi</alt>
		</trans>
	</term>
	<term id="4">
		<trans lang="en">
			<word>probably, perhaps</word>
		</trans>
		<trans lang="ja">
			<word>多分</word>
			<alt>tabun</alt>
		</trans>
	</term>
	<term id="5">
		<trans lang="en">
			<word>like, be likable ("ga")   +</word>
		</trans>
		<trans lang="ja">
			<word>好き [な]</word>
			<alt>suki</alt>
		</trans>
	</term>
	<term id="6">
		<trans lang="en">
			<word>outside, exterior</word>
		</trans>
		<trans lang="ja">
			<word>外</word>
			<alt>soto</alt>
		</trans>
	</term>
	<term id="7">
		<trans lang="en">
			<word>country, birth place   +</word>
		</trans>
		<trans lang="ja">
			<word>国</word>
			<alt>kuni</alt>
		</trans>
	</term>
	<term id="8">
		<trans lang="en">
			<word>China</word>
		</trans>
		<trans lang="ja">
			<word>中国</word>
			<alt>chuugoku</alt>
		</trans>
	</term>
	<term id="9">
		<trans lang="en">
			<word>foreign country   +</word>
		</trans>
		<trans lang="ja">
			<word>外国</word>
			<alt>gaikoku</alt>
		</trans>
	</term>
	<term id="10">
		<trans lang="en">
			<word>year before last</word>
		</trans>
		<trans lang="ja">
			<word>おと年</word>
			<alt>ototoshi</alt>
		</trans>
	</term>
	<term id="11">
		<trans lang="en">
			<word>why?</word>
		</trans>
		<trans lang="ja">
			<word>なぜ</word>
			<alt>naze</alt>
		</trans>
	</term>
	<term id="12">
		<trans lang="en">
			<word>speciality</word>
		</trans>
		<trans lang="ja">
			<word>せんもん</word>
			<alt>semmon</alt>
		</trans>
	</term>
	<term id="13">
		<trans lang="en">
			<word>computer</word>
		</trans>
		<trans lang="ja">
			<word>コンピューター</word>
			<alt>kompyuutaa</alt>
		</trans>
	</term>
	<term id="14">
		<trans lang="en">
			<word>science</word>
		</trans>
		<trans lang="ja">
			<word>サイエンス</word>
			<alt>saiensu</alt>
		</trans>
	</term>
	<term id="15">
		<trans lang="en">
			<word>training, train</word>
		</trans>
		<trans lang="ja">
			<word>けんしゅう [する]</word>
			<alt>kenshuu</alt>
		</trans>
	</term>
	<term id="16">
		<trans lang="en">
			<word>Moreover</word>
		</trans>
		<trans lang="ja">
			<word>それに</word>
			<alt>soreni</alt>
		</trans>
	</term>
	<term id="17">
		<trans lang="en">
			<word>connection, contact</word>
		</trans>
		<trans lang="ja">
			<word>れんらく [する]</word>
			<alt>renraku</alt>
		</trans>
	</term>
	<term id="18">
		<trans lang="en">
			<word>dangerous</word>
		</trans>
		<trans lang="ja">
			<word>あぶない</word>
			<alt>abunai</alt>
		</trans>
	</term>
	<term id="19">
		<trans lang="en">
			<word>cold, cool (not of weather)</word>
		</trans>
		<trans lang="ja">
			<word>つめたい</word>
			<alt>tsumetai</alt>
		</trans>
	</term>
	<term id="20">
		<trans lang="en">
			<word>safe</word>
		</trans>
		<trans lang="ja">
			<word>安ぜん [な]</word>
			<alt>anzen</alt>
		</trans>
	</term>
	<term id="21">
		<trans lang="en">
			<word>body, health</word>
		</trans>
		<trans lang="ja">
			<word>からだ</word>
			<alt>karada</alt>
		</trans>
	</term>
	<term id="22">
		<trans lang="en">
			<word>condition</word>
		</trans>
		<trans lang="ja">
			<word>ぐあい</word>
			<alt>guai</alt>
		</trans>
	</term>
	<term id="23">
		<trans lang="en">
			<word>guai   health</word>
		</trans>
		<trans lang="ja">
			<word>からだのぐあい</word>
			<alt>karadano</alt>
		</trans>
	</term>
	<term id="24">
		<trans lang="en">
			<word>invitation, invite</word>
		</trans>
		<trans lang="ja">
			<word>しょうたい [する]</word>
			<alt>shootai</alt>
		</trans>
	</term>
	<term id="25">
		<trans lang="en">
			<word>invitation (letter, card)</word>
		</trans>
		<trans lang="ja">
			<word>しょうたいじょう</word>
			<alt>shootaijoo</alt>
		</trans>
	</term>
	<term id="26">
		<trans lang="en">
			<word>suddenly</word>
		</trans>
		<trans lang="ja">
			<word>きゅうに</word>
			<alt>kyuuni</alt>
		</trans>
	</term>
	<term id="27">
		<trans lang="en">
			<word>strike</word>
		</trans>
		<trans lang="ja">
			<word>ストライキ</word>
			<alt>sutoraiki</alt>
		</trans>
	</term>
	<term id="28">
		<trans lang="en">
			<word>engagement, become engaged</word>
		</trans>
		<trans lang="ja">
			<word>こんやく [する]</word>
			<alt>kon'yaku</alt>
		</trans>
	</term>
	<term id="29">
		<trans lang="en">
			<word>pass away, die, disappear</word>
		</trans>
		<trans lang="ja">
			<word>なくなる</word>
			<alt>nakunaru</alt>
		</trans>
	</term>
	<term id="30">
		<trans lang="en">
			<word>piano [play the piano]</word>
		</trans>
		<trans lang="ja">
			<word>ピアノ [をひく]</word>
			<alt>piano</alt>
		</trans>
	</term>
	<term id="31">
		<trans lang="en">
			<word>elementary school</word>
		</trans>
		<trans lang="ja">
			<word>しょう学校</word>
			<alt>shoogakkoo</alt>
		</trans>
	</term>
	<term id="32">
		<trans lang="en">
			<word>conversation</word>
		</trans>
		<trans lang="ja">
			<word>会話</word>
			<alt>kaiwa</alt>
		</trans>
	</term>
	<term id="33">
		<trans lang="en">
			<word>spoken English</word>
		</trans>
		<trans lang="ja">
			<word>えい会話</word>
			<alt>eikaiwa</alt>
		</trans>
	</term>
	<term id="34">
		<trans lang="en">
			<word>mountain climbing</word>
		</trans>
		<trans lang="ja">
			<word>山のぼり</word>
			<alt>yamanobori</alt>
		</trans>
	</term>
	<term id="35">
		<trans lang="en">
			<word>be born</word>
		</trans>
		<trans lang="ja">
			<word>うまれる</word>
			<alt>umareru</alt>
		</trans>
	</term>
	<term id="36">
		<trans lang="en">
			<word>barbecue</word>
		</trans>
		<trans lang="ja">
			<word>バーベキュー</word>
			<alt>baabekyuu</alt>
		</trans>
	</term>
	<term id="37">
		<trans lang="en">
			<word>do, present, give (coll.)</word>
		</trans>
		<trans lang="ja">
			<word>やる</word>
			<alt>yaru</alt>
		</trans>
	</term>
	<term id="38">
		<trans lang="en">
			<word>opportunity, occasion</word>
		</trans>
		<trans lang="ja">
			<word>きかい</word>
			<alt>kikai</alt>
		</trans>
	</term>
</glossary>
