<?xml version="1.0"?>
<glossary id="318" name="JBPI-21" author="">
	<desc></desc>
	<term id="1">
		<trans lang="en">
			<word>driver</word>
		</trans>
		<trans lang="ja">
			<word>うんてんしゅ</word>
			<alt>untenshu</alt>
		</trans>
	</term>
	<term id="2">
		<trans lang="en">
			<word>straight, straight ahead</word>
		</trans>
		<trans lang="ja">
			<word>まっすぐ [な]</word>
			<alt>massugu</alt>
		</trans>
	</term>
	<term id="3">
		<trans lang="en">
			<word>just before</word>
		</trans>
		<trans lang="ja">
			<word>てまえ</word>
			<alt>temae</alt>
		</trans>
	</term>
	<term id="4">
		<trans lang="en">
			<word>stop, park (s.th.)</word>
		</trans>
		<trans lang="ja">
			<word>とめる</word>
			<alt>tomeru</alt>
		</trans>
	</term>
	<term id="5">
		<trans lang="en">
			<word>change, coins</word>
		</trans>
		<trans lang="ja">
			<word>おつり</word>
			<alt>otsuri</alt>
		</trans>
	</term>
	<term id="6">
		<trans lang="en">
			<word>reservation, reserve</word>
		</trans>
		<trans lang="ja">
			<word>よやく [する]</word>
			<alt>yoyaku</alt>
		</trans>
	</term>
	<term id="7">
		<trans lang="en">
			<word>Mr, Mrs, Ms, Miss (hon.)</word>
		</trans>
		<trans lang="ja">
			<word>~さま</word>
			<alt>-sama</alt>
		</trans>
	</term>
	<term id="8">
		<trans lang="en">
			<word>dry cleaning</word>
		</trans>
		<trans lang="ja">
			<word>クリーニング</word>
			<alt>kuriiningu</alt>
		</trans>
	</term>
	<term id="9">
		<trans lang="en">
			<word>be possible, be done ("ga")</word>
		</trans>
		<trans lang="ja">
			<word>できる</word>
			<alt>dekiru</alt>
		</trans>
	</term>
	<term id="10">
		<trans lang="en">
			<word>dry cleaner</word>
		</trans>
		<trans lang="ja">
			<word>クリーニングや</word>
			<alt>kuriininguya</alt>
		</trans>
	</term>
	<term id="11">
		<trans lang="en">
			<word>still, yet</word>
		</trans>
		<trans lang="ja">
			<word>まだ</word>
			<alt>mada</alt>
		</trans>
	</term>
</glossary>
