<?xml version="1.0"?>
<glossary id="335" name="JCS2-16" author="">
	<desc></desc>
	<term id="1">
		<trans lang="en">
			<word>Although</word>
		</trans>
		<trans lang="ja">
			<word>~けれども</word>
			<alt>-keredomo</alt>
		</trans>
	</term>
	<term id="2">
		<trans lang="en">
			<word>sleepy</word>
		</trans>
		<trans lang="ja">
			<word>ねむい</word>
			<alt>nemui</alt>
		</trans>
	</term>
	<term id="3">
		<trans lang="en">
			<word>stand, stand up</word>
		</trans>
		<trans lang="ja">
			<word>たつ</word>
			<alt>tatsu</alt>
		</trans>
	</term>
	<term id="4">
		<trans lang="en">
			<word>wash</word>
		</trans>
		<trans lang="ja">
			<word>あらう</word>
			<alt>arau</alt>
		</trans>
	</term>
	<term id="5">
		<trans lang="en">
			<word># years old</word>
		</trans>
		<trans lang="ja">
			<word>~さい</word>
			<alt>-sai</alt>
		</trans>
	</term>
	<term id="6">
		<trans lang="en">
			<word>father, my father   +</word>
		</trans>
		<trans lang="ja">
			<word>父</word>
			<alt>chichi</alt>
		</trans>
	</term>
	<term id="7">
		<trans lang="en">
			<word>father (hon.), Dad</word>
		</trans>
		<trans lang="ja">
			<word>お父さん</word>
			<alt>otoosan</alt>
		</trans>
	</term>
	<term id="8">
		<trans lang="en">
			<word>mother, my mother   +</word>
		</trans>
		<trans lang="ja">
			<word>母</word>
			<alt>haha</alt>
		</trans>
	</term>
	<term id="9">
		<trans lang="en">
			<word>mother (hon.), Mom</word>
		</trans>
		<trans lang="ja">
			<word>お母さん</word>
			<alt>okaasan</alt>
		</trans>
	</term>
	<term id="10">
		<trans lang="en">
			<word>(my) older brother   +</word>
		</trans>
		<trans lang="ja">
			<word>兄</word>
			<alt>ani</alt>
		</trans>
	</term>
	<term id="11">
		<trans lang="en">
			<word>older brother (hon.)</word>
		</trans>
		<trans lang="ja">
			<word>お兄さん</word>
			<alt>oniisan</alt>
		</trans>
	</term>
	<term id="12">
		<trans lang="en">
			<word>(my) older sister   +</word>
		</trans>
		<trans lang="ja">
			<word>姉</word>
			<alt>ane</alt>
		</trans>
	</term>
	<term id="13">
		<trans lang="en">
			<word>older sister (hon.)</word>
		</trans>
		<trans lang="ja">
			<word>お姉さん</word>
			<alt>oneesan</alt>
		</trans>
	</term>
	<term id="14">
		<trans lang="en">
			<word>younger brother   +</word>
		</trans>
		<trans lang="ja">
			<word>弟 [さん]</word>
			<alt>otooto</alt>
		</trans>
	</term>
	<term id="15">
		<trans lang="en">
			<word>younger sister   +</word>
		</trans>
		<trans lang="ja">
			<word>妹 [さん]</word>
			<alt>imooto</alt>
		</trans>
	</term>
	<term id="16">
		<trans lang="en">
			<word>(my) grandfather</word>
		</trans>
		<trans lang="ja">
			<word>そ父</word>
			<alt>sofu</alt>
		</trans>
	</term>
	<term id="17">
		<trans lang="en">
			<word>grandfather (hon.)</word>
		</trans>
		<trans lang="ja">
			<word>おじいさん</word>
			<alt>ojiisan</alt>
		</trans>
	</term>
	<term id="18">
		<trans lang="en">
			<word>(my) grandmother</word>
		</trans>
		<trans lang="ja">
			<word>そ母</word>
			<alt>soba</alt>
		</trans>
	</term>
	<term id="19">
		<trans lang="en">
			<word>grandmother, old lady (hon.)</word>
		</trans>
		<trans lang="ja">
			<word>おばあさん</word>
			<alt>obaasan</alt>
		</trans>
	</term>
	<term id="20">
		<trans lang="en">
			<word>uncle</word>
		</trans>
		<trans lang="ja">
			<word>おじ [さん]</word>
			<alt>oji</alt>
		</trans>
	</term>
	<term id="21">
		<trans lang="en">
			<word>aunt</word>
		</trans>
		<trans lang="ja">
			<word>おば [さん]</word>
			<alt>oba</alt>
		</trans>
	</term>
	<term id="22">
		<trans lang="en">
			<word>child (hon.)</word>
		</trans>
		<trans lang="ja">
			<word>お子さん</word>
			<alt>okosan</alt>
		</trans>
	</term>
	<term id="23">
		<trans lang="en">
			<word>(light) brown</word>
		</trans>
		<trans lang="ja">
			<word>ちゃいろ [の]</word>
			<alt>chairo</alt>
		</trans>
	</term>
	<term id="24">
		<trans lang="en">
			<word>vinyl, soft plastic</word>
		</trans>
		<trans lang="ja">
			<word>ビニール</word>
			<alt>biniiru</alt>
		</trans>
	</term>
	<term id="25">
		<trans lang="en">
			<word>which? (pre-N)</word>
		</trans>
		<trans lang="ja">
			<word>どの</word>
			<alt>dono</alt>
		</trans>
	</term>
	<term id="26">
		<trans lang="en">
			<word>mind, heart</word>
		</trans>
		<trans lang="ja">
			<word>こころ</word>
			<alt>kokoro</alt>
		</trans>
	</term>
	<term id="27">
		<trans lang="en">
			<word>handsome</word>
		</trans>
		<trans lang="ja">
			<word>ハンサム [な]</word>
			<alt>hansamu</alt>
		</trans>
	</term>
	<term id="28">
		<trans lang="en">
			<word>hair</word>
		</trans>
		<trans lang="ja">
			<word>かみ</word>
			<alt>kami</alt>
		</trans>
	</term>
	<term id="29">
		<trans lang="en">
			<word>rich person</word>
		</trans>
		<trans lang="ja">
			<word>金持ち</word>
			<alt>kanemochi</alt>
		</trans>
	</term>
	<term id="30">
		<trans lang="en">
			<word>poor</word>
		</trans>
		<trans lang="ja">
			<word>びんぼう [な]</word>
			<alt>bimboo</alt>
		</trans>
	</term>
	<term id="31">
		<trans lang="en">
			<word>consideration, thoughtfulness</word>
		</trans>
		<trans lang="ja">
			<word>おもいやり</word>
			<alt>omoiyari</alt>
		</trans>
	</term>
	<term id="32">
		<trans lang="en">
			<word>sense of humour</word>
		</trans>
		<trans lang="ja">
			<word>ユーモア</word>
			<alt>yuumoa</alt>
		</trans>
	</term>
	<term id="33">
		<trans lang="en">
			<word>man, male   +</word>
		</trans>
		<trans lang="ja">
			<word>男</word>
			<alt>otoko</alt>
		</trans>
	</term>
	<term id="34">
		<trans lang="en">
			<word>woman, female   +</word>
		</trans>
		<trans lang="ja">
			<word>女</word>
			<alt>onna</alt>
		</trans>
	</term>
</glossary>
