<?xml version="1.0"?>
<glossary id="305" name="JBPI-08" author="">
	<desc></desc>
	<term id="1">
		<trans lang="en">
			<word>living room</word>
		</trans>
		<trans lang="ja">
			<word>いま</word>
			<alt>ima</alt>
		</trans>
	</term>
	<term id="2">
		<trans lang="en">
			<word>chair</word>
		</trans>
		<trans lang="ja">
			<word>いす</word>
			<alt>isu</alt>
		</trans>
	</term>
	<term id="3">
		<trans lang="en">
			<word>table</word>
		</trans>
		<trans lang="ja">
			<word>テーブル</word>
			<alt>teeburu</alt>
		</trans>
	</term>
	<term id="4">
		<trans lang="en">
			<word>be (objects,) exist</word>
		</trans>
		<trans lang="ja">
			<word>ある</word>
			<alt>aru</alt>
		</trans>
	</term>
	<term id="5">
		<trans lang="en">
			<word>top, above</word>
		</trans>
		<trans lang="ja">
			<word>うえ</word>
			<alt>ue</alt>
		</trans>
	</term>
	<term id="6">
		<trans lang="en">
			<word>bottom, under</word>
		</trans>
		<trans lang="ja">
			<word>した</word>
			<alt>shita</alt>
		</trans>
	</term>
	<term id="7">
		<trans lang="en">
			<word>front, in front; before</word>
		</trans>
		<trans lang="ja">
			<word>まえ [に]</word>
			<alt>mae</alt>
		</trans>
	</term>
	<term id="8">
		<trans lang="en">
			<word>inside, amongst</word>
		</trans>
		<trans lang="ja">
			<word>なか</word>
			<alt>naka</alt>
		</trans>
	</term>
	<term id="9">
		<trans lang="en">
			<word>flower</word>
		</trans>
		<trans lang="ja">
			<word>はな</word>
			<alt>hana</alt>
		</trans>
	</term>
	<term id="10">
		<trans lang="en">
			<word>wife (hon.)</word>
		</trans>
		<trans lang="ja">
			<word>おくさん</word>
			<alt>okusan</alt>
		</trans>
	</term>
	<term id="11">
		<trans lang="en">
			<word>be, stay (living things)</word>
		</trans>
		<trans lang="ja">
			<word>いる</word>
			<alt>iru</alt>
		</trans>
	</term>
	<term id="12">
		<trans lang="en">
			<word>garden</word>
		</trans>
		<trans lang="ja">
			<word>にわ</word>
			<alt>niwa</alt>
		</trans>
	</term>
	<term id="13">
		<trans lang="en">
			<word>child</word>
		</trans>
		<trans lang="ja">
			<word>こども</word>
			<alt>kodomo</alt>
		</trans>
	</term>
	<term id="14">
		<trans lang="en">
			<word>ko  boy</word>
		</trans>
		<trans lang="ja">
			<word>おとこのこ</word>
			<alt>otokono</alt>
		</trans>
	</term>
	<term id="15">
		<trans lang="en">
			<word>ko   girl</word>
		</trans>
		<trans lang="ja">
			<word>おんなのこ</word>
			<alt>onnano</alt>
		</trans>
	</term>
	<term id="16">
		<trans lang="en">
			<word>kitchen</word>
		</trans>
		<trans lang="ja">
			<word>だいどころ</word>
			<alt>daidokoro</alt>
		</trans>
	</term>
	<term id="17">
		<trans lang="en">
			<word>nobody (-ve verb)</word>
		</trans>
		<trans lang="ja">
			<word>だれも</word>
			<alt>daremo</alt>
		</trans>
	</term>
	<term id="18">
		<trans lang="en">
			<word># floor</word>
		</trans>
		<trans lang="ja">
			<word>~かい</word>
			<alt>-kai</alt>
		</trans>
	</term>
	<term id="19">
		<trans lang="en">
			<word>first floor, ground floor   *</word>
		</trans>
		<trans lang="ja">
			<word>一かい</word>
			<alt>ikkai</alt>
		</trans>
	</term>
	<term id="20">
		<trans lang="en">
			<word>box</word>
		</trans>
		<trans lang="ja">
			<word>はこ</word>
			<alt>hako</alt>
		</trans>
	</term>
	<term id="21">
		<trans lang="en">
			<word>postcard</word>
		</trans>
		<trans lang="ja">
			<word>はがき</word>
			<alt>hagaki</alt>
		</trans>
	</term>
	<term id="22">
		<trans lang="en">
			<word>shelf</word>
		</trans>
		<trans lang="ja">
			<word>たな</word>
			<alt>tana</alt>
		</trans>
	</term>
	<term id="23">
		<trans lang="en">
			<word>cabinet, cupboard</word>
		</trans>
		<trans lang="ja">
			<word>とだな</word>
			<alt>todana</alt>
		</trans>
	</term>
	<term id="24">
		<trans lang="en">
			<word>photograph</word>
		</trans>
		<trans lang="ja">
			<word>しゃしん</word>
			<alt>shashin</alt>
		</trans>
	</term>
	<term id="25">
		<trans lang="en">
			<word>window</word>
		</trans>
		<trans lang="ja">
			<word>まど</word>
			<alt>mado</alt>
		</trans>
	</term>
	<term id="26">
		<trans lang="en">
			<word>vicinity, nearby</word>
		</trans>
		<trans lang="ja">
			<word>ちかく</word>
			<alt>chikaku</alt>
		</trans>
	</term>
	<term id="27">
		<trans lang="en">
			<word>entrance hall</word>
		</trans>
		<trans lang="ja">
			<word>げんかん</word>
			<alt>genkan</alt>
		</trans>
	</term>
	<term id="28">
		<trans lang="en">
			<word>dining room, cafeteria</word>
		</trans>
		<trans lang="ja">
			<word>しょくどう</word>
			<alt>shokudoo</alt>
		</trans>
	</term>
	<term id="29">
		<trans lang="en">
			<word>lavatory, toilet</word>
		</trans>
		<trans lang="ja">
			<word>おてあらい</word>
			<alt>otearai</alt>
		</trans>
	</term>
	<term id="30">
		<trans lang="en">
			<word>nothing (-ve verb)</word>
		</trans>
		<trans lang="ja">
			<word>なにも</word>
			<alt>nanimo</alt>
		</trans>
	</term>
	<term id="31">
		<trans lang="en">
			<word>building (from English)</word>
		</trans>
		<trans lang="ja">
			<word>ビル</word>
			<alt>biru</alt>
		</trans>
	</term>
	<term id="32">
		<trans lang="en">
			<word>over there, that place</word>
		</trans>
		<trans lang="ja">
			<word>あそこ</word>
			<alt>asoko</alt>
		</trans>
	</term>
	<term id="33">
		<trans lang="en">
			<word>reception, receptionist</word>
		</trans>
		<trans lang="ja">
			<word>うけつけ</word>
			<alt>uketsuke</alt>
		</trans>
	</term>
</glossary>
