<?xml version="1.0"?>
<glossary id="301" name="JBPI-04" author="">
	<desc></desc>
	<term id="1">
		<trans lang="en">
			<word>store clerk</word>
		</trans>
		<trans lang="ja">
			<word>てんいん</word>
			<alt>ten'in</alt>
		</trans>
	</term>
	<term id="2">
		<trans lang="en">
			<word>Come in., Welcome.</word>
		</trans>
		<trans lang="ja">
			<word>いらっしゃいませ</word>
			<alt>irasshaimase</alt>
		</trans>
	</term>
	<term id="3">
		<trans lang="en">
			<word>that, that one (near you)</word>
		</trans>
		<trans lang="ja">
			<word>それ</word>
			<alt>sore</alt>
		</trans>
	</term>
	<term id="4">
		<trans lang="en">
			<word>that, that one (over there)</word>
		</trans>
		<trans lang="ja">
			<word>あれ</word>
			<alt>are</alt>
		</trans>
	</term>
	<term id="5">
		<trans lang="en">
			<word>show</word>
		</trans>
		<trans lang="ja">
			<word>みせる</word>
			<alt>miseru</alt>
		</trans>
	</term>
	<term id="6">
		<trans lang="en">
			<word>Please give (to me/us)</word>
		</trans>
		<trans lang="ja">
			<word>ください</word>
			<alt>kudasai</alt>
		</trans>
	</term>
	<term id="7">
		<trans lang="en">
			<word>Please do ("V-te")</word>
		</trans>
		<trans lang="ja">
			<word>~ください</word>
			<alt>-kudasai</alt>
		</trans>
	</term>
	<term id="8">
		<trans lang="en">
			<word>kudasai  Please show</word>
		</trans>
		<trans lang="ja">
			<word>みせてください</word>
			<alt>misete</alt>
		</trans>
	</term>
	<term id="9">
		<trans lang="en">
			<word>thousand, 1000</word>
		</trans>
		<trans lang="ja">
			<word>千</word>
			<alt>sen</alt>
		</trans>
	</term>
	<term id="10">
		<trans lang="en">
			<word>three thousand, 3000   *</word>
		</trans>
		<trans lang="ja">
			<word>三千</word>
			<alt>sanzen</alt>
		</trans>
	</term>
	<term id="11">
		<trans lang="en">
			<word>eight thousand, 8000   *</word>
		</trans>
		<trans lang="ja">
			<word>八千</word>
			<alt>hassen</alt>
		</trans>
	</term>
	<term id="12">
		<trans lang="en">
			<word>ten thousand, 10000</word>
		</trans>
		<trans lang="ja">
			<word>万</word>
			<alt>man</alt>
		</trans>
	</term>
	<term id="13">
		<trans lang="en">
			<word># yen</word>
		</trans>
		<trans lang="ja">
			<word>~えん</word>
			<alt>-en</alt>
		</trans>
	</term>
	<term id="14">
		<trans lang="en">
			<word>20000 yen</word>
		</trans>
		<trans lang="ja">
			<word>二万えん</word>
			<alt>niman'en</alt>
		</trans>
	</term>
	<term id="15">
		<trans lang="en">
			<word>how much?</word>
		</trans>
		<trans lang="ja">
			<word>いくら</word>
			<alt>ikura</alt>
		</trans>
	</term>
	<term id="16">
		<trans lang="en">
			<word>point, decimal point</word>
		</trans>
		<trans lang="ja">
			<word>てん</word>
			<alt>ten</alt>
		</trans>
	</term>
	<term id="17">
		<trans lang="en">
			<word>fraction, part; share</word>
		</trans>
		<trans lang="ja">
			<word>~ぶん</word>
			<alt>-bun</alt>
		</trans>
	</term>
	<term id="18">
		<trans lang="en">
			<word>ni two thirds, 2/3</word>
		</trans>
		<trans lang="ja">
			<word>三ぶんの二</word>
			<alt>sambunno</alt>
		</trans>
	</term>
	<term id="19">
		<trans lang="en">
			<word>umbrella</word>
		</trans>
		<trans lang="ja">
			<word>かさ</word>
			<alt>kasa</alt>
		</trans>
	</term>
	<term id="20">
		<trans lang="en">
			<word>television, TV</word>
		</trans>
		<trans lang="ja">
			<word>テレビ</word>
			<alt>terebi</alt>
		</trans>
	</term>
	<term id="21">
		<trans lang="en">
			<word>radio</word>
		</trans>
		<trans lang="ja">
			<word>ラジオ</word>
			<alt>rajio</alt>
		</trans>
	</term>
	<term id="22">
		<trans lang="en">
			<word>tape recorder</word>
		</trans>
		<trans lang="ja">
			<word>テープレコーダー</word>
			<alt>teepurekoodaa</alt>
		</trans>
	</term>
	<term id="23">
		<trans lang="en">
			<word>ashtray</word>
		</trans>
		<trans lang="ja">
			<word>はいざら</word>
			<alt>haizara</alt>
		</trans>
	</term>
	<term id="24">
		<trans lang="en">
			<word>water</word>
		</trans>
		<trans lang="ja">
			<word>水</word>
			<alt>mizu</alt>
		</trans>
	</term>
	<term id="25">
		<trans lang="en">
			<word>apple</word>
		</trans>
		<trans lang="ja">
			<word>りんご</word>
			<alt>ringo</alt>
		</trans>
	</term>
	<term id="26">
		<trans lang="en">
			<word>receipt</word>
		</trans>
		<trans lang="ja">
			<word>レシート</word>
			<alt>reshiito</alt>
		</trans>
	</term>
	<term id="27">
		<trans lang="en">
			<word>Well then (formal)</word>
		</trans>
		<trans lang="ja">
			<word>でわ</word>
			<alt>dewa</alt>
		</trans>
	</term>
	<term id="28">
		<trans lang="en">
			<word>Well then</word>
		</trans>
		<trans lang="ja">
			<word>じゃ</word>
			<alt>ja</alt>
		</trans>
	</term>
</glossary>
