<?xml version="1.0"?>
<glossary id="106" name="4.2" author="Frédéric Bergeron">
	<desc></desc>
	<term id="1">
		<trans lang="en">
			<word>behavior,conduct</word>
		</trans>
		<trans lang="ja">
			<word>振舞</word>
			<alt>ふるまい</alt>
		</trans>
	</term>
	<term id="2">
		<trans lang="en">
			<word>individual,one by one</word>
		</trans>
		<trans lang="ja">
			<word>個々</word>
			<alt>ここ</alt>
		</trans>
	</term>
	<term id="3">
		<trans lang="en">
			<word>model,a miniature,sample,specimen</word>
		</trans>
		<trans lang="ja">
			<word>雛型</word>
			<alt>ひながた</alt>
		</trans>
		<comment languages="en-ja">クラスはオブジェクトの「雛形」のようなものです。
A class is like an object model (template).</comment>
	</term>
	<term id="4">
		<trans lang="en">
			<word>emphasis,stress,stressed point (to)</word>
		</trans>
		<trans lang="ja">
			<word>強調(する)</word>
			<alt>きょうちょう(する)</alt>
		</trans>
	</term>
	<term id="5">
		<trans lang="en">
			<word>entry (on stage) (to)</word>
		</trans>
		<trans lang="ja">
			<word>登場(する)</word>
			<alt>とうじょう(する)</alt>
		</trans>
	</term>
	<term id="6">
		<trans lang="en">
			<word>interaction / correspondence,coping with,dealing with (to)</word>
		</trans>
		<trans lang="ja">
			<word>対応(する)</word>
			<alt>たいおう(する)</alt>
		</trans>
	</term>
</glossary>
