<?xml version="1.0"?>
<glossary id="361" name="Lektion 04" author="Frédéric Bergeron">
	<desc></desc>
	<term id="1">
		<trans lang="de">
			<word>spielen</word>
		</trans>
		<trans lang="fr">
			<word>jouer</word>
		</trans>
	</term>
	<term id="2">
		<trans lang="de">
			<word>Gitarre (f.)</word>
		</trans>
		<trans lang="fr">
			<word>guitarre</word>
		</trans>
	</term>
	<term id="3">
		<trans lang="de">
			<word>Geige (f.)</word>
			<alt>gaigue</alt>
		</trans>
		<trans lang="fr">
			<word>violon (m.)</word>
		</trans>
	</term>
	<term id="4">
		<trans lang="de">
			<word>Klavier (n.)</word>
			<alt>clavir</alt>
		</trans>
		<trans lang="fr">
			<word>piano (m.)</word>
		</trans>
	</term>
	<term id="5">
		<trans lang="de">
			<word>Fußball (m.)</word>
			<alt>foussbal</alt>
		</trans>
		<trans lang="fr">
			<word>football,soccer (m.)</word>
		</trans>
		<comment languages="de-fr">On prononce ball comme bal et non comme en anglais.</comment>
	</term>
	<term id="6">
		<trans lang="de">
			<word>Zeitschrift (f.)</word>
		</trans>
		<trans lang="fr">
			<word>magazine (m.)</word>
		</trans>
	</term>
	<term id="7">
		<trans lang="de">
			<word>Romane (m.)</word>
		</trans>
		<trans lang="fr">
			<word>roman (m.)</word>
		</trans>
	</term>
	<term id="8">
		<trans lang="de">
			<word>spazieren</word>
			<alt>schpatsiéren</alt>
		</trans>
		<trans lang="fr">
			<word>se promener</word>
		</trans>
	</term>
	<term id="9">
		<trans lang="de">
			<word>einkaufen</word>
		</trans>
		<trans lang="fr">
			<word>acheter,faire des achats,magasiner</word>
		</trans>
	</term>
	<term id="10">
		<trans lang="de">
			<word>singen</word>
		</trans>
		<trans lang="fr">
			<word>chanter</word>
		</trans>
	</term>
	<term id="11">
		<trans lang="de">
			<word>schwimmen</word>
		</trans>
		<trans lang="fr">
			<word>nager</word>
		</trans>
	</term>
	<term id="12">
		<trans lang="de">
			<word>kochen</word>
		</trans>
		<trans lang="fr">
			<word>cuisiner</word>
		</trans>
	</term>
	<term id="13">
		<trans lang="de">
			<word>schreiben</word>
		</trans>
		<trans lang="fr">
			<word>écrire</word>
		</trans>
		<comment languages="de-fr">E-Mail schreiben</comment>
	</term>
	<term id="14">
		<trans lang="de">
			<word>backen</word>
		</trans>
		<trans lang="fr">
			<word>cuire</word>
		</trans>
	</term>
	<term id="15">
		<trans lang="de">
			<word>fotografieren</word>
		</trans>
		<trans lang="fr">
			<word>photographier</word>
		</trans>
	</term>
	<term id="16">
		<trans lang="de">
			<word>hören</word>
		</trans>
		<trans lang="fr">
			<word>écouter</word>
		</trans>
	</term>
	<term id="17">
		<trans lang="de">
			<word>Rad (n.)</word>
			<alt>râtt</alt>
		</trans>
		<trans lang="fr">
			<word>vélo (m.)</word>
		</trans>
	</term>
	<term id="18">
		<trans lang="de">
			<word>laufen</word>
		</trans>
		<trans lang="fr">
			<word>courir</word>
		</trans>
		<comment languages="de-fr">Ski laufen</comment>
	</term>
	<term id="19">
		<trans lang="de">
			<word>Ausstellung (f.)</word>
		</trans>
		<trans lang="fr">
			<word>exposition (f.)</word>
		</trans>
	</term>
	<term id="20">
		<trans lang="de">
			<word>Baseball</word>
			<alt>bézbol</alt>
		</trans>
		<trans lang="fr">
			<word>baseball</word>
		</trans>
		<comment languages="de-fr">On prononce comme en anglais.</comment>
	</term>
	<term id="21">
		<trans lang="de">
			<word>Tischtennis (n.)</word>
		</trans>
		<trans lang="fr">
			<word>tennis de table,ping pong (m.)</word>
		</trans>
		<comment languages="de-fr">Tisch: table</comment>
	</term>
	<term id="22">
		<trans lang="de">
			<word>Badminton,Federball (m.)</word>
			<alt>betminton</alt>
		</trans>
		<trans lang="fr">
			<word>badminton (m.)</word>
		</trans>
		<comment languages="de-fr">Feder: plume</comment>
	</term>
	<term id="23">
		<trans lang="de">
			<word>Karte (f.)</word>
		</trans>
		<trans lang="fr">
			<word>carte (f.)</word>
		</trans>
		<comment languages="de-fr">Ich spiele gern Karten.
J'aime jouer aux cartes</comment>
	</term>
	<term id="24">
		<trans lang="de">
			<word>Comics</word>
		</trans>
		<trans lang="fr">
			<word>comiques,bandes dessinées</word>
		</trans>
	</term>
	<term id="25">
		<trans lang="de">
			<word>Krimis</word>
		</trans>
		<trans lang="fr">
			<word>polar,roman policier</word>
		</trans>
	</term>
	<term id="26">
		<trans lang="de">
			<word>Popmusik (f.)</word>
		</trans>
		<trans lang="fr">
			<word>musique pop (f.)</word>
		</trans>
	</term>
	<term id="27">
		<trans lang="de">
			<word>klassische Musik (f.)</word>
		</trans>
		<trans lang="fr">
			<word>musique classique (f.)</word>
		</trans>
	</term>
	<term id="28">
		<trans lang="de">
			<word>Fußballspiele</word>
		</trans>
		<trans lang="fr">
			<word>partie de soccer</word>
		</trans>
	</term>
	<term id="29">
		<trans lang="de">
			<word>Stadt (f.)</word>
		</trans>
		<trans lang="fr">
			<word>ville (f.)</word>
		</trans>
	</term>
	<term id="30">
		<trans lang="de">
			<word>Konzert (n.)</word>
		</trans>
		<trans lang="fr">
			<word>concert (m.)</word>
		</trans>
	</term>
	<term id="31">
		<trans lang="de">
			<word>Museum (n.)</word>
		</trans>
		<trans lang="fr">
			<word>musée (m.)</word>
		</trans>
	</term>
	<term id="32">
		<trans lang="de">
			<word>Ski fahren/laufen</word>
			<alt>shii</alt>
		</trans>
		<trans lang="fr">
			<word>faire du ski</word>
		</trans>
	</term>
	<term id="33">
		<trans lang="de">
			<word>gern</word>
		</trans>
		<trans lang="fr">
			<word>aimer</word>
		</trans>
		<comment languages="de-fr">Ich spiele gern Gitarre. Was machst du gern? Ich höre gern Musik.
J'aime jouer de la guitarre. Qu'est-ce que tu aimes faire? J'aime écouter de la musique.

Spielst du gern Tennis? Nein, ich spiele nicht gern Tennis. Ich spiele lieber Golf.
Aimes-tu jouer au tennis? Non, je n'aime pas jouer au tennis. Je préfère jouer au golf.


</comment>
	</term>
	<term id="34">
		<trans lang="de">
			<word>Hobby</word>
		</trans>
		<trans lang="fr">
			<word>passe-temps (m.)</word>
		</trans>
		<comment languages="de-fr">Was sind Ihr Hobbys?
Meine Hobbys sind Comics lesen, kochen und schwimmen.</comment>
	</term>
	<term id="35">
		<trans lang="de">
			<word>putzen</word>
		</trans>
		<trans lang="fr">
			<word>nettoyer</word>
		</trans>
	</term>
	<term id="36">
		<trans lang="de">
			<word>König (m.)</word>
		</trans>
		<trans lang="fr">
			<word>roi (m.)</word>
		</trans>
	</term>
	<term id="37">
		<trans lang="de">
			<word>am liebsten</word>
		</trans>
		<trans lang="fr">
			<word>aimer le plus</word>
		</trans>
		<comment languages="de-fr">Was machst du am liebsten? Am liebsten fahre ich Ski.
Qu'est-ce que tu aimes le plus faire? Ce que j'aime le plus faire, c'est du ski.</comment>
	</term>
	<term id="38">
		<trans lang="de">
			<word>zusammen</word>
		</trans>
		<trans lang="fr">
			<word>ensemble</word>
		</trans>
		<comment languages="de-fr">Gehen wir dann zusammen ins kino?
Après, allons-nous au cinéma ensemble?</comment>
	</term>
	<term id="39">
		<trans lang="de">
			<word>Zeit haben</word>
		</trans>
		<trans lang="fr">
			<word>avoir le temps</word>
		</trans>
		<comment languages="de-fr">Hast du heute Abend Zeit?
Nein, leider nicht. Aber morgen Abend habe ich Zeit.
Gehen wir dann zusammen ins Kino?
Ja, sehr gern.</comment>
	</term>
	<term id="40">
		<trans lang="de">
			<word>Leute</word>
		</trans>
		<trans lang="fr">
			<word>gens,monde</word>
		</trans>
		<comment languages="de-fr">Was machen die Leute gern?
Qu'est-ce que les gens aiment faire?</comment>
	</term>
	<term id="41">
		<trans lang="de">
			<word>glauben</word>
		</trans>
		<trans lang="fr">
			<word>croire</word>
		</trans>
		<comment languages="de-fr">Ich glaube, Deutsche fahren gern Auto.
Je crois que les Allemandes aiment conduire leur voiture.</comment>
	</term>
	<term id="42">
		<trans lang="de">
			<word>Zug fahren</word>
		</trans>
		<trans lang="fr">
			<word>prendre/voyager en train</word>
		</trans>
	</term>
	<term id="43">
		<trans lang="de">
			<word>arbeiten</word>
		</trans>
		<trans lang="fr">
			<word>travailler</word>
		</trans>
	</term>
	<term id="44">
		<trans lang="de">
			<word>Urlaub machen</word>
		</trans>
		<trans lang="fr">
			<word>prendre des vacances/congé</word>
		</trans>
	</term>
	<term id="45">
		<trans lang="de">
			<word>Briefe schreiben</word>
		</trans>
		<trans lang="fr">
			<word>écrire une lettre</word>
		</trans>
	</term>
	<term id="46">
		<trans lang="de">
			<word>telefonieren</word>
		</trans>
		<trans lang="fr">
			<word>téléphoner</word>
		</trans>
	</term>
	<term id="47">
		<trans lang="de">
			<word>Garten (m.)</word>
		</trans>
		<trans lang="fr">
			<word>jardin (m.)</word>
		</trans>
	</term>
	<term id="48">
		<trans lang="de">
			<word>Hausarbeit machen</word>
		</trans>
		<trans lang="fr">
			<word>faire des travaux ménagers</word>
		</trans>
	</term>
	<term id="49">
		<trans lang="de">
			<word>schlafen</word>
		</trans>
		<trans lang="fr">
			<word>dormir</word>
		</trans>
	</term>
	<term id="50">
		<trans lang="de">
			<word>tragen</word>
		</trans>
		<trans lang="fr">
			<word>porter</word>
		</trans>
	</term>
	<term id="51">
		<trans lang="de">
			<word>waschen</word>
		</trans>
		<trans lang="fr">
			<word>laver</word>
		</trans>
	</term>
	<term id="52">
		<trans lang="de">
			<word>tanzen</word>
		</trans>
		<trans lang="fr">
			<word>danser</word>
		</trans>
	</term>
	<term id="53">
		<trans lang="de">
			<word>Freunde treffen</word>
		</trans>
		<trans lang="fr">
			<word>rencontrer des amis</word>
		</trans>
	</term>
	<term id="54">
		<trans lang="de">
			<word>rauchen</word>
		</trans>
		<trans lang="fr">
			<word>fumer (cigarette)</word>
		</trans>
	</term>
	<term id="55">
		<trans lang="de">
			<word>früh ins Bett gehen</word>
		</trans>
		<trans lang="fr">
			<word>se coucher tôt</word>
		</trans>
		<comment languages="de-fr">Lit.: aller au lit tôt</comment>
	</term>
	<term id="56">
		<trans lang="de">
			<word>Sieger</word>
		</trans>
		<trans lang="fr">
			<word>gagnant (n.)</word>
		</trans>
	</term>
	<term id="57">
		<trans lang="de">
			<word>Verlierer</word>
		</trans>
		<trans lang="fr">
			<word>perdant (n.)</word>
		</trans>
	</term>
</glossary>
