<?xml version="1.0"?>
<glossary id="26" name="Genki 04" author="">
	<desc></desc>
	<term id="160">
		<trans lang="en">
			<word>part-time job</word>
		</trans>
		<trans lang="ja">
			<alt>アルバイト</alt>
		</trans>
	</term>
	<term id="161">
		<trans lang="en">
			<word>shopping</word>
		</trans>
		<trans lang="ja">
			<word>買い物</word>
			<alt>かいもの</alt>
		</trans>
	</term>
	<term id="162">
		<trans lang="en">
			<word>class</word>
		</trans>
		<trans lang="ja">
			<alt>クラス</alt>
		</trans>
	</term>
	<term id="163">
		<trans lang="en">
			<word>you</word>
		</trans>
		<trans lang="ja">
			<alt>あなた</alt>
		</trans>
	</term>
	<term id="164">
		<trans lang="en">
			<word>dog</word>
		</trans>
		<trans lang="ja">
			<word>犬</word>
			<alt>いぬ</alt>
		</trans>
	</term>
	<term id="165">
		<trans lang="en">
			<word>souvenir</word>
		</trans>
		<trans lang="ja">
			<word>お土産</word>
			<alt>おみやげ</alt>
		</trans>
		<comment languages="en-ja">4 Oh My, A Gift!</comment>
	</term>
	<term id="166">
		<trans lang="en">
			<word>child</word>
		</trans>
		<trans lang="ja">
			<word>子供</word>
			<alt>こども</alt>
		</trans>
	</term>
	<term id="167">
		<trans lang="en">
			<word>rice; meal</word>
		</trans>
		<trans lang="ja">
			<word>御飯</word>
			<alt>ごはん</alt>
		</trans>
	</term>
	<term id="168">
		<trans lang="en">
			<word>picture; photograph</word>
		</trans>
		<trans lang="ja">
			<word>写真</word>
			<alt>しゃしん</alt>
		</trans>
	</term>
	<term id="169">
		<trans lang="en">
			<word>desk</word>
		</trans>
		<trans lang="ja">
			<word>机</word>
			<alt>つくえ</alt>
		</trans>
	</term>
	<term id="170">
		<trans lang="en">
			<word>letter</word>
		</trans>
		<trans lang="ja">
			<word>手紙</word>
			<alt>てがみ</alt>
		</trans>
	</term>
	<term id="171">
		<trans lang="en">
			<word>cat</word>
		</trans>
		<trans lang="ja">
			<word>猫</word>
			<alt>ねこ</alt>
		</trans>
	</term>
	<term id="172">
		<trans lang="en">
			<word>bread</word>
		</trans>
		<trans lang="ja">
			<alt>パン</alt>
		</trans>
	</term>
	<term id="173">
		<trans lang="en">
			<word>person</word>
		</trans>
		<trans lang="ja">
			<word>人</word>
			<alt>ひと</alt>
		</trans>
	</term>
	<term id="174">
		<trans lang="en">
			<word>temple</word>
		</trans>
		<trans lang="ja">
			<word>お寺</word>
			<alt>おてら</alt>
		</trans>
	</term>
	<term id="175">
		<trans lang="en">
			<word>park</word>
		</trans>
		<trans lang="ja">
			<word>公園</word>
			<alt>こうえん</alt>
		</trans>
	</term>
	<term id="176">
		<trans lang="en">
			<word>supermarket</word>
		</trans>
		<trans lang="ja">
			<alt>スーパー</alt>
		</trans>
	</term>
	<term id="177">
		<trans lang="en">
			<word>department store</word>
		</trans>
		<trans lang="ja">
			<alt>デパート</alt>
		</trans>
	</term>
	<term id="178">
		<trans lang="en">
			<word>bus stop</word>
		</trans>
		<trans lang="ja">
			<word>バス停</word>
			<alt>バスてい</alt>
		</trans>
	</term>
	<term id="179">
		<trans lang="en">
			<word>hospital</word>
		</trans>
		<trans lang="ja">
			<word>病院</word>
			<alt>びょういん</alt>
		</trans>
	</term>
	<term id="180">
		<trans lang="en">
			<word>hotel</word>
		</trans>
		<trans lang="ja">
			<alt>ホテル</alt>
		</trans>
	</term>
	<term id="181">
		<trans lang="en">
			<word>bookstore</word>
		</trans>
		<trans lang="ja">
			<word>本屋</word>
			<alt>ほんや</alt>
		</trans>
	</term>
	<term id="182">
		<trans lang="en">
			<word>town; city</word>
		</trans>
		<trans lang="ja">
			<word>町</word>
			<alt>まち</alt>
		</trans>
	</term>
	<term id="183">
		<trans lang="en">
			<word>restaurant</word>
		</trans>
		<trans lang="ja">
			<alt>レストラン</alt>
		</trans>
	</term>
	<term id="184">
		<trans lang="en">
			<word>yesterday</word>
		</trans>
		<trans lang="ja">
			<word>昨日</word>
			<alt>きのう</alt>
		</trans>
	</term>
	<term id="185">
		<trans lang="en">
			<word>a little while ago</word>
		</trans>
		<trans lang="ja">
			<alt>さっき</alt>
		</trans>
	</term>
	<term id="186">
		<trans lang="en">
			<word>hour</word>
		</trans>
		<trans lang="ja">
			<word>~時間</word>
			<alt>~じかん</alt>
		</trans>
	</term>
	<term id="187">
		<trans lang="en">
			<word>one hour</word>
		</trans>
		<trans lang="ja">
			<word>一時間</word>
			<alt>いちじかん</alt>
		</trans>
	</term>
	<term id="188">
		<trans lang="en">
			<word>last week</word>
		</trans>
		<trans lang="ja">
			<word>先週</word>
			<alt>せんしゅう</alt>
		</trans>
	</term>
	<term id="189">
		<trans lang="en">
			<word>when...; at the time of...</word>
		</trans>
		<trans lang="ja">
			<word>時</word>
			<alt>とき</alt>
		</trans>
	</term>
	<term id="190">
		<trans lang="en">
			<word>Tuesday</word>
		</trans>
		<trans lang="ja">
			<word>火曜日</word>
			<alt>かようび</alt>
		</trans>
	</term>
	<term id="191">
		<trans lang="en">
			<word>Wednesday</word>
		</trans>
		<trans lang="ja">
			<word>水曜日</word>
			<alt>すいようび</alt>
		</trans>
	</term>
	<term id="192">
		<trans lang="en">
			<word>Thursday</word>
		</trans>
		<trans lang="ja">
			<word>木曜日</word>
			<alt>もくようび</alt>
		</trans>
	</term>
	<term id="193">
		<trans lang="en">
			<word>Friday</word>
		</trans>
		<trans lang="ja">
			<word>金曜日</word>
			<alt>きんようび</alt>
		</trans>
	</term>
	<term id="194">
		<trans lang="en">
			<word>to meet; to see (a person)</word>
		</trans>
		<trans lang="ja">
			<word>会う</word>
			<alt>あう</alt>
		</trans>
	</term>
	<term id="195">
		<trans lang="en">
			<word>there is ...</word>
		</trans>
		<trans lang="ja">
			<alt>ある</alt>
		</trans>
	</term>
	<term id="196">
		<trans lang="en">
			<word>to buy</word>
		</trans>
		<trans lang="ja">
			<word>買う</word>
			<alt>かう</alt>
		</trans>
	</term>
	<term id="197">
		<trans lang="en">
			<word>to write</word>
		</trans>
		<trans lang="ja">
			<word>書く</word>
			<alt>かく</alt>
		</trans>
	</term>
	<term id="198">
		<trans lang="en">
			<word>to take (pictures)</word>
		</trans>
		<trans lang="ja">
			<word>撮る</word>
			<alt>とる</alt>
		</trans>
		<comment languages="en-ja">4 u-verb</comment>
	</term>
	<term id="199">
		<trans lang="en">
			<word>to wait</word>
		</trans>
		<trans lang="ja">
			<word>待つ</word>
			<alt>まつ</alt>
		</trans>
	</term>
	<term id="200">
		<trans lang="en">
			<word>to understand</word>
		</trans>
		<trans lang="ja">
			<word>分かる</word>
			<alt>わかる</alt>
		</trans>
	</term>
	<term id="201">
		<trans lang="en">
			<word>(a person) is in ...; stays at ...</word>
		</trans>
		<trans lang="ja">
			<alt>いる</alt>
		</trans>
		<comment languages="en-ja">4　ru-verb (place に)</comment>
	</term>
	<term id="202">
		<trans lang="en">
			<word>about (approximate measurement)</word>
		</trans>
		<trans lang="ja">
			<alt>~ぐらい</alt>
		</trans>
		<comment languages="en-ja">4　also -くらい</comment>
	</term>
	<term id="203">
		<trans lang="en">
			<word>I'm sorry.</word>
		</trans>
		<trans lang="ja">
			<alt>ごめんなさい</alt>
		</trans>
	</term>
	<term id="204">
		<trans lang="en">
			<word>so; therefore</word>
		</trans>
		<trans lang="ja">
			<alt>だから</alt>
		</trans>
	</term>
	<term id="205">
		<trans lang="en">
			<word>many; a lot</word>
		</trans>
		<trans lang="ja">
			<word>沢山</word>
			<alt>たくさん</alt>
		</trans>
	</term>
	<term id="206">
		<trans lang="en">
			<word>together with (a person)</word>
		</trans>
		<trans lang="ja">
			<alt>~と</alt>
		</trans>
	</term>
	<term id="207">
		<trans lang="en">
			<word>why</word>
		</trans>
		<trans lang="ja">
			<alt>どうして</alt>
		</trans>
	</term>
	<term id="208">
		<trans lang="en">
			<word>alone</word>
		</trans>
		<trans lang="ja">
			<word>一人で</word>
			<alt>ひとりで</alt>
		</trans>
	</term>
	<term id="209">
		<trans lang="en">
			<word>Hello? (used on the phone)</word>
		</trans>
		<trans lang="ja">
			<alt>もしもし</alt>
		</trans>
	</term>
	<term id="210">
		<trans lang="en">
			<word>right (location)</word>
		</trans>
		<trans lang="ja">
			<word>右</word>
			<alt>みぎ</alt>
		</trans>
	</term>
	<term id="211">
		<trans lang="en">
			<word>left</word>
		</trans>
		<trans lang="ja">
			<word>左</word>
			<alt>ひだり</alt>
		</trans>
	</term>
	<term id="212">
		<trans lang="en">
			<word>front</word>
		</trans>
		<trans lang="ja">
			<word>前</word>
			<alt>まえ</alt>
		</trans>
	</term>
	<term id="213">
		<trans lang="en">
			<word>back</word>
		</trans>
		<trans lang="ja">
			<word>後ろ</word>
			<alt>うしろ</alt>
		</trans>
		<comment languages="en-ja">4 уши рот</comment>
	</term>
	<term id="214">
		<trans lang="en">
			<word>inside</word>
		</trans>
		<trans lang="ja">
			<word>中</word>
			<alt>なか</alt>
		</trans>
	</term>
	<term id="215">
		<trans lang="en">
			<word>on</word>
		</trans>
		<trans lang="ja">
			<word>上</word>
			<alt>うえ</alt>
		</trans>
	</term>
	<term id="216">
		<trans lang="en">
			<word>under</word>
		</trans>
		<trans lang="ja">
			<word>下</word>
			<alt>した</alt>
		</trans>
	</term>
	<term id="217">
		<trans lang="en">
			<word>near</word>
		</trans>
		<trans lang="ja">
			<alt>そば</alt>
		</trans>
	</term>
	<term id="218">
		<trans lang="en">
			<word>next (location)</word>
		</trans>
		<trans lang="ja">
			<word>隣</word>
			<alt>となり</alt>
		</trans>
		<comment languages="en-ja">4　cf. near (そば)</comment>
	</term>
	<term id="219">
		<trans lang="en">
			<word>between</word>
		</trans>
		<trans lang="ja">
			<word>間</word>
			<alt>あいだ</alt>
		</trans>
	</term>
	<term id="220">
		<trans lang="en">
			<word>there</word>
		</trans>
		<trans lang="ja">
			<alt>そこ</alt>
		</trans>
	</term>
	<term id="221">
		<trans lang="en">
			<word>here</word>
		</trans>
		<trans lang="ja">
			<alt>ここ</alt>
		</trans>
	</term>
	<term id="222">
		<trans lang="en">
			<word>Monday</word>
		</trans>
		<trans lang="ja">
			<word>月曜日</word>
			<alt>げつようび</alt>
		</trans>
	</term>
</glossary>
