<?xml version="1.0"?>
<glossary id="203" name="Wie schreibt man das?" author="Frédéric Bergeron">
	<desc></desc>
	<term id="1">
		<trans lang="de">
			<word>Wie schreibt man das?</word>
		</trans>
		<trans lang="fr">
			<word>Comment l'écrit-on?</word>
		</trans>
	</term>
	<term id="2">
		<trans lang="de">
			<word>Wo wohnen Sie?</word>
		</trans>
		<trans lang="fr">
			<word>Où habitez-vous?</word>
		</trans>
	</term>
	<term id="3">
		<trans lang="de">
			<word>Wo sind Sie geboren?</word>
		</trans>
		<trans lang="fr">
			<word>Où êtes-vous né?</word>
		</trans>
	</term>
</glossary>
