<?xml version="1.0"?>
<glossary id="49" name="Kanji301-400" author="">
	<desc></desc>
	<term id="1">
		<trans lang="en">
			<word>to stop, to end</word>
		</trans>
		<trans lang="ja">
			<word>止</word>
			<alt>シ　と（める）</alt>
		</trans>
		<comment languages="en-ja">防止 [ぼうし]   prevention
中止 [ちゅうし]   cancellation, suspension, discontinuance
口止 [くちどめ]   muzzle, hush money
止金 [とめがね]   clasp
終止 [しゅうし]   end</comment>
	</term>
	<term id="2">
		<trans lang="en">
			<word>to put, to place</word>
		</trans>
		<trans lang="ja">
			<word>置</word>
			<alt>チ　お（く）</alt>
		</trans>
		<comment languages="en-ja">設置 [せっち]   establishment
位置 [いち]   position, place
配置 [はいち]   arrangement, disposition
放置 [ほうち]   leaving as is, neglect
前置き [まえお（き）]   preface, introduction</comment>
	</term>
	<term id="3">
		<trans lang="en">
			<word>fruit, effect, to accomplish</word>
		</trans>
		<trans lang="ja">
			<word>果</word>
			<alt>カ　は（たす）</alt>
		</trans>
		<comment languages="en-ja">結果 [けっか]   result, outcome
成果 [せいか]   result, fruits
果実 [かじつ]   fruit
果物 [くだもの]   fruit
果然 [かぜん]   sure enough</comment>
	</term>
	<term id="4">
		<trans lang="en">
			<word>to release, to emit</word>
		</trans>
		<trans lang="ja">
			<word>放</word>
			<alt>ホウ　はな（す）</alt>
		</trans>
		<comment languages="en-ja">放送 [ほうそう]   broadcasting
開放 [かいほう]   opening
放置 [ほうち]   leaving as is, neglect
解放 [かいほう]   emancipation, liberation
民放 [みんぽう]   commercial broadcasting</comment>
	</term>
	<term id="5">
		<trans lang="en">
			<word>divide, split</word>
		</trans>
		<trans lang="ja">
			<word>割</word>
			<alt>カツ　わ（る）,さ（く）</alt>
		</trans>
		<comment languages="en-ja">役割 [やくわり]   role, part, duties
割合 [わりあい]   ratio, proportion
〜割 [〜わり]   ~10%
割引 [わりび（き）]   discount
分割 [ぶんかつ]   division, partition</comment>
	</term>
	<term id="6">
		<trans lang="en">
			<word>to cut, judge</word>
		</trans>
		<trans lang="ja">
			<word>栽</word>
			<alt>サイ　さば（く）,た（つ）</alt>
		</trans>
		<comment languages="en-ja">総裁 [そうさい]   president, secretary-general
裁判 [さいばん]   trial, suit
地裁 [ちさい]   district court
制裁 [せいさい]   punishment, sanction
裁決 [さいけつ]   decision, verdict</comment>
	</term>
	<term id="7">
		<trans lang="en">
			<word>few, young, little</word>
		</trans>
		<trans lang="ja">
			<word>少</word>
			<alt>ショウ　すこ（し）</alt>
		</trans>
		<comment languages="en-ja">少年 [しょうねん]   boy, juvenile
減少 [げんしょう]   decrease
少数 [しょうすう]   small number
過少 [かしょう]   too small
多少 [たしょう]   more or less</comment>
	</term>
	<term id="8">
		<trans lang="en">
			<word>soil, earth</word>
		</trans>
		<trans lang="ja">
			<word>土</word>
			<alt>ト　つち</alt>
		</trans>
		<comment languages="en-ja">土地 [とち]   land, earth
国土 [こくど]   country, territory
領土 [りょうど]   territory, domain
本土 [ほんど]   mainland
土木 [どぼく]   civil engineering, public works</comment>
	</term>
	<term id="9">
		<trans lang="en">
			<word>state, act, to apply</word>
		</trans>
		<trans lang="ja">
			<word>演</word>
			<alt>エン　*</alt>
		</trans>
		<comment languages="en-ja">演技 [えんぎ]   acting, performance
演出 [えんしゅつ]   production (e.g., play)
出演 [しゅつえん]   stage appearance, performance
演説 [えんぜつ]   public speech
実演 [じつえん]   acting, stage show</comment>
	</term>
	<term id="10">
		<trans lang="en">
			<word>possession, existence</word>
		</trans>
		<trans lang="ja">
			<word>有</word>
			<alt>ユウ　ウ　あ（る）</alt>
		</trans>
		<comment languages="en-ja">保有 [ほゆう]   possession, retention
有害 [ゆうがい]   harmful, destructive
所有 [しょゆう]   possession, ownership
有力 [ゆうりょく]   influential, powerful
有利 [ゆうり]   profitable, advantageous</comment>
	</term>
	<term id="11">
		<trans lang="en">
			<word>line</word>
		</trans>
		<trans lang="ja">
			<word>線</word>
			<alt>セン　*</alt>
		</trans>
		<comment languages="en-ja">路線 [ろせん]   route, line
全線 [ぜんせん]   all lines
線路 [せんろ]   railway track
戦線 [せんせん]   battle front
電線 [でんせん]   telegraphic wire</comment>
	</term>
	<term id="12">
		<trans lang="en">
			<word>stone, jewel</word>
		</trans>
		<trans lang="ja">
			<word>石</word>
			<alt>セキ　コク　シャク　いし</alt>
		</trans>
		<comment languages="en-ja">明石 [あかし]   Akashi (place name)
化石 [かせき]   fossil
石器 [せっき]   Stone Age tools
小石 [こいし]   pebble
基石 [きせき]   cornerstone, doundation stone</comment>
	</term>
	<term id="13">
		<trans lang="en">
			<word>to speak, word, language</word>
		</trans>
		<trans lang="ja">
			<word>語</word>
			<alt>ゴ　かた（る）</alt>
		</trans>
		<comment languages="en-ja">英語 [えいご]   English
国語 [こくご]   one's mother tongue, Japanese
言語 [げんご]   language
私語 [しご]   whisper
物語 [ものがたり]   story, tale</comment>
	</term>
	<term id="14">
		<trans lang="en">
			<word>to pass, error, to exceed</word>
		</trans>
		<trans lang="ja">
			<word>過</word>
			<alt>カ　す（ぎる）,あやま（ち）</alt>
		</trans>
		<comment languages="en-ja">過去 [かこ]   the past, the previous
通過 [つうか]   passing, passage throught
過労 [かろう]   overwork, overexertion, strain
経過 [けいか]   progress, laspe of time
過大 [かだい]   excessive</comment>
	</term>
	<term id="15">
		<trans lang="en">
			<word>to finish, last, to complete</word>
		</trans>
		<trans lang="ja">
			<word>終</word>
			<alt>シュウ　お（わる）</alt>
		</trans>
		<comment languages="en-ja">最終 [さいしゅう]   last, final
終値 [おわりね]   closing quotation (price)
終結 [しゅうけつ]   conclusion, end
終日 [しゅうじつ]   all day long
終戦 [しゅうせん]   end of war (World War II)</comment>
	</term>
	<term id="16">
		<trans lang="en">
			<word>certain, necessary</word>
		</trans>
		<trans lang="ja">
			<word>必</word>
			<alt>ヒツ　かなら（ず）</alt>
		</trans>
		<comment languages="en-ja">必要 [ひつよう]   necessary, essential
必死 [ひっし]   desperate
必然 [ひつぜん]   inevitability, necessity
必勝 [ひっしょう]   sure victory
必見 [ひっけん]   worth seeing, a must-see</comment>
	</term>
	<term id="17">
		<trans lang="en">
			<word>roll, tumble</word>
		</trans>
		<trans lang="ja">
			<word>転</word>
			<alt>テン　ころ（がる）</alt>
		</trans>
		<comment languages="en-ja">空転 [くうてん]   racing (an engine), run idol
転職 [てんしょく]   change of occupation
転落 [てんらく]   fall, degradation
運転 [うんてん]   drive, run, operate
転校 [てんこう]   change of schools, transfer</comment>
	</term>
	<term id="18">
		<trans lang="en">
			<word>certainty, confirm, sure</word>
		</trans>
		<trans lang="ja">
			<word>確</word>
			<alt>カク　たし（かめる）</alt>
		</trans>
		<comment languages="en-ja">確認 [かくにん]   confirmation
確定 [かくてい]   final settlement, definition
明確 [めいかく]   clear, precise
確実 [かくじつ]   certainty, reliability
確保 [かくほ]   guarantee, security</comment>
	</term>
	<term id="19">
		<trans lang="en">
			<word>both, two</word>
		</trans>
		<trans lang="ja">
			<word>両</word>
			<alt>リョウ　*</alt>
		</trans>
		<comment languages="en-ja">両国 [りょうこく]   both countries
両親 [りょうしん]   parents
車両 [しゃりょう]   vehicles, cars
両者 [りょうしゃ]   both people
〜両 [〜りょう]   a number of (cars, vehicles)</comment>
	</term>
	<term id="20">
		<trans lang="en">
			<word>to send</word>
		</trans>
		<trans lang="ja">
			<word>送</word>
			<alt>ソウ　おく（る）</alt>
		</trans>
		<comment languages="en-ja">見送る [みおく（る）]   see off (someone), farewell, wait 
 see
輸送 [ゆそう]   transportation
放送 [ほうそう]   broadcast
運送 [うんそう]   shipping, transportation
送料 [そうりょう]   postage, shipping charge</comment>
	</term>
	<term id="21">
		<trans lang="en">
			<word>condition, letter</word>
		</trans>
		<trans lang="ja">
			<word>状</word>
			<alt>ジョウ　*</alt>
		</trans>
		<comment languages="en-ja">状況 [じょうきょう]   condition, situation
状態 [じょうたい]   state, condition
現状 [げんじょう]   present situation
情状 [じょうじょう]   extenuating circumstances
書状 [しょじょう]   letter, written statement</comment>
	</term>
	<term id="22">
		<trans lang="en">
			<word>harm, damage</word>
		</trans>
		<trans lang="ja">
			<word>害</word>
			<alt>ガイ　*</alt>
		</trans>
		<comment languages="en-ja">被害 [ひがい]   injury, damage
有害 [ゆうがい]   harmful, injurious
公害 [こうがい]   pollution
利害 [りがい]   interest, advantages and disadvantages
水害 [すいがい]   flood damage</comment>
	</term>
	<term id="23">
		<trans lang="en">
			<word>to present, to carry</word>
		</trans>
		<trans lang="ja">
			<word>提</word>
			<alt>テイ　さ（げる）</alt>
		</trans>
		<comment languages="en-ja">提出 [ていしゅつ]   presentation, submission
提案 [ていあん]   proposal, offer
提供 [ていきょう]   offer, sponsor
前提 [ぜんてい]   premise
提言 [ていげん]   proposal</comment>
	</term>
	<term id="24">
		<trans lang="en">
			<word>rank, position</word>
		</trans>
		<trans lang="ja">
			<word>位</word>
			<alt>イ　くらい</alt>
		</trans>
		<comment languages="en-ja">位置 [いち]   position, situation
〜位 [〜い]   ~th ranking
地位 [ちい]   position, rank
方位 [ほうい]   direction
上位 [じょうい]   high rank</comment>
	</term>
	<term id="25">
		<trans lang="en">
			<word>research, sharpen</word>
		</trans>
		<trans lang="ja">
			<word>研</word>
			<alt>ケン　と（ぐ）</alt>
		</trans>
		<comment languages="en-ja">研究 [けんきゅう]   research, study
研学 [けんがく]   study
  [ ]    
  [ ]    
  [ ]</comment>
	</term>
	<term id="26">
		<trans lang="en">
			<word>reading, to protect, to guard</word>
		</trans>
		<trans lang="ja">
			<word>護</word>
			<alt>ゴ　*</alt>
		</trans>
		<comment languages="en-ja">保護 [ほご]   protection
護送 [ごそう]   escort
護身 [ごしん]   self-protection
護法 [ごほう]   power to dismiss diseases
警護 [けいご]   body guard, escort</comment>
	</term>
	<term id="27">
		<trans lang="en">
			<word>to store, to obtain, to pay</word>
		</trans>
		<trans lang="ja">
			<word>収</word>
			<alt>シュウ　おさ（める）</alt>
		</trans>
		<comment languages="en-ja">収支 [しゅうし]   income and expenditure
収入 [しゅうにゅう]   income, earnings
収集 [しゅうしゅう]   collection
収容 [しゅうよう]   accomodation, seating, custody
買収 [ばいしゅう]   purchase, bribery</comment>
	</term>
	<term id="28">
		<trans lang="en">
			<word>again, to repeat</word>
		</trans>
		<trans lang="ja">
			<word>再</word>
			<alt>サイ　サ　ふたた（び）</alt>
		</trans>
		<comment languages="en-ja">再開 [さいかい]   reopening, resumption
再建 [さいけん]   reconstruction
再発 [さいはつ]   recurrence
再生 [さいせい]   regeneration, recycle
再選 [さいせん]   re-election</comment>
	</term>
	<term id="29">
		<trans lang="en">
			<word>extinguish, disappear</word>
		</trans>
		<trans lang="ja">
			<word>消</word>
			<alt>ショウ　け（す）,き（える）</alt>
		</trans>
		<comment languages="en-ja">消費 [しょうひ]   consumption, expenditure
解消 [かいしょう]   cancellation, liquidation
消防 [しょうぼう]   fire fighting
消化 [しょうか]   digestion, consumption
消長 [しょうちょう]   rise and fall, ups and downs</comment>
	</term>
	<term id="30">
		<trans lang="en">
			<word>military, army, soldiers</word>
		</trans>
		<trans lang="ja">
			<word>軍</word>
			<alt>グン　*</alt>
		</trans>
		<comment languages="en-ja">軍事 [ぐんじ]   military affairs
米軍 [べいぐん]   United States Armed Force
海軍 [かいぐん]   navy
軍法 [ぐんぽう]   military's law
空軍 [くうぐん]   air force</comment>
	</term>
	<term id="31">
		<trans lang="en">
			<word>talent, ability</word>
		</trans>
		<trans lang="ja">
			<word>能</word>
			<alt>ノウ　*</alt>
		</trans>
		<comment languages="en-ja">可能 [かのう]   able, possible
機能 [きのう]   function
能力 [のうりょく]   ability, capacity
性能 [せいのう]   efficiency, capacity
知能 [ちのう]   intelligence, brain</comment>
	</term>
	<term id="32">
		<trans lang="en">
			<word>to compare, ration</word>
		</trans>
		<trans lang="ja">
			<word>比</word>
			<alt>ヒ　くら（べる）</alt>
		</trans>
		<comment languages="en-ja">比率 [ひりつ]   percentage, rate, ratio
比重 [ひじゅう]   specific gravity
比例 [ひれい]   proportion, ratio
対比 [たいひ]   comparison
無比 [むひ]   unique, unparalleled</comment>
	</term>
	<term id="33">
		<trans lang="en">
			<word>silver, banking</word>
		</trans>
		<trans lang="ja">
			<word>銀</word>
			<alt>ギン　*</alt>
		</trans>
		<comment languages="en-ja">銀行 [ぎんこう]   bank
日銀 [にちぎん]   Bank of Japan
市銀 [しぎん]   city bank
銀製 [ぎんせい]   made of silver
金銀 [きんぎん]   gold and silver</comment>
	</term>
	<term id="34">
		<trans lang="en">
			<word>trade, merchant, to deal</word>
		</trans>
		<trans lang="ja">
			<word>商</word>
			<alt>ショウ　あきな（い）</alt>
		</trans>
		<comment languages="en-ja">商業 [しょうぎょう]   commerce, trade
商法 [しょうほう]   commercial law
商品 [しょうひん]   commodity, merchandise, goods
商売 [しょうばい]   trade, business
商社 [しょうしゃ]   trading company</comment>
	</term>
	<term id="35">
		<trans lang="en">
			<word>to transport, to send</word>
		</trans>
		<trans lang="ja">
			<word>輸</word>
			<alt>ユ　*</alt>
		</trans>
		<comment languages="en-ja">輸入 [ゆにゅう]   import
運輸 [うんゆ]   transportation
輸出 [ゆしゅつ]   export
輸送 [ゆそう]   transport
空輸 [くうゆ]   air transport</comment>
	</term>
	<term id="36">
		<trans lang="en">
			<word>cape, headland</word>
		</trans>
		<trans lang="ja">
			<word>崎</word>
			<alt>*　さき</alt>
		</trans>
		<comment languages="en-ja">川崎 [かわさき]   Kawasaki(place, personal name)
長崎 [ながさき]   Nagasaki (place, personal name)
宮崎 [みやざき]   Miyazaki (place, personal name)
岡崎 [おかざき]   Okazaki (place, personal name)
島崎 [しまざき]   Shimazaki (place, personal name)</comment>
	</term>
	<term id="37">
		<trans lang="en">
			<word>to warn, guard</word>
		</trans>
		<trans lang="ja">
			<word>警</word>
			<alt>ケイ　*</alt>
		</trans>
		<comment languages="en-ja">警報 [けいほう]   alarm, warning
警告 [けいこく]   warning, caution
県警 [けんけい]   prefectual police
警官 [けいかん]   police officer
警備 [けいび]   guard, defense</comment>
	</term>
	<term id="38">
		<trans lang="en">
			<word>regulation, rule</word>
		</trans>
		<trans lang="ja">
			<word>規</word>
			<alt>キ　*</alt>
		</trans>
		<comment languages="en-ja">規制 [きせい]   regulation, control
新規 [しんき]   new, fresh, novelty
規定 [きてい]   rule, regulation, provisions
正規 [せいき]   regular, legal, formal
規正 [きせい]   (re)adjustment</comment>
	</term>
	<term id="39">
		<trans lang="en">
			<word>reason, cause, way</word>
		</trans>
		<trans lang="ja">
			<word>由</word>
			<alt>ユ　ユウ　ユイ　よし</alt>
		</trans>
		<comment languages="en-ja">理由 [りゆう]   reason
自由 [じゆう]   freedom, liberty
経由 [けいゆ]   via-
由来 [ゆらい]   origin, history
事由 [じゆう]   reason, cause</comment>
	</term>
	<term id="40">
		<trans lang="en">
			<word>to cultivate, agriculture</word>
		</trans>
		<trans lang="ja">
			<word>農</word>
			<alt>ノウ　*</alt>
		</trans>
		<comment languages="en-ja">農業 [のうぎょう]   agriculture
農協 [のうきょう]   agricultural cooperative
農村 [のうそん]   agricultural community, farm village
農地 [のうち]   farm land
農家 [のうか]   farmhouse, farming family</comment>
	</term>
	<term id="41">
		<trans lang="en">
			<word>ordinary, always, permanent</word>
		</trans>
		<trans lang="ja">
			<word>常</word>
			<alt>ジョウ　つね,とこ</alt>
		</trans>
		<comment languages="en-ja">通常 [つうじょう]   usual
常務 [じょうむ]   executive director, routine work
正常 [せいじょう]   normal
常任 [じょうにん]   permanent, regular
日常 [にちじょう]   daily</comment>
	</term>
	<term id="42">
		<trans lang="en">
			<word>to respond, consent</word>
		</trans>
		<trans lang="ja">
			<word>応</word>
			<alt>オウ　こた（える）</alt>
		</trans>
		<comment languages="en-ja">対応 [たいおう]   correspond
応援 [おうえん]   assistance, support
応用 [おうよう]   application
一応 [いちおう]   in a way, in outline
反応 [はんのう]   reaction</comment>
	</term>
	<term id="43">
		<trans lang="en">
			<word>to grow up, nurture</word>
		</trans>
		<trans lang="ja">
			<word>育</word>
			<alt>イク　そだ（てる）,はぐく（む）</alt>
		</trans>
		<comment languages="en-ja">教育 [きょういく]   education
保育 [ほいく]   nursery
体育 [たいいく]   physical education
育成 [いくせい]   rearing, upbringing
生育 [せいいく]   growth development</comment>
	</term>
	<term id="44">
		<trans lang="en">
			<word>to differ, mistake</word>
		</trans>
		<trans lang="ja">
			<word>違</word>
			<alt>イ　ちが（う）,たが（う）</alt>
		</trans>
		<comment languages="en-ja">違反 [いはん]   violation, offense
相違 [そうい]   difference, discrepancy
違約 [いやく]   breach of contract
間違い [まちが（い）]   mistake, error
違法 [いほう]   illegal</comment>
	</term>
	<term id="45">
		<trans lang="en">
			<word>husband, man</word>
		</trans>
		<trans lang="ja">
			<word>夫</word>
			<alt>フ　フウ　おっと</alt>
		</trans>
		<comment languages="en-ja">工夫 [くふう]   devise, scheme
情夫 [じょうふ]   male lover
水夫 [すいふ]   sailor, seaman
農夫 [のうふ]   farmer, peasant
人夫 [にんぷ]   laborer</comment>
	</term>
	<term id="46">
		<trans lang="en">
			<word>warrior, gentleman</word>
		</trans>
		<trans lang="ja">
			<word>士</word>
			<alt>シ　*</alt>
		</trans>
		<comment languages="en-ja">武士 [ぶし]   samurai, warrior
学士 [がくし]   a university graduate
士族 [しぞく]   samurai family
名士 [めいし]   distinguished person
軍士 [ぐんし]   soldiers</comment>
	</term>
	<term id="47">
		<trans lang="en">
			<word>justice, meaning</word>
		</trans>
		<trans lang="ja">
			<word>義</word>
			<alt>ギ　*</alt>
		</trans>
		<comment languages="en-ja">義務 [ぎむ]   duty, obligation
主義 [しゅぎ]   principle, doctrine
意義 [いぎ]   meaning, significance
正義 [せいぎ]   justice, righteousness
義足 [ぎそく]   artificial leg</comment>
	</term>
	<term id="48">
		<trans lang="en">
			<word>body, position</word>
		</trans>
		<trans lang="ja">
			<word>身</word>
			<alt>シン　み</alt>
		</trans>
		<comment languages="en-ja">自身 [じしん]   oneself
出身 [しゅっしん]   come from
変身 [へんしん]   metamorphosis, disguise, transformation
身長 [しんちょう]   height (of body)
身近 [みぢか]   near to oneself, close</comment>
	</term>
	<term id="49">
		<trans lang="en">
			<word>to distribute, to deliver</word>
		</trans>
		<trans lang="ja">
			<word>配</word>
			<alt>ハイ　くば（る）</alt>
		</trans>
		<comment languages="en-ja">配当 [はいとう]   allotment, share
心配 [しんぱい]   worry
支配 [しはい]   rule, control
配置 [はいち]   arrangement, disposition
軍配 [ぐんばい]   strategem, tactics</comment>
	</term>
	<term id="50">
		<trans lang="en">
			<word>hall, palace</word>
		</trans>
		<trans lang="ja">
			<word>館</word>
			<alt>カン　たて,やかた</alt>
		</trans>
		<comment languages="en-ja">館内 [かんない]   inside building
館主 [かんしゅ]   director of museum, building
入館 [にゅうかん]   enter (building)
本館 [ほんかん]   main building, hall
会館 [かいかん]   assembly hall</comment>
	</term>
	<term id="51">
		<trans lang="en">
			<word>defeat</word>
		</trans>
		<trans lang="ja">
			<word>敗</word>
			<alt>ハイ　や（ぶる）,やぶ（れる）</alt>
		</trans>
		<comment languages="en-ja">勝敗 [しょうはい]   victory or defeat
敗北 [はいぼく]   defeat
敗戦 [はいせん]   lost battle
敗訴 [はいそ]   loss of a case (in court)
大敗 [たいはい]   big defeat</comment>
	</term>
	<term id="52">
		<trans lang="en">
			<word>art, artifice, means</word>
		</trans>
		<trans lang="ja">
			<word>術</word>
			<alt>ジュツ　*</alt>
		</trans>
		<comment languages="en-ja">技術 [ぎじゅつ]   technique
美術 [びじゅつ]   art
手術 [しゅじゅつ]   surgical operation
戦術 [せんじゅつ]   tactics
学術 [がくじゅつ]   science, scholarship</comment>
	</term>
	<term id="53">
		<trans lang="en">
			<word>theory, to explain</word>
		</trans>
		<trans lang="ja">
			<word>説</word>
			<alt>セツ　ゼイ　と（く）</alt>
		</trans>
		<comment languages="en-ja">説明 [せつめい]   explanation
解説 [かいせつ]   interpretation
論説 [ろんせつ]   editorial, dissertation
演説 [えんぜつ]   speech
説得 [せっとく]   persuation</comment>
	</term>
	<term id="54">
		<trans lang="en">
			<word>foot, sufficient</word>
		</trans>
		<trans lang="ja">
			<word>足</word>
			<alt>ソク　あし,た（りる）</alt>
		</trans>
		<comment languages="en-ja">不足 [ふそく]   insufficiency
発足 [ほっそく]   starting, inauguration
足利 [あしかが]   Ashikaga (personal name)
足場 [あしば]   footing
客足 [きゃくあし]   customers</comment>
	</term>
	<term id="55">
		<trans lang="en">
			<word>to give in charity, to perform</word>
		</trans>
		<trans lang="ja">
			<word>施</word>
			<alt>シ　セ　ほどこ（す）</alt>
		</trans>
		<comment languages="en-ja">実施 [じっし]   execution
施設 [しせつ]   institution, facility
施行 [しこう]   enforcement
施策 [しさく]   measure, policy
施政 [しせい]   administration</comment>
	</term>
	<term id="56">
		<trans lang="en">
			<word>food, to eat</word>
		</trans>
		<trans lang="ja">
			<word>食</word>
			<alt>ショク　た（べる）,く（う）</alt>
		</trans>
		<comment languages="en-ja">食事 [しょくじ]   meal
食料 [しょくりょう]   food
断食 [だんじき]   fasting
食用 [しょくよう]   edible
外食 [がいしょく]   eating out</comment>
	</term>
	<term id="57">
		<trans lang="en">
			<word>to supply, to compensate</word>
		</trans>
		<trans lang="ja">
			<word>補</word>
			<alt>ホ　おぎな（う）</alt>
		</trans>
		<comment languages="en-ja">補助 [ほじょ]   assistance, supplement
補正 [ほせい]   revision
補足 [ほそく]   supplement
補強 [ほきょう]   reinforcement
補佐 [ほさ]   assistant, aid</comment>
	</term>
	<term id="58">
		<trans lang="en">
			<word>to rise, to get up</word>
		</trans>
		<trans lang="ja">
			<word>起</word>
			<alt>キ　お（こす）,お（きる）</alt>
		</trans>
		<comment languages="en-ja">起訴 [きそ]   prosecution
起用 [きよう]   appointment, promotion
起立 [きりつ]   standing up
起動 [きどう]   startup (engine, computer)
発起 [ほっき]   promotion</comment>
	</term>
	<term id="59">
		<trans lang="en">
			<word>to ride, to give a ride to</word>
		</trans>
		<trans lang="ja">
			<word>乗</word>
			<alt>ジョウ　の（る）,の（せる）</alt>
		</trans>
		<comment languages="en-ja">乗客 [じょうきゃく]   passenger
乗用 [じょうよう]   for ride
乗組み [のりく（み）]   get on board
乗車 [じょうしゃ]   taking a train, entraining
乗員 [じょういん]   crew</comment>
	</term>
	<term id="60">
		<trans lang="en">
			<word>sphere, globe</word>
		</trans>
		<trans lang="ja">
			<word>球</word>
			<alt>キュウ　*</alt>
		</trans>
		<comment languages="en-ja">地球 [ちきゅう]   earth, globe
電球 [でんきゅう]   electric light bulb
球状 [きゅうじょう]   ball-shaped, spherical
球団 [きゅうだん]   baseball team
野球 [やきゅう]   baseball</comment>
	</term>
	<term id="61">
		<trans lang="en">
			<word>to decline, to exterminate</word>
		</trans>
		<trans lang="ja">
			<word>断</word>
			<alt>ダン　ことわ（る）,た（つ）</alt>
		</trans>
		<comment languages="en-ja">判断 [はんだん]   judgement
切断 [せつだん]   cutting
断続 [だんぞく]   intermittence
断念 [だんねん]   abandonment
決断 [けつだん]   decision</comment>
	</term>
	<term id="62">
		<trans lang="en">
			<word>to leave, to be left over</word>
		</trans>
		<trans lang="ja">
			<word>残</word>
			<alt>のこ（り）　のこ（す）　のこ（る）　残業	ざんぎょう	overtimework</alt>
		</trans>
		<comment languages="en-ja">残高 [ざんだか]   balance
残念 [ざんねん]   regeret
残金 [ざんきん]   balance
心残り [こころのこ（り）]   regret
  [ ]</comment>
	</term>
	<term id="63">
		<trans lang="en">
			<word>frame, amount, forehead</word>
		</trans>
		<trans lang="ja">
			<word>額</word>
			<alt>ガク　ひたい</alt>
		</trans>
		<comment languages="en-ja">税額 [ぜいがく]   amount of tax
金額 [きんがく]   amount of money
総額 [そうがく]   total amount
差額 [さがく]   difference
多額 [たがく]   large amount of mony</comment>
	</term>
	<term id="64">
		<trans lang="en">
			<word>guidance, to lead</word>
		</trans>
		<trans lang="ja">
			<word>導</word>
			<alt>ドウ　みちび（き）,みちび（く）</alt>
		</trans>
		<comment languages="en-ja">指導 [しどう]   guidance, leadership
導入 [どうにゅう]   introduction, introduction
主導 [しゅどう]   initiative
先導 [せんどう]   guidance
補導 [ほどう]   guidance</comment>
	</term>
	<term id="65">
		<trans lang="en">
			<word>reckoning</word>
		</trans>
		<trans lang="ja">
			<word>算</word>
			<alt>サン　*</alt>
		</trans>
		<comment languages="en-ja">予算 [よさん]   budget
決算 [けっさん]   settlement
計算 [けいさん]   calculation, computation
算出 [さんしゅつ]   calculation
算数 [さんすう]   arithmetic</comment>
	</term>
	<term id="66">
		<trans lang="en">
			<word>south</word>
		</trans>
		<trans lang="ja">
			<word>南</word>
			<alt>ナン　みなみ</alt>
		</trans>
		<comment languages="en-ja">南部 [なんぶ]   southern part
南米 [なんべい]   South America
南北 [なんぼく]   north and south
南東 [なんとう]   southeast
南国 [なんごく]   southern country</comment>
	</term>
	<term id="67">
		<trans lang="en">
			<word>harbor, port</word>
		</trans>
		<trans lang="ja">
			<word>港</word>
			<alt>コウ　みなと</alt>
		</trans>
		<comment languages="en-ja">空港 [くうこう]   airport
港町 [みなとまち]   port city
開港 [かいこう]   opening of harbor
出港 [しゅっこう]   leaving harbor
港内 [こうない]   within theharbor</comment>
	</term>
	<term id="68">
		<trans lang="en">
			<word>evidence, testimony</word>
		</trans>
		<trans lang="ja">
			<word>証</word>
			<alt>ショウ　*</alt>
		</trans>
		<comment languages="en-ja">証人 [しょうにん]   witness, surety
証言 [しょうげん]   testimony
証明 [しょうめい]   proof, certification
立証 [りっしょう]   verification
証書 [しょうしょ]   certificate</comment>
	</term>
	<term id="69">
		<trans lang="en">
			<word>truth, reality</word>
		</trans>
		<trans lang="ja">
			<word>真</word>
			<alt>シン　ま</alt>
		</trans>
		<comment languages="en-ja">真相 [しんそう]   trruth, real situation
真心 [まごころ]   true heart
真実 [しんじつ]   truth, reality
真理 [しんり]   truth
真価 [しんか]   real worth</comment>
	</term>
	<term id="70">
		<trans lang="en">
			<word>study</word>
		</trans>
		<trans lang="ja">
			<word>究</word>
			<alt>キュウ　*</alt>
		</trans>
		<comment languages="en-ja">研究 [けんきゅう]   study, research
究明 [きゅうめい]   inquiry, investigation
学究 [がっきゅう]   scholar
追究 [ついきゅう]   pursuit, inquiry
論究 [ろんきゅう]   full discussion</comment>
	</term>
	<term id="71">
		<trans lang="en">
			<word>marsh, swamp</word>
		</trans>
		<trans lang="ja">
			<word>沢</word>
			<alt>タク　さわ</alt>
		</trans>
		<comment languages="en-ja">沢山 [たくさん]   many, much, a lot
小沢 [おざわ]   Ozawa (personal name)
宮沢 [みやざわ]   Miyazawa (personal name)
金沢 [かなざわ]   Kanazawa (personal, place name)
野沢 [のざわ]   Nozawa (personal, place name)</comment>
	</term>
	<term id="72">
		<trans lang="en">
			<word>illness, sick</word>
		</trans>
		<trans lang="ja">
			<word>病</word>
			<alt>ビョウ　やまい,や（む）</alt>
		</trans>
		<comment languages="en-ja">病院 [びょういん]   hospital
病気 [びょうき]   illness, disease
病室 [びょうしつ]   hospital room, sickroom
病名 [びょうめい]   name of illness
病状 [びょうじょう]   condition of illness</comment>
	</term>
	<term id="73">
		<trans lang="en">
			<word>talk</word>
		</trans>
		<trans lang="ja">
			<word>談</word>
			<alt>ダン　*</alt>
		</trans>
		<comment languages="en-ja">談合 [だんごう]   consultation
会談 [かいだん]   conference
相談 [そうだん]   consultation
示談 [じだん]   compromise, settlement out of court
談話 [だんわ]   conversation, talk</comment>
	</term>
	<term id="74">
		<trans lang="en">
			<word>conflict, dispute</word>
		</trans>
		<trans lang="ja">
			<word>争</word>
			<alt>ソウ　あらそ（う）</alt>
		</trans>
		<comment languages="en-ja">戦争 [せんそう]   war
争点 [そうてん]   point at issue
論争 [ろんそう]   controversy, dispute
争議 [そうぎ]   strike, dispute
内争 [ないそう]   inside conflict</comment>
	</term>
	<term id="75">
		<trans lang="en">
			<word>urgent, sudden, to hurry</word>
		</trans>
		<trans lang="ja">
			<word>急</word>
			<alt>キュウ　いそ（ぐ）</alt>
		</trans>
		<comment languages="en-ja">急増 [きゅうぞう]   sudden increase
急性 [きゅうせい]   acute (sickness)
急変 [きゅうへん]   sudden change
早急 [そうきゅう]   immediately
急死 [きゅうし]   sudden death</comment>
	</term>
	<term id="76">
		<trans lang="en">
			<word>music, pleasure, ease</word>
		</trans>
		<trans lang="ja">
			<word>楽</word>
			<alt>ガク　ラク　たの（しい）</alt>
		</trans>
		<comment languages="en-ja">気楽 [きらく]   taking it easy
楽屋 [がくや]   dressing room
楽観 [らっかん]   optimism
音楽 [おんがく]   music
神楽 [かぐら]   sacred music and dance</comment>
	</term>
	<term id="77">
		<trans lang="en">
			<word>pine</word>
		</trans>
		<trans lang="ja">
			<word>松</word>
			<alt>ショウ　まつ</alt>
		</trans>
		<comment languages="en-ja">松本 [まつもと]   Matsumoto (personal name)
松下 [まつした]   Matsuhista (personal name)
松原 [まつばら]   pine grove
門松 [かどまつ]   New Year's pine decoration
市松 [いちまつ]   checked pattern</comment>
	</term>
	<term id="78">
		<trans lang="en">
			<word>fall, be defeated</word>
		</trans>
		<trans lang="ja">
			<word>落</word>
			<alt>ラク　お（ちる）</alt>
		</trans>
		<comment languages="en-ja">下落 [げらく]   fall (of price or status)
集落 [しゅうらく]   village
転落 [てんらく]   fall, downfall
落選 [らくせん]   be defeated in an election
急落 [きゅうらく]   slump</comment>
	</term>
	<term id="79">
		<trans lang="en">
			<word>aid, help</word>
		</trans>
		<trans lang="ja">
			<word>援</word>
			<alt>エン　*</alt>
		</trans>
		<comment languages="en-ja">支援 [しえん]   support, aid
後援 [こうえん]   support, backing
援助 [えんじょ]   help, support
応援 [おうえん]   assistance, cheering
援軍 [えんぐん]   reinforcement</comment>
	</term>
	<term id="80">
		<trans lang="en">
			<word>manufacture, make</word>
		</trans>
		<trans lang="ja">
			<word>製</word>
			<alt>セイ　*</alt>
		</trans>
		<comment languages="en-ja">製品 [せいひん]   product
製作 [せいさく]   work, production
製鉄 [せいてつ]   iron manufacture
製紙 [せいし]   paper making
和製 [わせい]   Japanese-made</comment>
	</term>
	<term id="81">
		<trans lang="en">
			<word>what, some</word>
		</trans>
		<trans lang="ja">
			<word>何</word>
			<alt>カ　なに,なん</alt>
		</trans>
		<comment languages="en-ja">何人 [なんにん]   how many people
何度 [なんど]   how many times
何億 [なんおく]   some hundred million (how many)
何万 [なんまん]   some ten thousand (how many)
何事 [なにごと]   what, everything</comment>
	</term>
	<term id="82">
		<trans lang="en">
			<word>lead, proportion, percentage</word>
		</trans>
		<trans lang="ja">
			<word>率</word>
			<alt>ソツ　リツ　ひき（いる）</alt>
		</trans>
		<comment languages="en-ja">税率 [ぜいりつ]   taxation rate
比率 [ひりつ]   percentage, ratio
確率 [かくりつ]   probability
率直 [そっちょく]   frankness, outspoken
率先 [そっせん]   taking initiative</comment>
	</term>
	<term id="83">
		<trans lang="en">
			<word>home, residence</word>
		</trans>
		<trans lang="ja">
			<word>宅</word>
			<alt>タク　*</alt>
		</trans>
		<comment languages="en-ja">住宅 [じゅうたく]   housing, resident
宅地 [たくち]   building lot
自宅 [じたく]   one's home
社宅 [しゃたく]   company owend house
在宅 [ざいたく]   being at home</comment>
	</term>
	<term id="84">
		<trans lang="en">
			<word>example</word>
		</trans>
		<trans lang="ja">
			<word>例</word>
			<alt>レイ　たと（えば）</alt>
		</trans>
		<comment languages="en-ja">条例 [じょうれい]   regulations, rules, laws
例外 [れいがい]   exception
例年 [れいねん]   average year, every year, annually
比例 [ひれい]   proportion
例会 [れいかい]   regular meeting</comment>
	</term>
	<term id="85">
		<trans lang="en">
			<word>to provide</word>
		</trans>
		<trans lang="ja">
			<word>備</word>
			<alt>ビ　そな（える）,そな（わる）</alt>
		</trans>
		<comment languages="en-ja">整備 [せいび]   adjustment, consolidation
準備 [じゅんび]   preparation
設備 [せつび]   equipment, device, facilities
予備 [よび]   reserve, preparation, spare
警備 [けいび]   guard, security</comment>
	</term>
	<term id="86">
		<trans lang="en">
			<word>possible, approval</word>
		</trans>
		<trans lang="ja">
			<word>可</word>
			<alt>カ　*</alt>
		</trans>
		<comment languages="en-ja">可能 [かのう]   possible
不可 [ふか]   disapproval
可決 [かけつ]   appropal (e.g., motion, bill), passage
認可 [にんか]   approval, license, permission
裁可 [さいか]   sanction, approval</comment>
	</term>
	<term id="87">
		<trans lang="en">
			<word>to sue, to complain</word>
		</trans>
		<trans lang="ja">
			<word>訴</word>
			<alt>ソ　うった（える）</alt>
		</trans>
		<comment languages="en-ja">起訴 [きそ]   prosecution
提訴 [ていそ]   appeal, presenting a case, suing
敗訴 [はいそ]   loss of a court-case
告訴 [こくそ]   accusation, complaint
訴状 [そじょう]   pettition, written complaint</comment>
	</term>
	<term id="88">
		<trans lang="en">
			<word>structure</word>
		</trans>
		<trans lang="ja">
			<word>構</word>
			<alt>コウ　かま（え）</alt>
		</trans>
		<comment languages="en-ja">構想 [こうそう]   plan, plot, conception
機構 [きこう]   organization
構造 [こうぞう]   structure, construction
構成 [こうせい]   composition, organization
結構 [けっこう]   quite,well, nice, enough</comment>
	</term>
	<term id="89">
		<trans lang="en">
			<word>number, watch</word>
		</trans>
		<trans lang="ja">
			<word>番</word>
			<alt>バン　*</alt>
		</trans>
		<comment languages="en-ja">番組 [ばんぐみ]   program (e.g., TV)
一番 [いちばん]   number one, best, first
〜番目 [ばんめ]   ~th  (order, ranking)
番付 [ばんつけ]   ranking list
交番 [こうばん]   police box</comment>
	</term>
	<term id="90">
		<trans lang="en">
			<word>tension, expansion, to stretch</word>
		</trans>
		<trans lang="ja">
			<word>張</word>
			<alt>チョウ　は（る）</alt>
		</trans>
		<comment languages="en-ja">主張 [しゅちょう]   insistence, claim, adovocacy
出張 [しゅっちょう]   business trip
張力 [ちょうりょく]   tension
  [ ]    
  [ ]</comment>
	</term>
	<term id="91">
		<trans lang="en">
			<word>voice</word>
		</trans>
		<trans lang="ja">
			<word>声</word>
			<alt>セイ　こえ,こわ</alt>
		</trans>
		<comment languages="en-ja">声明 [せいめい]   declaration, statement, proclamation
名声 [めいせい]   fame
声量 [せいりょう]   volume
声援 [せいえん]   cheering
声高 [こわだか]   loud voice</comment>
	</term>
	<term id="92">
		<trans lang="en">
			<word>beauty, beautiful</word>
		</trans>
		<trans lang="ja">
			<word>美</word>
			<alt>ビ　うつく（しい）</alt>
		</trans>
		<comment languages="en-ja">美術 [びじゅつ]   fine arts
美化 [びか]   beautification, florification
美女 [びじょ]   beautiful woman
美人 [びじん]   beautiful woman
美的 [びてき]   aesthetic</comment>
	</term>
	<term id="93">
		<trans lang="en">
			<word>to wear, to arrive</word>
		</trans>
		<trans lang="ja">
			<word>着</word>
			<alt>チャク　き（る）,つ（く）</alt>
		</trans>
		<comment languages="en-ja">着工 [ちゃっこう]   start of (construction) work
発着 [はっちゃく]   arrival and departure
着手 [ちゃくしゅ]   start, embarkation, launch
決着 [けっちゃく]   settlement, conclusion
着物 [きもの]   Kimono (traditional Japanese cloth)</comment>
	</term>
	<term id="94">
		<trans lang="en">
			<word>shoulder, carry</word>
		</trans>
		<trans lang="ja">
			<word>担</word>
			<alt>タン　かつ（ぐ）,にな（う）</alt>
		</trans>
		<comment languages="en-ja">担当 [たんとう]   charge, duty
負担 [ふたん]   burden, charge
担保 [たんぽ]   collateral, mortgage
分担 [ぶんたん]   allotment, sharing
担任 [たんにん]   charge, duty</comment>
	</term>
	<term id="95">
		<trans lang="en">
			<word>labor, work</word>
		</trans>
		<trans lang="ja">
			<word>労</word>
			<alt>ロウ　いたわ（る）</alt>
		</trans>
		<comment languages="en-ja">労働 [ろうどう]   labor, work
過労 [かろう]   overwork, overexertion, strain
労力 [ろうりょく]   labor, effort
労務 [ろうむ]   labor, work
心労 [しんろう]   anxiety, worry, fear</comment>
	</term>
	<term id="96">
		<trans lang="en">
			<word>superior, gentle, to surpass</word>
		</trans>
		<trans lang="ja">
			<word>優</word>
			<alt>ユウ　すぐ（れる）,やさ（しい）,まさ（る）</alt>
		</trans>
		<comment languages="en-ja">優先 [ゆうせん]   preference, superiority
優勝 [ゆうしょう]   championship, overall victory
優位 [ゆうい]   predominance, superiority
優良 [ゆうりょう]   execellent
女優 [じょゆう]   actress</comment>
	</term>
	<term id="97">
		<trans lang="en">
			<word>district, region</word>
		</trans>
		<trans lang="ja">
			<word>域</word>
			<alt>イキ　*</alt>
		</trans>
		<comment languages="en-ja">地域 [ちいき]   area, region
区域 [くいき]   region, zone
流域 [りゅういき]   basin, watershed
海域 [かいいき]   area of ocean, sea territory
領域 [りょういき]   area, domain, region, territory</comment>
	</term>
	<term id="98">
		<trans lang="en">
			<word>difficult</word>
		</trans>
		<trans lang="ja">
			<word>難</word>
			<alt>ナン　かた（い）,むずか（しい）</alt>
		</trans>
		<comment languages="en-ja">難民 [なんみん]   refugees
難問 [なんもん]   difficult question, perplexity
多難 [たなん]   full of trouble
海難 [かいなん]   trouble in voyage
難題 [なんだい]   difficult problem, difficult theme</comment>
	</term>
	<term id="99">
		<trans lang="en">
			<word>to defend, to protect</word>
		</trans>
		<trans lang="ja">
			<word>防</word>
			<alt>ボウ　ふせ（ぐ）</alt>
		</trans>
		<comment languages="en-ja">防止 [ぼうし]   prevention, check
予防 [よぼう]   prevention, precaution
国防 [こくぼう]   national defense
消防 [しょうぼう]   fire fighting
防戦 [ぼうせん]   defensive battle</comment>
	</term>
	<term id="100">
		<trans lang="en">
			<word>tree trunk, important part</word>
		</trans>
		<trans lang="ja">
			<word>幹</word>
			<alt>カン　みき</alt>
		</trans>
		<comment languages="en-ja">幹部 [かんぶ]   leading member, management
幹事 [かんじ]   manager, party coordinator
幹線 [かんせん]   trunk line, main line
主幹 [しゅかん]   chief editor, manager
基幹 [きかん]   mainstay, nucleus, key</comment>
	</term>
</glossary>
