<?xml version="1.0"?>
<glossary id="111" name="5.1" author="Frédéric Bergeron">
	<desc></desc>
	<term id="1">
		<trans lang="en">
			<word>Heisei (reign of Emperor)</word>
		</trans>
		<trans lang="ja">
			<word>平成</word>
			<alt>へいせい</alt>
		</trans>
	</term>
	<term id="2">
		<trans lang="en">
			<word>Christian Era,anno domini (A.D.)</word>
		</trans>
		<trans lang="ja">
			<word>西暦</word>
			<alt>せいれき</alt>
		</trans>
	</term>
	<term id="3">
		<trans lang="en">
			<word>unit,denomination,credit (in school)</word>
		</trans>
		<trans lang="ja">
			<word>単位</word>
			<alt>たんい</alt>
		</trans>
	</term>
	<term id="4">
		<trans lang="en">
			<word>conversion</word>
		</trans>
		<trans lang="ja">
			<word>換算</word>
			<alt>かんさん</alt>
		</trans>
	</term>
</glossary>
