<?xml version="1.0"?>
<glossary id="277" name="7.3" author="Frédéric Bergeron">
	<desc></desc>
	<term id="1">
		<trans lang="en">
			<word>reference,consultation (to)</word>
		</trans>
		<trans lang="ja">
			<word>参照(する)</word>
			<alt>さんしょう(する)</alt>
		</trans>
		<comment languages="en-ja">メソッドの中ではnameという変数で、実行する際に写えられたヒ引数を参照できます。
Inside the method, we can refer to the passed parameter using the name varible.</comment>
	</term>
	<term id="2">
		<trans lang="en">
			<word>plural,multiple</word>
		</trans>
		<trans lang="ja">
			<word>複数</word>
			<alt>ふくすう</alt>
		</trans>
		<comment languages="en-ja">このメソッドは複数の引数を持っている。
This method has many parameters.</comment>
	</term>
	<term id="3">
		<trans lang="en">
			<word>right end,right edge</word>
		</trans>
		<trans lang="ja">
			<word>右端</word>
			<alt>うたん</alt>
		</trans>
	</term>
	<term id="4">
		<trans lang="en">
			<word>right side,right hand</word>
		</trans>
		<trans lang="ja">
			<word>右側</word>
			<alt>うそく</alt>
		</trans>
	</term>
	<term id="5">
		<trans lang="en">
			<word>left end,left edge</word>
		</trans>
		<trans lang="ja">
			<word>左端</word>
			<alt>さたん</alt>
		</trans>
	</term>
	<term id="6">
		<trans lang="en">
			<word>on the way,en route</word>
		</trans>
		<trans lang="ja">
			<word>途中</word>
			<alt>とちゅう</alt>
		</trans>
	</term>
	<term id="7">
		<trans lang="en">
			<word>cube</word>
		</trans>
		<trans lang="ja">
			<word>立方体</word>
			<alt>りっぽうたい</alt>
		</trans>
	</term>
	<term id="8">
		<trans lang="en">
			<word>direction,course,way</word>
		</trans>
		<trans lang="ja">
			<word>方向</word>
			<alt>ほうこう</alt>
		</trans>
	</term>
	<term id="9">
		<trans lang="en">
			<word>to restrict,to limit,to confine</word>
		</trans>
		<trans lang="ja">
			<word>限る</word>
			<alt>かぎる</alt>
		</trans>
		<comment languages="en-ja">メソッドの返り値となるのは最後の行の結果とは限りません。
The return value of a method is not only restricted to the last line.</comment>
	</term>
</glossary>
