<?xml version="1.0"?>
<glossary id="382" name="p135-139" author="Frédéric Bergeron">
	<desc></desc>
	<term id="1">
		<trans lang="es">
			<word>huésped/a</word>
		</trans>
		<trans lang="fr">
			<word>hôte/esse</word>
		</trans>
	</term>
	<term id="2">
		<trans lang="es">
			<word>carente</word>
		</trans>
		<trans lang="fr">
			<word>dépourvu</word>
		</trans>
		<comment languages="es-fr">carencia: carence</comment>
	</term>
	<term id="3">
		<trans lang="es">
			<word>hervir</word>
		</trans>
		<trans lang="fr">
			<word>bouillir,grouiller,fourmiller</word>
		</trans>
		<comment languages="es-fr">El agua está hirviendo.
L'eau bout.

La calle hirvía de gente.
La rue grouillait de monde.

</comment>
	</term>
	<term id="4">
		<trans lang="es">
			<word>dichoso</word>
		</trans>
		<trans lang="fr">
			<word>heureux</word>
		</trans>
	</term>
	<term id="5">
		<trans lang="es">
			<word>viudo/a</word>
		</trans>
		<trans lang="fr">
			<word>veuf/veuve</word>
		</trans>
		<comment languages="es-fr">Cómo puede ser al mismo tiempo viuda y virgen es algo que no termino de entender.
Je n'arrive pas à comprendre comment elle peut être veuve et vierge en même temps.</comment>
	</term>
</glossary>
