<?xml version="1.0"?>
<glossary id="319" name="JBPI-22" author="">
	<desc></desc>
	<term id="1">
		<trans lang="en">
			<word>how?</word>
		</trans>
		<trans lang="ja">
			<word>どうやって</word>
			<alt>dooyatte</alt>
		</trans>
	</term>
	<term id="2">
		<trans lang="en">
			<word>ride, get on ("ni")</word>
		</trans>
		<trans lang="ja">
			<word>のる</word>
			<alt>noru</alt>
		</trans>
	</term>
	<term id="3">
		<trans lang="en">
			<word>get off (a vehicle)</word>
		</trans>
		<trans lang="ja">
			<word>おりる</word>
			<alt>oriru</alt>
		</trans>
	</term>
	<term id="4">
		<trans lang="en">
			<word>walk, go on foot</word>
		</trans>
		<trans lang="ja">
			<word>あるく</word>
			<alt>aruku</alt>
		</trans>
	</term>
	<term id="5">
		<trans lang="en">
			<word>take, cost ("ga")</word>
		</trans>
		<trans lang="ja">
			<word>かかる</word>
			<alt>kakaru</alt>
		</trans>
	</term>
	<term id="6">
		<trans lang="en">
			<word>leave, go out ("wo")</word>
		</trans>
		<trans lang="ja">
			<word>でる</word>
			<alt>deru</alt>
		</trans>
	</term>
	<term id="7">
		<trans lang="en">
			<word>reach, arrive ("ni")</word>
		</trans>
		<trans lang="ja">
			<word>つく</word>
			<alt>tsuku</alt>
		</trans>
	</term>
	<term id="8">
		<trans lang="en">
			<word>late afternoon, evening</word>
		</trans>
		<trans lang="ja">
			<word>ゆうがた</word>
			<alt>yuugata</alt>
		</trans>
	</term>
</glossary>
