<?xml version="1.0"?>
<glossary id="303" name="JNI-17" author="">
	<desc></desc>
	<term id="1">
		<trans lang="en">
			<word>very</word>
		</trans>
		<trans lang="ja">
			<word>とても</word>
			<alt>totemo</alt>
		</trans>
	</term>
	<term id="2">
		<trans lang="en">
			<word>be happy, be glad</word>
		</trans>
		<trans lang="ja">
			<word>よろこぶ</word>
			<alt>yorokobu</alt>
		</trans>
	</term>
	<term id="3">
		<trans lang="en">
			<word>make, compose, form; cook</word>
		</trans>
		<trans lang="ja">
			<word>つくる</word>
			<alt>tsukuru</alt>
		</trans>
	</term>
	<term id="4">
		<trans lang="en">
			<word>so, to that extent</word>
		</trans>
		<trans lang="ja">
			<word>そんなに</word>
			<alt>sonnani</alt>
		</trans>
	</term>
	<term id="5">
		<trans lang="en">
			<word>show</word>
		</trans>
		<trans lang="ja">
			<word>見せる</word>
			<alt>miseru</alt>
		</trans>
	</term>
	<term id="6">
		<trans lang="en">
			<word>elder brother (hon.)</word>
		</trans>
		<trans lang="ja">
			<word>おにいさん</word>
			<alt>oniisan</alt>
		</trans>
	</term>
	<term id="7">
		<trans lang="en">
			<word>elder brother, my ...</word>
		</trans>
		<trans lang="ja">
			<word>あに</word>
			<alt>ani</alt>
		</trans>
	</term>
	<term id="8">
		<trans lang="en">
			<word>Therefore</word>
		</trans>
		<trans lang="ja">
			<word>だから</word>
			<alt>dakara</alt>
		</trans>
	</term>
	<term id="9">
		<trans lang="en">
			<word>sweet</word>
		</trans>
		<trans lang="ja">
			<word>あまい</word>
			<alt>amai</alt>
		</trans>
	</term>
	<term id="10">
		<trans lang="en">
			<word>dislike, be hateful ("ga")</word>
		</trans>
		<trans lang="ja">
			<word>きらい [な]</word>
			<alt>kirai</alt>
		</trans>
	</term>
	<term id="11">
		<trans lang="en">
			<word>person   +</word>
		</trans>
		<trans lang="ja">
			<word>人</word>
			<alt>hito</alt>
		</trans>
	</term>
	<term id="12">
		<trans lang="en">
			<word>people</word>
		</trans>
		<trans lang="ja">
			<word>人たち</word>
			<alt>hitotachi</alt>
		</trans>
	</term>
	<term id="13">
		<trans lang="en">
			<word>French person</word>
		</trans>
		<trans lang="ja">
			<word>フランス人</word>
			<alt>furansujin</alt>
		</trans>
	</term>
	<term id="14">
		<trans lang="en">
			<word>like, be likable ("ga")   +</word>
		</trans>
		<trans lang="ja">
			<word>好き [な]</word>
			<alt>suki</alt>
		</trans>
	</term>
</glossary>
