<?xml version="1.0"?>
<glossary id="337" name="JCS2-14" author="">
	<desc></desc>
	<term id="1">
		<trans lang="en">
			<word>Tokyo (Jap. city)   ++</word>
		</trans>
		<trans lang="ja">
			<word>東京</word>
			<alt>tookyoo</alt>
		</trans>
	</term>
	<term id="2">
		<trans lang="en">
			<word>Kyoto (Jap. city)</word>
		</trans>
		<trans lang="ja">
			<word>京と</word>
			<alt>kyooto</alt>
		</trans>
	</term>
	<term id="3">
		<trans lang="en">
			<word>Hokkaido (Jap. island)   +</word>
		</trans>
		<trans lang="ja">
			<word>北かいどう</word>
			<alt>hokkaidoo</alt>
		</trans>
	</term>
	<term id="4">
		<trans lang="en">
			<word>spacious, roomy, wide   +</word>
		</trans>
		<trans lang="ja">
			<word>広い</word>
			<alt>hiroi</alt>
		</trans>
	</term>
	<term id="5">
		<trans lang="en">
			<word>town, city   +</word>
		</trans>
		<trans lang="ja">
			<word>町</word>
			<alt>machi</alt>
		</trans>
	</term>
	<term id="6">
		<trans lang="en">
			<word>which? (of two)</word>
		</trans>
		<trans lang="ja">
			<word>どちら</word>
			<alt>dochira</alt>
		</trans>
	</term>
	<term id="7">
		<trans lang="en">
			<word>drink, beverage</word>
		</trans>
		<trans lang="ja">
			<word>飲みもの</word>
			<alt>nomimono</alt>
		</trans>
	</term>
	<term id="8">
		<trans lang="en">
			<word>nakade  among</word>
		</trans>
		<trans lang="ja">
			<word>~の中で</word>
			<alt>-no</alt>
		</trans>
	</term>
	<term id="9">
		<trans lang="en">
			<word>most, number 1</word>
		</trans>
		<trans lang="ja">
			<word>一ばん</word>
			<alt>ichiban</alt>
		</trans>
	</term>
	<term id="10">
		<trans lang="en">
			<word>medicine</word>
		</trans>
		<trans lang="ja">
			<word>くすり</word>
			<alt>kusuri</alt>
		</trans>
	</term>
	<term id="11">
		<trans lang="en">
			<word>since, because</word>
		</trans>
		<trans lang="ja">
			<word>~ので</word>
			<alt>-node</alt>
		</trans>
	</term>
	<term id="12">
		<trans lang="en">
			<word>population</word>
		</trans>
		<trans lang="ja">
			<word>人こう</word>
			<alt>jinkoo</alt>
		</trans>
	</term>
	<term id="13">
		<trans lang="en">
			<word>much, far (with comparative)</word>
		</trans>
		<trans lang="ja">
			<word>ずっと</word>
			<alt>zutto</alt>
		</trans>
	</term>
	<term id="14">
		<trans lang="en">
			<word>circumstances</word>
		</trans>
		<trans lang="ja">
			<word>つごう</word>
			<alt>tsugoo</alt>
		</trans>
	</term>
	<term id="16">
		<trans lang="en">
			<word>steak</word>
		</trans>
		<trans lang="ja">
			<word>ステーキ</word>
			<alt>suteeki</alt>
		</trans>
	</term>
	<term id="17">
		<trans lang="en">
			<word>fever (have fever)</word>
		</trans>
		<trans lang="ja">
			<word>ねつ [がある]</word>
			<alt>netsu</alt>
		</trans>
	</term>
	<term id="18">
		<trans lang="en">
			<word>icecream</word>
		</trans>
		<trans lang="ja">
			<word>アイスクリーム</word>
			<alt>aisukuriimu</alt>
		</trans>
	</term>
	<term id="19">
		<trans lang="en">
			<word>seat</word>
		</trans>
		<trans lang="ja">
			<word>せき</word>
			<alt>seki</alt>
		</trans>
	</term>
	<term id="20">
		<trans lang="en">
			<word>same   +</word>
		</trans>
		<trans lang="ja">
			<word>同じ</word>
			<alt>onaji</alt>
		</trans>
	</term>
	<term id="21">
		<trans lang="en">
			<word>north</word>
		</trans>
		<trans lang="ja">
			<word>北</word>
			<alt>kita</alt>
		</trans>
	</term>
	<term id="22">
		<trans lang="en">
			<word>west   +</word>
		</trans>
		<trans lang="ja">
			<word>西</word>
			<alt>nishi</alt>
		</trans>
	</term>
	<term id="23">
		<trans lang="en">
			<word>east</word>
		</trans>
		<trans lang="ja">
			<word>東</word>
			<alt>higashi</alt>
		</trans>
	</term>
	<term id="24">
		<trans lang="en">
			<word>south   +</word>
		</trans>
		<trans lang="ja">
			<word>南</word>
			<alt>minami</alt>
		</trans>
	</term>
	<term id="25">
		<trans lang="en">
			<word>water</word>
		</trans>
		<trans lang="ja">
			<word>水</word>
			<alt>mizu</alt>
		</trans>
	</term>
	<term id="26">
		<trans lang="en">
			<word>meat</word>
		</trans>
		<trans lang="ja">
			<word>にく</word>
			<alt>niku</alt>
		</trans>
	</term>
	<term id="27">
		<trans lang="en">
			<word>fish</word>
		</trans>
		<trans lang="ja">
			<word>さかな</word>
			<alt>sakana</alt>
		</trans>
	</term>
	<term id="28">
		<trans lang="en">
			<word>fruit</word>
		</trans>
		<trans lang="ja">
			<word>くだもの</word>
			<alt>kudamono</alt>
		</trans>
	</term>
	<term id="29">
		<trans lang="en">
			<word>strawberry</word>
		</trans>
		<trans lang="ja">
			<word>いちご</word>
			<alt>ichigo</alt>
		</trans>
	</term>
	<term id="30">
		<trans lang="en">
			<word>tangerine, Jap. orange</word>
		</trans>
		<trans lang="ja">
			<word>みかん</word>
			<alt>mikan</alt>
		</trans>
	</term>
	<term id="31">
		<trans lang="en">
			<word>pineapple</word>
		</trans>
		<trans lang="ja">
			<word>パイナップル</word>
			<alt>painappuru</alt>
		</trans>
	</term>
	<term id="32">
		<trans lang="en">
			<word>banana</word>
		</trans>
		<trans lang="ja">
			<word>バナナ</word>
			<alt>banana</alt>
		</trans>
	</term>
	<term id="33">
		<trans lang="en">
			<word>colour</word>
		</trans>
		<trans lang="ja">
			<word>いろ</word>
			<alt>iro</alt>
		</trans>
	</term>
	<term id="34">
		<trans lang="en">
			<word>red (-ness)</word>
		</trans>
		<trans lang="ja">
			<word>あか [い]</word>
			<alt>aka</alt>
		</trans>
	</term>
	<term id="35">
		<trans lang="en">
			<word>white (-ness)</word>
		</trans>
		<trans lang="ja">
			<word>白 [い]</word>
			<alt>shiro</alt>
		</trans>
	</term>
	<term id="36">
		<trans lang="en">
			<word>yellow (-ness)</word>
		</trans>
		<trans lang="ja">
			<word>きいろ [い]</word>
			<alt>kiiro</alt>
		</trans>
	</term>
	<term id="37">
		<trans lang="en">
			<word>black (-ness)</word>
		</trans>
		<trans lang="ja">
			<word>くろ [い]</word>
			<alt>kuro</alt>
		</trans>
	</term>
	<term id="38">
		<trans lang="en">
			<word>blue (-ness)</word>
		</trans>
		<trans lang="ja">
			<word>あお [い]</word>
			<alt>ao</alt>
		</trans>
	</term>
	<term id="39">
		<trans lang="en">
			<word>green (-ness)</word>
		</trans>
		<trans lang="ja">
			<word>みどり [の]</word>
			<alt>midori</alt>
		</trans>
	</term>
	<term id="40">
		<trans lang="en">
			<word>all right, OK</word>
		</trans>
		<trans lang="ja">
			<word>大じょうぶ [な]</word>
			<alt>daijoobu</alt>
		</trans>
	</term>
	<term id="41">
		<trans lang="en">
			<word>bath (take a bath)</word>
		</trans>
		<trans lang="ja">
			<word>おふろ [に入る]</word>
			<alt>ofuro</alt>
		</trans>
	</term>
	<term id="42">
		<trans lang="en">
			<word>throat</word>
		</trans>
		<trans lang="ja">
			<word>のど</word>
			<alt>nodo</alt>
		</trans>
	</term>
	<term id="43">
		<trans lang="en">
			<word>tooth</word>
		</trans>
		<trans lang="ja">
			<word>は</word>
			<alt>ha</alt>
		</trans>
	</term>
</glossary>
