<?xml version="1.0"?>
<glossary id="50" name="Kanji401-500" author="">
	<desc></desc>
	<term id="1">
		<trans lang="en">
			<word>agency, office</word>
		</trans>
		<trans lang="ja">
			<word>庁</word>
			<alt>チョウ　*</alt>
		</trans>
		<comment languages="en-ja">官庁 [かんちょう]   government office
道庁 [どうちょう]   Hokkaido prefectural office
県庁 [けんちょう]   prefectural office
府庁 [ふちょう]   Osaka, Kyoto prefecture office
支庁 [しちょう]   a branch administrative office</comment>
	</term>
	<term id="2">
		<trans lang="en">
			<word>military</word>
		</trans>
		<trans lang="ja">
			<word>武</word>
			<alt>ブ　ム　たけ</alt>
		</trans>
		<comment languages="en-ja">武力 [ぶりょく]   military force
西武 [せいぶ]   Seibu (personal name)
武士 [ぶし]   Samurai, warrior
武器 [ぶき]   arms, weapon
武家 [ぶけ]   samurai, military family</comment>
	</term>
	<term id="3">
		<trans lang="en">
			<word>to build, to produce</word>
		</trans>
		<trans lang="ja">
			<word>造</word>
			<alt>ゾウ　つく（る）</alt>
		</trans>
		<comment languages="en-ja">構造 [こうぞう]   structure, construction
製造 [せいぞう]   manufacture, production
木造 [もくぞう]   wooden, made of wood
建造 [けんぞう]   building, construction
造成 [ぞうせい]   construction</comment>
	</term>
	<term id="4">
		<trans lang="en">
			<word>assist, colonel</word>
		</trans>
		<trans lang="ja">
			<word>佐</word>
			<alt>サ　*</alt>
		</trans>
		<comment languages="en-ja">補佐 [ほさ]   assistance, assistant
大佐 [たいさ]   colonel, (navy) captain
中佐 [ちゅうさ]   lieutenat colonel, (navy) commander
少佐 [しょうさ]   major, lieutenant commander
佐藤 [さとう]   Sato (personal name)</comment>
	</term>
	<term id="5">
		<trans lang="en">
			<word>give, bestow</word>
		</trans>
		<trans lang="ja">
			<word>与</word>
			<alt>ヨ　あた（える）</alt>
		</trans>
		<comment languages="en-ja">関与 [かんよ]   participation, involvement
与党 [よとう]   majority (political) party
授与 [じゅよ]   conferment, award
付与 [ふよ]   grant, endowment, allowance
供与 [きょうよ]   offer, giving, provision</comment>
	</term>
	<term id="6">
		<trans lang="en">
			<word>to watch, regard</word>
		</trans>
		<trans lang="ja">
			<word>視</word>
			<alt>シ　み（る）</alt>
		</trans>
		<comment languages="en-ja">監視 [かんし]   watch, watchman, surveillance
視界 [しかい]   visibility, field of vision
重視 [じゅうし]   importance, serious consideration
無視 [むし]   disregard, ignore
視点 [してん]   point of view, opinion</comment>
	</term>
	<term id="7">
		<trans lang="en">
			<word>to accompany, vice-</word>
		</trans>
		<trans lang="ja">
			<word>副</word>
			<alt>フク　そ（う）,そ（える）</alt>
		</trans>
		<comment languages="en-ja">副業 [ふくぎょう]   side job
副官 [ふくかん]   adjutant
副使 [ふくし]   vice-messenger, deputy delegate
副食 [ふくしょく]   side dish
副本 [ふくほん]   duplicate, copy</comment>
	</term>
	<term id="8">
		<trans lang="en">
			<word>attempt, test</word>
		</trans>
		<trans lang="ja">
			<word>試</word>
			<alt>シ　こころ（みる）,ため（す）</alt>
		</trans>
		<comment languages="en-ja">試験 [しけん]   examination, test
入試 [にゅうし]   entrance examination
試食 [ししょく]   tasting, sampling
試作 [しさく]   trial manufacture、experiment
試用 [しよう]   trial</comment>
	</term>
	<term id="9">
		<trans lang="en">
			<word>pawn, nature, quality</word>
		</trans>
		<trans lang="ja">
			<word>質</word>
			<alt>シチ　シツ　*</alt>
		</trans>
		<comment languages="en-ja">水質 [すいしつ]   water quality
物質 [ぶっしつ]   matter
質疑 [しつぎ]   question
体質 [たいしつ]   (a person's) constitution
質問 [しつもん]   question</comment>
	</term>
	<term id="10">
		<trans lang="en">
			<word>to limit, boundary, restriction</word>
		</trans>
		<trans lang="ja">
			<word>限</word>
			<alt>ゲン　かぎ（る）</alt>
		</trans>
		<comment languages="en-ja">制限 [せいげん]   limit, restriction
期限 [きげん]   time limit, term, period
限界 [げんかい]   limit, boundary
限度 [げんど]   limit, bounds
権限 [けんげん]   authority, power, jurisdiction</comment>
	</term>
	<term id="11">
		<trans lang="en">
			<word>road, path, way</word>
		</trans>
		<trans lang="ja">
			<word>路</word>
			<alt>ロ　じ,みち</alt>
		</trans>
		<comment languages="en-ja">道路 [どうろ]   road, street
路線 [ろせん]   route, line
進路 [しんろ]   course, route
線路 [せんろ]   railway track
路上 [ろじょう]   on the road</comment>
	</term>
	<term id="12">
		<trans lang="en">
			<word>figure, posture, attitude</word>
		</trans>
		<trans lang="ja">
			<word>態</word>
			<alt>タイ　*</alt>
		</trans>
		<comment languages="en-ja">事態 [じたい]   situation, present state of affairs
状態 [じょうたい]   condition, situation, state
態勢 [たいせい]   conditions, preparations, attitude
実態 [じったい]   actual condition
態度 [たいど]   attitude, behavior</comment>
	</term>
	<term id="13">
		<trans lang="en">
			<word>scenery, appearance, looks</word>
		</trans>
		<trans lang="ja">
			<word>景</word>
			<alt>ケイ　*</alt>
		</trans>
		<comment languages="en-ja">景気 [けいき]   business condition
風景 [ふうけい]   landscape, scenery
情景 [じょうけい]   scene, sight
景品 [けいひん]   gift, premium
景観 [けいかん]   scenery</comment>
	</term>
	<term id="14">
		<trans lang="en">
			<word>shape, elephant</word>
		</trans>
		<trans lang="ja">
			<word>象</word>
			<alt>ショウ　ゾウ　*</alt>
		</trans>
		<comment languages="en-ja">対象 [たいしょう]   object, target, subject
気象 [きしょう]   meteorology, weather
現象 [げんしょう]   phenomenon
事象 [じしょう]   phenomenon, matter
象形 [しょうけい]   hieroglyph</comment>
	</term>
	<term id="15">
		<trans lang="en">
			<word>skill, craft</word>
		</trans>
		<trans lang="ja">
			<word>技</word>
			<alt>ギ　わざ</alt>
		</trans>
		<comment languages="en-ja">技術 [ぎじゅつ]   technique, technology
演技 [えんぎ]   performance, acting
特技 [とくぎ]   special ability, skill
技法 [ぎほう]   technique
技能 [ぎのう]   technical skill, ability</comment>
	</term>
	<term id="16">
		<trans lang="en">
			<word>help, to rescue</word>
		</trans>
		<trans lang="ja">
			<word>助</word>
			<alt>ジョ　たす（ける）,すけ</alt>
		</trans>
		<comment languages="en-ja">援助 [えんじょ]   support
助成 [じょせい]   aid, support
補助 [ほじょ]   assistance, aid
助言 [じょげん]   advice, suggestion, counsel
助長 [じょちょう]   promotion, encouragement, fostering</comment>
	</term>
	<term id="17">
		<trans lang="en">
			<word>man, husband</word>
		</trans>
		<trans lang="ja">
			<word>郎</word>
			<alt>ロウ　*</alt>
		</trans>
		<comment languages="en-ja">一郎 [いちろう]   Ichiro (personal name)
新郎 [しんろう]   bridegroom
女郎 [じょろう]   prostitute, geisha
太郎 [たろう]   Taro (personal name)
野郎 [やろう]   rascal</comment>
	</term>
	<term id="18">
		<trans lang="en">
			<word>rule, standard</word>
		</trans>
		<trans lang="ja">
			<word>準</word>
			<alt>ジュン　*</alt>
		</trans>
		<comment languages="en-ja">基準 [きじゅん]   standard, criteria, norm
水準 [すいじゅん]   level, standard
準備 [じゅんび]   preparation
規準 [きじゅん]   standard, criteria, norm
準急 [じゅんきゅう]   local express (train)</comment>
	</term>
	<term id="19">
		<trans lang="en">
			<word>wait, treat</word>
		</trans>
		<trans lang="ja">
			<word>待</word>
			<alt>タイ　ま（つ）</alt>
		</trans>
		<comment languages="en-ja">期待 [きたい]   expectation
待機 [たいき]   waiting for a chance
待望 [たいぼう]   long-expected, eager waiting
応待 [おうたい]   deal with, wait on
優待 [ゆうたい]   couteous treatment, hospitality</comment>
	</term>
	<term id="20">
		<trans lang="en">
			<word>effect, examine</word>
		</trans>
		<trans lang="ja">
			<word>験</word>
			<alt>ケン　*</alt>
		</trans>
		<comment languages="en-ja">経験 [けいけん]   experience
試験 [しけん]   examination, test
体験 [たいけん]   personal experience
受験 [じゅけん]   taking an examination
実験 [じっけん]   experiment</comment>
	</term>
	<term id="21">
		<trans lang="en">
			<word>border, fate, circumstances</word>
		</trans>
		<trans lang="ja">
			<word>境</word>
			<alt>キョウ　ケイ　さかい</alt>
		</trans>
		<comment languages="en-ja">環境 [かんきょう]   environment, circumstance
国境 [こっきょう／くにざかい]   border (nation, state)
境内 [けいだい]   grounds, compound
境界 [きょうかい]   boundary, border
心境 [しんきょう]   mind, mental state</comment>
	</term>
	<term id="22">
		<trans lang="en">
			<word>parent, intimate</word>
		</trans>
		<trans lang="ja">
			<word>親</word>
			<alt>シン　おや</alt>
		</trans>
		<comment languages="en-ja">親子 [おやこ]   parent and child
両親 [りょうしん]   parents, both parents
親交 [しんこう]   intimacy, friendship
親権 [しんけん]   parental authority, custody
親切 [しんせつ]   kindness, gentleness, nice</comment>
	</term>
	<term id="23">
		<trans lang="en">
			<word>seat, place</word>
		</trans>
		<trans lang="ja">
			<word>席</word>
			<alt>セキ　*</alt>
		</trans>
		<comment languages="en-ja">出席 [しゅせき]   attendance, presence
退席 [たいせき]   leaving one's seat, retirement
首席 [しゅせき]   top (of class), top seat
客席 [きゃくせき]   audience seat
主席 [しゅせき]   head, chief</comment>
	</term>
	<term id="24">
		<trans lang="en">
			<word>shape, model, pattern</word>
		</trans>
		<trans lang="ja">
			<word>形</word>
			<alt>ケイ　ギョウ　かた,かたち</alt>
		</trans>
		<comment languages="en-ja">手形 [てがた]   hand print, bill
原形 [げんけい]   original form
地形 [ちけい]   geographical features
形式 [けいしき]   formation
形相 [ぎょうそう]   features, look, aspect</comment>
	</term>
	<term id="25">
		<trans lang="en">
			<word>to display, to spread</word>
		</trans>
		<trans lang="ja">
			<word>展</word>
			<alt>テン　*</alt>
		</trans>
		<comment languages="en-ja">展開 [てんかい]   development, progress, expansion
進展 [しんてん]   progress, development
発展 [はってん]   development, growth
展望 [てんぼう]   view, prospect
展示 [てんじ]   display, exhibition</comment>
	</term>
	<term id="26">
		<trans lang="en">
			<word>head, beginning, leader</word>
		</trans>
		<trans lang="ja">
			<word>頭</word>
			<alt>ズ　トウ　ト　あたま,かしら</alt>
		</trans>
		<comment languages="en-ja">口頭 [こうとう]   oral
念頭 [ねんとう]   mind
出頭 [しゅっとう]   attending (a place), appearing (in court)
頭上 [ずじょう]   overhead
頭金 [あたまきん]   down payment</comment>
	</term>
	<term id="27">
		<trans lang="en">
			<word>door, house</word>
		</trans>
		<trans lang="ja">
			<word>戸</word>
			<alt>コ　と</alt>
		</trans>
		<comment languages="en-ja">神戸 [こうべ]   Kobe (place name)
戸外 [こがい]   outdoors, open air
戸数 [こすう]   number of households
戸口 [とぐち]   door, entrance
門戸 [もんこ]   doorway</comment>
	</term>
	<term id="28">
		<trans lang="en">
			<word>valley</word>
		</trans>
		<trans lang="ja">
			<word>谷</word>
			<alt>コク　たに</alt>
		</trans>
		<comment languages="en-ja">長谷 [はせ]   Hase (personal name)
谷間 [たにま]   ravine, valley
山谷 [さんこく]   mountain and valley
谷川 [たにがわ]   mountain stream, valley river
空谷 [くうこく]   lonely, silent valley</comment>
	</term>
	<term id="29">
		<trans lang="en">
			<word>to work</word>
		</trans>
		<trans lang="ja">
			<word>働</word>
			<alt>ドウ　はたら（く）</alt>
		</trans>
		<comment languages="en-ja">労働 [ろうどう]   labor, work
実働 [じつどう]   actual working
下働き [したばたら（き）]   subordinate work, assistant, servant
共働き [ともばたら（き）]   dual income
  [ ]</comment>
	</term>
	<term id="30">
		<trans lang="en">
			<word>condition</word>
		</trans>
		<trans lang="ja">
			<word>況</word>
			<alt>キョウ　*</alt>
		</trans>
		<comment languages="en-ja">状況 [じょうきょう]   situation, circumstances
不況 [ふきょう]   depression, recession, slump
現況 [げんきょう]   present condition
近況 [きんきょう]   resent condition
実況 [じっきょう]   real condition</comment>
	</term>
	<term id="31">
		<trans lang="en">
			<word>serve, work</word>
		</trans>
		<trans lang="ja">
			<word>仕</word>
			<alt>シ　つか（える）</alt>
		</trans>
		<comment languages="en-ja">仕事 [しごと]   occupation, work
仕上げ [しあ（げ）]   finishing touches, completion
仕方 [しかた]   way, method, means
仕込み [しこ（み）]   training, stocking up, preparation
仕組 [しくみ]   set up, mechanism</comment>
	</term>
	<term id="32">
		<trans lang="en">
			<word>leaf</word>
		</trans>
		<trans lang="ja">
			<word>葉</word>
			<alt>ヨウ　は</alt>
		</trans>
		<comment languages="en-ja">言葉 [ことば]   speech, language, word
千葉 [ちば]   Chiba (place name)
落葉 [らくよう]   falling leaves
葉書 [はがき]   postcard
葉月 [はづき]   eighth lunar month</comment>
	</term>
	<term id="33">
		<trans lang="en">
			<word>swift, early, quick</word>
		</trans>
		<trans lang="ja">
			<word>早</word>
			<alt>ソウ　サッ　はや（い）</alt>
		</trans>
		<comment languages="en-ja">早期 [そうき]   early stage
早急 [そうきゅう]   urgently
早朝 [そうちょう]   early morning
早口 [はやくち]   fast-speaking
早退 [そうたい]   leaving early</comment>
	</term>
	<term id="34">
		<trans lang="en">
			<word>stump, share, stocks</word>
		</trans>
		<trans lang="ja">
			<word>株</word>
			<alt>シュ　かぶ</alt>
		</trans>
		<comment languages="en-ja">株式 [かぶしき]   stocks, shares
株主 [かぶぬし]   stockholder, shareholder
株価 [かぶか]   stock prices
古株 [ふるかぶ]   old-timer, veteran, senior
頭株 [あたまかぶ]   chief, leader</comment>
	</term>
	<term id="35">
		<trans lang="en">
			<word>watch, lookout</word>
		</trans>
		<trans lang="ja">
			<word>監</word>
			<alt>カン　*</alt>
		</trans>
		<comment languages="en-ja">監視 [かんし]   watch, watchman, surveillance
監査 [かんさ]   audit, inspection
収監 [しゅうかん]   imprisonment
出監 [しゅっかん]   leaving prison
総監 [そうかん]   superintendent-general</comment>
	</term>
	<term id="36">
		<trans lang="en">
			<word>to grant, to give, to teach</word>
		</trans>
		<trans lang="ja">
			<word>授</word>
			<alt>ジュ　さず（ける）,さず（かる）</alt>
		</trans>
		<comment languages="en-ja">教授 [きょうじゅ]   instruction, professor
授業 [じゅぎょう]   lessen, lecture
授与 [じゅよ]   awarding, conferring
伝授 [でんじゅ]   instruction, initiation
授受 [じゅじゅ]   transmission, giving and receiving</comment>
	</term>
	<term id="37">
		<trans lang="en">
			<word>quantity, weigh, measure</word>
		</trans>
		<trans lang="ja">
			<word>量</word>
			<alt>リョウ　はか（る）</alt>
		</trans>
		<comment languages="en-ja">大量 [たいりょう]   large quantity
総量 [そうりょう]   total amount, gross weight
多量 [たりょう]   large quantity
水量 [すいりょう]   amount of water
量的 [りょうてき]   quantitative</comment>
	</term>
	<term id="38">
		<trans lang="en">
			<word>gate, house</word>
		</trans>
		<trans lang="ja">
			<word>門</word>
			<alt>モン　かど</alt>
		</trans>
		<comment languages="en-ja">部門 [ぶもん]   department, section
校門 [こうもん]   school gate
入門 [にゅうもん]   becoming disciple, beginner's level
門出 [かどで]   departure
名門 [めいもん]   noted family, noble family</comment>
	</term>
	<term id="39">
		<trans lang="en">
			<word>label, vote, ticket</word>
		</trans>
		<trans lang="ja">
			<word>票</word>
			<alt>ヒョウ　*</alt>
		</trans>
		<comment languages="en-ja">投票 [とうひょう]   voting, poll
得票 [とくひょう]   number of votes polled, poll votes
開票 [かいひょう]   ballot counting
伝票 [でんぴょう]   sales slip, voucher
票決 [ひょうけつ]   vote, ballot</comment>
	</term>
	<term id="40">
		<trans lang="en">
			<word>idea, thought</word>
		</trans>
		<trans lang="ja">
			<word>想</word>
			<alt>ソウ　ソ　おも（う）</alt>
		</trans>
		<comment languages="en-ja">予想 [よそう]   expectation, anticipation
構想 [こうそう]   plan, plot, conception
想定 [そうてい]   supposition, hypothesis
感想 [かんそう]   impression, thoughts
理想 [りそう]   ideal</comment>
	</term>
	<term id="41">
		<trans lang="en">
			<word>yes, however, nature</word>
		</trans>
		<trans lang="ja">
			<word>然</word>
			<alt>ゼン　ネン　*</alt>
		</trans>
		<comment languages="en-ja">自然 [しぜん]   nature
当然 [とうぜん]   just, natural
必然 [ひつぜん]   necessary, inevitable
天然 [てんねん]   nature, spontaneity
全然 [ぜんぜん]   not at all, entirely</comment>
	</term>
	<term id="42">
		<trans lang="en">
			<word>to cross, to traverse</word>
		</trans>
		<trans lang="ja">
			<word>渡</word>
			<alt>ト　わた（る）</alt>
		</trans>
		<comment languages="en-ja">手渡す [てわた（す）]   handing in, over
過渡 [かと]   crossing, changing old to new
渡来 [とらい]   visit, introduction, importation
渡米 [とべい]   going to America
不渡り [ふわた（り）]   non-payment, dishonouring (bill)</comment>
	</term>
	<term id="43">
		<trans lang="en">
			<word>judge</word>
		</trans>
		<trans lang="ja">
			<word>審</word>
			<alt>シン　*</alt>
		</trans>
		<comment languages="en-ja">審議 [しんぎ]   deliberation, discussion
審査 [しんさ]   judgment, examination, inspection
一審 [いっしん]   first trial
審判 [しんぱん]   referee, judgment
審理 [しんり]   trial</comment>
	</term>
	<term id="44">
		<trans lang="en">
			<word>allot, impose, assign</word>
		</trans>
		<trans lang="ja">
			<word>課</word>
			<alt>カ　*</alt>
		</trans>
		<comment languages="en-ja">課税 [かぜい]   imposition of taxes, taxation
課題 [かだい]   assignment, problem, theme
課長 [かちょう]   section chief
日課 [にっか]   daily work, routine
課目 [かもく]   subject, lessen</comment>
	</term>
	<term id="45">
		<trans lang="en">
			<word>good</word>
		</trans>
		<trans lang="ja">
			<word>良</word>
			<alt>リョウ　よ（い）</alt>
		</trans>
		<comment languages="en-ja">不良 [ふりょう]   bad, wicked
改良 [かいりょう]   improvement, reform
良心 [りょうしん]   conscience
良好 [りょうこう]   good, satisfactory
良質 [りょうしつ]   superior quality</comment>
	</term>
	<term id="46">
		<trans lang="en">
			<word>to convey, tradition</word>
		</trans>
		<trans lang="ja">
			<word>伝</word>
			<alt>デン　つた（わる）,つて</alt>
		</trans>
		<comment languages="en-ja">伝統 [でんとう]   tradition, conversion
伝道 [でんどう]   missionary work
伝記 [でんき]   biography
伝言 [でんごん]   verbal message, word
手伝い [てつだ（い）]   help, assistance</comment>
	</term>
	<term id="47">
		<trans lang="en">
			<word>brilliant, eminent, English</word>
		</trans>
		<trans lang="ja">
			<word>英</word>
			<alt>エイ　*</alt>
		</trans>
		<comment languages="en-ja">英語 [えいご]   English language
英国 [えいこく]   England
英和 [えいわ]   English-Japanese (language)
英米 [えいべい]   English and American
英知 [えいち]   intelligence</comment>
	</term>
	<term id="48">
		<trans lang="en">
			<word>pipe, administer</word>
		</trans>
		<trans lang="ja">
			<word>管</word>
			<alt>カン　*</alt>
		</trans>
		<comment languages="en-ja">管理 [かんり]   control, management (business)
保管 [ほかん]   custody, safekeeping
管制 [かんせい]   censorship
管下 [かんか]   within jurisdiction
管区 [かんく]   district under jurisdiction</comment>
	</term>
	<term id="49">
		<trans lang="en">
			<word>branch, reason</word>
		</trans>
		<trans lang="ja">
			<word>条</word>
			<alt>ジョウ　えだ</alt>
		</trans>
		<comment languages="en-ja">条件 [じょうけん]   conditions, requirement, terms
条約 [じょうやく]   convention, treaty
条例 [じょうれい]   regulations, rules, laws
信条 [しんじょう]   creed, felief, article of faith
条理 [じょうり]   reason</comment>
	</term>
	<term id="50">
		<trans lang="en">
			<word>think</word>
		</trans>
		<trans lang="ja">
			<word>念</word>
			<alt>ネン　*</alt>
		</trans>
		<comment languages="en-ja">記念 [きねん]   commemoration, memorial
残念 [ざんねん]   regret
疑念 [ぎねん]   doubt, suspicion
断念 [だんねん]   giving up, abandoning
念頭 [ねんとう]   mind</comment>
	</term>
	<term id="51">
		<trans lang="en">
			<word>love</word>
		</trans>
		<trans lang="ja">
			<word>愛</word>
			<alt>アイ　*</alt>
		</trans>
		<comment languages="en-ja">愛知 [あいち]   Aichi (place name)
愛情 [あいじょう]   love, affection
愛護 [あいご]   protection, tender care
愛着 [あいちゃく]   attachment
愛国 [あいこく]   patriotism</comment>
	</term>
	<term id="52">
		<trans lang="en">
			<word>side, width</word>
		</trans>
		<trans lang="ja">
			<word>横</word>
			<alt>オウ　よこ</alt>
		</trans>
		<comment languages="en-ja">横行 [おうこう]   infesting with, staggering
横断 [おうだん]   crossing
横切る [よこぎ（る）]   cross
横転 [おうてん]   turning sideways
横領 [おうりょう]   usurpation, embezzlement</comment>
	</term>
	<term id="53">
		<trans lang="en">
			<word>family, tribe, clan</word>
		</trans>
		<trans lang="ja">
			<word>族</word>
			<alt>ゾク　*</alt>
		</trans>
		<comment languages="en-ja">家族 [かぞく]   family
民族 [みんぞく]   race, people, nation
一族 [いちぞく]   a family, relatives
親族 [しんぞく]   relative
種族 [しゅぞく]   race, tribe</comment>
	</term>
	<term id="54">
		<trans lang="en">
			<word>to suffer, to receive</word>
		</trans>
		<trans lang="ja">
			<word>被</word>
			<alt>ヒ　こうむ（る）</alt>
		</trans>
		<comment languages="en-ja">被告 [ひこく]   defendant
被害 [ひがい]   indury, damage
法被 [はっぴ]   happy coat, workman's livery coat
  [ ]    
  [ ]</comment>
	</term>
	<term id="55">
		<trans lang="en">
			<word>attendant, to offer (to God)</word>
		</trans>
		<trans lang="ja">
			<word>供</word>
			<alt>キョウ	グ　とも	そな（える）</alt>
		</trans>
		<comment languages="en-ja">子供 [こども]   child
提供 [ていきょう]   offer, sponsor
供述 [きょうじゅつ]   deposition, testimony
供与 [きょうよ]   offer, giving, provision
供物 [くもつ]   offering</comment>
	</term>
	<term id="56">
		<trans lang="en">
			<word>medicine, healing, cure</word>
		</trans>
		<trans lang="ja">
			<word>医</word>
			<alt>イ　*</alt>
		</trans>
		<comment languages="en-ja">医院 [いいん]   doctor's office, clinic
医大 [いだい]   medical school, medical university
医学 [いがく]   medical science
医者 [いしゃ]   physician, doctor
医務 [いむ]   medical affairs</comment>
	</term>
	<term id="57">
		<trans lang="en">
			<word>room</word>
		</trans>
		<trans lang="ja">
			<word>室</word>
			<alt>シツ　むろ</alt>
		</trans>
		<comment languages="en-ja">病室 [びょうしつ]   sickroom, hospital room
室長 [しつちょう]   head of room, room monitor
和室 [わしつ]   Japanese style room
室内 [しつない]   indoor
個室 [こしつ]   private room</comment>
	</term>
	<term id="58">
		<trans lang="en">
			<word>to reflect, to match, to project</word>
		</trans>
		<trans lang="ja">
			<word>映</word>
			<alt>エイ　うつ（す）,うつ（る）,は（える）</alt>
		</trans>
		<comment languages="en-ja">反映 [はんえい]   reflection, influence
映画 [えいが]   movie, film
上映 [じょうえい]   showing (film), screen projection
見映 [みばえ]   charm, attraction
放映 [ほうえい]   televising</comment>
	</term>
	<term id="59">
		<trans lang="en">
			<word>end, future</word>
		</trans>
		<trans lang="ja">
			<word>末</word>
			<alt>マツ　すえ</alt>
		</trans>
		<comment languages="en-ja">月末 [げつまつ]   end of month
年末 [ねんまつ]   end of year
末期 [まっき]   last stage
始末 [しまつ]   dealing, settlement, afterwards
終末 [しゅうまつ]   end</comment>
	</term>
	<term id="60">
		<trans lang="en">
			<word>defeat, to bear</word>
		</trans>
		<trans lang="ja">
			<word>負</word>
			<alt>フ　お（う）,ま（け）</alt>
		</trans>
		<comment languages="en-ja">負担 [ふたん]   burden
勝負 [しょうぶ]   victory or defeat
自負 [じふ]   self conceited, bragging about oneself
正負 [せいふ]   positive and negative
気負い [きお（い）]   fighting spirit, fighting mood</comment>
	</term>
	<term id="61">
		<trans lang="en">
			<word>individual, piece</word>
		</trans>
		<trans lang="ja">
			<word>個</word>
			<alt>コ　*</alt>
		</trans>
		<comment languages="en-ja">個人 [こじん]   individual, private
個別 [こべつ]   individually
〜個 [〜こ]   number of pieces
個性 [こせい]   personality, individuality
個室 [こしつ]   private room</comment>
	</term>
	<term id="62">
		<trans lang="en">
			<word>organ, container, receptacle</word>
		</trans>
		<trans lang="ja">
			<word>器</word>
			<alt>キ　うつわ</alt>
		</trans>
		<comment languages="en-ja">機器 [きき]   machinery and tools
計器 [けいき]   meter, guage
武器 [ぶき]   arms, weapon
楽器 [がっき]   musical instrument
器量 [きりょう]   countenance, talent</comment>
	</term>
	<term id="63">
		<trans lang="en">
			<word>low</word>
		</trans>
		<trans lang="ja">
			<word>低</word>
			<alt>テイ　ひく（い）</alt>
		</trans>
		<comment languages="en-ja">最低 [さいてい]   the lowest
低下 [ていか]   lowering, decline
低地 [ていち]   low lands, depression
低落 [ていらく]   fall, depreciation
低額 [ていがく]   small amount</comment>
	</term>
	<term id="64">
		<trans lang="en">
			<word>young</word>
		</trans>
		<trans lang="ja">
			<word>若</word>
			<alt>ジャク　ニャク　わか（い）</alt>
		</trans>
		<comment languages="en-ja">若者 [わかもの]   young man, youth
若手 [わかて]   young person
若年 [じゃくねん]   youth
若人 [わこうど]   young person
若気 [わかげ]   youthful impatience</comment>
	</term>
	<term id="65">
		<trans lang="en">
			<word>letter, character, section of a village</word>
		</trans>
		<trans lang="ja">
			<word>字</word>
			<alt>ジ　あざ</alt>
		</trans>
		<comment languages="en-ja">数字 [すうじ]   figure, numeral
文字 [もじ]   character, letter
字引 [じびき]   dictionary
字画 [じかく]   strokes in character
字形 [じけい]   character style, form</comment>
	</term>
	<term id="66">
		<trans lang="en">
			<word>to run after,  to chase</word>
		</trans>
		<trans lang="ja">
			<word>追</word>
			<alt>ツイ　お（う）</alt>
		</trans>
		<comment languages="en-ja">追加 [ついか]   addition, supplement
追究 [ついきゅう]   thorough investigation, enquiry
追放 [ついほう]   banishment, exile
追求 [ついきゅう]   pursuit, close enquiry
追想 [ついそう]   remembrance</comment>
	</term>
	<term id="67">
		<trans lang="en">
			<word>point, difference</word>
		</trans>
		<trans lang="ja">
			<word>差</word>
			<alt>サ　*</alt>
		</trans>
		<comment languages="en-ja">差額 [さがく]   balance
交差 [こうさ]   intersection
差別 [さべつ]   discrimination
差違 [さい]   difference
時差 [じさ]   time difference</comment>
	</term>
	<term id="68">
		<trans lang="en">
			<word>value, price</word>
		</trans>
		<trans lang="ja">
			<word>値</word>
			<alt>ネ　あたい</alt>
		</trans>
		<comment languages="en-ja">値上げ [ねあ(げ)]   rise in price
高値 [たかね]   high price
終値 [おわりね]   closing price
価値 [かち]   value, worth
値引き [ねび（き）]   price reduction, discount</comment>
	</term>
	<term id="69">
		<trans lang="en">
			<word>kind, type, seed</word>
		</trans>
		<trans lang="ja">
			<word>種</word>
			<alt>シュ　たね</alt>
		</trans>
		<comment languages="en-ja">業種 [ぎょうしゅ]   type of industry, job
車種 [しゃしゅ]   car make, car model
各種 [かくしゅ]   each kind
種別 [しゅべつ]   classification
人種 [じんしゅ]   human race</comment>
	</term>
	<term id="70">
		<trans lang="en">
			<word>iron, steel</word>
		</trans>
		<trans lang="ja">
			<word>鉄</word>
			<alt>テツ　*</alt>
		</trans>
		<comment languages="en-ja">鉄道 [てつどう]   railroad
国鉄 [こくてつ]   national railway
電鉄 [でんてつ]   electric railroad
製鉄 [せいてつ]   iron manufacture
私鉄 [してつ]   private railway</comment>
	</term>
	<term id="71">
		<trans lang="en">
			<word>wind, style</word>
		</trans>
		<trans lang="ja">
			<word>風</word>
			<alt>フウ　フ　かぜ	かざ</alt>
		</trans>
		<comment languages="en-ja">強風 [きょうふう]   strong wind
風向き [かざむ（き）]   wind direction
風土 [ふうど]   climate, topography
風景 [ふうけい]   scenery, landscape
台風 [たいふう]   typhoon</comment>
	</term>
	<term id="72">
		<trans lang="en">
			<word>to state, to say, to report</word>
		</trans>
		<trans lang="ja">
			<word>申</word>
			<alt>シン　もう（す）</alt>
		</trans>
		<comment languages="en-ja">申告 [しんこく]   statement, filling a return
内申 [ないしん]   unofficial report, confidential report
申込 [もうしこみ]   request, application
追伸 [ついしん]   postscript
上申 [じょうしん]   report to a superior</comment>
	</term>
	<term id="73">
		<trans lang="en">
			<word>taste, flavor</word>
		</trans>
		<trans lang="ja">
			<word>味</word>
			<alt>ミ　あじ</alt>
		</trans>
		<comment languages="en-ja">意味 [いみ]   meaning, significance
気味 [きみ]   feeling, sensation
味方 [みかた]   friend, ally
後味 [あとあじ]   aftertaste
一味 [ひとあじ／いちみ]   a taste, conspirators</comment>
	</term>
	<term id="74">
		<trans lang="en">
			<word>to arrange, to put in order</word>
		</trans>
		<trans lang="ja">
			<word>整</word>
			<alt>セイ　ととの（う）</alt>
		</trans>
		<comment languages="en-ja">調整 [ちょうせい]   regulation, adjustment
整備 [せいび]   adjustment, consolidation
整理 [せいり]   arrangement, sorting
整然 [せいぜん]   orderly, well-organized
整形 [せいけい]   orthopedics</comment>
	</term>
	<term id="75">
		<trans lang="en">
			<word>sound</word>
		</trans>
		<trans lang="ja">
			<word>音</word>
			<alt>オン　イン　おと,ね</alt>
		</trans>
		<comment languages="en-ja">観音 [かんのん]   Kannon (the goddess of mercy)
本音 [ほんね]   real intention
音楽 [おんがく]   music
音響 [おんきょう]   sound, acoustic
音信 [おんしん]   correspondence</comment>
	</term>
	<term id="76">
		<trans lang="en">
			<word>to recede, to withdraw</word>
		</trans>
		<trans lang="ja">
			<word>退</word>
			<alt>タイ　しりぞ（く）</alt>
		</trans>
		<comment languages="en-ja">退職 [たいしょく]   retirement (work)
後退 [こうたい]   retreat、backspace
引退 [いんたい]   retirement (career)
進退 [しんたい]   advance or retreat
退任 [たいにん]   retirement (duty, position)</comment>
	</term>
	<term id="77">
		<trans lang="en">
			<word>to defend</word>
		</trans>
		<trans lang="ja">
			<word>守</word>
			<alt>シュ　ス　まも（る）</alt>
		</trans>
		<comment languages="en-ja">保守 [ほしゅ]   conservation, maintaining
見守る [みまも（る）]   observe, look after
守備 [しゅび]   defense
守勢 [しゅせい]   defensive
死守 [ししゅ]   defend desperately</comment>
	</term>
	<term id="78">
		<trans lang="en">
			<word>to pour、attention, order</word>
		</trans>
		<trans lang="ja">
			<word>注</word>
			<alt>チュウ　そそ（ぐ）,つ（ぐ）</alt>
		</trans>
		<comment languages="en-ja">発注 [はっちゅう]   ordering (materials)
注意 [ちゅうい]   attention, note, caution
受注 [じゅちゅう]   receiving order
注目 [ちゅうもく]   attention, observation, note
注文 [ちゅうもん]   order, request</comment>
	</term>
	<term id="79">
		<trans lang="en">
			<word>to return</word>
		</trans>
		<trans lang="ja">
			<word>返</word>
			<alt>ヘン　かえ（す）</alt>
		</trans>
		<comment languages="en-ja">返済 [へんさい]   repayment
返上 [へんじょう]   returning, sending back
返事 [へんじ]   reply, answer
返金 [へんきん]   repayment, reimbursement
見返し [みかえ（し）]   look back over, triumph over</comment>
	</term>
	<term id="80">
		<trans lang="en">
			<word>ring, enclose</word>
		</trans>
		<trans lang="ja">
			<word>環</word>
			<alt>カン　わ</alt>
		</trans>
		<comment languages="en-ja">環境 [かんきょう]   environment, circumstance
一環 [いっかん]   a link
連環 [れんかん]   chain
環状 [かんじょう]   loop, annulation
環海 [かんかい]   surronding seas</comment>
	</term>
	<term id="81">
		<trans lang="en">
			<word>pattern, model, shape</word>
		</trans>
		<trans lang="ja">
			<word>型</word>
			<alt>ケイ　かた</alt>
		</trans>
		<comment languages="en-ja">大型 [おおがた]   large size
小型 [こがた]   small size
中型 [ちゅうがた]   middle size
原型 [げんけい]   prototype, model
型紙 [かたがみ]   paper pattern (for a dress)</comment>
	</term>
	<term id="82">
		<trans lang="en">
			<word>big, fat, thick</word>
		</trans>
		<trans lang="ja">
			<word>太</word>
			<alt>タ　タイ　ふと（い）,ふと（る）</alt>
		</trans>
		<comment languages="en-ja">太郎 [たろう]   Taroo (personal name)
太平 [たいへい]   pacific
太子 [たいし]   prince
太古 [たいこ]   ancient times
太字 [ふとじ]   boldface, bold-type</comment>
	</term>
	<term id="83">
		<trans lang="en">
			<word>sky, heaven, nature</word>
		</trans>
		<trans lang="ja">
			<word>天</word>
			<alt>テン　あま</alt>
		</trans>
		<comment languages="en-ja">天体 [てんたい]   heavenly body
天気 [てんき]   weather, climate
天文 [てんもん]   astronomy
天井 [てんじょう]   ceiling
天然 [てんねん]   nature, spontaneity</comment>
	</term>
	<term id="84">
		<trans lang="en">
			<word>guest, visitor, customer</word>
		</trans>
		<trans lang="ja">
			<word>客</word>
			<alt>キャク　カク　*</alt>
		</trans>
		<comment languages="en-ja">乗客 [じょうきゃく]   passenger
客数 [きゃくすう]   number of customer
来客 [らいきゃく]   visitor
客観 [きゃっかん]   objective (view)
観客 [かんきゃく]   audience, spectator</comment>
	</term>
	<term id="85">
		<trans lang="en">
			<word>shadow, image</word>
		</trans>
		<trans lang="ja">
			<word>影</word>
			<alt>エイ　かげ</alt>
		</trans>
		<comment languages="en-ja">影響 [えいきょう]   influence, effect
人影 [ひとかげ]   soul, sign of life
面影 [おもかげ]   trace, face, looks
形影 [けいえい]   shape and shadow
投影 [とうえい]   projection</comment>
	</term>
	<term id="86">
		<trans lang="en">
			<word>property, finance, business</word>
		</trans>
		<trans lang="ja">
			<word>財</word>
			<alt>ザイ　*</alt>
		</trans>
		<comment languages="en-ja">財務 [ざいむ]   financial affairs
財界 [ざいかい]   financial world
財政 [ざいせい]   public finance
財団 [ざいだん]   foundation
私財 [しざい]   private property</comment>
	</term>
	<term id="87">
		<trans lang="en">
			<word>to hold, to include</word>
		</trans>
		<trans lang="ja">
			<word>含</word>
			<alt>ガン　ふく（む）</alt>
		</trans>
		<comment languages="en-ja">含有 [がんゆう]   containment, holding
含意 [がんい]   implication
含味 [がんみ]   tasting, thinking over carefully
含量 [がんりょう]   content
含水 [がんすい]   hydrated, hydrous</comment>
	</term>
	<term id="88">
		<trans lang="en">
			<word>hope, desire</word>
		</trans>
		<trans lang="ja">
			<word>望</word>
			<alt>ボウ　モウ　のぞ（む）</alt>
		</trans>
		<comment languages="en-ja">要望 [ようぼう]   demand
展望 [てんぼう]   view, prospect
有望 [ゆうぼう]   promising
人望 [じんぼう]   popularity, trust
切望 [せつぼう]   longing for, earnest desire</comment>
	</term>
	<term id="89">
		<trans lang="en">
			<word>paper</word>
		</trans>
		<trans lang="ja">
			<word>紙</word>
			<alt>シ　かみ</alt>
		</trans>
		<comment languages="en-ja">手紙 [てがみ]   letter
本紙 [ほんし]   this newspaper
製紙 [せいし]   paper making
紙面 [しめん]   space (page)
紙切れ [かみき（れ）]   piece of paper</comment>
	</term>
	<term id="90">
		<trans lang="en">
			<word>to observe, view</word>
		</trans>
		<trans lang="ja">
			<word>観</word>
			<alt>カン　み（る）</alt>
		</trans>
		<comment languages="en-ja">観点 [かんてん]   standpoint, viewpoint
観音 [かんのん]   Buddhist goddess of mercy
客観 [きゃっかん]   objective (view)
観客 [かんきゃく]   audience, spectator
景観 [けいかん]   sight, view</comment>
	</term>
	<term id="91">
		<trans lang="en">
			<word>to buy</word>
		</trans>
		<trans lang="ja">
			<word>買</word>
			<alt>バイ　か（う）</alt>
		</trans>
		<comment languages="en-ja">売買 [ばいばい]   buying and selling
円買い [えんか（い）]   buying yen
買収 [ばいしゅう]   bribery, purchase
買値 [かいね]   purchase price
買価 [ばいか]   buying price</comment>
	</term>
	<term id="92">
		<trans lang="en">
			<word>figure, shape</word>
		</trans>
		<trans lang="ja">
			<word>姿</word>
			<alt>シ　すがた</alt>
		</trans>
		<comment languages="en-ja">姿勢 [しせい]   posture, attitude
姿態 [したい]   figure, pose
姿見 [すがたみ]   dresser, full-length mirror
容姿 [ようし]   figure, appearance
姿体 [したい]   figure</comment>
	</term>
	<term id="93">
		<trans lang="en">
			<word>course of study, items, offence</word>
		</trans>
		<trans lang="ja">
			<word>科</word>
			<alt>カ　しな,とが</alt>
		</trans>
		<comment languages="en-ja">学科 [がっか]   study subject, course of study
科目 [かもく]   subject
科学 [かがく]   science
教科 [きょうか]   course of study, curriculum
外科 [げか]   surgical department, surgery</comment>
	</term>
	<term id="94">
		<trans lang="en">
			<word>sound, echo</word>
		</trans>
		<trans lang="ja">
			<word>響</word>
			<alt>キョウ　ひび（く）</alt>
		</trans>
		<comment languages="en-ja">影響 [えいきょう]   influence, effect
反響 [はんきょう]   echo, reaction
音響 [おんきょう]   sound, acoustic
  [ ]    
  [ ]</comment>
	</term>
	<term id="95">
		<trans lang="en">
			<word>flower</word>
		</trans>
		<trans lang="ja">
			<word>花</word>
			<alt>カ　はな</alt>
		</trans>
		<comment languages="en-ja">花形 [はながた]   floral pattern, star actor
造花 [ぞうか]   artificial flower
生花 [いけばな]   flower arrangement
花見 [はなみ]   cherry-blossom viewing
開花 [かいか]   blooming flower</comment>
	</term>
	<term id="96">
		<trans lang="en">
			<word>to return, to repeat, again</word>
		</trans>
		<trans lang="ja">
			<word>復</word>
			<alt>フク　*</alt>
		</trans>
		<comment languages="en-ja">回復 [かいふく]   recovery
復活 [ふっかつ]   rebirth, revival
報復 [ほうふく]   retaliation, retribution
復元 [ふくげん]   restoration (to original state)
復職 [ふくしょく]   reinstatement, going back to work</comment>
	</term>
	<term id="97">
		<trans lang="en">
			<word>spring, puberty</word>
		</trans>
		<trans lang="ja">
			<word>春</word>
			<alt>シュン　はる</alt>
		</trans>
		<comment languages="en-ja">今春 [こんしゅん]   this spring
来春 [らいしゅん]   next spring
春分 [しゅんぶん]   spring equinox
春先 [はるさき]   early spring
春期 [しゅんき]   spring term</comment>
	</term>
	<term id="98">
		<trans lang="en">
			<word>to state, to mention</word>
		</trans>
		<trans lang="ja">
			<word>述</word>
			<alt>ジュツ　の（べる）</alt>
		</trans>
		<comment languages="en-ja">記述 [きじゅつ]   description
供述 [きょうじゅつ]   deposition, testimony
公述 [こうじゅつ]   public statement
論述 [ろんじゅつ]   statement
述語 [じゅつご]   predicate</comment>
	</term>
	<term id="99">
		<trans lang="en">
			<word>good, favorable, to like</word>
		</trans>
		<trans lang="ja">
			<word>好</word>
			<alt>コウ　この（む）,す（き）,い（い）</alt>
		</trans>
		<comment languages="en-ja">格好 [かっこう]   shape, form, appearance
好感 [こうかん]   favorable, good impression
好転 [こうてん]   changing for the better, improvement
好意 [こうい]   goodwill, kindness, favor
好調 [こうちょう]   good condition</comment>
	</term>
	<term id="100">
		<trans lang="en">
			<word>to depart, to go away</word>
		</trans>
		<trans lang="ja">
			<word>去</word>
			<alt>キョ　コ　さ（る）</alt>
		</trans>
		<comment languages="en-ja">過去 [かこ]   past, the previous
死去 [しきょ]   death
去年 [きょねん]   last year
去来 [きょらい]   coming and going
退去 [たいきょ]   leave, evacuatation, recession</comment>
	</term>
</glossary>
