<?xml version="1.0"?>
<glossary id="291" name="8.3.1" author="Frédéric Bergeron">
	<desc></desc>
	<term id="1">
		<trans lang="en">
			<word>register of names</word>
		</trans>
		<trans lang="ja">
			<word>名簿</word>
			<alt>めいぼ</alt>
		</trans>
	</term>
	<term id="2">
		<trans lang="en">
			<word>gradation,grad,stage</word>
		</trans>
		<trans lang="ja">
			<word>段階</word>
			<alt>だんかい</alt>
		</trans>
		<comment languages="en-ja">段階的に
gradually</comment>
	</term>
	<term id="3">
		<trans lang="en">
			<word>specific,special,particular</word>
		</trans>
		<trans lang="ja">
			<word>特定</word>
			<alt>とくてい</alt>
		</trans>
	</term>
	<term id="4">
		<trans lang="en">
			<word>refer to,lookup,retrieve (e.g. data) (to)</word>
		</trans>
		<trans lang="ja">
			<word>検索(する)</word>
			<alt>けんさく(する)</alt>
		</trans>
	</term>
	<term id="5">
		<trans lang="en">
			<word>ago,since,before,previous</word>
		</trans>
		<trans lang="ja">
			<word>以前</word>
			<alt>いぜん</alt>
		</trans>
	</term>
	<term id="6">
		<trans lang="en">
			<word>particular case</word>
		</trans>
		<trans lang="ja">
			<word>個別</word>
			<alt>こべつ</alt>
		</trans>
	</term>
	<term id="7">
		<trans lang="en">
			<word>pertinent,appropriate,adequate,relevance</word>
		</trans>
		<trans lang="ja">
			<word>適切</word>
			<alt>てきせつ</alt>
		</trans>
	</term>
	<term id="8">
		<trans lang="en">
			<word>subject,main constituent</word>
		</trans>
		<trans lang="ja">
			<word>主体</word>
			<alt>しゅたい</alt>
		</trans>
	</term>
</glossary>
