<?xml version="1.0"?>
<glossary id="93" name="2.1.2" author="Frédéric Bergeron">
	<desc></desc>
	<term id="1">
		<trans lang="en">
			<word>place,situation,position,location (to)</word>
		</trans>
		<trans lang="ja">
			<word>位置(する)</word>
			<alt>いち(する)</alt>
		</trans>
		<comment languages="en-ja">配列に格納されたオブジェクトには、位置を表す番号インデックスがつきます。
An index number is attached/assigned to each object contained in an array.</comment>
	</term>
	<term id="2">
		<trans lang="en">
			<word>to take out,to produce,to pick out</word>
		</trans>
		<trans lang="ja">
			<word>取り出す</word>
			<alt>とりだす</alt>
		</trans>
		<comment languages="en-ja">このインデックスを使って、好きなオブジェクトを取り出すことができます。
Using such index, you can access the desired object [in the array].</comment>
	</term>
	<term id="3">
		<trans lang="en">
			<word>to replace,to move,to change the position of</word>
		</trans>
		<trans lang="ja">
			<word>置き換える</word>
			<alt>おきかえる</alt>
		</trans>
	</term>
</glossary>
