<?xml version="1.0"?>
<glossary id="376" name="Eine Einladung" author="Frédéric Bergeron">
	<desc></desc>
	<term id="1">
		<trans lang="de">
			<word>eine Einladung (f.)</word>
		</trans>
		<trans lang="fr">
			<word>une invitation</word>
		</trans>
	</term>
	<term id="2">
		<trans lang="de">
			<word>Möchten Sie uns besuchen?</word>
		</trans>
		<trans lang="fr">
			<word>Aimeriez-vous nous rendre visite?</word>
		</trans>
	</term>
	<term id="3">
		<trans lang="de">
			<word>Wann können Sie kommen?</word>
		</trans>
		<trans lang="fr">
			<word>Quand pouvez-vous venir?</word>
		</trans>
	</term>
	<term id="4">
		<trans lang="de">
			<word>genau</word>
		</trans>
		<trans lang="fr">
			<word>exactement</word>
		</trans>
	</term>
	<term id="5">
		<trans lang="de">
			<word>nur</word>
		</trans>
		<trans lang="fr">
			<word>seulement</word>
		</trans>
	</term>
	<term id="6">
		<trans lang="de">
			<word>zu Ostern/Weihnachten</word>
		</trans>
		<trans lang="fr">
			<word>à/pour Pâques/Noël</word>
		</trans>
	</term>
	<term id="7">
		<trans lang="de">
			<word>Ich freue mich schon darauf.</word>
		</trans>
		<trans lang="fr">
			<word>Je m'en réjouis d'avance.</word>
		</trans>
	</term>
	<term id="8">
		<trans lang="de">
			<word>Nichts zu danken.</word>
		</trans>
		<trans lang="fr">
			<word>De rien.</word>
		</trans>
	</term>
	<term id="9">
		<trans lang="de">
			<word>Auf Wiederhören.</word>
		</trans>
		<trans lang="fr">
			<word>Au revoir. (au téléphone)</word>
		</trans>
	</term>
</glossary>
