<?xml version="1.0"?>
<glossary id="155" name="Ich trinke lieber Tee." author="Frédéric Bergeron">
	<desc></desc>
	<term id="1">
		<trans lang="de">
			<word>Wie war die Reise?</word>
		</trans>
		<trans lang="fr">
			<word>Avez-vous fait un bon voyage?</word>
		</trans>
		<comment languages="de-fr">Littéralement: Comment était le voyage?</comment>
	</term>
	<term id="2">
		<trans lang="de">
			<word>Ich bin müde.</word>
		</trans>
		<trans lang="fr">
			<word>Je suis fatigué.</word>
		</trans>
	</term>
	<term id="3">
		<trans lang="de">
			<word>Ich trinke lieber...</word>
		</trans>
		<trans lang="fr">
			<word>Je préfèrerais... (Je boirais plutôt...)</word>
		</trans>
	</term>
	<term id="4">
		<trans lang="de">
			<word>Tee</word>
		</trans>
		<trans lang="fr">
			<word>thé</word>
		</trans>
	</term>
	<term id="5">
		<trans lang="de">
			<word>oder</word>
		</trans>
		<trans lang="fr">
			<word>ou</word>
		</trans>
	</term>
	<term id="6">
		<trans lang="de">
			<word>Zitrone</word>
		</trans>
		<trans lang="fr">
			<word>citron</word>
		</trans>
	</term>
	<term id="7">
		<trans lang="de">
			<word>keinen Zucker</word>
		</trans>
		<trans lang="fr">
			<word>pas de sucre</word>
		</trans>
	</term>
	<term id="8">
		<trans lang="de">
			<word>Schokoladenkuchen</word>
		</trans>
		<trans lang="fr">
			<word>gâteau au chocolat</word>
		</trans>
	</term>
	<term id="9">
		<trans lang="de">
			<word>Apfelsaft</word>
		</trans>
		<trans lang="fr">
			<word>jus de pomme</word>
		</trans>
	</term>
	<term id="10">
		<trans lang="de">
			<word>Orangensaft</word>
		</trans>
		<trans lang="fr">
			<word>jus d'orange</word>
		</trans>
	</term>
	<term id="11">
		<trans lang="de">
			<word>Tomatensaft</word>
		</trans>
		<trans lang="fr">
			<word>jus de tomate</word>
		</trans>
	</term>
	<term id="12">
		<trans lang="de">
			<word>ein Dose</word>
		</trans>
		<trans lang="fr">
			<word>une canette</word>
		</trans>
	</term>
	<term id="13">
		<trans lang="de">
			<word>eine Flasche</word>
		</trans>
		<trans lang="fr">
			<word>une bouteille</word>
		</trans>
	</term>
	<term id="14">
		<trans lang="de">
			<word>und</word>
		</trans>
		<trans lang="fr">
			<word>et</word>
		</trans>
	</term>
</glossary>
