<?xml version="1.0"?>
<glossary id="195" name="Encore les nombres!" author="Frédéric Bergeron">
	<desc></desc>
	<term id="1">
		<trans lang="de">
			<word>Wie viele...?</word>
		</trans>
		<trans lang="fr">
			<word>Combien...?</word>
		</trans>
	</term>
	<term id="2">
		<trans lang="de">
			<word>Wie viele Flaschen Wein?</word>
		</trans>
		<trans lang="fr">
			<word>Combien de bouteilles de vin?</word>
		</trans>
	</term>
	<term id="3">
		<trans lang="de">
			<word>Wie viele Tassen Tee?</word>
		</trans>
		<trans lang="fr">
			<word>Combien de tasses de thé?</word>
		</trans>
	</term>
	<term id="4">
		<trans lang="de">
			<word>Wie viele Stück Kuchen?</word>
		</trans>
		<trans lang="fr">
			<word>Combien de parts de gâteau?</word>
		</trans>
	</term>
	<term id="5">
		<trans lang="de">
			<word>Was möchten Sie?</word>
		</trans>
		<trans lang="fr">
			<word>Qu'aimeriez-vous?</word>
		</trans>
	</term>
	<term id="6">
		<trans lang="de">
			<word>Bringen Sie mir...</word>
		</trans>
		<trans lang="fr">
			<word>Veuillez m'apporter...</word>
		</trans>
	</term>
	<term id="7">
		<trans lang="de">
			<word>der Kellner</word>
		</trans>
		<trans lang="fr">
			<word>le serveur</word>
		</trans>
	</term>
	<term id="8">
		<trans lang="de">
			<word>Sonst noch etwas?</word>
			<alt>zonst nor etvas?</alt>
		</trans>
		<trans lang="fr">
			<word>Vous désirez autre chose?</word>
		</trans>
		<comment languages="de-fr">Littéralement: Sinon, encore quelque chose?</comment>
	</term>
	<term id="9">
		<trans lang="de">
			<word>Ist das alles?</word>
		</trans>
		<trans lang="fr">
			<word>C'est tout?</word>
		</trans>
	</term>
	<term id="10">
		<trans lang="de">
			<word>Was kostet es?</word>
		</trans>
		<trans lang="fr">
			<word>Combien ça coûte?</word>
		</trans>
	</term>
</glossary>
