<?xml version="1.0"?>
<glossary id="299" name="JNI-IntroductoryUnits" author="">
	<desc></desc>
	<term id="1">
		<trans lang="en">
			<word>Good day., Hello.</word>
		</trans>
		<trans lang="ja">
			<word>こんにちは</word>
			<alt>konnichiwa</alt>
		</trans>
	</term>
	<term id="2">
		<trans lang="en">
			<word>Good evening.</word>
		</trans>
		<trans lang="ja">
			<word>こんばんは</word>
			<alt>kombanwa</alt>
		</trans>
	</term>
	<term id="3">
		<trans lang="en">
			<word>Good bye.</word>
		</trans>
		<trans lang="ja">
			<word>さようなら</word>
			<alt>sayoonara</alt>
		</trans>
	</term>
	<term id="4">
		<trans lang="en">
			<word>airport</word>
		</trans>
		<trans lang="ja">
			<word>くうこう</word>
			<alt>kuukoo</alt>
		</trans>
	</term>
	<term id="5">
		<trans lang="en">
			<word>Good night.</word>
		</trans>
		<trans lang="ja">
			<word>おやすみ</word>
			<alt>oyasumi</alt>
		</trans>
	</term>
	<term id="7">
		<trans lang="en">
			<word>sushi (Jap. dish)</word>
		</trans>
		<trans lang="ja">
			<word>おすし</word>
			<alt>osushi</alt>
		</trans>
	</term>
	<term id="8">
		<trans lang="en">
			<word>shoes</word>
		</trans>
		<trans lang="ja">
			<word>くつ</word>
			<alt>kutsu</alt>
		</trans>
	</term>
	<term id="9">
		<trans lang="en">
			<word>tea, green tea</word>
		</trans>
		<trans lang="ja">
			<word>おちゃ</word>
			<alt>ocha</alt>
		</trans>
	</term>
	<term id="10">
		<trans lang="en">
			<word>shopping</word>
		</trans>
		<trans lang="ja">
			<word>買いもの [する]</word>
			<alt>kaimono</alt>
		</trans>
	</term>
	<term id="11">
		<trans lang="en">
			<word>paper</word>
		</trans>
		<trans lang="ja">
			<word>かみ</word>
			<alt>kami</alt>
		</trans>
	</term>
	<term id="12">
		<trans lang="en">
			<word>hiragana (Jap. script)</word>
		</trans>
		<trans lang="ja">
			<word>ひらがな</word>
			<alt>hiragana</alt>
		</trans>
	</term>
	<term id="13">
		<trans lang="en">
			<word>katakana (Jap. script)</word>
		</trans>
		<trans lang="ja">
			<word>かたかな</word>
			<alt>katakana</alt>
		</trans>
	</term>
	<term id="14">
		<trans lang="en">
			<word>fine, alright</word>
		</trans>
		<trans lang="ja">
			<word>けっこう [な]</word>
			<alt>kekkoo</alt>
		</trans>
	</term>
	<term id="15">
		<trans lang="en">
			<word>desu No thanks.</word>
		</trans>
		<trans lang="ja">
			<word>けっこうです</word>
			<alt>kekkoo</alt>
		</trans>
	</term>
	<term id="16">
		<trans lang="en">
			<word>Thank you. (after a meal)</word>
		</trans>
		<trans lang="ja">
			<word>ごちそうさま</word>
			<alt>gochisoosama</alt>
		</trans>
	</term>
	<term id="18">
		<trans lang="en">
			<word>teacher</word>
		</trans>
		<trans lang="ja">
			<word>せんせい</word>
			<alt>sensei</alt>
		</trans>
	</term>
	<term id="19">
		<trans lang="en">
			<word>dog</word>
		</trans>
		<trans lang="ja">
			<word>いぬ</word>
			<alt>inu</alt>
		</trans>
	</term>
	<term id="20">
		<trans lang="en">
			<word>cat</word>
		</trans>
		<trans lang="ja">
			<word>ねこ</word>
			<alt>neko</alt>
		</trans>
	</term>
	<term id="21">
		<trans lang="en">
			<word>Thank you.</word>
		</trans>
		<trans lang="ja">
			<word>ありがとう</word>
			<alt>arigatoo</alt>
		</trans>
	</term>
	<term id="23">
		<trans lang="en">
			<word>shimashita    Sorry. (to have bothered you)</word>
		</trans>
		<trans lang="ja">
			<word>しつれいしました</word>
			<alt>shitsurei</alt>
		</trans>
	</term>
	<term id="24">
		<trans lang="en">
			<word>nasai I'm sorry., Excuse me.</word>
		</trans>
		<trans lang="ja">
			<word>ごめんなさい</word>
			<alt>gomen</alt>
		</trans>
	</term>
	<term id="25">
		<trans lang="en">
			<word>itashimashite   Not at all., You're welcome.</word>
		</trans>
		<trans lang="ja">
			<word>どういたしまして</word>
			<alt>doo</alt>
		</trans>
	</term>
	<term id="26">
		<trans lang="en">
			<word>every day</word>
		</trans>
		<trans lang="ja">
			<word>まい日</word>
			<alt>mainichi</alt>
		</trans>
	</term>
	<term id="27">
		<trans lang="en">
			<word>blue, green</word>
		</trans>
		<trans lang="ja">
			<word>あおい</word>
			<alt>aoi</alt>
		</trans>
	</term>
	<term id="28">
		<trans lang="en">
			<word>white</word>
		</trans>
		<trans lang="ja">
			<word>しろい</word>
			<alt>shiroi</alt>
		</trans>
	</term>
	<term id="29">
		<trans lang="en">
			<word>yellow</word>
		</trans>
		<trans lang="ja">
			<word>きいろい</word>
			<alt>kiiroi</alt>
		</trans>
	</term>
	<term id="30">
		<trans lang="en">
			<word>black</word>
		</trans>
		<trans lang="ja">
			<word>くろい</word>
			<alt>kuroi</alt>
		</trans>
	</term>
	<term id="31">
		<trans lang="en">
			<word>cold (weather)</word>
		</trans>
		<trans lang="ja">
			<word>さむい</word>
			<alt>samui</alt>
		</trans>
	</term>
	<term id="32">
		<trans lang="en">
			<word>big, large</word>
		</trans>
		<trans lang="ja">
			<word>おおきい</word>
			<alt>ookii</alt>
		</trans>
	</term>
	<term id="33">
		<trans lang="en">
			<word>small, little</word>
		</trans>
		<trans lang="ja">
			<word>ちいさい</word>
			<alt>chiisai</alt>
		</trans>
	</term>
	<term id="34">
		<trans lang="en">
			<word>difficult</word>
		</trans>
		<trans lang="ja">
			<word>むずかしい</word>
			<alt>muzukashii</alt>
		</trans>
	</term>
	<term id="35">
		<trans lang="en">
			<word>easy, simple; kind, gentle</word>
		</trans>
		<trans lang="ja">
			<word>やさしい</word>
			<alt>yasashii</alt>
		</trans>
	</term>
	<term id="36">
		<trans lang="en">
			<word>kudasai   Excuse me., May I come in?</word>
		</trans>
		<trans lang="ja">
			<word>ごめんください</word>
			<alt>gomen</alt>
		</trans>
	</term>
	<term id="37">
		<trans lang="en">
			<word>Welcome., Come in.</word>
		</trans>
		<trans lang="ja">
			<word>いらっしゃいませ</word>
			<alt>irasshaimase</alt>
		</trans>
	</term>
	<term id="38">
		<trans lang="en">
			<word>long</word>
		</trans>
		<trans lang="ja">
			<word>ながい</word>
			<alt>nagai</alt>
		</trans>
	</term>
	<term id="39">
		<trans lang="en">
			<word>short</word>
		</trans>
		<trans lang="ja">
			<word>みじかい</word>
			<alt>mijikai</alt>
		</trans>
	</term>
	<term id="40">
		<trans lang="en">
			<word>cheap</word>
		</trans>
		<trans lang="ja">
			<word>やすい</word>
			<alt>yasui</alt>
		</trans>
	</term>
</glossary>
