<?xml version="1.0"?>
<glossary id="271" name="6.11" author="Frédéric Bergeron">
	<desc></desc>
	<term id="1">
		<trans lang="en">
			<word>interruption,suspension,break (to)</word>
		</trans>
		<trans lang="ja">
			<word>中断(する)</word>
			<alt>ちゅうだん(する)</alt>
		</trans>
	</term>
	<term id="2">
		<trans lang="en">
			<word>add,addition</word>
		</trans>
		<trans lang="ja">
			<word>加算</word>
			<alt>かさん</alt>
		</trans>
	</term>
	<term id="3">
		<trans lang="en">
			<word>on and after,hereafter,thereafter</word>
		</trans>
		<trans lang="ja">
			<word>以降</word>
			<alt>いこう</alt>
		</trans>
		<comment languages="en-ja">
nextは、繰り返しの中のnext以降の部分を飛ばして、次の回の処理を開始します。
About next statement, we skip the statements after the next statement inside the loop and perform another another iteration.</comment>
	</term>
	<term id="4">
		<trans lang="en">
			<word>that is,namely,i.e.</word>
		</trans>
		<trans lang="ja">
			<word>即ち</word>
			<alt>すなわち</alt>
		</trans>
	</term>
	<term id="5">
		<trans lang="en">
			<word>blank space,vacuum,space,null (NUL)</word>
		</trans>
		<trans lang="ja">
			<word>空白</word>
			<alt>くうはく</alt>
		</trans>
	</term>
	<term id="6">
		<trans lang="en">
			<word>blank line</word>
		</trans>
		<trans lang="ja">
			<word>空行</word>
			<alt>くうぎょう</alt>
		</trans>
	</term>
	<term id="7">
		<trans lang="en">
			<word>to remove,to exclude,to except</word>
		</trans>
		<trans lang="ja">
			<word>除く</word>
			<alt>のぞく</alt>
		</trans>
	</term>
</glossary>
