<?xml version="1.0"?>
<glossary id="334" name="JCS2-18" author="">
	<desc></desc>
	<term id="1">
		<trans lang="en">
			<word>ocean, sea   +</word>
		</trans>
		<trans lang="ja">
			<word>海</word>
			<alt>umi</alt>
		</trans>
	</term>
	<term id="2">
		<trans lang="en">
			<word>Hokkaido (Jap. island)</word>
		</trans>
		<trans lang="ja">
			<word>北海どう</word>
			<alt>hokkaidoo</alt>
		</trans>
	</term>
	<term id="3">
		<trans lang="en">
			<word>literature   +</word>
		</trans>
		<trans lang="ja">
			<word>文学</word>
			<alt>bungaku</alt>
		</trans>
	</term>
	<term id="4">
		<trans lang="en">
			<word>composition, essay</word>
		</trans>
		<trans lang="ja">
			<word>さく文</word>
			<alt>sakubun</alt>
		</trans>
	</term>
	<term id="5">
		<trans lang="en">
			<word>kanji, character   ++</word>
		</trans>
		<trans lang="ja">
			<word>漢字</word>
			<alt>kanji</alt>
		</trans>
	</term>
	<term id="6">
		<trans lang="en">
			<word>teach, tell   +</word>
		</trans>
		<trans lang="ja">
			<word>教える</word>
			<alt>oshieru</alt>
		</trans>
	</term>
	<term id="7">
		<trans lang="en">
			<word>learn   +</word>
		</trans>
		<trans lang="ja">
			<word>習う</word>
			<alt>narau</alt>
		</trans>
	</term>
	<term id="8">
		<trans lang="en">
			<word>training, practice</word>
		</trans>
		<trans lang="ja">
			<word>れん習 [する]</word>
			<alt>renshuu</alt>
		</trans>
	</term>
	<term id="9">
		<trans lang="en">
			<word>school   +</word>
		</trans>
		<trans lang="ja">
			<word>学校</word>
			<alt>gakkoo</alt>
		</trans>
	</term>
	<term id="10">
		<trans lang="en">
			<word>way of doing ("V[i]-")</word>
		</trans>
		<trans lang="ja">
			<word>~かた</word>
			<alt>-kata</alt>
		</trans>
	</term>
	<term id="11">
		<trans lang="en">
			<word>If, When ("V-ta-")</word>
		</trans>
		<trans lang="ja">
			<word>~ら</word>
			<alt>-ra</alt>
		</trans>
	</term>
	<term id="12">
		<trans lang="en">
			<word>if</word>
		</trans>
		<trans lang="ja">
			<word>もし</word>
			<alt>moshi</alt>
		</trans>
	</term>
	<term id="13">
		<trans lang="en">
			<word>(don't know) whether or not</word>
		</trans>
		<trans lang="ja">
			<word>~かどうか</word>
			<alt>-ka dooka</alt>
		</trans>
	</term>
	<term id="14">
		<trans lang="en">
			<word>necessary</word>
		</trans>
		<trans lang="ja">
			<word>ひつよう [な]</word>
			<alt>hitsuyoo</alt>
		</trans>
	</term>
	<term id="15">
		<trans lang="en">
			<word>make noise</word>
		</trans>
		<trans lang="ja">
			<word>さわぐ</word>
			<alt>sawagu</alt>
		</trans>
	</term>
	<term id="16">
		<trans lang="en">
			<word>become empty</word>
		</trans>
		<trans lang="ja">
			<word>すく</word>
			<alt>suku</alt>
		</trans>
	</term>
	<term id="17">
		<trans lang="en">
			<word>be hungry</word>
		</trans>
		<trans lang="ja">
			<word>おなかがすいた</word>
			<alt>onakaga suita</alt>
		</trans>
	</term>
	<term id="18">
		<trans lang="en">
			<word>ahead</word>
		</trans>
		<trans lang="ja">
			<word>先に</word>
			<alt>sakini</alt>
		</trans>
	</term>
	<term id="19">
		<trans lang="en">
			<word>graduation, graduate</word>
		</trans>
		<trans lang="ja">
			<word>そつぎょう [する]</word>
			<alt>sotsugyoo</alt>
		</trans>
	</term>
	<term id="20">
		<trans lang="en">
			<word>taxi, cab</word>
		</trans>
		<trans lang="ja">
			<word>タクシー</word>
			<alt>takushii</alt>
		</trans>
	</term>
	<term id="21">
		<trans lang="en">
			<word>visit, pay a visit</word>
		</trans>
		<trans lang="ja">
			<word>たずねる</word>
			<alt>tazuneru</alt>
		</trans>
	</term>
	<term id="22">
		<trans lang="en">
			<word>absence, absent</word>
		</trans>
		<trans lang="ja">
			<word>るす [の]</word>
			<alt>rusu</alt>
		</trans>
	</term>
	<term id="23">
		<trans lang="en">
			<word>soccer</word>
		</trans>
		<trans lang="ja">
			<word>サッカー</word>
			<alt>sakkaa</alt>
		</trans>
	</term>
	<term id="24">
		<trans lang="en">
			<word>match, game</word>
		</trans>
		<trans lang="ja">
			<word>しあい</word>
			<alt>shiai</alt>
		</trans>
	</term>
	<term id="25">
		<trans lang="en">
			<word>reservation, reserve</word>
		</trans>
		<trans lang="ja">
			<word>よやく [する]</word>
			<alt>yoyaku</alt>
		</trans>
	</term>
	<term id="26">
		<trans lang="en">
			<word>stop; stop in, spend the night</word>
		</trans>
		<trans lang="ja">
			<word>とまる</word>
			<alt>tomaru</alt>
		</trans>
	</term>
	<term id="27">
		<trans lang="en">
			<word>cycling</word>
		</trans>
		<trans lang="ja">
			<word>サイクリング</word>
			<alt>saikuringu</alt>
		</trans>
	</term>
	<term id="28">
		<trans lang="en">
			<word>employment, get employed</word>
		</trans>
		<trans lang="ja">
			<word>しゅうしょく [する]</word>
			<alt>shuushoku</alt>
		</trans>
	</term>
	<term id="29">
		<trans lang="en">
			<word>get lost, lose one's way</word>
		</trans>
		<trans lang="ja">
			<word>まよう</word>
			<alt>mayou</alt>
		</trans>
	</term>
	<term id="30">
		<trans lang="en">
			<word>question, ask a question</word>
		</trans>
		<trans lang="ja">
			<word>しつもん [する]</word>
			<alt>shitsumon</alt>
		</trans>
	</term>
	<term id="31">
		<trans lang="en">
			<word>put in</word>
		</trans>
		<trans lang="ja">
			<word>入れる</word>
			<alt>ireru</alt>
		</trans>
	</term>
	<term id="32">
		<trans lang="en">
			<word>button</word>
		</trans>
		<trans lang="ja">
			<word>ボタン</word>
			<alt>botan</alt>
		</trans>
	</term>
	<term id="33">
		<trans lang="en">
			<word>push</word>
		</trans>
		<trans lang="ja">
			<word>おす</word>
			<alt>osu</alt>
		</trans>
	</term>
	<term id="34">
		<trans lang="en">
			<word>(telephone) receiver</word>
		</trans>
		<trans lang="ja">
			<word>じゅ話き</word>
			<alt>juwaki</alt>
		</trans>
	</term>
	<term id="35">
		<trans lang="en">
			<word>lose</word>
		</trans>
		<trans lang="ja">
			<word>なくす</word>
			<alt>nakusu</alt>
		</trans>
	</term>
	<term id="36">
		<trans lang="en">
			<word>be audible</word>
		</trans>
		<trans lang="ja">
			<word>聞こえる</word>
			<alt>kikoeru</alt>
		</trans>
	</term>
	<term id="37">
		<trans lang="en">
			<word>be visible</word>
		</trans>
		<trans lang="ja">
			<word>見える</word>
			<alt>mieru</alt>
		</trans>
	</term>
	<term id="38">
		<trans lang="en">
			<word>think, consider   +</word>
		</trans>
		<trans lang="ja">
			<word>考える</word>
			<alt>kangaeru</alt>
		</trans>
	</term>
	<term id="39">
		<trans lang="en">
			<word>decide</word>
		</trans>
		<trans lang="ja">
			<word>きめる</word>
			<alt>kimeru</alt>
		</trans>
	</term>
	<term id="40">
		<trans lang="en">
			<word>meeting</word>
		</trans>
		<trans lang="ja">
			<word>ミーティング</word>
			<alt>miitingu</alt>
		</trans>
	</term>
</glossary>
