<?xml version="1.0"?>
<glossary id="301" name="JNI-19" author="">
	<desc></desc>
	<term id="1">
		<trans lang="en">
			<word>preparation, prepare</word>
		</trans>
		<trans lang="ja">
			<word>じゅんび [する]</word>
			<alt>jumbi</alt>
		</trans>
	</term>
	<term id="2">
		<trans lang="en">
			<word>begin, start (s.th.)</word>
		</trans>
		<trans lang="ja">
			<word>はじめる</word>
			<alt>hajimeru</alt>
		</trans>
	</term>
	<term id="3">
		<trans lang="en">
			<word>entrance hall</word>
		</trans>
		<trans lang="ja">
			<word>げんかん</word>
			<alt>genkan</alt>
		</trans>
	</term>
	<term id="4">
		<trans lang="en">
			<word>first, ahead</word>
		</trans>
		<trans lang="ja">
			<word>さきに</word>
			<alt>sakini</alt>
		</trans>
	</term>
	<term id="5">
		<trans lang="en">
			<word>you; dear</word>
		</trans>
		<trans lang="ja">
			<word>あなた</word>
			<alt>anata</alt>
		</trans>
	</term>
	<term id="6">
		<trans lang="en">
			<word>And then, After that</word>
		</trans>
		<trans lang="ja">
			<word>それから</word>
			<alt>sorekara</alt>
		</trans>
	</term>
	<term id="7">
		<trans lang="en">
			<word>kitchen</word>
		</trans>
		<trans lang="ja">
			<word>だいどころ</word>
			<alt>daidokoro</alt>
		</trans>
	</term>
	<term id="8">
		<trans lang="en">
			<word>living room</word>
		</trans>
		<trans lang="ja">
			<word>いま</word>
			<alt>ima</alt>
		</trans>
	</term>
	<term id="9">
		<trans lang="en">
			<word>bedroom</word>
		</trans>
		<trans lang="ja">
			<word>しんしつ</word>
			<alt>shinshitsu</alt>
		</trans>
	</term>
	<term id="10">
		<trans lang="en">
			<word>medicine</word>
		</trans>
		<trans lang="ja">
			<word>くすり</word>
			<alt>kusuri</alt>
		</trans>
	</term>
	<term id="11">
		<trans lang="en">
			<word>father (hon.)   +</word>
		</trans>
		<trans lang="ja">
			<word>お父さん</word>
			<alt>otoosan</alt>
		</trans>
	</term>
	<term id="12">
		<trans lang="en">
			<word>father, my father</word>
		</trans>
		<trans lang="ja">
			<word>父</word>
			<alt>chichi</alt>
		</trans>
	</term>
	<term id="13">
		<trans lang="en">
			<word>dinner, evening meal</word>
		</trans>
		<trans lang="ja">
			<word>ゆう食</word>
			<alt>yuushoku</alt>
		</trans>
	</term>
	<term id="14">
		<trans lang="en">
			<word>enter, go in; include; join   +</word>
		</trans>
		<trans lang="ja">
			<word>入る</word>
			<alt>hairu</alt>
		</trans>
	</term>
	<term id="15">
		<trans lang="en">
			<word>kudasai  Come in., Please come in.</word>
		</trans>
		<trans lang="ja">
			<word>お入りください</word>
			<alt>ohairi</alt>
		</trans>
	</term>
	<term id="16">
		<trans lang="en">
			<word>put in</word>
		</trans>
		<trans lang="ja">
			<word>入れる</word>
			<alt>ireru</alt>
		</trans>
	</term>
</glossary>
