<?xml version="1.0"?>
<glossary id="153" name="Entschuldigen Sie, bitte." author="Frédéric Bergeron">
	<desc></desc>
	<term id="1">
		<trans lang="de">
			<word>heute</word>
		</trans>
		<trans lang="fr">
			<word>aujourd'hui</word>
		</trans>
	</term>
	<term id="2">
		<trans lang="de">
			<word>morgen</word>
		</trans>
		<trans lang="fr">
			<word>demain</word>
		</trans>
	</term>
	<term id="3">
		<trans lang="de">
			<word>Entschuldigen.</word>
		</trans>
		<trans lang="fr">
			<word>Excusez-moi.</word>
		</trans>
	</term>
	<term id="4">
		<trans lang="de">
			<word>Wie heißen Sie?</word>
		</trans>
		<trans lang="fr">
			<word>Comment vous appelez-vous?</word>
		</trans>
	</term>
	<term id="5">
		<trans lang="de">
			<word>Wie bitte?</word>
		</trans>
		<trans lang="fr">
			<word>Pardon?</word>
		</trans>
	</term>
	<term id="7">
		<trans lang="de">
			<word>Mein Name ist...</word>
		</trans>
		<trans lang="fr">
			<word>Mon nom est...</word>
		</trans>
	</term>
	<term id="8">
		<trans lang="de">
			<word>Ich verstehe nicht.</word>
		</trans>
		<trans lang="fr">
			<word>Je ne comprends pas.</word>
		</trans>
	</term>
	<term id="9">
		<trans lang="de">
			<word>Er ist nicht da.</word>
		</trans>
		<trans lang="fr">
			<word>Il n'est pas là.</word>
		</trans>
	</term>
	<term id="10">
		<trans lang="de">
			<word>Sprechen Sie Französisch?</word>
		</trans>
		<trans lang="fr">
			<word>Parlez-vous français?</word>
		</trans>
	</term>
	<term id="11">
		<trans lang="de">
			<word>Ich verstehe ein bisschen.</word>
		</trans>
		<trans lang="fr">
			<word>Je le comprends un peu.</word>
		</trans>
	</term>
	<term id="12">
		<trans lang="de">
			<word>Wann kann ich ihn sprechen?</word>
		</trans>
		<trans lang="fr">
			<word>Quand puis-je lui parler?</word>
		</trans>
	</term>
	<term id="13">
		<trans lang="de">
			<word>Vielen Dank.</word>
		</trans>
		<trans lang="fr">
			<word>Merci beaucoup.</word>
		</trans>
	</term>
</glossary>
