<?xml version="1.0"?>
<glossary id="327" name="JBPI-29" author="">
	<desc></desc>
	<term id="1">
		<trans lang="en">
			<word>drink, beverage</word>
		</trans>
		<trans lang="ja">
			<word>のみもの</word>
			<alt>nomimono</alt>
		</trans>
	</term>
	<term id="2">
		<trans lang="en">
			<word>sukiyaki (Jap. dish)</word>
		</trans>
		<trans lang="ja">
			<word>すきやき</word>
			<alt>sukiyaki</alt>
		</trans>
	</term>
	<term id="3">
		<trans lang="en">
			<word>shabushabu (Jap. dish)</word>
		</trans>
		<trans lang="ja">
			<word>しゃぶしゃぶ</word>
			<alt>shabushabu</alt>
		</trans>
	</term>
	<term id="4">
		<trans lang="en">
			<word>dessert</word>
		</trans>
		<trans lang="ja">
			<word>デザート</word>
			<alt>dezaato</alt>
		</trans>
	</term>
	<term id="5">
		<trans lang="en">
			<word>melon</word>
		</trans>
		<trans lang="ja">
			<word>メロン</word>
			<alt>meron</alt>
		</trans>
	</term>
	<term id="6">
		<trans lang="en">
			<word>ice cream</word>
		</trans>
		<trans lang="ja">
			<word>アイスクリーム</word>
			<alt>aisukuriimu</alt>
		</trans>
	</term>
</glossary>
