<?xml version="1.0"?>
<glossary id="19" name="1.01" author="Frédéric Bergeron">
	<desc></desc>
	<term id="1">
		<trans lang="en">
			<word>indication,expression,display (to)</word>
		</trans>
		<trans lang="ja">
			<word>表示(する)</word>
			<alt>ひょうじ(する)</alt>
		</trans>
		<comment languages="en-ja">そうすると、図1.2のように「Hello」と表示されます。
By doing so, like shown in figure 1.2, "Hello" is displayed [on the screen].</comment>
	</term>
	<term id="2">
		<trans lang="en">
			<word>order around,use freely</word>
		</trans>
		<trans lang="ja">
			<word>駆使</word>
			<alt>くし</alt>
		</trans>
		<comment languages="en-ja">彼は英語を自由に駆使する。
He has a perfect command of English.</comment>
	</term>
	<term id="3">
		<trans lang="en">
			<word>dependence,dependent,reliance (to)</word>
		</trans>
		<trans lang="ja">
			<word>依存(する)</word>
			<alt>いぞん(する)</alt>
		</trans>
	</term>
	<term id="4">
		<trans lang="en">
			<word>generic,general purpose,all-purpose (to)</word>
		</trans>
		<trans lang="ja">
			<word>汎用(する)</word>
			<alt>はんよう(する)</alt>
		</trans>
		<comment languages="en-ja">C言語で汎用のものが作りにくい。
In C language, it's difficult to make general purpose application.</comment>
	</term>
	<term id="5">
		<trans lang="en">
			<word>mere,simple,sheer</word>
		</trans>
		<trans lang="ja">
			<word>単なる</word>
			<alt>たんなる</alt>
		</trans>
		<comment languages="en-ja">その事故は単なる過失から起こった。
The accident arose from a simple mistake.

それは単なる偶然だと思う。
I think it is a mere coincidence.</comment>
	</term>
	<term id="6">
		<trans lang="en">
			<word>circumstances,consideration,conditions,situation,reasons</word>
		</trans>
		<trans lang="ja">
			<word>事情</word>
			<alt>じじょう</alt>
		</trans>
		<comment languages="en-ja">それは私がやってもいいがその時の事情によります。
I may do; it would depend on circumstances at the time.</comment>
	</term>
	<term id="7">
		<trans lang="en">
			<word>modesty,humility</word>
		</trans>
		<trans lang="ja">
			<word>謙虚</word>
			<alt>けんきょ</alt>
		</trans>
		<comment languages="en-ja">その謙虚な男は近所の人達とうまくやっている。
The humble man is getting along with his neighbors.

彼女は自分の業績に謙虚である。
She is modest about her achievement.</comment>
	</term>
	<term id="8">
		<trans lang="en">
			<word>computer terminal</word>
		</trans>
		<trans lang="ja">
			<word>端末</word>
			<alt>たんまつ</alt>
		</trans>
	</term>
	<term id="9">
		<trans lang="en">
			<word>principle,general rule</word>
		</trans>
		<trans lang="ja">
			<word>原則</word>
			<alt>げんそく</alt>
		</trans>
	</term>
	<term id="10">
		<trans lang="en">
			<word>unity,consolidation,uniformity,unification,compatible (to)</word>
		</trans>
		<trans lang="ja">
			<word>統一(する)</word>
			<alt>とういつ(する)</alt>
		</trans>
		<comment languages="en-ja">本書の中では、原則として「/」に統一します。
In this book, the general rule will be to unify the symbols to "/" for all platforms.</comment>
	</term>
	<term id="11">
		<trans lang="en">
			<word>splendid,fine,handsome,elegant</word>
		</trans>
		<trans lang="ja">
			<word>立派</word>
			<alt>りっぱ</alt>
		</trans>
	</term>
	<term id="12">
		<trans lang="en">
			<word>to accomplish,to fulfill,to carry out,to achieve</word>
		</trans>
		<trans lang="ja">
			<word>果たす</word>
			<alt>はたす</alt>
		</trans>
		<comment languages="en-ja">実行すればちゃんと目的を果たします。
If you can make it run then, we will have accomplish our goal.</comment>
	</term>
	<term id="13">
		<trans lang="en">
			<word>input (to)</word>
		</trans>
		<trans lang="ja">
			<word>入力(する)</word>
			<alt>にゅうりょく(する)</alt>
		</trans>
	</term>
	<term id="14">
		<trans lang="en">
			<word>preservation,conservation,storage,maintenance (to)</word>
		</trans>
		<trans lang="ja">
			<word>保存(する)</word>
			<alt>ほぞん(する)</alt>
		</trans>
		<comment languages="en-ja">ファイルhello.rbとして、どこかに保存して下さい。
Make the file hello.rb and save it somewhere.</comment>
	</term>
	<term id="15">
		<trans lang="en">
			<word>to point,to put up umbrella,to play  </word>
		</trans>
		<trans lang="ja">
			<word>指す</word>
			<alt>さす</alt>
		</trans>
		<comment languages="en-ja">ここでいうコンソールは、Windowsの場合はコマンドプロンプトのことを指します。
When we say "Console", in the case of Windows, we refer(point) to the "Command Prompt".</comment>
	</term>
</glossary>
