<?xml version="1.0"?>
<glossary id="96" name="2.2" author="Frédéric Bergeron">
	<desc></desc>
	<term id="1">
		<trans lang="en">
			<word>association of ideas,suggestion (to)</word>
		</trans>
		<trans lang="ja">
			<word>連想(する)</word>
			<alt>れんそう(する)</alt>
		</trans>
		<comment languages="en-ja">連想配列:Associative array (hash)</comment>
	</term>
	<term id="2">
		<trans lang="en">
			<word>establishing (to)</word>
		</trans>
		<trans lang="ja">
			<word>定着(する)</word>
			<alt>ていちゃく(する)</alt>
		</trans>
		<comment languages="en-ja">最近ではハッシュという名前の方が定着しました。
At the beginning, it was established to use the name Hash (for associative arrays).</comment>
	</term>
</glossary>
