<?xml version="1.0"?>
<glossary id="137" name="03" author="Frédéric Bergeron">
	<desc></desc>
	<term id="1">
		<trans lang="es">
			<word>desechar</word>
		</trans>
		<trans lang="fr">
			<word>rejeter,repousser</word>
		</trans>
	</term>
	<term id="2">
		<trans lang="es">
			<word>leve</word>
		</trans>
		<trans lang="fr">
			<word>léger,légère</word>
		</trans>
	</term>
	<term id="3">
		<trans lang="es">
			<word>embate</word>
		</trans>
		<trans lang="fr">
			<word>assaut</word>
		</trans>
	</term>
	<term id="4">
		<trans lang="es">
			<word>bregar</word>
		</trans>
		<trans lang="fr">
			<word>lutter,se battre</word>
		</trans>
	</term>
	<term id="5">
		<trans lang="es">
			<word>butaca</word>
		</trans>
		<trans lang="fr">
			<word>fauteuil</word>
		</trans>
	</term>
	<term id="6">
		<trans lang="es">
			<word>distar</word>
		</trans>
		<trans lang="fr">
			<word>être éloigné</word>
		</trans>
	</term>
	<term id="7">
		<trans lang="es">
			<word>cavilar</word>
		</trans>
		<trans lang="fr">
			<word>réfléchir</word>
		</trans>
	</term>
	<term id="8">
		<trans lang="es">
			<word>atisbo</word>
		</trans>
		<trans lang="fr">
			<word>lueur,trace,soupçon</word>
		</trans>
	</term>
</glossary>
