<?xml version="1.0"?>
<glossary id="302" name="JBPI-05" author="">
	<desc></desc>
	<term id="1">
		<trans lang="en">
			<word>this (pre-N)</word>
		</trans>
		<trans lang="ja">
			<word>この</word>
			<alt>kono</alt>
		</trans>
	</term>
	<term id="2">
		<trans lang="en">
			<word>that (pre-N)</word>
		</trans>
		<trans lang="ja">
			<word>その</word>
			<alt>sono</alt>
		</trans>
	</term>
	<term id="3">
		<trans lang="en">
			<word>that (over there, pre-N)</word>
		</trans>
		<trans lang="ja">
			<word>あの</word>
			<alt>ano</alt>
		</trans>
	</term>
	<term id="4">
		<trans lang="en">
			<word>which? (pre-N)</word>
		</trans>
		<trans lang="ja">
			<word>どの</word>
			<alt>dono</alt>
		</trans>
	</term>
	<term id="5">
		<trans lang="en">
			<word>camera</word>
		</trans>
		<trans lang="ja">
			<word>カメラ</word>
			<alt>kamera</alt>
		</trans>
	</term>
	<term id="6">
		<trans lang="en">
			<word>store, seller (of ...)</word>
		</trans>
		<trans lang="ja">
			<word>~や</word>
			<alt>-ya</alt>
		</trans>
	</term>
	<term id="7">
		<trans lang="en">
			<word>camera shop, camera seller</word>
		</trans>
		<trans lang="ja">
			<word>カメラや</word>
			<alt>kameraya</alt>
		</trans>
	</term>
	<term id="8">
		<trans lang="en">
			<word>which?, which one?</word>
		</trans>
		<trans lang="ja">
			<word>どれ</word>
			<alt>dore</alt>
		</trans>
	</term>
	<term id="9">
		<trans lang="en">
			<word>small</word>
		</trans>
		<trans lang="ja">
			<word>ちいさい</word>
			<alt>chiisai</alt>
		</trans>
	</term>
	<term id="10">
		<trans lang="en">
			<word>And then, After that</word>
		</trans>
		<trans lang="ja">
			<word>それから</word>
			<alt>sorekara</alt>
		</trans>
	</term>
	<term id="11">
		<trans lang="en">
			<word>film</word>
		</trans>
		<trans lang="ja">
			<word>フイルム</word>
			<alt>fuirumu</alt>
		</trans>
	</term>
	<term id="12">
		<trans lang="en">
			<word>one, 1 (Jap.)</word>
		</trans>
		<trans lang="ja">
			<word>一つ</word>
			<alt>hitotsu</alt>
		</trans>
	</term>
	<term id="13">
		<trans lang="en">
			<word>two, 2 (Jap.)</word>
		</trans>
		<trans lang="ja">
			<word>二つ</word>
			<alt>futatsu</alt>
		</trans>
	</term>
	<term id="14">
		<trans lang="en">
			<word>three, 3 (Jap.)</word>
		</trans>
		<trans lang="ja">
			<word>三つ</word>
			<alt>mittsu</alt>
		</trans>
	</term>
	<term id="15">
		<trans lang="en">
			<word>four, 4 (Jap.)</word>
		</trans>
		<trans lang="ja">
			<word>四つ</word>
			<alt>yottsu</alt>
		</trans>
	</term>
	<term id="16">
		<trans lang="en">
			<word>five, 5 (Jap.)</word>
		</trans>
		<trans lang="ja">
			<word>五つ</word>
			<alt>itsutsu</alt>
		</trans>
	</term>
	<term id="17">
		<trans lang="en">
			<word>six, 6 (Jap.)</word>
		</trans>
		<trans lang="ja">
			<word>六つ</word>
			<alt>muttsu</alt>
		</trans>
	</term>
	<term id="18">
		<trans lang="en">
			<word>seven, 7 (Jap.)</word>
		</trans>
		<trans lang="ja">
			<word>七つ</word>
			<alt>nanatsu</alt>
		</trans>
	</term>
	<term id="19">
		<trans lang="en">
			<word>eight, 8 (Jap.)</word>
		</trans>
		<trans lang="ja">
			<word>八つ</word>
			<alt>yattsu</alt>
		</trans>
	</term>
	<term id="20">
		<trans lang="en">
			<word>nine, 9 (Jap.)</word>
		</trans>
		<trans lang="ja">
			<word>九つ</word>
			<alt>kokonotsu</alt>
		</trans>
	</term>
	<term id="21">
		<trans lang="en">
			<word>ten, 10 (Jap.)</word>
		</trans>
		<trans lang="ja">
			<word>十　 (くん)</word>
			<alt>too</alt>
		</trans>
	</term>
	<term id="22">
		<trans lang="en">
			<word>how many?, how old?</word>
		</trans>
		<trans lang="ja">
			<word>いくつ</word>
			<alt>ikutsu</alt>
		</trans>
	</term>
	<term id="23">
		<trans lang="en">
			<word>battery</word>
		</trans>
		<trans lang="ja">
			<word>でんち</word>
			<alt>denchi</alt>
		</trans>
	</term>
	<term id="24">
		<trans lang="en">
			<word>UK, England</word>
		</trans>
		<trans lang="ja">
			<word>イギリス</word>
			<alt>igirisu</alt>
		</trans>
	</term>
	<term id="25">
		<trans lang="en">
			<word>Italy</word>
		</trans>
		<trans lang="ja">
			<word>イタリア</word>
			<alt>itaria</alt>
		</trans>
	</term>
	<term id="26">
		<trans lang="en">
			<word>France</word>
		</trans>
		<trans lang="ja">
			<word>フランス</word>
			<alt>furansu</alt>
		</trans>
	</term>
	<term id="27">
		<trans lang="en">
			<word>where?</word>
		</trans>
		<trans lang="ja">
			<word>どこ</word>
			<alt>doko</alt>
		</trans>
	</term>
	<term id="28">
		<trans lang="en">
			<word>red</word>
		</trans>
		<trans lang="ja">
			<word>あかい</word>
			<alt>akai</alt>
		</trans>
	</term>
	<term id="29">
		<trans lang="en">
			<word>blue, green</word>
		</trans>
		<trans lang="ja">
			<word>あおい</word>
			<alt>aoi</alt>
		</trans>
	</term>
	<term id="30">
		<trans lang="en">
			<word>black</word>
		</trans>
		<trans lang="ja">
			<word>くろい</word>
			<alt>kuroi</alt>
		</trans>
	</term>
	<term id="31">
		<trans lang="en">
			<word>language (of ...)</word>
		</trans>
		<trans lang="ja">
			<word>~ご</word>
			<alt>-go</alt>
		</trans>
	</term>
	<term id="32">
		<trans lang="en">
			<word>Japanese (language)</word>
		</trans>
		<trans lang="ja">
			<word>日ほんご</word>
			<alt>nihongo</alt>
		</trans>
	</term>
	<term id="33">
		<trans lang="en">
			<word>tape</word>
		</trans>
		<trans lang="ja">
			<word>テープ</word>
			<alt>teepu</alt>
		</trans>
	</term>
	<term id="34">
		<trans lang="en">
			<word>big</word>
		</trans>
		<trans lang="ja">
			<word>おおきい</word>
			<alt>ookii</alt>
		</trans>
	</term>
	<term id="35">
		<trans lang="en">
			<word>tangerine, Japanese orange</word>
		</trans>
		<trans lang="ja">
			<word>みかん</word>
			<alt>mikan</alt>
		</trans>
	</term>
	<term id="36">
		<trans lang="en">
			<word># kilograms, # kg</word>
		</trans>
		<trans lang="ja">
			<word>~キロ</word>
			<alt>-kiro</alt>
		</trans>
	</term>
	<term id="37">
		<trans lang="en">
			<word>stamp, postage stamp</word>
		</trans>
		<trans lang="ja">
			<word>きって</word>
			<alt>kitte</alt>
		</trans>
	</term>
	<term id="38">
		<trans lang="en">
			<word># sheets, # flat things</word>
		</trans>
		<trans lang="ja">
			<word>~まい</word>
			<alt>-mai</alt>
		</trans>
	</term>
	<term id="39">
		<trans lang="en">
			<word>beer</word>
		</trans>
		<trans lang="ja">
			<word>ビール</word>
			<alt>biiru</alt>
		</trans>
	</term>
	<term id="40">
		<trans lang="en">
			<word># long thin things, # sticks</word>
		</trans>
		<trans lang="ja">
			<word>~ほん</word>
			<alt>-hon</alt>
		</trans>
	</term>
</glossary>
