<?xml version="1.0"?>
<glossary id="309" name="JNI-11" author="">
	<desc></desc>
	<term id="1">
		<trans lang="en">
			<word>animal</word>
		</trans>
		<trans lang="ja">
			<word>どうぶつ</word>
			<alt>doobutsu</alt>
		</trans>
	</term>
	<term id="2">
		<trans lang="en">
			<word>truth, real</word>
		</trans>
		<trans lang="ja">
			<word>本とう [の]</word>
			<alt>hontoo</alt>
		</trans>
	</term>
	<term id="3">
		<trans lang="en">
			<word>interest</word>
		</trans>
		<trans lang="ja">
			<word>きょうみ</word>
			<alt>kyoomi</alt>
		</trans>
	</term>
	<term id="4">
		<trans lang="en">
			<word>weather</word>
		</trans>
		<trans lang="ja">
			<word>てんき</word>
			<alt>tenki</alt>
		</trans>
	</term>
	<term id="5">
		<trans lang="en">
			<word>horrible, nasty, unpleasant</word>
		</trans>
		<trans lang="ja">
			<word>いや [な]</word>
			<alt>iya</alt>
		</trans>
	</term>
</glossary>
