<?xml version="1.0"?>
<glossary id="429" name="p422-431" author="Frédéric Bergeron">
	<desc></desc>
	<term id="1">
		<trans lang="es">
			<word>saeta</word>
		</trans>
		<trans lang="fr">
			<word>flèche</word>
		</trans>
		<comment languages="es-fr">Escapó, y una saeta le ha atravesado el pecho.
Il s'enfuit, et une flèche lui a traversé la poitrine.</comment>
	</term>
	<term id="2">
		<trans lang="es">
			<word>congoja</word>
		</trans>
		<trans lang="fr">
			<word>angoisse</word>
		</trans>
	</term>
	<term id="3">
		<trans lang="es">
			<word>ocaso</word>
		</trans>
		<trans lang="fr">
			<word>crépuscule</word>
		</trans>
	</term>
</glossary>
