<?xml version="1.0"?>
<glossary id="411" name="p266-278" author="Frédéric Bergeron">
	<desc></desc>
	<term id="1">
		<trans lang="es">
			<word>enclenque</word>
		</trans>
		<trans lang="fr">
			<word>chétif,malingre</word>
		</trans>
		<comment languages="es-fr">Sus piernas enclenques estan deformadas.
Ses jambes chétives sont déformées.</comment>
	</term>
	<term id="2">
		<trans lang="es">
			<word>manojo</word>
		</trans>
		<trans lang="fr">
			<word>poignée</word>
		</trans>
		<comment languages="es-fr">un manojo de sal
une poignée de sel</comment>
	</term>
	<term id="3">
		<trans lang="es">
			<word>manso</word>
		</trans>
		<trans lang="fr">
			<word>doux</word>
		</trans>
	</term>
	<term id="4">
		<trans lang="es">
			<word>cabra</word>
		</trans>
		<trans lang="fr">
			<word>chèvre</word>
		</trans>
	</term>
	<term id="5">
		<trans lang="es">
			<word>rebanar</word>
		</trans>
		<trans lang="fr">
			<word>trancher,couper</word>
		</trans>
		<comment languages="es-fr">...le estaban rebanando la oreja.
...ils lui avaient tranché l'oreille.</comment>
	</term>
	<term id="6">
		<trans lang="es">
			<word>oración</word>
		</trans>
		<trans lang="fr">
			<word>prière,proposition</word>
		</trans>
	</term>
</glossary>
