<?xml version="1.0"?>
<glossary id="317" name="JBPII-02" author="">
	<desc></desc>
	<term id="1">
		<trans lang="en">
			<word>car   +</word>
		</trans>
		<trans lang="ja">
			<word>車</word>
			<alt>kuruma</alt>
		</trans>
	</term>
	<term id="2">
		<trans lang="en">
			<word>train, electric train   +</word>
		</trans>
		<trans lang="ja">
			<word>電車</word>
			<alt>densha</alt>
		</trans>
	</term>
	<term id="3">
		<trans lang="en">
			<word>be clear, understand ("ga") +</word>
		</trans>
		<trans lang="ja">
			<word>分かる</word>
			<alt>wakaru</alt>
		</trans>
	</term>
	<term id="4">
		<trans lang="en">
			<word>divide, distinguish</word>
		</trans>
		<trans lang="ja">
			<word>分ける</word>
			<alt>wakeru</alt>
		</trans>
	</term>
	<term id="5">
		<trans lang="en">
			<word># minutes</word>
		</trans>
		<trans lang="ja">
			<word>~分</word>
			<alt>-fun</alt>
		</trans>
	</term>
	<term id="6">
		<trans lang="en">
			<word>20 minutes, 20 mins   *</word>
		</trans>
		<trans lang="ja">
			<word>二十分</word>
			<alt>nijuppun</alt>
		</trans>
	</term>
	<term id="7">
		<trans lang="en">
			<word>front, in front; before   +</word>
		</trans>
		<trans lang="ja">
			<word>前</word>
			<alt>mae</alt>
		</trans>
	</term>
	<term id="8">
		<trans lang="en">
			<word>big   +</word>
		</trans>
		<trans lang="ja">
			<word>大きい</word>
			<alt>ookii</alt>
		</trans>
	</term>
	<term id="9">
		<trans lang="en">
			<word>university</word>
		</trans>
		<trans lang="ja">
			<word>大がく</word>
			<alt>daigaku</alt>
		</trans>
	</term>
	<term id="10">
		<trans lang="en">
			<word>east   +</word>
		</trans>
		<trans lang="ja">
			<word>東</word>
			<alt>higashi</alt>
		</trans>
	</term>
	<term id="11">
		<trans lang="en">
			<word>Tokyo   +</word>
		</trans>
		<trans lang="ja">
			<word>東京</word>
			<alt>tookyoo</alt>
		</trans>
	</term>
	<term id="12">
		<trans lang="en">
			<word>station, train station   +</word>
		</trans>
		<trans lang="ja">
			<word>駅</word>
			<alt>eki</alt>
		</trans>
	</term>
	<term id="13">
		<trans lang="en">
			<word>talk, speak, tell   +</word>
		</trans>
		<trans lang="ja">
			<word>話す</word>
			<alt>hanasu</alt>
		</trans>
	</term>
	<term id="14">
		<trans lang="en">
			<word>phone, telephone (-call)</word>
		</trans>
		<trans lang="ja">
			<word>電話</word>
			<alt>denwa</alt>
		</trans>
	</term>
	<term id="15">
		<trans lang="en">
			<word>make a call, phone</word>
		</trans>
		<trans lang="ja">
			<word>~をかける</word>
			<alt>-wo kakeru</alt>
		</trans>
	</term>
	<term id="16">
		<trans lang="en">
			<word>station employee</word>
		</trans>
		<trans lang="ja">
			<word>駅いん</word>
			<alt>ekiin</alt>
		</trans>
	</term>
	<term id="17">
		<trans lang="en">
			<word>forget</word>
		</trans>
		<trans lang="ja">
			<word>わすれる</word>
			<alt>wasureru</alt>
		</trans>
	</term>
	<term id="18">
		<trans lang="en">
			<word>forgotten article, s.th. lost</word>
		</trans>
		<trans lang="ja">
			<word>わすれもの</word>
			<alt>wasuremono</alt>
		</trans>
	</term>
	<term id="19">
		<trans lang="en">
			<word>back, behind</word>
		</trans>
		<trans lang="ja">
			<word>うしろ</word>
			<alt>ushiro</alt>
		</trans>
	</term>
	<term id="20">
		<trans lang="en">
			<word># th, counter for ordinals</word>
		</trans>
		<trans lang="ja">
			<word>~ばんめ</word>
			<alt>-banme</alt>
		</trans>
	</term>
	<term id="21">
		<trans lang="en">
			<word>car, vehicle</word>
		</trans>
		<trans lang="ja">
			<word>車りょう</word>
			<alt>sharyoo</alt>
		</trans>
	</term>
	<term id="22">
		<trans lang="en">
			<word>paper; hair</word>
		</trans>
		<trans lang="ja">
			<word>かみ</word>
			<alt>kami</alt>
		</trans>
	</term>
	<term id="23">
		<trans lang="en">
			<word>bag</word>
		</trans>
		<trans lang="ja">
			<word>ふくろ</word>
			<alt>fukuro</alt>
		</trans>
	</term>
	<term id="24">
		<trans lang="en">
			<word>contents</word>
		</trans>
		<trans lang="ja">
			<word>中み</word>
			<alt>nakami</alt>
		</trans>
	</term>
	<term id="25">
		<trans lang="en">
			<word>detailed</word>
		</trans>
		<trans lang="ja">
			<word>くわしい</word>
			<alt>kuwashii</alt>
		</trans>
	</term>
	<term id="26">
		<trans lang="en">
			<word>scarf, muffler</word>
		</trans>
		<trans lang="ja">
			<word>マフラー</word>
			<alt>mafuraa</alt>
		</trans>
	</term>
	<term id="27">
		<trans lang="en">
			<word>wool</word>
		</trans>
		<trans lang="ja">
			<word>ウール</word>
			<alt>uuru</alt>
		</trans>
	</term>
	<term id="28">
		<trans lang="en">
			<word>black, blackness</word>
		</trans>
		<trans lang="ja">
			<word>くろ</word>
			<alt>kuro</alt>
		</trans>
	</term>
	<term id="29">
		<trans lang="en">
			<word>white, whiteness</word>
		</trans>
		<trans lang="ja">
			<word>しろ</word>
			<alt>shiro</alt>
		</trans>
	</term>
	<term id="30">
		<trans lang="en">
			<word>stripe</word>
		</trans>
		<trans lang="ja">
			<word>しま (pattern)</word>
			<alt>shima</alt>
		</trans>
	</term>
	<term id="31">
		<trans lang="en">
			<word>pattern, design</word>
		</trans>
		<trans lang="ja">
			<word>もよう</word>
			<alt>moyoo</alt>
		</trans>
	</term>
	<term id="32">
		<trans lang="en">
			<word>chest</word>
		</trans>
		<trans lang="ja">
			<word>むね</word>
			<alt>mune</alt>
		</trans>
	</term>
	<term id="33">
		<trans lang="en">
			<word>horse</word>
		</trans>
		<trans lang="ja">
			<word>うま</word>
			<alt>uma</alt>
		</trans>
	</term>
	<term id="34">
		<trans lang="en">
			<word>office, office room</word>
		</trans>
		<trans lang="ja">
			<word>じむしつ</word>
			<alt>jimushitsu</alt>
		</trans>
	</term>
	<term id="35">
		<trans lang="en">
			<word>arrive, reach</word>
		</trans>
		<trans lang="ja">
			<word>とどく</word>
			<alt>todoku</alt>
		</trans>
	</term>
	<term id="36">
		<trans lang="en">
			<word>within, throughout</word>
		</trans>
		<trans lang="ja">
			<word>~中</word>
			<alt>-chuu</alt>
		</trans>
	</term>
	<term id="37">
		<trans lang="en">
			<word>today, within today .</word>
		</trans>
		<trans lang="ja">
			<word>きょう中</word>
			<alt>kyoojuu</alt>
		</trans>
	</term>
	<term id="38">
		<trans lang="en">
			<word>take, get; pass, hand</word>
		</trans>
		<trans lang="ja">
			<word>とる</word>
			<alt>toru</alt>
		</trans>
	</term>
	<term id="39">
		<trans lang="en">
			<word>part, department; # copies</word>
		</trans>
		<trans lang="ja">
			<word>ぶ</word>
			<alt>bu</alt>
		</trans>
	</term>
	<term id="40">
		<trans lang="en">
			<word>department head</word>
		</trans>
		<trans lang="ja">
			<word>ぶちょう</word>
			<alt>buchoo</alt>
		</trans>
	</term>
	<term id="41">
		<trans lang="en">
			<word>inconvenient</word>
		</trans>
		<trans lang="ja">
			<word>ふべん [な]</word>
			<alt>fuben</alt>
		</trans>
	</term>
	<term id="42">
		<trans lang="en">
			<word>problem</word>
		</trans>
		<trans lang="ja">
			<word>もんだい</word>
			<alt>mondai</alt>
		</trans>
	</term>
	<term id="43">
		<trans lang="en">
			<word>complicated</word>
		</trans>
		<trans lang="ja">
			<word>ふくざつ [な]</word>
			<alt>fukuzatsu</alt>
		</trans>
	</term>
	<term id="44">
		<trans lang="en">
			<word>young</word>
		</trans>
		<trans lang="ja">
			<word>わかい</word>
			<alt>wakai</alt>
		</trans>
	</term>
	<term id="45">
		<trans lang="en">
			<word>serious, diligent</word>
		</trans>
		<trans lang="ja">
			<word>まじめ [な]</word>
			<alt>majime</alt>
		</trans>
	</term>
	<term id="46">
		<trans lang="en">
			<word>bright, cheerful</word>
		</trans>
		<trans lang="ja">
			<word>あかるい</word>
			<alt>akarui</alt>
		</trans>
	</term>
	<term id="47">
		<trans lang="en">
			<word>back (of a person)</word>
		</trans>
		<trans lang="ja">
			<word>せ</word>
			<alt>se</alt>
		</trans>
	</term>
	<term id="48">
		<trans lang="en">
			<word>takai  tall</word>
		</trans>
		<trans lang="ja">
			<word>せがたかい</word>
			<alt>sega</alt>
		</trans>
	</term>
	<term id="49">
		<trans lang="en">
			<word>ii  bright, clever</word>
		</trans>
		<trans lang="ja">
			<word>あたまがいい</word>
			<alt>atamaga</alt>
		</trans>
	</term>
	<term id="50">
		<trans lang="en">
			<word>long</word>
		</trans>
		<trans lang="ja">
			<word>ながい</word>
			<alt>nagai</alt>
		</trans>
	</term>
	<term id="51">
		<trans lang="en">
			<word>nagai    long-haired</word>
		</trans>
		<trans lang="ja">
			<word>かみがながい</word>
			<alt>kamiga</alt>
		</trans>
	</term>
	<term id="52">
		<trans lang="en">
			<word>get up, wake up</word>
		</trans>
		<trans lang="ja">
			<word>おきる</word>
			<alt>okiru</alt>
		</trans>
	</term>
	<term id="53">
		<trans lang="en">
			<word>last night, last evening</word>
		</trans>
		<trans lang="ja">
			<word>ゆうべ</word>
			<alt>yuube</alt>
		</trans>
	</term>
	<term id="54">
		<trans lang="en">
			<word>cherry, cherry blossoms</word>
		</trans>
		<trans lang="ja">
			<word>さくら</word>
			<alt>sakura</alt>
		</trans>
	</term>
	<term id="55">
		<trans lang="en">
			<word>professor; teaching</word>
		</trans>
		<trans lang="ja">
			<word>きょうじゅ</word>
			<alt>kyooju</alt>
		</trans>
	</term>
	<term id="56">
		<trans lang="en">
			<word>rest, be absent (from: "wo")</word>
		</trans>
		<trans lang="ja">
			<word>やすむ</word>
			<alt>yasumu</alt>
		</trans>
	</term>
	<term id="57">
		<trans lang="en">
			<word>find, pick up</word>
		</trans>
		<trans lang="ja">
			<word>ひろう</word>
			<alt>hirou</alt>
		</trans>
	</term>
	<term id="58">
		<trans lang="en">
			<word>drop, fall; fail</word>
		</trans>
		<trans lang="ja">
			<word>おちる</word>
			<alt>ochiru</alt>
		</trans>
	</term>
	<term id="59">
		<trans lang="en">
			<word>wallet, purse</word>
		</trans>
		<trans lang="ja">
			<word>さいふ</word>
			<alt>saifu</alt>
		</trans>
	</term>
	<term id="60">
		<trans lang="en">
			<word>lose, drop (s.th.)</word>
		</trans>
		<trans lang="ja">
			<word>おとす</word>
			<alt>otosu</alt>
		</trans>
	</term>
	<term id="61">
		<trans lang="en">
			<word>leather</word>
		</trans>
		<trans lang="ja">
			<word>かわ</word>
			<alt>kawa</alt>
		</trans>
	</term>
	<term id="62">
		<trans lang="en">
			<word>cash, ready money</word>
		</trans>
		<trans lang="ja">
			<word>げん金</word>
			<alt>genkin</alt>
		</trans>
	</term>
</glossary>
