<?xml version="1.0"?>
<glossary id="320" name="JBPI-23" author="">
	<desc></desc>
	<term id="1">
		<trans lang="en">
			<word>iidesu  may do ("V-te")</word>
		</trans>
		<trans lang="ja">
			<word>~もいいです</word>
			<alt>-mo</alt>
		</trans>
	</term>
	<term id="2">
		<trans lang="en">
			<word>electrical appliance store</word>
		</trans>
		<trans lang="ja">
			<word>でんきや</word>
			<alt>denkiya</alt>
		</trans>
	</term>
	<term id="3">
		<trans lang="en">
			<word>catalogue, brochure</word>
		</trans>
		<trans lang="ja">
			<word>カタログ</word>
			<alt>katarogu</alt>
		</trans>
	</term>
	<term id="4">
		<trans lang="en">
			<word>showcase</word>
		</trans>
		<trans lang="ja">
			<word>ケース</word>
			<alt>keesu</alt>
		</trans>
	</term>
	<term id="5">
		<trans lang="en">
			<word>take (also photo, holidays)</word>
		</trans>
		<trans lang="ja">
			<word>とる</word>
			<alt>toru</alt>
		</trans>
	</term>
	<term id="6">
		<trans lang="en">
			<word>use</word>
		</trans>
		<trans lang="ja">
			<word>つかう</word>
			<alt>tsukau</alt>
		</trans>
	</term>
	<term id="7">
		<trans lang="en">
			<word>pen</word>
		</trans>
		<trans lang="ja">
			<word>ペン</word>
			<alt>pen</alt>
		</trans>
	</term>
	<term id="8">
		<trans lang="en">
			<word>wonderful, marvellous</word>
		</trans>
		<trans lang="ja">
			<word>すばらしい</word>
			<alt>subarashii</alt>
		</trans>
	</term>
	<term id="9">
		<trans lang="en">
			<word>Well ...</word>
		</trans>
		<trans lang="ja">
			<word>さあ</word>
			<alt>saa</alt>
		</trans>
	</term>
</glossary>
