<?xml version="1.0"?>
<glossary id="126" name="6.05" author="Frédéric Bergeron">
	<desc></desc>
	<term id="1">
		<trans lang="en">
			<word>form,formality,format,math expression</word>
		</trans>
		<trans lang="ja">
			<word>形式</word>
			<alt>けいしき</alt>
		</trans>
	</term>
	<term id="2">
		<trans lang="en">
			<word>typical,model,ideal</word>
		</trans>
		<trans lang="ja">
			<word>典型的</word>
			<alt>てんけいてき</alt>
		</trans>
		<comment languages="en-ja">for文を使った典型的なプログラムは、List 6.4のようになります。
List 6.4 shows a typical program using a for statement.</comment>
	</term>
	<term id="3">
		<trans lang="en">
			<word>sum total,total amount (to)</word>
		</trans>
		<trans lang="ja">
			<word>合計(する)</word>
			<alt>ごうけい(する)</alt>
		</trans>
	</term>
	<term id="4">
		<trans lang="en">
			<word>emergency,extraordinary,unusual</word>
		</trans>
		<trans lang="ja">
			<word>非常</word>
			<alt>ひじょう</alt>
		</trans>
	</term>
</glossary>
