<?xml version="1.0"?>
<glossary id="7" name="Genki 7">
<translations>
	<term id="326">
		<trans lang="en">
			<word>(my) older sister</word>
		</trans>
		<trans lang="ja">
			<word>姉</word>
			<alt>あね</alt>
		</trans>
	</term>
	<term id="327">
		<trans lang="en">
			<word>apartment</word>
		</trans>
		<trans lang="ja">
			<alt>アパート</alt>
		</trans>
	</term>
	<term id="328">
		<trans lang="en">
			<word>younger sister</word>
		</trans>
		<trans lang="ja">
			<word>妹</word>
			<alt>いもうと</alt>
		</trans>
	</term>
	<term id="329">
		<trans lang="en">
			<word>song</word>
		</trans>
		<trans lang="ja">
			<word>歌</word>
			<alt>うた</alt>
		</trans>
	</term>
	<term id="330">
		<trans lang="en">
			<word>younger brother</word>
		</trans>
		<trans lang="ja">
			<word>弟</word>
			<alt>おとうと</alt>
		</trans>
	</term>
	<term id="331">
		<trans lang="en">
			<word>man</word>
		</trans>
		<trans lang="ja">
			<word>男の人</word>
			<alt>おとこのひと</alt>
		</trans>
	</term>
	<term id="332">
		<trans lang="en">
			<word>older brother</word>
		</trans>
		<trans lang="ja">
			<word>お兄さん</word>
			<alt>おにいさん</alt>
		</trans>
	</term>
	<term id="333">
		<trans lang="en">
			<word>older sister</word>
		</trans>
		<trans lang="ja">
			<word>お姉さん</word>
			<alt>おねえさん</alt>
		</trans>
	</term>
	<term id="334">
		<trans lang="en">
			<word>woman</word>
		</trans>
		<trans lang="ja">
			<word>女の人</word>
			<alt>おんなのひと</alt>
		</trans>
	</term>
	<term id="335">
		<trans lang="en">
			<word>company</word>
		</trans>
		<trans lang="ja">
			<word>会社</word>
			<alt>かいしゃ</alt>
		</trans>
	</term>
	<term id="336">
		<trans lang="en">
			<word>family</word>
		</trans>
		<trans lang="ja">
			<word>家族</word>
			<alt>かぞく</alt>
		</trans>
	</term>
	<term id="337">
		<trans lang="en">
			<word>hair</word>
		</trans>
		<trans lang="ja">
			<word>髪</word>
			<alt>かみ</alt>
		</trans>
	</term>
	<term id="338">
		<trans lang="en">
			<word>brothers and sisters</word>
		</trans>
		<trans lang="ja">
			<word>兄弟</word>
			<alt>きょうだい</alt>
		</trans>
	</term>
	<term id="339">
		<trans lang="en">
			<word>country; place of origin</word>
		</trans>
		<trans lang="ja">
			<word>国</word>
			<alt>くに</alt>
		</trans>
	</term>
	<term id="340">
		<trans lang="en">
			<word>car</word>
		</trans>
		<trans lang="ja">
			<word>車</word>
			<alt>くるま</alt>
		</trans>
	</term>
	<term id="341">
		<trans lang="en">
			<word>convenience store</word>
		</trans>
		<trans lang="ja">
			<alt>コンビニ</alt>
		</trans>
	</term>
	<term id="342">
		<trans lang="en">
			<word>cafeteria; dining commons</word>
		</trans>
		<trans lang="ja">
			<word>食堂</word>
			<alt>しょくどう</alt>
		</trans>
	</term>
	<term id="343">
		<trans lang="en">
			<word>(my) father</word>
		</trans>
		<trans lang="ja">
			<word>父</word>
			<alt>ちち</alt>
		</trans>
	</term>
	<term id="344">
		<trans lang="en">
			<word>T-shirt</word>
		</trans>
		<trans lang="ja">
			<alt>Tシャツ</alt>
		</trans>
	</term>
	<term id="345">
		<trans lang="en">
			<word>eye</word>
		</trans>
		<trans lang="ja">
			<word>目</word>
			<alt>め</alt>
		</trans>
	</term>
	<term id="346">
		<trans lang="en">
			<word>glasses</word>
		</trans>
		<trans lang="ja">
			<word>眼鏡</word>
			<alt>めがね</alt>
		</trans>
	</term>
	<term id="347">
		<trans lang="en">
			<word>bright; smart; clever</word>
		</trans>
		<trans lang="ja">
			<word>頭がいい</word>
			<alt>あたまがいい</alt>
		</trans>
	</term>
	<term id="348">
		<trans lang="en">
			<word>great-looking</word>
		</trans>
		<trans lang="ja">
			<alt>かっこいい</alt>
		</trans>
	</term>
	<term id="349">
		<trans lang="en">
			<word>cute</word>
		</trans>
		<trans lang="ja">
			<alt>かわいい</alt>
		</trans>
	</term>
	<term id="350">
		<trans lang="en">
			<word>tall</word>
		</trans>
		<trans lang="ja">
			<word>背が高い</word>
			<alt>せがたかい</alt>
		</trans>
	</term>
	<term id="351">
		<trans lang="en">
			<word>short (stature)</word>
		</trans>
		<trans lang="ja">
			<word>背が低い</word>
			<alt>せがひくい</alt>
		</trans>
	</term>
	<term id="352">
		<trans lang="en">
			<word>long</word>
		</trans>
		<trans lang="ja">
			<word>長い</word>
			<alt>ながい</alt>
		</trans>
	</term>
	<term id="353">
		<trans lang="en">
			<word>fast</word>
		</trans>
		<trans lang="ja">
			<word>早い</word>
			<alt>はやい</alt>
		</trans>
	</term>
	<term id="354">
		<trans lang="en">
			<word>short (length)</word>
		</trans>
		<trans lang="ja">
			<word>短い</word>
			<alt>みじかい</alt>
		</trans>
	</term>
	<term id="355">
		<trans lang="en">
			<word>kind</word>
		</trans>
		<trans lang="ja">
			<word>親切</word>
			<alt>しんせつ</alt>
		</trans>
	</term>
	<term id="356">
		<trans lang="en">
			<word>convenient</word>
		</trans>
		<trans lang="ja">
			<word>便利</word>
			<alt>べんり</alt>
		</trans>
	</term>
	<term id="357">
		<trans lang="en">
			<word>to sing</word>
		</trans>
		<trans lang="ja">
			<word>歌う</word>
			<alt>うたう</alt>
		</trans>
	</term>
	<term id="358">
		<trans lang="en">
			<word>to put on (a hat)</word>
		</trans>
		<trans lang="ja">
			<alt>かぶる</alt>
		</trans>
	</term>
	<term id="359">
		<trans lang="en">
			<word>to get to know</word>
		</trans>
		<trans lang="ja">
			<word>知る</word>
			<alt>しる</alt>
		</trans>
	</term>
	<term id="360">
		<trans lang="en">
			<word>I know</word>
		</trans>
		<trans lang="ja">
			<word>知っています</word>
			<alt>しっています</alt>
		</trans>
	</term>
	<term id="361">
		<trans lang="en">
			<word>I do not know</word>
		</trans>
		<trans lang="ja">
			<word>知りません</word>
			<alt>しりません</alt>
		</trans>
	</term>
	<term id="362">
		<trans lang="en">
			<word>to live</word>
		</trans>
		<trans lang="ja">
			<word>住む</word>
			<alt>すむ</alt>
		</trans>
	</term>
	<term id="363">
		<trans lang="en">
			<word>to put on (items below your waist)</word>
		</trans>
		<trans lang="ja">
			<alt>はく</alt>
		</trans>
	</term>
	<term id="364">
		<trans lang="en">
			<word>to gain weight</word>
		</trans>
		<trans lang="ja">
			<word>太る</word>
			<alt>ふとる</alt>
		</trans>
	</term>
	<term id="365">
		<trans lang="en">
			<word>to be on the heavy side</word>
		</trans>
		<trans lang="ja">
			<word>太っています</word>
			<alt>ふとっています</alt>
		</trans>
	</term>
	<term id="366">
		<trans lang="en">
			<word>to put on glasses</word>
		</trans>
		<trans lang="ja">
			<alt>めがねをかける</alt>
		</trans>
	</term>
	<term id="367">
		<trans lang="en">
			<word>to put on (clothes above your waist)</word>
		</trans>
		<trans lang="ja">
			<word>着る</word>
			<alt>きる</alt>
		</trans>
	</term>
	<term id="368">
		<trans lang="en">
			<word>to lose weight</word>
		</trans>
		<trans lang="ja">
			<alt>やせる</alt>
		</trans>
	</term>
	<term id="369">
		<trans lang="en">
			<word>to be thin</word>
		</trans>
		<trans lang="ja">
			<alt>やせています</alt>
		</trans>
	</term>
	<term id="370">
		<trans lang="en">
			<word>to get married</word>
		</trans>
		<trans lang="ja">
			<word>結婚する</word>
			<alt>けっこんする</alt>
		</trans>
	</term>
	<term id="371">
		<trans lang="en">
			<word>but</word>
		</trans>
		<trans lang="ja">
			<alt>が</alt>
		</trans>
	</term>
	<term id="372">
		<trans lang="en">
			<word>one person</word>
		</trans>
		<trans lang="ja">
			<word>一人</word>
			<alt>ひとり</alt>
		</trans>
	</term>
	<term id="373">
		<trans lang="en">
			<word>two people</word>
		</trans>
		<trans lang="ja">
			<word>二人</word>
			<alt>ふたり</alt>
		</trans>
	</term>
	<term id="374">
		<trans lang="en">
			<word>of course</word>
		</trans>
		<trans lang="ja">
			<alt>もちろん</alt>
		</trans>
	</term>
	<term id="375">
		<trans lang="en">
			<word>if you like</word>
		</trans>
		<trans lang="ja">
			<alt>よかったら</alt>
		</trans>
	</term>
</translations>
</glossary>