<?xml version="1.0"?>
<glossary id="5" name="Genki 05">
<translations>
    <term id="223">
        <trans lang="en">
            <word>sea</word>
        </trans>
        <trans lang="ja">
            <word>海</word>
            <alt>うみ</alt>
        </trans>
    </term>
    <term id="224">
        <trans lang="en">
            <word>postal stamps</word>
        </trans>
        <trans lang="ja">
            <word>切手</word>
            <alt>きって</alt>
        </trans>
    </term>
    <term id="225">
        <trans lang="en">
            <word>ticket</word>
        </trans>
        <trans lang="ja">
            <word>切符</word>
            <alt>きっぷ</alt>
        </trans>
    </term>
    <term id="226">
        <trans lang="en">
            <word>surfing</word>
        </trans>
        <trans lang="ja">
            <alt>サーフィン</alt>
        </trans>
    </term>
    <term id="227">
        <trans lang="en">
            <word>homework</word>
        </trans>
        <trans lang="ja">
            <word>宿題</word>
            <alt>しゅくだい</alt>
        </trans>
    </term>
    <term id="228">
        <trans lang="en">
            <word>food</word>
        </trans>
        <trans lang="ja">
            <word>食べ物</word>
            <alt>たべもの</alt>
        </trans>
    </term>
    <term id="229">
        <trans lang="en">
            <word>birthday</word>
        </trans>
        <trans lang="ja">
            <word>誕生日</word>
            <alt>たんじょうび</alt>
        </trans>
    </term>
    <term id="230">
        <trans lang="en">
            <word>test</word>
        </trans>
        <trans lang="ja">
            <alt>テスト</alt>
        </trans>
    </term>
    <term id="231">
        <trans lang="en">
            <word>weather</word>
        </trans>
        <trans lang="ja">
            <word>天気</word>
            <alt>てんき</alt>
        </trans>
    </term>
    <term id="232">
        <trans lang="en">
            <word>drink</word>
        </trans>
        <trans lang="ja">
            <word>飲み物</word>
            <alt>のみもの</alt>
        </trans>
    </term>
    <term id="233">
        <trans lang="en">
            <word>postcard</word>
        </trans>
        <trans lang="ja">
            <word>葉書</word>
            <alt>はがき</alt>
        </trans>
    </term>
    <term id="234">
        <trans lang="en">
            <word>bus</word>
        </trans>
        <trans lang="ja">
            <alt>バス</alt>
        </trans>
    </term>
    <term id="235">
        <trans lang="en">
            <word>airplane</word>
        </trans>
        <trans lang="ja">
            <word>飛行機</word>
            <alt>ひこうき</alt>
        </trans>
    </term>
    <term id="236">
        <trans lang="en">
            <word>room</word>
        </trans>
        <trans lang="ja">
            <word>部屋</word>
            <alt>へや</alt>
        </trans>
    </term>
    <term id="237">
        <trans lang="en">
            <word>I (used by men)</word>
        </trans>
        <trans lang="ja">
            <word>僕</word>
            <alt>ぼく</alt>
        </trans>
    </term>
    <term id="238">
        <trans lang="en">
            <word>holiday; day off; absence</word>
        </trans>
        <trans lang="ja">
            <word>休み</word>
            <alt>やすみ</alt>
        </trans>
    </term>
    <term id="239">
        <trans lang="en">
            <word>travel</word>
        </trans>
        <trans lang="ja">
            <word>旅行</word>
            <alt>りょこう</alt>
        </trans>
    </term>
    <term id="240">
        <trans lang="en">
            <word>new</word>
        </trans>
        <trans lang="ja">
            <word>新しい</word>
            <alt>あたらしい</alt>
        </trans>
    </term>
    <term id="241">
        <trans lang="en">
            <word>hot (weather)</word>
        </trans>
        <trans lang="ja">
            <word>暑い</word>
            <alt>あつい</alt>
        </trans>
    </term>
    <term id="242">
        <trans lang="en">
            <word>hot (objects)</word>
        </trans>
        <trans lang="ja">
            <word>熱い</word>
            <alt>あつい</alt>
        </trans>
    </term>
    <term id="243">
        <trans lang="en">
            <word>busy (people/days)</word>
        </trans>
        <trans lang="ja">
            <word>忙しい</word>
            <alt>いそがしい</alt>
        </trans>
    </term>
    <term id="244">
        <trans lang="en">
            <word>large</word>
        </trans>
        <trans lang="ja">
            <word>大きい</word>
            <alt>おおきい</alt>
        </trans>
    </term>
    <term id="245">
        <trans lang="en">
            <word>interesting</word>
        </trans>
        <trans lang="ja">
            <word>面白い</word>
            <alt>おもしろい</alt>
        </trans>
    </term>
    <term id="246">
        <trans lang="en">
            <word>frightening</word>
        </trans>
        <trans lang="ja">
            <word>怖い</word>
            <alt>こわい</alt>
        </trans>
    </term>
    <term id="247">
        <trans lang="en">
            <word>cold (weather-not used for objects)</word>
        </trans>
        <trans lang="ja">
            <word>寒い</word>
            <alt>さむい</alt>
        </trans>
    </term>
    <term id="248">
        <trans lang="en">
            <word>fun</word>
        </trans>
        <trans lang="ja">
            <word>楽しい</word>
            <alt>たのしい</alt>
        </trans>
    </term>
    <term id="249">
        <trans lang="en">
            <word>small</word>
        </trans>
        <trans lang="ja">
            <word>小さい</word>
            <alt>ちいさい</alt>
        </trans>
    </term>
    <term id="250">
        <trans lang="en">
            <word>boring</word>
        </trans>
        <trans lang="ja">
            <alt>つまらない</alt>
        </trans>
    </term>
    <term id="251">
        <trans lang="en">
            <word>old (thing - not used for people)</word>
        </trans>
        <trans lang="ja">
            <word>古い</word>
            <alt>ふるい</alt>
        </trans>
    </term>
    <term id="252">
        <trans lang="en">
            <word>difficult</word>
        </trans>
        <trans lang="ja">
            <word>難しい</word>
            <alt>むずかしい</alt>
        </trans>
    </term>
    <term id="253">
        <trans lang="en">
            <word>easy (problem); kind (person)</word>
        </trans>
        <trans lang="ja">
            <alt>やさしい</alt>
        </trans>
    </term>
    <term id="254">
        <trans lang="en">
            <word>inexpensive; cheap (thing)</word>
        </trans>
        <trans lang="ja">
            <word>安い</word>
            <alt>やすい</alt>
        </trans>
    </term>
    <term id="255">
        <trans lang="en">
            <word>disgusted with; to dislike</word>
        </trans>
        <trans lang="ja">
            <word>嫌い</word>
            <alt>きらい（な）</alt>
        </trans>
    </term>
    <term id="256">
        <trans lang="en">
            <word>beautiful; clean</word>
        </trans>
        <trans lang="ja">
            <alt>きれい（な）</alt>
        </trans>
    </term>
    <term id="257">
        <trans lang="en">
            <word>healthy; energetic</word>
        </trans>
        <trans lang="ja">
            <word>元気</word>
            <alt>げんき（な）</alt>
        </trans>
    </term>
    <term id="258">
        <trans lang="en">
            <word>quiet</word>
        </trans>
        <trans lang="ja">
            <word>静か</word>
            <alt>しずか（な）</alt>
        </trans>
    </term>
    <term id="259">
        <trans lang="en">
            <word>fond of; to like</word>
        </trans>
        <trans lang="ja">
            <word>好き</word>
            <alt>すき（な）</alt>
        </trans>
    </term>
    <term id="260">
        <trans lang="en">
            <word>to hate</word>
        </trans>
        <trans lang="ja">
            <word>大嫌い</word>
            <alt>だいきらい（な）</alt>
        </trans>
    </term>
    <term id="261">
        <trans lang="en">
            <word>very fond of; to love</word>
        </trans>
        <trans lang="ja">
            <word>大好き</word>
            <alt>だいすき（な）</alt>
        </trans>
    </term>
    <term id="262">
        <trans lang="en">
            <word>lively</word>
        </trans>
        <trans lang="ja">
            <alt>にぎやか（な）</alt>
        </trans>
    </term>
    <term id="263">
        <trans lang="en">
            <word>handsome</word>
        </trans>
        <trans lang="ja">
            <alt>ハンサム（な）</alt>
        </trans>
    </term>
    <term id="264">
        <trans lang="en">
            <word>not busy; to have a lot of free time</word>
        </trans>
        <trans lang="ja">
            <word>暇</word>
            <alt>ひま（な）</alt>
        </trans>
    </term>
    <term id="265">
        <trans lang="en">
            <word>to swim</word>
        </trans>
        <trans lang="ja">
            <word>泳ぐ</word>
            <alt>およぐ</alt>
        </trans>
    </term>
    <term id="266">
        <trans lang="en">
            <word>to ask</word>
        </trans>
        <trans lang="ja">
            <word>聞く</word>
            <alt>きく</alt>
        </trans>
    </term>
    <term id="267">
        <trans lang="en">
            <word>to ride; to board</word>
        </trans>
        <trans lang="ja">
            <word>乗る</word>
            <alt>のる</alt>
        </trans>
    </term>
    <term id="268">
        <trans lang="en">
            <word>to do; to perform</word>
        </trans>
        <trans lang="ja">
            <alt>やる</alt>
        </trans>
    </term>
    <term id="269">
        <trans lang="en">
            <word>to go out</word>
        </trans>
        <trans lang="ja">
            <word>出かける</word>
            <alt>でかける</alt>
        </trans>
    </term>
    <term id="270">
        <trans lang="en">
            <word>together</word>
        </trans>
        <trans lang="ja">
            <word>一緒に</word>
            <alt>いっしょに</alt>
        </trans>
    </term>
    <term id="271">
        <trans lang="en">
            <word>and then</word>
        </trans>
        <trans lang="ja">
            <alt>それから</alt>
        </trans>
    </term>
    <term id="272">
        <trans lang="en">
            <word>It's okay.; Not to worry.; Everything is under control.</word>
        </trans>
        <trans lang="ja">
            <word>大丈夫</word>
            <alt>だいじょうぶ</alt>
        </trans>
    </term>
    <term id="273">
        <trans lang="en">
            <word>very</word>
        </trans>
        <trans lang="ja">
            <alt>とても</alt>
        </trans>
    </term>
    <term id="274">
        <trans lang="en">
            <word>what kind of...</word>
        </trans>
        <trans lang="ja">
            <alt>どんな</alt>
        </trans>
    </term>
    <term id="275">
        <trans lang="en">
            <word>[counter for flat objects]</word>
        </trans>
        <trans lang="ja">
            <word>~枚</word>
            <alt>~まい</alt>
        </trans>
    </term>
    <term id="276">
        <trans lang="en">
            <word>to (a place); as far as (a place); till (a time)</word>
        </trans>
        <trans lang="ja">
            <alt>~まで</alt>
        </trans>
    </term>
</translations>
</glossary>
