<?xml version="1.0"?>
<glossary id="1" name="Genki 01">
<translations>
    <term id="1">
        <trans lang="en">
            <word>um...</word>
        </trans>
        <trans lang="ja">
            <alt>あの</alt>
        </trans>
    </term>
    <term id="2">
        <trans lang="en">
            <word>now</word>
        </trans>
        <trans lang="ja">
            <word>今</word>
            <alt>いま</alt>
        </trans>
    </term>
    <term id="3">
        <trans lang="en">
            <word>English (language)</word>
        </trans>
        <trans lang="ja">
            <word>英語</word>
            <alt>えいご</alt>
        </trans>
    </term>
    <term id="4">
        <trans lang="en">
            <word>student</word>
        </trans>
        <trans lang="ja">
            <word>学生</word>
            <alt>がくせい</alt>
        </trans>
    </term>
    <term id="5">
        <trans lang="en">
            <word>language</word>
        </trans>
        <trans lang="ja">
            <word>~語</word>
            <alt>~ご</alt>
        </trans>
    </term>
    <term id="6">
        <trans lang="en">
            <word>high school</word>
        </trans>
        <trans lang="ja">
            <word>高校</word>
            <alt>こうこう</alt>
        </trans>
    </term>
    <term id="7">
        <trans lang="en">
            <word>P.M.</word>
        </trans>
        <trans lang="ja">
            <word>午後</word>
            <alt>ごご</alt>
        </trans>
    </term>
    <term id="8">
        <trans lang="en">
            <word>A.M.</word>
        </trans>
        <trans lang="ja">
            <word>午前</word>
            <alt>ごぜん</alt>
        </trans>
    </term>
    <term id="9">
        <trans lang="en">
            <word>...years old</word>
        </trans>
        <trans lang="ja">
            <word>~歳</word>
            <alt>~さい</alt>
        </trans>
    </term>
    <term id="10">
        <trans lang="en">
            <word>Mr./Ms....</word>
        </trans>
        <trans lang="ja">
            <alt>~さん</alt>
        </trans>
    </term>
    <term id="11">
        <trans lang="en">
            <word>o'clock</word>
        </trans>
        <trans lang="ja">
            <word>~時</word>
            <alt>~じ</alt>
        </trans>
    </term>
    <term id="12">
        <trans lang="en">
            <word>people</word>
        </trans>
        <trans lang="ja">
            <word>~人</word>
            <alt>~じん</alt>
        </trans>
    </term>
    <term id="13">
        <trans lang="en">
            <word>teacher; Professor ...</word>
        </trans>
        <trans lang="ja">
            <word>先生</word>
            <alt>せんせい</alt>
        </trans>
    </term>
    <term id="14">
        <trans lang="en">
            <word>major</word>
        </trans>
        <trans lang="ja">
            <word>専門</word>
            <alt>せんもん</alt>
        </trans>
    </term>
    <term id="15">
        <trans lang="en">
            <word>That's right.</word>
        </trans>
        <trans lang="ja">
            <alt>そうです</alt>
        </trans>
    </term>
    <term id="16">
        <trans lang="en">
            <word>college; university</word>
        </trans>
        <trans lang="ja">
            <word>大学</word>
            <alt>だいがく</alt>
        </trans>
    </term>
    <term id="17">
        <trans lang="en">
            <word>telephone</word>
        </trans>
        <trans lang="ja">
            <word>電話</word>
            <alt>でんわ</alt>
        </trans>
    </term>
    <term id="18">
        <trans lang="en">
            <word>friend</word>
        </trans>
        <trans lang="ja">
            <word>友達</word>
            <alt>ともだち</alt>
        </trans>
    </term>
    <term id="19">
        <trans lang="en">
            <word>name</word>
        </trans>
        <trans lang="ja">
            <word>名前</word>
            <alt>なまえ</alt>
        </trans>
    </term>
    <term id="20">
        <trans lang="en">
            <word>what</word>
        </trans>
        <trans lang="ja">
            <word>何</word>
            <alt>なん／なに</alt>
        </trans>
    </term>
    <term id="21">
        <trans lang="en">
            <word>Japan</word>
        </trans>
        <trans lang="ja">
            <word>日本</word>
            <alt>にほん</alt>
        </trans>
    </term>
    <term id="22">
        <trans lang="en">
            <word>...year student</word>
        </trans>
        <trans lang="ja">
            <word>~年生</word>
            <alt>~ねんせい</alt>
        </trans>
    </term>
    <term id="23">
        <trans lang="en">
            <word>yes</word>
        </trans>
        <trans lang="ja">
            <alt>はい</alt>
        </trans>
    </term>
    <term id="24">
        <trans lang="en">
            <word>half</word>
        </trans>
        <trans lang="ja">
            <word>半</word>
            <alt>はん</alt>
        </trans>
    </term>
    <term id="25">
        <trans lang="en">
            <word>number</word>
        </trans>
        <trans lang="ja">
            <word>番号</word>
            <alt>ばんごう</alt>
        </trans>
    </term>
    <term id="26">
        <trans lang="en">
            <word>international student</word>
        </trans>
        <trans lang="ja">
            <word>留学生</word>
            <alt>りゅうがくせい</alt>
        </trans>
    </term>
    <term id="27">
        <trans lang="en">
            <word>I; me</word>
        </trans>
        <trans lang="ja">
            <word>私</word>
            <alt>わたし</alt>
        </trans>
    </term>
    <term id="28">
        <trans lang="en">
            <word>U.S.A.</word>
        </trans>
        <trans lang="ja">
            <alt>アメリカ</alt>
        </trans>
    </term>
    <term id="29">
        <trans lang="en">
            <word>Britain</word>
        </trans>
        <trans lang="ja">
            <alt>イギリス</alt>
        </trans>
    </term>
    <term id="30">
        <trans lang="en">
            <word>Australia</word>
        </trans>
        <trans lang="ja">
            <alt>オーストラリア</alt>
        </trans>
    </term>
    <term id="31">
        <trans lang="en">
            <word>Korea</word>
        </trans>
        <trans lang="ja">
            <word>韓国</word>
            <alt>かんこく</alt>
        </trans>
    </term>
    <term id="32">
        <trans lang="en">
            <word>Sweden</word>
        </trans>
        <trans lang="ja">
            <alt>スウェーデン</alt>
        </trans>
    </term>
    <term id="33">
        <trans lang="en">
            <word>China</word>
        </trans>
        <trans lang="ja">
            <word>中国</word>
            <alt>ちゅうごく</alt>
        </trans>
    </term>
    <term id="34">
        <trans lang="en">
            <word>science</word>
        </trans>
        <trans lang="ja">
            <word>科学</word>
            <alt>かがく</alt>
        </trans>
    </term>
    <term id="35">
        <trans lang="en">
            <word>Asian studies</word>
        </trans>
        <trans lang="ja">
            <word>アジア研究</word>
            <alt>アジアけんきゅう</alt>
        </trans>
    </term>
    <term id="36">
        <trans lang="en">
            <word>international relations</word>
        </trans>
        <trans lang="ja">
            <word>国際関係</word>
            <alt>こくさいかんけい</alt>
        </trans>
    </term>
    <term id="37">
        <trans lang="en">
            <word>computer</word>
        </trans>
        <trans lang="ja">
            <alt>コンピューター</alt>
        </trans>
    </term>
    <term id="38">
        <trans lang="en">
            <word>anthropology</word>
        </trans>
        <trans lang="ja">
            <word>人類学</word>
            <alt>じんるいがく</alt>
        </trans>
    </term>
    <term id="39">
        <trans lang="en">
            <word>politics</word>
        </trans>
        <trans lang="ja">
            <word>政治</word>
            <alt>せいじ</alt>
        </trans>
    </term>
    <term id="40">
        <trans lang="en">
            <word>business</word>
        </trans>
        <trans lang="ja">
            <alt>ビジネス</alt>
        </trans>
    </term>
    <term id="41">
        <trans lang="en">
            <word>literature</word>
        </trans>
        <trans lang="ja">
            <word>文学</word>
            <alt>ぶんがく</alt>
        </trans>
    </term>
    <term id="42">
        <trans lang="en">
            <word>history</word>
        </trans>
        <trans lang="ja">
            <word>歴史</word>
            <alt>れきし</alt>
        </trans>
    </term>
    <term id="43">
        <trans lang="en">
            <word>job; work; occupation</word>
        </trans>
        <trans lang="ja">
            <word>仕事</word>
            <alt>しごと</alt>
        </trans>
    </term>
    <term id="44">
        <trans lang="en">
            <word>doctor</word>
        </trans>
        <trans lang="ja">
            <word>医者</word>
            <alt>いしゃ</alt>
        </trans>
    </term>
    <term id="45">
        <trans lang="en">
            <word>office worker</word>
        </trans>
        <trans lang="ja">
            <word>会社員</word>
            <alt>かいしゃいん</alt>
        </trans>
    </term>
    <term id="46">
        <trans lang="en">
            <word>high school student</word>
        </trans>
        <trans lang="ja">
            <word>高校生</word>
            <alt>こうこうせい</alt>
        </trans>
    </term>
    <term id="47">
        <trans lang="en">
            <word>housewife</word>
        </trans>
        <trans lang="ja">
            <word>主婦</word>
            <alt>しゅふ</alt>
        </trans>
    </term>
    <term id="48">
        <trans lang="en">
            <word>graduate student</word>
        </trans>
        <trans lang="ja">
            <word>大学院生</word>
            <alt>だいがくいんせい</alt>
        </trans>
    </term>
    <term id="49">
        <trans lang="en">
            <word>college student</word>
        </trans>
        <trans lang="ja">
            <word>大学生</word>
            <alt>だいがくせい</alt>
        </trans>
    </term>
    <term id="50">
        <trans lang="en">
            <word>lawyer</word>
        </trans>
        <trans lang="ja">
            <word>弁護士</word>
            <alt>べんごし</alt>
        </trans>
    </term>
    <term id="51">
        <trans lang="en">
            <word>mother</word>
        </trans>
        <trans lang="ja">
            <word>お母さん</word>
            <alt>おかあさん</alt>
        </trans>
    </term>
    <term id="52">
        <trans lang="en">
            <word>father</word>
        </trans>
        <trans lang="ja">
            <word>お父さん</word>
            <alt>おとうさん</alt>
        </trans>
    </term>
    <term id="53">
        <trans lang="en">
            <word>older sister</word>
        </trans>
        <trans lang="ja">
            <word>お姉さん</word>
            <alt>おねえさん</alt>
        </trans>
    </term>
    <term id="54">
        <trans lang="en">
            <word>older brother</word>
        </trans>
        <trans lang="ja">
            <word>お兄さん</word>
            <alt>おにいさん</alt>
        </trans>
    </term>
    <term id="55">
        <trans lang="en">
            <word>younger sister</word>
        </trans>
        <trans lang="ja">
            <word>妹</word>
            <alt>いもうと</alt>
        </trans>
    </term>
    <term id="56">
        <trans lang="en">
            <word>younger brother</word>
        </trans>
        <trans lang="ja">
            <word>弟</word>
            <alt>おとうと</alt>
        </trans>
    </term>
</translations>
</glossary>
