<?xml version="1.0"?>
<glossary id="20" name="Genki 20">
<translations>
	<term id="935">
		<trans lang="en">
			<word>this way (polite)</word>
		</trans>
		<trans lang="ja">
			<alt>あちら</alt>
		</trans>
	</term>
	<term id="936">
		<trans lang="en">
			<word>space alien</word>
		</trans>
		<trans lang="ja">
			<word>宇宙人</word>
			<alt>うちゅうじん</alt>
		</trans>
	</term>
	<term id="937">
		<trans lang="en">
			<word>sound</word>
		</trans>
		<trans lang="ja">
			<word>音</word>
			<alt>おと</alt>
		</trans>
	</term>
	<term id="938">
		<trans lang="en">
			<word>our person in charge</word>
		</trans>
		<trans lang="ja">
			<word>係の者</word>
			<alt>かかりのもの</alt>
		</trans>
	</term>
	<term id="939">
		<trans lang="en">
			<word>corner</word>
		</trans>
		<trans lang="ja">
			<word>角</word>
			<alt>かど</alt>
		</trans>
	</term>
	<term id="940">
		<trans lang="en">
			<word>God</word>
		</trans>
		<trans lang="ja">
			<word>神様</word>
			<alt>かみさま</alt>
		</trans>
	</term>
	<term id="941">
		<trans lang="en">
			<word>airport</word>
		</trans>
		<trans lang="ja">
			<word>空港</word>
			<alt>くうこう</alt>
		</trans>
	</term>
	<term id="942">
		<trans lang="en">
			<word>letter; character</word>
		</trans>
		<trans lang="ja">
			<word>字</word>
			<alt>じ</alt>
		</trans>
	</term>
	<term id="943">
		<trans lang="en">
			<word>branch office</word>
		</trans>
		<trans lang="ja">
			<word>支店</word>
			<alt>してん</alt>
		</trans>
	</term>
	<term id="944">
		<trans lang="en">
			<word>hobby; pastime</word>
		</trans>
		<trans lang="ja">
			<word>趣味</word>
			<alt>しゅみ</alt>
		</trans>
	</term>
	<term id="945">
		<trans lang="en">
			<word>novel</word>
		</trans>
		<trans lang="ja">
			<word>小説</word>
			<alt>しょうせつ</alt>
		</trans>
	</term>
	<term id="946">
		<trans lang="en">
			<word>traffic light</word>
		</trans>
		<trans lang="ja">
			<word>信号</word>
			<alt>しんごう</alt>
		</trans>
	</term>
	<term id="947">
		<trans lang="en">
			<word>sneakers</word>
		</trans>
		<trans lang="ja">
			<alt>スニーカー</alt>
		</trans>
	</term>
	<term id="948">
		<trans lang="en">
			<word>fan</word>
		</trans>
		<trans lang="ja">
			<word>扇子</word>
			<alt>せんす</alt>
		</trans>
	</term>
	<term id="949">
		<trans lang="en">
			<word>moon</word>
		</trans>
		<trans lang="ja">
			<word>月</word>
			<alt>つき</alt>
		</trans>
	</term>
	<term id="950">
		<trans lang="en">
			<word>high heels</word>
		</trans>
		<trans lang="ja">
			<alt>ハイヒール</alt>
		</trans>
	</term>
	<term id="951">
		<trans lang="en">
			<word>last night</word>
		</trans>
		<trans lang="ja">
			<alt>ゆうべ</alt>
		</trans>
	</term>
	<term id="952">
		<trans lang="en">
			<word>heavy; serious (illness)</word>
		</trans>
		<trans lang="ja">
			<word>重い</word>
			<alt>おもい</alt>
		</trans>
	</term>
	<term id="953">
		<trans lang="en">
			<word>to walk</word>
		</trans>
		<trans lang="ja">
			<word>歩く</word>
			<alt>あるく</alt>
		</trans>
	</term>
	<term id="954">
		<trans lang="en">
			<word>extra-modest expression for する</word>
		</trans>
		<trans lang="ja">
			<word>致す</word>
			<alt>いたす</alt>
		</trans>
	</term>
	<term id="955">
		<trans lang="en">
			<word>extra-modest expression for たべる and のむ</word>
		</trans>
		<trans lang="ja">
			<word>頂く</word>
			<alt>いただく</alt>
		</trans>
	</term>
	<term id="956">
		<trans lang="en">
			<word>humble expression for もらう</word>
		</trans>
		<trans lang="ja">
			<word>頂く</word>
			<alt>いただく</alt>
		</trans>
	</term>
	<term id="957">
		<trans lang="en">
			<word>to humbly visit; to humbly ask</word>
		</trans>
		<trans lang="ja">
			<word>伺う</word>
			<alt>うかがう</alt>
		</trans>
	</term>
	<term id="958">
		<trans lang="en">
			<word>extra-modest expression for いる</word>
		</trans>
		<trans lang="ja">
			<alt>おる</alt>
		</trans>
	</term>
	<term id="959">
		<trans lang="en">
			<word>extra-modest expression for ある</word>
		</trans>
		<trans lang="ja">
			<alt>ござる</alt>
		</trans>
	</term>
	<term id="960">
		<trans lang="en">
			<word>extra-modest expression for ~ている</word>
		</trans>
		<trans lang="ja">
			<alt>~ておる</alt>
		</trans>
	</term>
	<term id="961">
		<trans lang="en">
			<word>extra-modest expression for です</word>
		</trans>
		<trans lang="ja">
			<alt>~でござる</alt>
		</trans>
	</term>
	<term id="962">
		<trans lang="en">
			<word>extra-modest expression for いく and くる</word>
		</trans>
		<trans lang="ja">
			<word>参る</word>
			<alt>まいる</alt>
		</trans>
	</term>
	<term id="963">
		<trans lang="en">
			<word>to turn (right/left)</word>
		</trans>
		<trans lang="ja">
			<word>曲がる</word>
			<alt>まがる</alt>
		</trans>
	</term>
	<term id="964">
		<trans lang="en">
			<word>extra-modest expression for いう</word>
		</trans>
		<trans lang="ja">
			<word>申す</word>
			<alt>もうす</alt>
		</trans>
	</term>
	<term id="965">
		<trans lang="en">
			<word>to return; to come back</word>
		</trans>
		<trans lang="ja">
			<word>戻る</word>
			<alt>もどる</alt>
		</trans>
	</term>
	<term id="966">
		<trans lang="en">
			<word>to be audible</word>
		</trans>
		<trans lang="ja">
			<word>聞こえる</word>
			<alt>きこえる</alt>
		</trans>
	</term>
	<term id="967">
		<trans lang="en">
			<word>humble expression for あげる</word>
		</trans>
		<trans lang="ja">
			<word>差し上げる</word>
			<alt>さしあげる</alt>
		</trans>
	</term>
	<term id="968">
		<trans lang="en">
			<word>to convey (message)</word>
		</trans>
		<trans lang="ja">
			<word>伝える</word>
			<alt>つたえる</alt>
		</trans>
	</term>
	<term id="969">
		<trans lang="en">
			<word>to keep (someone) waiting</word>
		</trans>
		<trans lang="ja">
			<word>待たせる</word>
			<alt>またせる</alt>
		</trans>
	</term>
	<term id="970">
		<trans lang="en">
			<word>to exchange</word>
		</trans>
		<trans lang="ja">
			<word>交換する</word>
			<alt>こうかんする</alt>
		</trans>
	</term>
	<term id="971">
		<trans lang="en">
			<word>to lead a life</word>
		</trans>
		<trans lang="ja">
			<word>生活する</word>
			<alt>せいかつする</alt>
		</trans>
	</term>
	<term id="972">
		<trans lang="en">
			<word>to return (merchandise)</word>
		</trans>
		<trans lang="ja">
			<word>返品する</word>
			<alt>へんぴんする</alt>
		</trans>
	</term>
	<term id="973">
		<trans lang="en">
			<word>Oh!</word>
		</trans>
		<trans lang="ja">
			<alt>おや</alt>
		</trans>
	</term>
	<term id="974">
		<trans lang="en">
			<word>...th floor</word>
		</trans>
		<trans lang="ja">
			<word>~階</word>
			<alt>~かい</alt>
		</trans>
	</term>
	<term id="975">
		<trans lang="en">
			<word>Certainly.</word>
		</trans>
		<trans lang="ja">
			<alt>かしこまりました</alt>
		</trans>
	</term>
	<term id="976">
		<trans lang="en">
			<word>"I am not sure, ..."</word>
		</trans>
		<trans lang="ja">
			<alt>さあ</alt>
		</trans>
	</term>
	<term id="977">
		<trans lang="en">
			<word>I'm very sorry</word>
		</trans>
		<trans lang="ja">
			<word>失礼しました</word>
			<alt>しつれいしました</alt>
		</trans>
	</term>
	<term id="978">
		<trans lang="en">
			<word>a few seconds</word>
		</trans>
		<trans lang="ja">
			<word>少々</word>
			<alt>しょうしょう</alt>
		</trans>
	</term>
	<term id="979">
		<trans lang="en">
			<word>"if that is the case, ..."</word>
		</trans>
		<trans lang="ja">
			<alt>それでは</alt>
		</trans>
	</term>
	<term id="980">
		<trans lang="en">
			<word>if possible</word>
		</trans>
		<trans lang="ja">
			<alt>できれば</alt>
		</trans>
	</term>
	<term id="981">
		<trans lang="en">
			<word>really (very polite)</word>
		</trans>
		<trans lang="ja">
			<word>誠に</word>
			<alt>まことに</alt>
		</trans>
	</term>
	<term id="982">
		<trans lang="en">
			<word>again</word>
		</trans>
		<trans lang="ja">
			<alt>また</alt>
		</trans>
	</term>
	<term id="983">
		<trans lang="en">
			<word>You have my apologies.</word>
		</trans>
		<trans lang="ja">
			<word>申し訳ありません</word>
			<alt>もうしわけありません</alt>
		</trans>
	</term>
	<term id="984">
		<trans lang="en">
			<word>if it is okay (polite)</word>
		</trans>
		<trans lang="ja">
			<alt>よろしかったら</alt>
		</trans>
	</term>
</translations>
</glossary>