<?xml version="1.0"?>
<glossary id="2" name="Genki 02">
<translations>
    <term id="57">
        <trans lang="en">
            <word>this one</word>
        </trans>
        <trans lang="ja">
            <alt>これ</alt>
        </trans>
    </term>
    <term id="58">
        <trans lang="en">
            <word>that one</word>
        </trans>
        <trans lang="ja">
            <word>that one</word>
            <alt>それ</alt>
        </trans>
    </term>
    <term id="59">
        <trans lang="en">
            <word>that one (over there)</word>
        </trans>
        <trans lang="ja">
            <alt>あれ</alt>
        </trans>
    </term>
    <term id="60">
        <trans lang="en">
            <word>which one</word>
        </trans>
        <trans lang="ja">
            <alt>どれ</alt>
        </trans>
    </term>
    <term id="61">
        <trans lang="en">
            <word>this ...</word>
        </trans>
        <trans lang="ja">
            <alt>この</alt>
        </trans>
    </term>
    <term id="62">
        <trans lang="en">
            <word>that ...</word>
        </trans>
        <trans lang="ja">
            <alt>その</alt>
        </trans>
    </term>
    <term id="63">
        <trans lang="en">
            <word>that ... (over there)</word>
        </trans>
        <trans lang="ja">
            <alt>あの</alt>
        </trans>
    </term>
    <term id="64">
        <trans lang="en">
            <word>which ...</word>
        </trans>
        <trans lang="ja">
            <alt>どの</alt>
        </trans>
    </term>
    <term id="65">
        <trans lang="en">
            <word>over there</word>
        </trans>
        <trans lang="ja">
            <alt>あそこ</alt>
        </trans>
    </term>
    <term id="66">
        <trans lang="en">
            <word>where</word>
        </trans>
        <trans lang="ja">
            <alt>どこ</alt>
        </trans>
    </term>
    <term id="67">
        <trans lang="en">
            <word>who</word>
        </trans>
        <trans lang="ja">
            <alt>だれ</alt>
        </trans>
    </term>
    <term id="68">
        <trans lang="en">
            <word>delicious</word>
        </trans>
        <trans lang="ja">
            <alt>おいしい</alt>
        </trans>
    </term>
    <term id="69">
        <trans lang="en">
            <word>fish</word>
        </trans>
        <trans lang="ja">
            <word>魚</word>
            <alt>さかな</alt>
        </trans>
    </term>
    <term id="70">
        <trans lang="en">
            <word>pork cutlet</word>
        </trans>
        <trans lang="ja">
            <alt>とんかつ</alt>
        </trans>
    </term>
    <term id="71">
        <trans lang="en">
            <word>meat</word>
        </trans>
        <trans lang="ja">
            <word>肉</word>
            <alt>にく</alt>
        </trans>
    </term>
    <term id="72">
        <trans lang="en">
            <word>menu</word>
        </trans>
        <trans lang="ja">
            <word>menu</word>
            <alt>メニュー</alt>
        </trans>
    </term>
    <term id="73">
        <trans lang="en">
            <word>vegetable</word>
        </trans>
        <trans lang="ja">
            <word>野菜</word>
            <alt>やさい</alt>
        </trans>
    </term>
    <term id="74">
        <trans lang="en">
            <word>pencil</word>
        </trans>
        <trans lang="ja">
            <word>鉛筆</word>
            <alt>えんぴつ</alt>
        </trans>
    </term>
    <term id="75">
        <trans lang="en">
            <word>umbrella</word>
        </trans>
        <trans lang="ja">
            <word>傘</word>
            <alt>かさ</alt>
        </trans>
    </term>
    <term id="76">
        <trans lang="en">
            <word>bag</word>
        </trans>
        <trans lang="ja">
            <alt>かばん</alt>
        </trans>
    </term>
    <term id="77">
        <trans lang="en">
            <word>shoes</word>
        </trans>
        <trans lang="ja">
            <word>靴</word>
            <alt>くつ</alt>
        </trans>
    </term>
    <term id="78">
        <trans lang="en">
            <word>wallet</word>
        </trans>
        <trans lang="ja">
            <word>財布</word>
            <alt>さいふ</alt>
        </trans>
    </term>
    <term id="79">
        <trans lang="en">
            <word>jeans</word>
        </trans>
        <trans lang="ja">
            <alt>ジーンズ</alt>
        </trans>
    </term>
    <term id="80">
        <trans lang="en">
            <word>dictionary</word>
        </trans>
        <trans lang="ja">
            <word>辞書</word>
            <alt>じしょ</alt>
        </trans>
    </term>
    <term id="81">
        <trans lang="en">
            <word>bicycle</word>
        </trans>
        <trans lang="ja">
            <word>自転車</word>
            <alt>じてんしゃ</alt>
        </trans>
    </term>
    <term id="82">
        <trans lang="en">
            <word>newspaper</word>
        </trans>
        <trans lang="ja">
            <word>新聞</word>
            <alt>しんぶん</alt>
        </trans>
    </term>
    <term id="83">
        <trans lang="en">
            <word>tape</word>
        </trans>
        <trans lang="ja">
            <alt>テープ</alt>
        </trans>
    </term>
    <term id="84">
        <trans lang="en">
            <word>watch; clock</word>
        </trans>
        <trans lang="ja">
            <word>時計</word>
            <alt>とけい</alt>
        </trans>
    </term>
    <term id="85">
        <trans lang="en">
            <word>sweat shirt</word>
        </trans>
        <trans lang="ja">
            <alt>トレーナー</alt>
        </trans>
    </term>
    <term id="86">
        <trans lang="en">
            <word>notebook</word>
        </trans>
        <trans lang="ja">
            <alt>ノート</alt>
        </trans>
    </term>
    <term id="87">
        <trans lang="en">
            <word>pen</word>
        </trans>
        <trans lang="ja">
            <alt>ペン</alt>
        </trans>
    </term>
    <term id="88">
        <trans lang="en">
            <word>hat; cap</word>
        </trans>
        <trans lang="ja">
            <word>帽子</word>
            <alt>ぼうし</alt>
        </trans>
    </term>
    <term id="89">
        <trans lang="en">
            <word>book</word>
        </trans>
        <trans lang="ja">
            <word>本</word>
            <alt>ほん</alt>
        </trans>
    </term>
    <term id="90">
        <trans lang="en">
            <word>restroom</word>
        </trans>
        <trans lang="ja">
            <word>お手洗い</word>
            <alt>おてあらい</alt>
        </trans>
    </term>
    <term id="91">
        <trans lang="en">
            <word>cafe</word>
        </trans>
        <trans lang="ja">
            <word>喫茶店</word>
            <alt>きっさてん</alt>
        </trans>
    </term>
    <term id="92">
        <trans lang="en">
            <word>bank</word>
        </trans>
        <trans lang="ja">
            <word>銀行</word>
            <alt>ぎんこう</alt>
        </trans>
    </term>
    <term id="93">
        <trans lang="en">
            <word>library</word>
        </trans>
        <trans lang="ja">
            <word>図書館</word>
            <alt>としょかん</alt>
        </trans>
    </term>
    <term id="94">
        <trans lang="en">
            <word>post office</word>
        </trans>
        <trans lang="ja">
            <word>郵便局</word>
            <alt>ゆうびんきょく</alt>
        </trans>
    </term>
    <term id="95">
        <trans lang="en">
            <word>economics</word>
        </trans>
        <trans lang="ja">
            <word>経済</word>
            <alt>けいざい</alt>
        </trans>
    </term>
    <term id="96">
        <trans lang="en">
            <word>how much</word>
        </trans>
        <trans lang="ja">
            <word>how much</word>
            <alt>いくら</alt>
        </trans>
    </term>
    <term id="97">
        <trans lang="en">
            <word>...yen</word>
        </trans>
        <trans lang="ja">
            <word>~円</word>
            <alt>~えん</alt>
        </trans>
    </term>
    <term id="98">
        <trans lang="en">
            <word>expensive</word>
        </trans>
        <trans lang="ja">
            <word>高い</word>
            <alt>たかい</alt>
        </trans>
    </term>
    <term id="99">
        <trans lang="en">
            <word>Welcome (to our store)</word>
        </trans>
        <trans lang="ja">
            <alt>いらっしゃいませ</alt>
        </trans>
    </term>
    <term id="100">
        <trans lang="en">
            <word>I will have..., give me...</word>
        </trans>
        <trans lang="ja">
            <alt>（~を）おねがいします</alt>
        </trans>
    </term>
    <term id="101">
        <trans lang="en">
            <word>Please give me...</word>
        </trans>
        <trans lang="ja">
            <alt>（~を）ください</alt>
        </trans>
    </term>
    <term id="102">
        <trans lang="en">
            <word>then...; if that is the case,...</word>
        </trans>
        <trans lang="ja">
            <alt>じゃあ</alt>
        </trans>
    </term>
    <term id="103">
        <trans lang="en">
            <word>Here you go.</word>
        </trans>
        <trans lang="ja">
            <alt>（~を）どうぞ</alt>
        </trans>
    </term>
    <term id="104">
        <trans lang="en">
            <word>Thank you.</word>
        </trans>
        <trans lang="ja">
            <alt>どうも</alt>
        </trans>
    </term>
</translations>
</glossary>
