<?xml version="1.0"?>
<glossary id="22" name="Genki 22">
<translations>
	<term id="1041">
		<trans lang="en">
			<word>partner</word>
		</trans>
		<trans lang="ja">
			<word>相手</word>
			<alt>あいて</alt>
		</trans>
	</term>
	<term id="1042">
		<trans lang="en">
			<word>reception desk</word>
		</trans>
		<trans lang="ja">
			<word>受付</word>
			<alt>うけつけ</alt>
		</trans>
	</term>
	<term id="1043">
		<trans lang="en">
			<word>English conversation</word>
		</trans>
		<trans lang="ja">
			<word>英会話</word>
			<alt>えいかいわ</alt>
		</trans>
	</term>
	<term id="1044">
		<trans lang="en">
			<word>(someone's) daughter (polite)</word>
		</trans>
		<trans lang="ja">
			<word>お嬢さん</word>
			<alt>おじょうさん</alt>
		</trans>
	</term>
	<term id="1045">
		<trans lang="en">
			<word>household matters</word>
		</trans>
		<trans lang="ja">
			<word>家事</word>
			<alt>かじ</alt>
		</trans>
	</term>
	<term id="1046">
		<trans lang="en">
			<word>wind</word>
		</trans>
		<trans lang="ja">
			<word>風</word>
			<alt>かぜ</alt>
		</trans>
	</term>
	<term id="1047">
		<trans lang="en">
			<word>tree</word>
		</trans>
		<trans lang="ja">
			<word>木</word>
			<alt>き</alt>
		</trans>
	</term>
	<term id="1048">
		<trans lang="en">
			<word>final examination</word>
		</trans>
		<trans lang="ja">
			<word>期末試験</word>
			<alt>きまつしけん</alt>
		</trans>
	</term>
	<term id="1049">
		<trans lang="en">
			<word>junior members of a group</word>
		</trans>
		<trans lang="ja">
			<word>後輩</word>
			<alt>こうはい</alt>
		</trans>
	</term>
	<term id="1050">
		<trans lang="en">
			<word>monkey</word>
		</trans>
		<trans lang="ja">
			<word>猿</word>
			<alt>さる</alt>
		</trans>
	</term>
	<term id="1051">
		<trans lang="en">
			<word>freedom</word>
		</trans>
		<trans lang="ja">
			<word>自由</word>
			<alt>じゆう</alt>
		</trans>
	</term>
	<term id="1052">
		<trans lang="en">
			<word>cram school</word>
		</trans>
		<trans lang="ja">
			<word>塾</word>
			<alt>じゅく</alt>
		</trans>
	</term>
	<term id="1053">
		<trans lang="en">
			<word>document</word>
		</trans>
		<trans lang="ja">
			<word>書類</word>
			<alt>しょるい</alt>
		</trans>
	</term>
	<term id="1054">
		<trans lang="en">
			<word>senior members of a group</word>
		</trans>
		<trans lang="ja">
			<word>先輩</word>
			<alt>せんぱい</alt>
		</trans>
	</term>
	<term id="1055">
		<trans lang="en">
			<word>living alone</word>
		</trans>
		<trans lang="ja">
			<word>一人暮らし</word>
			<alt>ひとりぐらし</alt>
		</trans>
	</term>
	<term id="1056">
		<trans lang="en">
			<word>subordinate</word>
		</trans>
		<trans lang="ja">
			<word>部下</word>
			<alt>ぶか</alt>
		</trans>
	</term>
	<term id="1057">
		<trans lang="en">
			<word>review of lessons</word>
		</trans>
		<trans lang="ja">
			<word>復習</word>
			<alt>ふくしゅう</alt>
		</trans>
	</term>
	<term id="1058">
		<trans lang="en">
			<word>project</word>
		</trans>
		<trans lang="ja">
			<alt>プロジェクト</alt>
		</trans>
	</term>
	<term id="1059">
		<trans lang="en">
			<word>ball</word>
		</trans>
		<trans lang="ja">
			<alt>ボール</alt>
		</trans>
	</term>
	<term id="1060">
		<trans lang="en">
			<word>waste (money)</word>
		</trans>
		<trans lang="ja">
			<word>無駄遣い</word>
			<alt>むだづかい</alt>
		</trans>
	</term>
	<term id="1061">
		<trans lang="en">
			<word>license</word>
		</trans>
		<trans lang="ja">
			<word>免許</word>
			<alt>めんきょ</alt>
		</trans>
	</term>
	<term id="1062">
		<trans lang="en">
			<word>preparation of lessons</word>
		</trans>
		<trans lang="ja">
			<word>予習</word>
			<alt>よしゅう</alt>
		</trans>
	</term>
	<term id="1063">
		<trans lang="en">
			<word>noisy; annoying</word>
		</trans>
		<trans lang="ja">
			<alt>うるさい</alt>
		</trans>
	</term>
	<term id="1064">
		<trans lang="en">
			<word>worried about</word>
		</trans>
		<trans lang="ja">
			<word>心配</word>
			<alt>しんぱい</alt>
		</trans>
	</term>
	<term id="1065">
		<trans lang="en">
			<word>poor</word>
		</trans>
		<trans lang="ja">
			<word>貧乏</word>
			<alt>びんぼう</alt>
		</trans>
	</term>
	<term id="1066">
		<trans lang="en">
			<word>fluent</word>
		</trans>
		<trans lang="ja">
			<alt>ペラペラ</alt>
		</trans>
	</term>
	<term id="1067">
		<trans lang="en">
			<word>strange; unusual</word>
		</trans>
		<trans lang="ja">
			<word>変</word>
			<alt>へん</alt>
		</trans>
	</term>
	<term id="1068">
		<trans lang="en">
			<word>easy; comfortable</word>
		</trans>
		<trans lang="ja">
			<word>楽</word>
			<alt>らく</alt>
		</trans>
	</term>
	<term id="1069">
		<trans lang="en">
			<word>to win</word>
		</trans>
		<trans lang="ja">
			<word>勝つ</word>
			<alt>かつ</alt>
		</trans>
	</term>
	<term id="1070">
		<trans lang="en">
			<word>to make a photocopy</word>
		</trans>
		<trans lang="ja">
			<word>コピーを取る</word>
			<alt>コピーをとる</alt>
		</trans>
	</term>
	<term id="1071">
		<trans lang="en">
			<word>to carry from one place to another; transport</word>
		</trans>
		<trans lang="ja">
			<word>運ぶ</word>
			<alt>はこぶ</alt>
		</trans>
	</term>
	<term id="1072">
		<trans lang="en">
			<word>to run</word>
		</trans>
		<trans lang="ja">
			<word>走る</word>
			<alt>はしる</alt>
		</trans>
	</term>
	<term id="1073">
		<trans lang="en">
			<word>to pick up (something)</word>
		</trans>
		<trans lang="ja">
			<word>拾う</word>
			<alt>ひろう</alt>
		</trans>
	</term>
	<term id="1074">
		<trans lang="en">
			<word>to blow</word>
		</trans>
		<trans lang="ja">
			<word>吹く</word>
			<alt>ふく</alt>
		</trans>
	</term>
	<term id="1075">
		<trans lang="en">
			<word>to leave (someone/something) alone; to neglect</word>
		</trans>
		<trans lang="ja">
			<word>放っておく</word>
			<alt>ほうっておく</alt>
		</trans>
	</term>
	<term id="1076">
		<trans lang="en">
			<word>to be in time for</word>
		</trans>
		<trans lang="ja">
			<word>間に合う</word>
			<alt>まにあう</alt>
		</trans>
	</term>
	<term id="1077">
		<trans lang="en">
			<word>to go to pick up (someone)</word>
		</trans>
		<trans lang="ja">
			<word>迎えに行く</word>
			<alt>むかえにいく</alt>
		</trans>
	</term>
	<term id="1078">
		<trans lang="en">
			<word>to make a plan</word>
		</trans>
		<trans lang="ja">
			<word>計画を立てる</word>
			<alt>けいかくをたてる</alt>
		</trans>
	</term>
	<term id="1079">
		<trans lang="en">
			<word>to raise; to bring up</word>
		</trans>
		<trans lang="ja">
			<word>育てる</word>
			<alt>そだてる</alt>
		</trans>
	</term>
	<term id="1080">
		<trans lang="en">
			<word>to help; to rescue</word>
		</trans>
		<trans lang="ja">
			<word>助ける</word>
			<alt>たすける</alt>
		</trans>
	</term>
	<term id="1081">
		<trans lang="en">
			<word>to lose (a match)</word>
		</trans>
		<trans lang="ja">
			<word>負ける</word>
			<alt>まける</alt>
		</trans>
	</term>
	<term id="1082">
		<trans lang="en">
			<word>to pray for help</word>
		</trans>
		<trans lang="ja">
			<word>お願いする</word>
			<alt>おねがいする</alt>
		</trans>
	</term>
	<term id="1083">
		<trans lang="en">
			<word>to agree</word>
		</trans>
		<trans lang="ja">
			<word>賛成する</word>
			<alt>さんせいする</alt>
		</trans>
	</term>
	<term id="1084">
		<trans lang="en">
			<word>to fail; to be unsuccessful</word>
		</trans>
		<trans lang="ja">
			<word>失敗する</word>
			<alt>しっぱいする</alt>
		</trans>
	</term>
	<term id="1085">
		<trans lang="en">
			<word>to stay up all night</word>
		</trans>
		<trans lang="ja">
			<word>徹夜する</word>
			<alt>てつやする</alt>
		</trans>
	</term>
	<term id="1086">
		<trans lang="en">
			<word>to oppose; to object to</word>
		</trans>
		<trans lang="ja">
			<word>反対する</word>
			<alt>はんたいする</alt>
		</trans>
	</term>
	<term id="1087">
		<trans lang="en">
			<word>to translate</word>
		</trans>
		<trans lang="ja">
			<word>翻訳する</word>
			<alt>ほんやくする</alt>
		</trans>
	</term>
	<term id="1088">
		<trans lang="en">
			<word>in this way</word>
		</trans>
		<trans lang="ja">
			<alt>こんなふう</alt>
		</trans>
	</term>
	<term id="1089">
		<trans lang="en">
			<word>for a long time; all the time</word>
		</trans>
		<trans lang="ja">
			<alt>ずっと</alt>
		</trans>
	</term>
	<term id="1090">
		<trans lang="en">
			<word>definitely</word>
		</trans>
		<trans lang="ja">
			<word>絶対に</word>
			<alt>ぜったいに</alt>
		</trans>
	</term>
	<term id="1091">
		<trans lang="en">
			<word>I don't think so.</word>
		</trans>
		<trans lang="ja">
			<alt>そんなことはない</alt>
		</trans>
	</term>
	<term id="1092">
		<trans lang="en">
			<word>...for example</word>
		</trans>
		<trans lang="ja">
			<alt>~とか</alt>
		</trans>
	</term>
	<term id="1093">
		<trans lang="en">
			<word>many times</word>
		</trans>
		<trans lang="ja">
			<word>何度も</word>
			<alt>なんども</alt>
		</trans>
	</term>
	<term id="1094">
		<trans lang="en">
			<word>in a leisurely way</word>
		</trans>
		<trans lang="ja">
			<alt>のんびり</alt>
		</trans>
	</term>
	<term id="1095">
		<trans lang="en">
			<word>a little more</word>
		</trans>
		<trans lang="ja">
			<word>もう少し</word>
			<alt>もうすこし</alt>
		</trans>
	</term>
</translations>
</glossary>