<?xml version="1.0"?>
<glossary id="11" name="Genki 11">
<translations>
	<term id="513">
		<trans lang="en">
			<word>snack; sweets</word>
		</trans>
		<trans lang="ja">
			<word>お菓子</word>
			<alt>おかし</alt>
		</trans>
	</term>
	<term id="514">
		<trans lang="en">
			<word>New Year's</word>
		</trans>
		<trans lang="ja">
			<word>お正月</word>
			<alt>おしょうがつ</alt>
		</trans>
	</term>
	<term id="515">
		<trans lang="en">
			<word>boy</word>
		</trans>
		<trans lang="ja">
			<word>男の子</word>
			<alt>おとこのこ</alt>
		</trans>
	</term>
	<term id="516">
		<trans lang="en">
			<word>toy</word>
		</trans>
		<trans lang="ja">
			<alt>おもちゃ</alt>
		</trans>
	</term>
	<term id="517">
		<trans lang="en">
			<word>girl</word>
		</trans>
		<trans lang="ja">
			<word>女の子</word>
			<alt>おんなのこ</alt>
		</trans>
	</term>
	<term id="518">
		<trans lang="en">
			<word>foreign country</word>
		</trans>
		<trans lang="ja">
			<word>外国</word>
			<alt>がいこく</alt>
		</trans>
	</term>
	<term id="519">
		<trans lang="en">
			<word>singer</word>
		</trans>
		<trans lang="ja">
			<word>歌手</word>
			<alt>かしゅ</alt>
		</trans>
	</term>
	<term id="520">
		<trans lang="en">
			<word>camp</word>
		</trans>
		<trans lang="ja">
			<alt>キャンプ</alt>
		</trans>
	</term>
	<term id="521">
		<trans lang="en">
			<word>this person (polite)</word>
		</trans>
		<trans lang="ja">
			<alt>こちら</alt>
		</trans>
	</term>
	<term id="522">
		<trans lang="en">
			<word>this semester</word>
		</trans>
		<trans lang="ja">
			<word>今学期</word>
			<alt>こんがっき</alt>
		</trans>
	</term>
	<term id="523">
		<trans lang="en">
			<word>president of a company</word>
		</trans>
		<trans lang="ja">
			<word>社長</word>
			<alt>しゃちょう</alt>
		</trans>
	</term>
	<term id="524">
		<trans lang="en">
			<word>class</word>
		</trans>
		<trans lang="ja">
			<word>授業</word>
			<alt>じゅぎょう</alt>
		</trans>
	</term>
	<term id="525">
		<trans lang="en">
			<word>future</word>
		</trans>
		<trans lang="ja">
			<word>将来</word>
			<alt>しょうらい</alt>
		</trans>
	</term>
	<term id="526">
		<trans lang="en">
			<word>drive</word>
		</trans>
		<trans lang="ja">
			<alt>ドライブ</alt>
		</trans>
	</term>
	<term id="527">
		<trans lang="en">
			<word>beer</word>
		</trans>
		<trans lang="ja">
			<alt>ビール</alt>
		</trans>
	</term>
	<term id="528">
		<trans lang="en">
			<word>art museum</word>
		</trans>
		<trans lang="ja">
			<word>美術館</word>
			<alt>びじゅつかん</alt>
		</trans>
	</term>
	<term id="529">
		<trans lang="en">
			<word>host family</word>
		</trans>
		<trans lang="ja">
			<alt>ホストファミリー</alt>
		</trans>
	</term>
	<term id="530">
		<trans lang="en">
			<word>lake</word>
		</trans>
		<trans lang="ja">
			<word>湖</word>
			<alt>みずうみ</alt>
		</trans>
	</term>
	<term id="531">
		<trans lang="en">
			<word>mountain</word>
		</trans>
		<trans lang="ja">
			<word>山</word>
			<alt>やま</alt>
		</trans>
	</term>
	<term id="532">
		<trans lang="en">
			<word>dream</word>
		</trans>
		<trans lang="ja">
			<word>夢</word>
			<alt>ゆめ</alt>
		</trans>
	</term>
	<term id="533">
		<trans lang="en">
			<word>roommate</word>
		</trans>
		<trans lang="ja">
			<alt>ルームメート</alt>
		</trans>
	</term>
	<term id="534">
		<trans lang="en">
			<word>to tell a lie</word>
		</trans>
		<trans lang="ja">
			<alt>うそをつく</alt>
		</trans>
	</term>
	<term id="535">
		<trans lang="en">
			<word>to become hungry</word>
		</trans>
		<trans lang="ja">
			<alt>おなかがすく</alt>
		</trans>
	</term>
	<term id="536">
		<trans lang="en">
			<word>to own (a pet)</word>
		</trans>
		<trans lang="ja">
			<word>飼う</word>
			<alt>かう</alt>
		</trans>
	</term>
	<term id="537">
		<trans lang="en">
			<word>to cut classes</word>
		</trans>
		<trans lang="ja">
			<alt>サボる</alt>
		</trans>
	</term>
	<term id="538">
		<trans lang="en">
			<word>to take (a class); to get (a grade)</word>
		</trans>
		<trans lang="ja">
			<word>取る</word>
			<alt>とる</alt>
		</trans>
	</term>
	<term id="539">
		<trans lang="en">
			<word>to learn</word>
		</trans>
		<trans lang="ja">
			<word>習う</word>
			<alt>ならう</alt>
		</trans>
	</term>
	<term id="540">
		<trans lang="en">
			<word>to climb</word>
		</trans>
		<trans lang="ja">
			<word>登る</word>
			<alt>のぼる</alt>
		</trans>
	</term>
	<term id="541">
		<trans lang="en">
			<word>to work</word>
		</trans>
		<trans lang="ja">
			<word>働く</word>
			<alt>はたらく</alt>
		</trans>
	</term>
	<term id="542">
		<trans lang="en">
			<word>to get tired</word>
		</trans>
		<trans lang="ja">
			<word>疲れる</word>
			<alt>つかれる</alt>
		</trans>
	</term>
	<term id="543">
		<trans lang="en">
			<word>to quit</word>
		</trans>
		<trans lang="ja">
			<alt>やめる</alt>
		</trans>
	</term>
	<term id="544">
		<trans lang="en">
			<word>to have a fight; to quarrel</word>
		</trans>
		<trans lang="ja">
			<alt>けんかする</alt>
		</trans>
	</term>
	<term id="545">
		<trans lang="en">
			<word>to introduce</word>
		</trans>
		<trans lang="ja">
			<word>紹介する</word>
			<alt>しょうかいする</alt>
		</trans>
	</term>
	<term id="546">
		<trans lang="en">
			<word>to go on a diet</word>
		</trans>
		<trans lang="ja">
			<alt>ダイエットする</alt>
		</trans>
	</term>
	<term id="547">
		<trans lang="en">
			<word>to be late (for an appointment)</word>
		</trans>
		<trans lang="ja">
			<word>遅刻する</word>
			<alt>ちこくする</alt>
		</trans>
	</term>
	<term id="548">
		<trans lang="en">
			<word>to study abroad</word>
		</trans>
		<trans lang="ja">
			<word>留学する</word>
			<alt>りゅうがくする</alt>
		</trans>
	</term>
	<term id="549">
		<trans lang="en">
			<word>after (an event)</word>
		</trans>
		<trans lang="ja">
			<word>後</word>
			<alt>あと</alt>
		</trans>
	</term>
	<term id="550">
		<trans lang="en">
			<word>coming from</word>
		</trans>
		<trans lang="ja">
			<word>出身</word>
			<alt>しゅっしん</alt>
		</trans>
	</term>
	<term id="551">
		<trans lang="en">
			<word>very</word>
		</trans>
		<trans lang="ja">
			<alt>すごく</alt>
		</trans>
	</term>
	<term id="552">
		<trans lang="en">
			<word>and then</word>
		</trans>
		<trans lang="ja">
			<alt>そして</alt>
		</trans>
	</term>
	<term id="553">
		<trans lang="en">
			<word>it has been a long time</word>
		</trans>
		<trans lang="ja">
			<word>久しぶり</word>
			<alt>ひさしぶり</alt>
		</trans>
	</term>
	<term id="554">
		<trans lang="en">
			<word>okay; so-so</word>
		</trans>
		<trans lang="ja">
			<alt>まあまあ</alt>
		</trans>
	</term>
	<term id="555">
		<trans lang="en">
			<word>more</word>
		</trans>
		<trans lang="ja">
			<alt>もっと</alt>
		</trans>
	</term>
</translations>
</glossary>