<?xml version="1.0"?>
<glossary id="13" name="Genki 13">
<translations>
    <term id="603">
        <trans lang="en">
            <word>waiter</word>
        </trans>
        <trans lang="ja">
            <alt>ウェイター</alt>
        </trans>
    </term>
    <term id="604">
        <trans lang="en">
            <word>grandfather; old man</word>
        </trans>
        <trans lang="ja">
            <alt>おじいさん</alt>
        </trans>
    </term>
    <term id="605">
        <trans lang="en">
            <word>adult</word>
        </trans>
        <trans lang="ja">
            <word>大人</word>
            <alt>おとな</alt>
        </trans>
    </term>
    <term id="606">
        <trans lang="en">
            <word>foreign language</word>
        </trans>
        <trans lang="ja">
            <word>外国語</word>
            <alt>がいこくご</alt>
        </trans>
    </term>
    <term id="607">
        <trans lang="en">
            <word>musical instrument</word>
        </trans>
        <trans lang="ja">
            <word>楽器</word>
            <alt>がっき</alt>
        </trans>
    </term>
    <term id="608">
        <trans lang="en">
            <word>karate</word>
        </trans>
        <trans lang="ja">
            <word>空手</word>
            <alt>からて</alt>
        </trans>
    </term>
    <term id="609">
        <trans lang="en">
            <word>curry</word>
        </trans>
        <trans lang="ja">
            <alt>カレー</alt>
        </trans>
    </term>
    <term id="610">
        <trans lang="en">
            <word>kimono; Japanese traditional dress</word>
        </trans>
        <trans lang="ja">
            <word>着物</word>
            <alt>きもの</alt>
        </trans>
    </term>
    <term id="611">
        <trans lang="en">
            <word>cake</word>
        </trans>
        <trans lang="ja">
            <alt>ケーキ</alt>
        </trans>
    </term>
    <term id="612">
        <trans lang="en">
            <word>advertisement</word>
        </trans>
        <trans lang="ja">
            <word>広告</word>
            <alt>こうこく</alt>
        </trans>
    </term>
    <term id="613">
        <trans lang="en">
            <word>tea (black tea)</word>
        </trans>
        <trans lang="ja">
            <word>紅茶</word>
            <alt>こうちゃ</alt>
        </trans>
    </term>
    <term id="614">
        <trans lang="en">
            <word>language</word>
        </trans>
        <trans lang="ja">
            <word>言葉</word>
            <alt>ことば</alt>
        </trans>
    </term>
    <term id="615">
        <trans lang="en">
            <word>golf</word>
        </trans>
        <trans lang="ja">
            <alt>ゴルフ</alt>
        </trans>
    </term>
    <term id="616">
        <trans lang="en">
            <word>sweater</word>
        </trans>
        <trans lang="ja">
            <alt>セーター</alt>
        </trans>
    </term>
    <term id="617">
        <trans lang="en">
            <word>elephant</word>
        </trans>
        <trans lang="ja">
            <word>象</word>
            <alt>ぞう</alt>
        </trans>
    </term>
    <term id="618">
        <trans lang="en">
            <word>violin</word>
        </trans>
        <trans lang="ja">
            <alt>バイオリン</alt>
        </trans>
    </term>
    <term id="619">
        <trans lang="en">
            <word>motorbike</word>
        </trans>
        <trans lang="ja">
            <alt>バイク</alt>
        </trans>
    </term>
    <term id="620">
        <trans lang="en">
            <word>(consumer) prices</word>
        </trans>
        <trans lang="ja">
            <word>物価</word>
            <alt>ぶっか</alt>
        </trans>
    </term>
    <term id="621">
        <trans lang="en">
            <word>grammar</word>
        </trans>
        <trans lang="ja">
            <word>文法</word>
            <alt>ぶんぽう</alt>
        </trans>
    </term>
    <term id="622">
        <trans lang="en">
            <word>lawyer</word>
        </trans>
        <trans lang="ja">
            <word>弁護士</word>
            <alt>べんごし</alt>
        </trans>
    </term>
    <term id="623">
        <trans lang="en">
            <word>recruitment</word>
        </trans>
        <trans lang="ja">
            <word>募集</word>
            <alt>ぼしゅう</alt>
        </trans>
    </term>
    <term id="624">
        <trans lang="en">
            <word>shop; store</word>
        </trans>
        <trans lang="ja">
            <word>店</word>
            <alt>みせ</alt>
        </trans>
    </term>
    <term id="625">
        <trans lang="en">
            <word>yakuza; gangster</word>
        </trans>
        <trans lang="ja">
            <alt>やくざ</alt>
        </trans>
    </term>
    <term id="626">
        <trans lang="en">
            <word>promise; appointment</word>
        </trans>
        <trans lang="ja">
            <word>約束</word>
            <alt>やくそく</alt>
        </trans>
    </term>
    <term id="627">
        <trans lang="en">
            <word>(term) paper</word>
        </trans>
        <trans lang="ja">
            <alt>レポート</alt>
        </trans>
    </term>
    <term id="628">
        <trans lang="en">
            <word>I (formal)</word>
        </trans>
        <trans lang="ja">
            <word>私</word>
            <alt>わたくし</alt>
        </trans>
    </term>
    <term id="629">
        <trans lang="en">
            <word>glad</word>
        </trans>
        <trans lang="ja">
            <alt>うれしい</alt>
        </trans>
    </term>
    <term id="630">
        <trans lang="en">
            <word>sad</word>
        </trans>
        <trans lang="ja">
            <word>悲しい</word>
            <alt>かなしい</alt>
        </trans>
    </term>
    <term id="631">
        <trans lang="en">
            <word>hot and spicy; salty</word>
        </trans>
        <trans lang="ja">
            <word>辛い</word>
            <alt>からい</alt>
        </trans>
    </term>
    <term id="632">
        <trans lang="en">
            <word>strict</word>
        </trans>
        <trans lang="ja">
            <word>厳しい</word>
            <alt>きびしい</alt>
        </trans>
    </term>
    <term id="633">
        <trans lang="en">
            <word>close; near</word>
        </trans>
        <trans lang="ja">
            <word>近い</word>
            <alt>ちかい</alt>
        </trans>
    </term>
    <term id="634">
        <trans lang="en">
            <word>various; different kinds of</word>
        </trans>
        <trans lang="ja">
            <alt>いろいろ</alt>
        </trans>
    </term>
    <term id="635">
        <trans lang="en">
            <word>happy (lasting happiness)</word>
        </trans>
        <trans lang="ja">
            <word>幸せ</word>
            <alt>しあわせ</alt>
        </trans>
    </term>
    <term id="636">
        <trans lang="en">
            <word>no good</word>
        </trans>
        <trans lang="ja">
            <alt>だめ</alt>
        </trans>
    </term>
    <term id="637">
        <trans lang="en">
            <word>to knit</word>
        </trans>
        <trans lang="ja">
            <word>編む</word>
            <alt>あむ</alt>
        </trans>
    </term>
    <term id="638">
        <trans lang="en">
            <word>to lend; to rent</word>
        </trans>
        <trans lang="ja">
            <word>貸す</word>
            <alt>かす</alt>
        </trans>
    </term>
    <term id="639">
        <trans lang="en">
            <word>to do one's best; to try hard</word>
        </trans>
        <trans lang="ja">
            <word>頑張る</word>
            <alt>がんばる</alt>
        </trans>
    </term>
    <term id="640">
        <trans lang="en">
            <word>to cry</word>
        </trans>
        <trans lang="ja">
            <word>泣く</word>
            <alt>なく</alt>
        </trans>
    </term>
    <term id="641">
        <trans lang="en">
            <word>to brush (teeth); to polish</word>
        </trans>
        <trans lang="ja">
            <word>磨く</word>
            <alt>みがく</alt>
        </trans>
    </term>
    <term id="642">
        <trans lang="en">
            <word>to keep a promise</word>
        </trans>
        <trans lang="ja">
            <word>約束を守る</word>
            <alt>やくそくをまもる</alt>
        </trans>
    </term>
    <term id="643">
        <trans lang="en">
            <word>to be moved/touched (by ...)</word>
        </trans>
        <trans lang="ja">
            <word>感動する</word>
            <alt>かんどうする</alt>
        </trans>
    </term>
    <term id="644">
        <trans lang="en">
            <word>(someone honorable) is present/home</word>
        </trans>
        <trans lang="ja">
            <alt>いらっしゃいます</alt>
        </trans>
    </term>
    <term id="645">
        <trans lang="en">
            <word>"as a matter of fact, ..."</word>
        </trans>
        <trans lang="ja">
            <word>実は</word>
            <alt>じつは</alt>
        </trans>
    </term>
    <term id="646">
        <trans lang="en">
            <word>all</word>
        </trans>
        <trans lang="ja">
            <word>全部</word>
            <alt>ぜんぶ</alt>
        </trans>
    </term>
    <term id="647">
        <trans lang="en">
            <word>one day</word>
        </trans>
        <trans lang="ja">
            <word>一日</word>
            <alt>いちにち</alt>
        </trans>
    </term>
    <term id="648">
        <trans lang="en">
            <word>two days</word>
        </trans>
        <trans lang="ja">
            <word>二日</word>
            <alt>ふつか</alt>
        </trans>
    </term>
    <term id="649">
        <trans lang="en">
            <word>three days</word>
        </trans>
        <trans lang="ja">
            <word>三日</word>
            <alt>みっか</alt>
        </trans>
    </term>
    <term id="650">
        <trans lang="en">
            <word>four days</word>
        </trans>
        <trans lang="ja">
            <word>四日</word>
            <alt>よっか</alt>
        </trans>
    </term>
    <term id="651">
        <trans lang="en">
            <word>five days</word>
        </trans>
        <trans lang="ja">
            <word>五日</word>
            <alt>いつか</alt>
        </trans>
    </term>
    <term id="652">
        <trans lang="en">
            <word>six days</word>
        </trans>
        <trans lang="ja">
            <word>六日</word>
            <alt>むいか</alt>
        </trans>
    </term>
    <term id="653">
        <trans lang="en">
            <word>seven days</word>
        </trans>
        <trans lang="ja">
            <word>七日</word>
            <alt>なのか</alt>
        </trans>
    </term>
    <term id="654">
        <trans lang="en">
            <word>eight days</word>
        </trans>
        <trans lang="ja">
            <word>八日</word>
            <alt>ようか</alt>
        </trans>
    </term>
    <term id="655">
        <trans lang="en">
            <word>nine days</word>
        </trans>
        <trans lang="ja">
            <word>九日</word>
            <alt>ここのか</alt>
        </trans>
    </term>
    <term id="656">
        <trans lang="en">
            <word>ten days</word>
        </trans>
        <trans lang="ja">
            <word>十日</word>
            <alt>とおか</alt>
        </trans>
    </term>
    <term id="657">
        <trans lang="en">
            <word>Thank you (in advance)</word>
        </trans>
        <trans lang="ja">
            <word>よろしくお願いします</word>
            <alt>よろしくおねがいします</alt>
        </trans>
    </term>
</translations>
</glossary>
