<?xml version="1.0"?>
<glossary id="8" name="Genki 08">
<translations>
    <term id="376">
        <trans lang="en">
            <word>That's too bad.</word>
        </trans>
        <trans lang="ja">
            <word>残念ですね</word>
            <alt>ざんねんですね</alt>
        </trans>
    </term>
    <term id="377">
        <trans lang="en">
            <word>the day after tomorrow</word>
        </trans>
        <trans lang="ja">
            <alt>あさって</alt>
        </trans>
    </term>
    <term id="378">
        <trans lang="en">
            <word>rain</word>
        </trans>
        <trans lang="ja">
            <word>雨</word>
            <alt>あめ</alt>
        </trans>
    </term>
    <term id="379">
        <trans lang="en">
            <word>office worker</word>
        </trans>
        <trans lang="ja">
            <word>会社員</word>
            <alt>かいしゃいん</alt>
        </trans>
    </term>
    <term id="380">
        <trans lang="en">
            <word>camera</word>
        </trans>
        <trans lang="ja">
            <alt>カメラ</alt>
        </trans>
    </term>
    <term id="381">
        <trans lang="en">
            <word>karaoke</word>
        </trans>
        <trans lang="ja">
            <alt>カラオケ</alt>
        </trans>
    </term>
    <term id="382">
        <trans lang="en">
            <word>air</word>
        </trans>
        <trans lang="ja">
            <word>空気</word>
            <alt>くうき</alt>
        </trans>
    </term>
    <term id="383">
        <trans lang="en">
            <word>this morning</word>
        </trans>
        <trans lang="ja">
            <word>今朝</word>
            <alt>けさ</alt>
        </trans>
    </term>
    <term id="384">
        <trans lang="en">
            <word>this month</word>
        </trans>
        <trans lang="ja">
            <word>今月</word>
            <alt>こんげつ</alt>
        </trans>
    </term>
    <term id="385">
        <trans lang="en">
            <word>job; work; occupation</word>
        </trans>
        <trans lang="ja">
            <word>仕事</word>
            <alt>しごと</alt>
        </trans>
    </term>
    <term id="386">
        <trans lang="en">
            <word>college student</word>
        </trans>
        <trans lang="ja">
            <word>大学生</word>
            <alt>だいがくせい</alt>
        </trans>
    </term>
    <term id="387">
        <trans lang="en">
            <word>disco</word>
        </trans>
        <trans lang="ja">
            <alt>ディスコ</alt>
        </trans>
    </term>
    <term id="388">
        <trans lang="en">
            <word>weather forecast</word>
        </trans>
        <trans lang="ja">
            <word>天気予報</word>
            <alt>てんきよほう</alt>
        </trans>
    </term>
    <term id="389">
        <trans lang="en">
            <word>place</word>
        </trans>
        <trans lang="ja">
            <word>所</word>
            <alt>ところ</alt>
        </trans>
    </term>
    <term id="390">
        <trans lang="en">
            <word>tomato</word>
        </trans>
        <trans lang="ja">
            <alt>トマト</alt>
        </trans>
    </term>
    <term id="391">
        <trans lang="en">
            <word>summer</word>
        </trans>
        <trans lang="ja">
            <word>夏</word>
            <alt>なつ</alt>
        </trans>
    </term>
    <term id="392">
        <trans lang="en">
            <word>something</word>
        </trans>
        <trans lang="ja">
            <word>何か</word>
            <alt>なにか</alt>
        </trans>
    </term>
    <term id="393">
        <trans lang="en">
            <word>party</word>
        </trans>
        <trans lang="ja">
            <alt>パーティー</alt>
        </trans>
    </term>
    <term id="394">
        <trans lang="en">
            <word>barbecue</word>
        </trans>
        <trans lang="ja">
            <alt>バーベキュー</alt>
        </trans>
    </term>
    <term id="395">
        <trans lang="en">
            <word>chopsticks</word>
        </trans>
        <trans lang="ja">
            <alt>はし</alt>
        </trans>
    </term>
    <term id="396">
        <trans lang="en">
            <word>winter</word>
        </trans>
        <trans lang="ja">
            <word>冬</word>
            <alt>ふゆ</alt>
        </trans>
    </term>
    <term id="397">
        <trans lang="en">
            <word>homestay; living with a local family</word>
        </trans>
        <trans lang="ja">
            <alt>ホームステイ</alt>
        </trans>
    </term>
    <term id="398">
        <trans lang="en">
            <word>every week</word>
        </trans>
        <trans lang="ja">
            <word>毎週</word>
            <alt>まいしゅう</alt>
        </trans>
    </term>
    <term id="399">
        <trans lang="en">
            <word>next month</word>
        </trans>
        <trans lang="ja">
            <word>来月</word>
            <alt>らいげつ</alt>
        </trans>
    </term>
    <term id="400">
        <trans lang="en">
            <word>skillful; good at...</word>
        </trans>
        <trans lang="ja">
            <word>上手</word>
            <alt>じょうず</alt>
        </trans>
    </term>
    <term id="401">
        <trans lang="en">
            <word>clumsy; poor at...</word>
        </trans>
        <trans lang="ja">
            <word>下手</word>
            <alt>へた</alt>
        </trans>
    </term>
    <term id="402">
        <trans lang="en">
            <word>famous</word>
        </trans>
        <trans lang="ja">
            <word>有名</word>
            <alt>ゆうめい</alt>
        </trans>
    </term>
    <term id="403">
        <trans lang="en">
            <word>it rains</word>
        </trans>
        <trans lang="ja">
            <word>雨が降る</word>
            <alt>あめがふる</alt>
        </trans>
    </term>
    <term id="404">
        <trans lang="en">
            <word>to wash</word>
        </trans>
        <trans lang="ja">
            <word>洗う</word>
            <alt>あらう</alt>
        </trans>
    </term>
    <term id="405">
        <trans lang="en">
            <word>to say</word>
        </trans>
        <trans lang="ja">
            <word>言う</word>
            <alt>いう</alt>
        </trans>
    </term>
    <term id="406">
        <trans lang="en">
            <word>to need</word>
        </trans>
        <trans lang="ja">
            <alt>いる</alt>
        </trans>
    </term>
    <term id="407">
        <trans lang="en">
            <word>to be late (for ...)</word>
        </trans>
        <trans lang="ja">
            <word>遅くなる</word>
            <alt>おそくなる</alt>
        </trans>
    </term>
    <term id="408">
        <trans lang="en">
            <word>to think</word>
        </trans>
        <trans lang="ja">
            <word>思う</word>
            <alt>おもう</alt>
        </trans>
    </term>
    <term id="409">
        <trans lang="en">
            <word>to cut</word>
        </trans>
        <trans lang="ja">
            <word>切る</word>
            <alt>きる</alt>
        </trans>
    </term>
    <term id="410">
        <trans lang="en">
            <word>to make</word>
        </trans>
        <trans lang="ja">
            <word>作る</word>
            <alt>つくる</alt>
        </trans>
    </term>
    <term id="411">
        <trans lang="en">
            <word>to take (something)</word>
        </trans>
        <trans lang="ja">
            <word>持っていく</word>
            <alt>もっていく</alt>
        </trans>
    </term>
    <term id="412">
        <trans lang="en">
            <word>to stare (at ...)</word>
        </trans>
        <trans lang="ja">
            <word>じろじろ見る</word>
            <alt>じろじろみる</alt>
        </trans>
    </term>
    <term id="413">
        <trans lang="en">
            <word>to begin</word>
        </trans>
        <trans lang="ja">
            <word>始める</word>
            <alt>はじめる</alt>
        </trans>
    </term>
    <term id="414">
        <trans lang="en">
            <word>to drive</word>
        </trans>
        <trans lang="ja">
            <word>運転する</word>
            <alt>うんてんする</alt>
        </trans>
    </term>
    <term id="415">
        <trans lang="en">
            <word>to do laundry</word>
        </trans>
        <trans lang="ja">
            <word>洗濯する</word>
            <alt>せんたくする</alt>
        </trans>
    </term>
    <term id="416">
        <trans lang="en">
            <word>to clean</word>
        </trans>
        <trans lang="ja">
            <word>掃除する</word>
            <alt>そうじする</alt>
        </trans>
    </term>
    <term id="417">
        <trans lang="en">
            <word>to cook</word>
        </trans>
        <trans lang="ja">
            <word>料理する</word>
            <alt>りょうりする</alt>
        </trans>
    </term>
    <term id="418">
        <trans lang="en">
            <word>uh-uh; no</word>
        </trans>
        <trans lang="ja">
            <alt>ううん</alt>
        </trans>
    </term>
    <term id="419">
        <trans lang="en">
            <word>uh-huh; yes</word>
        </trans>
        <trans lang="ja">
            <alt>うん</alt>
        </trans>
    </term>
    <term id="420">
        <trans lang="en">
            <word>Cheers! (a toast)</word>
        </trans>
        <trans lang="ja">
            <word>乾杯</word>
            <alt>かんぱい</alt>
        </trans>
    </term>
    <term id="421">
        <trans lang="en">
            <word>all (of the people) together</word>
        </trans>
        <trans lang="ja">
            <alt>みんなで</alt>
        </trans>
    </term>
</translations>
</glossary>
