<?xml version="1.0"?>
<glossary id="21" name="Genki 21">
<translations>
	<term id="985">
		<trans lang="en">
			<word>baby</word>
		</trans>
		<trans lang="ja">
			<word>赤ちゃん</word>
			<alt>あかちゃん</alt>
		</trans>
	</term>
	<term id="986">
		<trans lang="en">
			<word>mosquito</word>
		</trans>
		<trans lang="ja">
			<word>蚊</word>
			<alt>か</alt>
		</trans>
	</term>
	<term id="987">
		<trans lang="en">
			<word>business meeting; conference</word>
		</trans>
		<trans lang="ja">
			<word>会議</word>
			<alt>かいぎ</alt>
		</trans>
	</term>
	<term id="988">
		<trans lang="en">
			<word>gasoline</word>
		</trans>
		<trans lang="ja">
			<alt>ガソリン</alt>
		</trans>
	</term>
	<term id="989">
		<trans lang="en">
			<word>environment</word>
		</trans>
		<trans lang="ja">
			<word>環境</word>
			<alt>かんきょう</alt>
		</trans>
	</term>
	<term id="990">
		<trans lang="en">
			<word>police; police station</word>
		</trans>
		<trans lang="ja">
			<word>警察</word>
			<alt>けいさつ</alt>
		</trans>
	</term>
	<term id="991">
		<trans lang="en">
			<word>factory</word>
		</trans>
		<trans lang="ja">
			<word>工場</word>
			<alt>こうじょう</alt>
		</trans>
	</term>
	<term id="992">
		<trans lang="en">
			<word>things; matters</word>
		</trans>
		<trans lang="ja">
			<word>事</word>
			<alt>こと</alt>
		</trans>
	</term>
	<term id="993">
		<trans lang="en">
			<word>last train</word>
		</trans>
		<trans lang="ja">
			<word>終電</word>
			<alt>しゅうでん</alt>
		</trans>
	</term>
	<term id="994">
		<trans lang="en">
			<word>speech</word>
		</trans>
		<trans lang="ja">
			<alt>スピーチ</alt>
		</trans>
	</term>
	<term id="995">
		<trans lang="en">
			<word>government</word>
		</trans>
		<trans lang="ja">
			<word>政府</word>
			<alt>せいふ</alt>
		</trans>
	</term>
	<term id="996">
		<trans lang="en">
			<word>sexual offender; lascivious man</word>
		</trans>
		<trans lang="ja">
			<alt>ちかん</alt>
		</trans>
	</term>
	<term id="997">
		<trans lang="en">
			<word>burgular</word>
		</trans>
		<trans lang="ja">
			<word>泥棒</word>
			<alt>どろぼう</alt>
		</trans>
	</term>
	<term id="998">
		<trans lang="en">
			<word>abbreviation of アルバイト</word>
		</trans>
		<trans lang="ja">
			<alt>バイト</alt>
		</trans>
	</term>
	<term id="999">
		<trans lang="en">
			<word>criminal</word>
		</trans>
		<trans lang="ja">
			<word>犯人</word>
			<alt>はんにん</alt>
		</trans>
	</term>
	<term id="1000">
		<trans lang="en">
			<word>poster</word>
		</trans>
		<trans lang="ja">
			<alt>ポスター</alt>
		</trans>
	</term>
	<term id="1001">
		<trans lang="en">
			<word>old days; past</word>
		</trans>
		<trans lang="ja">
			<word>昔</word>
			<alt>むかし</alt>
		</trans>
	</term>
	<term id="1002">
		<trans lang="en">
			<word>complaint</word>
		</trans>
		<trans lang="ja">
			<word>文句</word>
			<alt>もんく</alt>
		</trans>
	</term>
	<term id="1003">
		<trans lang="en">
			<word>to complain</word>
		</trans>
		<trans lang="ja">
			<word>文句を言う</word>
			<alt>もんくをいう</alt>
		</trans>
	</term>
	<term id="1004">
		<trans lang="en">
			<word>absence; not at home</word>
		</trans>
		<trans lang="ja">
			<word>留守</word>
			<alt>るす</alt>
		</trans>
	</term>
	<term id="1005">
		<trans lang="en">
			<word>far (away)</word>
		</trans>
		<trans lang="ja">
			<word>遠い</word>
			<alt>とおい</alt>
		</trans>
	</term>
	<term id="1006">
		<trans lang="en">
			<word>awful</word>
		</trans>
		<trans lang="ja">
			<alt>ひどい</alt>
		</trans>
	</term>
	<term id="1007">
		<trans lang="en">
			<word>safe</word>
		</trans>
		<trans lang="ja">
			<word>安全</word>
			<alt>あんぜん</alt>
		</trans>
	</term>
	<term id="1008">
		<trans lang="en">
			<word>precious; valuable</word>
		</trans>
		<trans lang="ja">
			<word>大切</word>
			<alt>たいせつ</alt>
		</trans>
	</term>
	<term id="1009">
		<trans lang="en">
			<word>messy; disorganized</word>
		</trans>
		<trans lang="ja">
			<alt>めちゃくちゃ</alt>
		</trans>
	</term>
	<term id="1010">
		<trans lang="en">
			<word>to put; to lay; to place</word>
		</trans>
		<trans lang="ja">
			<word>置く</word>
			<alt>おく</alt>
		</trans>
	</term>
	<term id="1011">
		<trans lang="en">
			<word>to notice</word>
		</trans>
		<trans lang="ja">
			<word>気が付く</word>
			<alt>きがつく</alt>
		</trans>
	</term>
	<term id="1012">
		<trans lang="en">
			<word>to kick</word>
		</trans>
		<trans lang="ja">
			<alt>ける</alt>
		</trans>
	</term>
	<term id="1013">
		<trans lang="en">
			<word>to sting; to bite (bug); to stab</word>
		</trans>
		<trans lang="ja">
			<word>刺す</word>
			<alt>さす</alt>
		</trans>
	</term>
	<term id="1014">
		<trans lang="en">
			<word>to touch</word>
		</trans>
		<trans lang="ja">
			<word>触る</word>
			<alt>さわる</alt>
		</trans>
	</term>
	<term id="1015">
		<trans lang="en">
			<word>to be arrested; to be caught</word>
		</trans>
		<trans lang="ja">
			<word>捕まる</word>
			<alt>つかまる</alt>
		</trans>
	</term>
	<term id="1016">
		<trans lang="en">
			<word>to wrap; to cover</word>
		</trans>
		<trans lang="ja">
			<word>包む</word>
			<alt>つつむ</alt>
		</trans>
	</term>
	<term id="1017">
		<trans lang="en">
			<word>to strike; to hit; to punch</word>
		</trans>
		<trans lang="ja">
			<word>殴る</word>
			<alt>なぐる</alt>
		</trans>
	</term>
	<term id="1018">
		<trans lang="en">
			<word>to steal; to rob</word>
		</trans>
		<trans lang="ja">
			<word>盗む</word>
			<alt>ぬすむ</alt>
		</trans>
	</term>
	<term id="1019">
		<trans lang="en">
			<word>to post</word>
		</trans>
		<trans lang="ja">
			<word>貼る</word>
			<alt>はる</alt>
		</trans>
	</term>
	<term id="1020">
		<trans lang="en">
			<word>to step on</word>
		</trans>
		<trans lang="ja">
			<word>踏む</word>
			<alt>ふむ</alt>
		</trans>
	</term>
	<term id="1021">
		<trans lang="en">
			<word>to turn down (somebody); to reject; to jilt</word>
		</trans>
		<trans lang="ja">
			<alt>ふる</alt>
		</trans>
	</term>
	<term id="1022">
		<trans lang="en">
			<word>to bake</word>
		</trans>
		<trans lang="ja">
			<word>焼く</word>
			<alt>やく</alt>
		</trans>
	</term>
	<term id="1023">
		<trans lang="en">
			<word>"to give (to pets, plants, younger siblings, etc.)"</word>
		</trans>
		<trans lang="ja">
			<alt>やる</alt>
		</trans>
	</term>
	<term id="1024">
		<trans lang="en">
			<word>to bully</word>
		</trans>
		<trans lang="ja">
			<alt>いじめる</alt>
		</trans>
	</term>
	<term id="1025">
		<trans lang="en">
			<word>to change clothes</word>
		</trans>
		<trans lang="ja">
			<word>着替える</word>
			<alt>きがえる</alt>
		</trans>
	</term>
	<term id="1026">
		<trans lang="en">
			<word>to save money</word>
		</trans>
		<trans lang="ja">
			<alt>ためる</alt>
		</trans>
	</term>
	<term id="1027">
		<trans lang="en">
			<word>to continue</word>
		</trans>
		<trans lang="ja">
			<alt>つづける</alt>
		</trans>
	</term>
	<term id="1028">
		<trans lang="en">
			<word>to praise; to say nice things</word>
		</trans>
		<trans lang="ja">
			<alt>ほめる</alt>
		</trans>
	</term>
	<term id="1029">
		<trans lang="en">
			<word>to make a mistake</word>
		</trans>
		<trans lang="ja">
			<word>間違える</word>
			<alt>まちがえる</alt>
		</trans>
	</term>
	<term id="1030">
		<trans lang="en">
			<word>to find</word>
		</trans>
		<trans lang="ja">
			<word>見つける</word>
			<alt>みつける</alt>
		</trans>
	</term>
	<term id="1031">
		<trans lang="en">
			<word>to prepare</word>
		</trans>
		<trans lang="ja">
			<word>準備する</word>
			<alt>じゅんびする</alt>
		</trans>
	</term>
	<term id="1032">
		<trans lang="en">
			<word>to insult; to make a fool of ...</word>
		</trans>
		<trans lang="ja">
			<alt>ばかにする</alt>
		</trans>
	</term>
	<term id="1033">
		<trans lang="en">
			<word>to be surprised</word>
		</trans>
		<trans lang="ja">
			<alt>びっくりする</alt>
		</trans>
	</term>
	<term id="1034">
		<trans lang="en">
			<word>to take a nap</word>
		</trans>
		<trans lang="ja">
			<word>昼寝をする</word>
			<alt>ひるねをする</alt>
		</trans>
	</term>
	<term id="1035">
		<trans lang="en">
			<word>to contact</word>
		</trans>
		<trans lang="ja">
			<word>連絡する</word>
			<alt>れんらくする</alt>
		</trans>
	</term>
	<term id="1036">
		<trans lang="en">
			<word>while...</word>
		</trans>
		<trans lang="ja">
			<word>~間に</word>
			<alt>~あいだに</alt>
		</trans>
	</term>
	<term id="1037">
		<trans lang="en">
			<word>time of...; when...</word>
		</trans>
		<trans lang="ja">
			<alt>ころ</alt>
		</trans>
	</term>
	<term id="1038">
		<trans lang="en">
			<word>a little</word>
		</trans>
		<trans lang="ja">
			<word>少し</word>
			<alt>すこし</alt>
		</trans>
	</term>
	<term id="1039">
		<trans lang="en">
			<word>anyhow; anyway</word>
		</trans>
		<trans lang="ja">
			<alt>とにかく</alt>
		</trans>
	</term>
	<term id="1040">
		<trans lang="en">
			<word>colleague</word>
		</trans>
		<trans lang="ja">
			<word>同僚</word>
			<alt>どうりょう</alt>
		</trans>
	</term>
</translations>
</glossary>