<?xml version="1.0"?>
<glossary id="9" name="Genki 9">
<translations>
	<term id="422">
		<trans lang="en">
			<word>good child</word>
		</trans>
		<trans lang="ja">
			<word>いい子</word>
			<alt>いいこ</alt>
		</trans>
	</term>
	<term id="423">
		<trans lang="en">
			<word>color</word>
		</trans>
		<trans lang="ja">
			<word>色</word>
			<alt>いろ</alt>
		</trans>
	</term>
	<term id="424">
		<trans lang="en">
			<word>boxed lunch</word>
		</trans>
		<trans lang="ja">
			<word>お弁当</word>
			<alt>おべんとう</alt>
		</trans>
	</term>
	<term id="425">
		<trans lang="en">
			<word>spa; hot spring</word>
		</trans>
		<trans lang="ja">
			<word>温泉</word>
			<alt>おんせん</alt>
		</trans>
	</term>
	<term id="426">
		<trans lang="en">
			<word>Kabuki; traditional Japanese theatrical art</word>
		</trans>
		<trans lang="ja">
			<alt>かぶき</alt>
		</trans>
	</term>
	<term id="427">
		<trans lang="en">
			<word>guitar</word>
		</trans>
		<trans lang="ja">
			<alt>ギター</alt>
		</trans>
	</term>
	<term id="428">
		<trans lang="en">
			<word>medicine</word>
		</trans>
		<trans lang="ja">
			<word>薬</word>
			<alt>くすり</alt>
		</trans>
	</term>
	<term id="429">
		<trans lang="en">
			<word>to take medicine</word>
		</trans>
		<trans lang="ja">
			<word>薬を飲む</word>
			<alt>くすりをのむ</alt>
		</trans>
	</term>
	<term id="430">
		<trans lang="en">
			<word>concert</word>
		</trans>
		<trans lang="ja">
			<alt>コンサート</alt>
		</trans>
	</term>
	<term id="431">
		<trans lang="en">
			<word>near future</word>
		</trans>
		<trans lang="ja">
			<word>今度</word>
			<alt>こんど</alt>
		</trans>
	</term>
	<term id="432">
		<trans lang="en">
			<word>essay; composition</word>
		</trans>
		<trans lang="ja">
			<word>作文</word>
			<alt>さくぶん</alt>
		</trans>
	</term>
	<term id="433">
		<trans lang="en">
			<word>exam</word>
		</trans>
		<trans lang="ja">
			<word>試験</word>
			<alt>しけん</alt>
		</trans>
	</term>
	<term id="434">
		<trans lang="en">
			<word>"Shinkansen; "Bullet Train"</word>
		</trans>
		<trans lang="ja">
			<word>新幹線</word>
			<alt>しんかんせん</alt>
		</trans>
	</term>
	<term id="435">
		<trans lang="en">
			<word>ski</word>
		</trans>
		<trans lang="ja">
			<alt>スキー</alt>
		</trans>
	</term>
	<term id="436">
		<trans lang="en">
			<word>last month</word>
		</trans>
		<trans lang="ja">
			<word>先月</word>
			<alt>せんげつ</alt>
		</trans>
	</term>
	<term id="437">
		<trans lang="en">
			<word>word; vocabulary</word>
		</trans>
		<trans lang="ja">
			<word>単語</word>
			<alt>たんご</alt>
		</trans>
	</term>
	<term id="438">
		<trans lang="en">
			<word>piano</word>
		</trans>
		<trans lang="ja">
			<alt>ピアノ</alt>
		</trans>
	</term>
	<term id="439">
		<trans lang="en">
			<word>illness; sickness</word>
		</trans>
		<trans lang="ja">
			<word>病気</word>
			<alt>びょうき</alt>
		</trans>
	</term>
	<term id="440">
		<trans lang="en">
			<word>blue</word>
		</trans>
		<trans lang="ja">
			<word>青い</word>
			<alt>あおい</alt>
		</trans>
	</term>
	<term id="441">
		<trans lang="en">
			<word>red</word>
		</trans>
		<trans lang="ja">
			<word>赤い</word>
			<alt>あかい</alt>
		</trans>
	</term>
	<term id="442">
		<trans lang="en">
			<word>black</word>
		</trans>
		<trans lang="ja">
			<word>黒い</word>
			<alt>くろい</alt>
		</trans>
	</term>
	<term id="443">
		<trans lang="en">
			<word>lonely</word>
		</trans>
		<trans lang="ja">
			<word>寂しい</word>
			<alt>さびしい</alt>
		</trans>
	</term>
	<term id="444">
		<trans lang="en">
			<word>white</word>
		</trans>
		<trans lang="ja">
			<word>白い</word>
			<alt>しろい</alt>
		</trans>
	</term>
	<term id="445">
		<trans lang="en">
			<word>young</word>
		</trans>
		<trans lang="ja">
			<word>若い</word>
			<alt>わかい</alt>
		</trans>
	</term>
	<term id="446">
		<trans lang="en">
			<word>mean-spirited</word>
		</trans>
		<trans lang="ja">
			<word>意地悪</word>
			<alt>いじわる</alt>
		</trans>
	</term>
	<term id="447">
		<trans lang="en">
			<word>to dance</word>
		</trans>
		<trans lang="ja">
			<word>踊る</word>
			<alt>おどる</alt>
		</trans>
	</term>
	<term id="448">
		<trans lang="en">
			<word>(something) ends</word>
		</trans>
		<trans lang="ja">
			<word>終わる</word>
			<alt>おわる</alt>
		</trans>
	</term>
	<term id="449">
		<trans lang="en">
			<word>to be popular</word>
		</trans>
		<trans lang="ja">
			<word>人気がある</word>
			<alt>にんきがある</alt>
		</trans>
	</term>
	<term id="450">
		<trans lang="en">
			<word>(something) begins</word>
		</trans>
		<trans lang="ja">
			<word>始まる</word>
			<alt>はじまる</alt>
		</trans>
	</term>
	<term id="451">
		<trans lang="en">
			<word>to play (a string instrument or piano)</word>
		</trans>
		<trans lang="ja">
			<word>弾く</word>
			<alt>ひく</alt>
		</trans>
	</term>
	<term id="452">
		<trans lang="en">
			<word>to get (from somebody)</word>
		</trans>
		<trans lang="ja">
			<alt>もらう</alt>
		</trans>
	</term>
	<term id="453">
		<trans lang="en">
			<word>to memorize</word>
		</trans>
		<trans lang="ja">
			<word>覚える</word>
			<alt>おぼえる</alt>
		</trans>
	</term>
	<term id="454">
		<trans lang="en">
			<word>(1) to appear; to attend (2) to exit</word>
		</trans>
		<trans lang="ja">
			<word>出る</word>
			<alt>でる</alt>
		</trans>
	</term>
	<term id="455">
		<trans lang="en">
			<word>to do physical exercises</word>
		</trans>
		<trans lang="ja">
			<word>運動する</word>
			<alt>うんどうする</alt>
		</trans>
	</term>
	<term id="456">
		<trans lang="en">
			<word>to take a walk</word>
		</trans>
		<trans lang="ja">
			<word>散歩する</word>
			<alt>さんぽする</alt>
		</trans>
	</term>
	<term id="457">
		<trans lang="en">
			<word>by all means</word>
		</trans>
		<trans lang="ja">
			<word>是非</word>
			<alt>ぜひ</alt>
		</trans>
	</term>
	<term id="458">
		<trans lang="en">
			<word>all</word>
		</trans>
		<trans lang="ja">
			<alt>みんな</alt>
		</trans>
	</term>
	<term id="459">
		<trans lang="en">
			<word>already</word>
		</trans>
		<trans lang="ja">
			<alt>もう</alt>
		</trans>
	</term>
	<term id="460">
		<trans lang="en">
			<word>one</word>
		</trans>
		<trans lang="ja">
			<word>一つ</word>
			<alt>ひとつ</alt>
		</trans>
	</term>
	<term id="461">
		<trans lang="en">
			<word>two</word>
		</trans>
		<trans lang="ja">
			<word>二つ</word>
			<alt>ふたつ</alt>
		</trans>
	</term>
	<term id="462">
		<trans lang="en">
			<word>three</word>
		</trans>
		<trans lang="ja">
			<word>三つ</word>
			<alt>みっつ</alt>
		</trans>
	</term>
	<term id="463">
		<trans lang="en">
			<word>four</word>
		</trans>
		<trans lang="ja">
			<word>四つ</word>
			<alt>よっつ</alt>
		</trans>
	</term>
	<term id="464">
		<trans lang="en">
			<word>five</word>
		</trans>
		<trans lang="ja">
			<word>五つ</word>
			<alt>いつつ</alt>
		</trans>
	</term>
	<term id="465">
		<trans lang="en">
			<word>six</word>
		</trans>
		<trans lang="ja">
			<word>六つ</word>
			<alt>むっつ</alt>
		</trans>
	</term>
	<term id="466">
		<trans lang="en">
			<word>seven</word>
		</trans>
		<trans lang="ja">
			<word>七つ</word>
			<alt>ななつ</alt>
		</trans>
	</term>
	<term id="467">
		<trans lang="en">
			<word>eight</word>
		</trans>
		<trans lang="ja">
			<word>八つ</word>
			<alt>やっつ</alt>
		</trans>
	</term>
	<term id="468">
		<trans lang="en">
			<word>nine</word>
		</trans>
		<trans lang="ja">
			<word>九つ</word>
			<alt>ここのつ</alt>
		</trans>
	</term>
	<term id="469">
		<trans lang="en">
			<word>ten</word>
		</trans>
		<trans lang="ja">
			<word>十</word>
			<alt>とお</alt>
		</trans>
	</term>
</translations>
</glossary>