<?xml version="1.0"?>
<glossary id="17" name="Genki 17">
<translations>
	<term id="789">
		<trans lang="en">
			<word>guest; visitor; client; customer</word>
		</trans>
		<trans lang="ja">
			<word>お客さん</word>
			<alt>おきゃくさん</alt>
		</trans>
	</term>
	<term id="790">
		<trans lang="en">
			<word>man</word>
		</trans>
		<trans lang="ja">
			<word>男</word>
			<alt>おとこ</alt>
		</trans>
	</term>
	<term id="791">
		<trans lang="en">
			<word>hot water</word>
		</trans>
		<trans lang="ja">
			<word>お湯</word>
			<alt>おゆ</alt>
		</trans>
	</term>
	<term id="792">
		<trans lang="en">
			<word>woman</word>
		</trans>
		<trans lang="ja">
			<word>女</word>
			<alt>おんな</alt>
		</trans>
	</term>
	<term id="793">
		<trans lang="en">
			<word>key</word>
		</trans>
		<trans lang="ja">
			<alt>かぎ</alt>
		</trans>
	</term>
	<term id="794">
		<trans lang="en">
			<word>paper</word>
		</trans>
		<trans lang="ja">
			<word>紙</word>
			<alt>かみ</alt>
		</trans>
	</term>
	<term id="795">
		<trans lang="en">
			<word>salary</word>
		</trans>
		<trans lang="ja">
			<word>給料</word>
			<alt>きゅうりょう</alt>
		</trans>
	</term>
	<term id="796">
		<trans lang="en">
			<word>contact lenses</word>
		</trans>
		<trans lang="ja">
			<alt>コンタクト</alt>
		</trans>
	</term>
	<term id="797">
		<trans lang="en">
			<word>the lowest; the worst</word>
		</trans>
		<trans lang="ja">
			<word>最低</word>
			<alt>さいてい</alt>
		</trans>
	</term>
	<term id="798">
		<trans lang="en">
			<word>salaryman; company employee</word>
		</trans>
		<trans lang="ja">
			<alt>サラリーマン</alt>
		</trans>
	</term>
	<term id="799">
		<trans lang="en">
			<word>overtime work</word>
		</trans>
		<trans lang="ja">
			<word>残業</word>
			<alt>ざんぎょう</alt>
		</trans>
	</term>
	<term id="800">
		<trans lang="en">
			<word>heater</word>
		</trans>
		<trans lang="ja">
			<alt>ストーブ</alt>
		</trans>
	</term>
	<term id="801">
		<trans lang="en">
			<word>lottery</word>
		</trans>
		<trans lang="ja">
			<word>宝くじ</word>
			<alt>たからくじ</alt>
		</trans>
	</term>
	<term id="802">
		<trans lang="en">
			<word>difference</word>
		</trans>
		<trans lang="ja">
			<word>違い</word>
			<alt>ちがい</alt>
		</trans>
	</term>
	<term id="803">
		<trans lang="en">
			<word>news</word>
		</trans>
		<trans lang="ja">
			<alt>ニュース</alt>
		</trans>
	</term>
	<term id="804">
		<trans lang="en">
			<word>beard</word>
		</trans>
		<trans lang="ja">
			<alt>ひげ</alt>
		</trans>
	</term>
	<term id="805">
		<trans lang="en">
			<word>secret</word>
		</trans>
		<trans lang="ja">
			<word>秘密</word>
			<alt>ひみつ</alt>
		</trans>
	</term>
	<term id="806">
		<trans lang="en">
			<word>dormitory</word>
		</trans>
		<trans lang="ja">
			<word>寮</word>
			<alt>りょう</alt>
		</trans>
	</term>
	<term id="807">
		<trans lang="en">
			<word>travel agency</word>
		</trans>
		<trans lang="ja">
			<word>旅行会社</word>
			<alt>りょこうがいしゃ</alt>
		</trans>
	</term>
	<term id="808">
		<trans lang="en">
			<word>envious</word>
		</trans>
		<trans lang="ja">
			<alt>うらやましい</alt>
		</trans>
	</term>
	<term id="809">
		<trans lang="en">
			<word>a little; a few</word>
		</trans>
		<trans lang="ja">
			<word>少ない</word>
			<alt>すくない</alt>
		</trans>
	</term>
	<term id="810">
		<trans lang="en">
			<word>strong</word>
		</trans>
		<trans lang="ja">
			<word>強い</word>
			<alt>つよい</alt>
		</trans>
	</term>
	<term id="811">
		<trans lang="en">
			<word>to choose; to select</word>
		</trans>
		<trans lang="ja">
			<word>選ぶ</word>
			<alt>えらぶ</alt>
		</trans>
	</term>
	<term id="812">
		<trans lang="en">
			<word>to comb one's hair</word>
		</trans>
		<trans lang="ja">
			<word>髪をとかす</word>
			<alt>かみをとかす</alt>
		</trans>
	</term>
	<term id="813">
		<trans lang="en">
			<word>to boil water</word>
		</trans>
		<trans lang="ja">
			<word>お湯を沸かす</word>
			<alt>おゆをわかす</alt>
		</trans>
	</term>
	<term id="814">
		<trans lang="en">
			<word>to get crowded</word>
		</trans>
		<trans lang="ja">
			<word>込む</word>
			<alt>こむ</alt>
		</trans>
	</term>
	<term id="815">
		<trans lang="en">
			<word>to win a lottery</word>
		</trans>
		<trans lang="ja">
			<word>宝くじに当たる</word>
			<alt>たからくじにあたる</alt>
		</trans>
	</term>
	<term id="816">
		<trans lang="en">
			<word>to take off (clothes)</word>
		</trans>
		<trans lang="ja">
			<word>脱ぐ</word>
			<alt>ぬぐ</alt>
		</trans>
	</term>
	<term id="817">
		<trans lang="en">
			<word>to shave one's beard</word>
		</trans>
		<trans lang="ja">
			<alt>ひげをそる</alt>
		</trans>
	</term>
	<term id="818">
		<trans lang="en">
			<word>"to make tea, coffee, etc."</word>
		</trans>
		<trans lang="ja">
			<alt>いれる</alt>
		</trans>
	</term>
	<term id="819">
		<trans lang="en">
			<word>to lock</word>
		</trans>
		<trans lang="ja">
			<alt>かぎをかける</alt>
		</trans>
	</term>
	<term id="820">
		<trans lang="en">
			<word>to be sufficient; to be enough</word>
		</trans>
		<trans lang="ja">
			<word>足りる</word>
			<alt>たりる</alt>
		</trans>
	</term>
	<term id="821">
		<trans lang="en">
			<word>to get used to...</word>
		</trans>
		<trans lang="ja">
			<word>慣れる</word>
			<alt>なれる</alt>
		</trans>
	</term>
	<term id="822">
		<trans lang="en">
			<word>to put makeup on</word>
		</trans>
		<trans lang="ja">
			<word>化粧する</word>
			<alt>けしょうする</alt>
		</trans>
	</term>
	<term id="823">
		<trans lang="en">
			<word>to get a full-time job (at...)</word>
		</trans>
		<trans lang="ja">
			<word>就職する</word>
			<alt>しゅうしょくする</alt>
		</trans>
	</term>
	<term id="824">
		<trans lang="en">
			<word>"to wear small items (necktie, watch, etc.)"</word>
		</trans>
		<trans lang="ja">
			<alt>する</alt>
		</trans>
	</term>
	<term id="825">
		<trans lang="en">
			<word>to get a divorce</word>
		</trans>
		<trans lang="ja">
			<word>離婚する</word>
			<alt>りこんする</alt>
		</trans>
	</term>
	<term id="826">
		<trans lang="en">
			<word>Congratulations!</word>
		</trans>
		<trans lang="ja">
			<alt>おめでとうございます</alt>
		</trans>
	</term>
	<term id="827">
		<trans lang="en">
			<word>oneself</word>
		</trans>
		<trans lang="ja">
			<word>自分</word>
			<alt>じぶん</alt>
		</trans>
	</term>
	<term id="828">
		<trans lang="en">
			<word>very</word>
		</trans>
		<trans lang="ja">
			<alt>ずいぶん</alt>
		</trans>
	</term>
	<term id="829">
		<trans lang="en">
			<word>I see. (casual)</word>
		</trans>
		<trans lang="ja">
			<alt>そうか</alt>
		</trans>
	</term>
	<term id="830">
		<trans lang="en">
			<word>"moreover, ..."</word>
		</trans>
		<trans lang="ja">
			<alt>それに</alt>
		</trans>
	</term>
	<term id="831">
		<trans lang="en">
			<word>for example</word>
		</trans>
		<trans lang="ja">
			<word>例えば</word>
			<alt>たとえば</alt>
		</trans>
	</term>
	<term id="832">
		<trans lang="en">
			<word>compared with ...</word>
		</trans>
		<trans lang="ja">
			<word>~に比べて</word>
			<alt>~にくらべて</alt>
		</trans>
	</term>
	<term id="833">
		<trans lang="en">
			<word>according to ...</word>
		</trans>
		<trans lang="ja">
			<alt>~によると</alt>
		</trans>
	</term>
	<term id="834">
		<trans lang="en">
			<word>before...</word>
		</trans>
		<trans lang="ja">
			<word>前</word>
			<alt>まえ</alt>
		</trans>
	</term>
	<term id="835">
		<trans lang="en">
			<word>after all</word>
		</trans>
		<trans lang="ja">
			<alt>やっぱり</alt>
		</trans>
	</term>
</translations>
</glossary>