<?xml version="1.0"?>
<glossary id="16" name="Genki 16">
<translations>
	<term id="747">
		<trans lang="en">
			<word>station attendant</word>
		</trans>
		<trans lang="ja">
			<word>駅員</word>
			<alt>えきいん</alt>
		</trans>
	</term>
	<term id="748">
		<trans lang="en">
			<word>parent</word>
		</trans>
		<trans lang="ja">
			<word>親</word>
			<alt>おや</alt>
		</trans>
	</term>
	<term id="749">
		<trans lang="en">
			<word>garbage</word>
		</trans>
		<trans lang="ja">
			<alt>ごみ</alt>
		</trans>
	</term>
	<term id="750">
		<trans lang="en">
			<word>sugar</word>
		</trans>
		<trans lang="ja">
			<word>砂糖</word>
			<alt>さとう</alt>
		</trans>
	</term>
	<term id="751">
		<trans lang="en">
			<word>scholarship</word>
		</trans>
		<trans lang="ja">
			<word>奨学金</word>
			<alt>しょうがくきん</alt>
		</trans>
	</term>
	<term id="752">
		<trans lang="en">
			<word>relatives</word>
		</trans>
		<trans lang="ja">
			<word>親せき</word>
			<alt>しんせき</alt>
		</trans>
	</term>
	<term id="753">
		<trans lang="en">
			<word>letter of recommendation</word>
		</trans>
		<trans lang="ja">
			<word>推薦状</word>
			<alt>すいせんじょう</alt>
		</trans>
	</term>
	<term id="754">
		<trans lang="en">
			<word>graduate school</word>
		</trans>
		<trans lang="ja">
			<word>大学院</word>
			<alt>だいがくいん</alt>
		</trans>
	</term>
	<term id="755">
		<trans lang="en">
			<word>typhoon</word>
		</trans>
		<trans lang="ja">
			<word>台風</word>
			<alt>たいふう</alt>
		</trans>
	</term>
	<term id="756">
		<trans lang="en">
			<word>day</word>
		</trans>
		<trans lang="ja">
			<word>日</word>
			<alt>ひ</alt>
		</trans>
	</term>
	<term id="757">
		<trans lang="en">
			<word>file; portfolio</word>
		</trans>
		<trans lang="ja">
			<alt>ファイル</alt>
		</trans>
	</term>
	<term id="758">
		<trans lang="en">
			<word>way; road; directions</word>
		</trans>
		<trans lang="ja">
			<word>道</word>
			<alt>みち</alt>
		</trans>
	</term>
	<term id="759">
		<trans lang="en">
			<word>alarm clock</word>
		</trans>
		<trans lang="ja">
			<word>目覚まし時計</word>
			<alt>めざましどけい</alt>
		</trans>
	</term>
	<term id="760">
		<trans lang="en">
			<word>dirty</word>
		</trans>
		<trans lang="ja">
			<word>汚い</word>
			<alt>きたない</alt>
		</trans>
	</term>
	<term id="761">
		<trans lang="en">
			<word>to wake (someone) up</word>
		</trans>
		<trans lang="ja">
			<word>起こす</word>
			<alt>おこす</alt>
		</trans>
	</term>
	<term id="762">
		<trans lang="en">
			<word>to treat (someone) to a meal</word>
		</trans>
		<trans lang="ja">
			<alt>おごる</alt>
		</trans>
	</term>
	<term id="763">
		<trans lang="en">
			<word>to get depressed</word>
		</trans>
		<trans lang="ja">
			<word>落ち込む</word>
			<alt>おちこむ</alt>
		</trans>
	</term>
	<term id="764">
		<trans lang="en">
			<word>to have difficulty</word>
		</trans>
		<trans lang="ja">
			<word>困る</word>
			<alt>こまる</alt>
		</trans>
	</term>
	<term id="765">
		<trans lang="en">
			<word>to take (something) out; to hand in (something)</word>
		</trans>
		<trans lang="ja">
			<word>出す</word>
			<alt>だす</alt>
		</trans>
	</term>
	<term id="766">
		<trans lang="en">
			<word>to take (someone) to (a place)</word>
		</trans>
		<trans lang="ja">
			<word>連れていく</word>
			<alt>つれていく</alt>
		</trans>
	</term>
	<term id="767">
		<trans lang="en">
			<word>to correct; to fix</word>
		</trans>
		<trans lang="ja">
			<word>直す</word>
			<alt>なおす</alt>
		</trans>
	</term>
	<term id="768">
		<trans lang="en">
			<word>to become lost; to lose one's way</word>
		</trans>
		<trans lang="ja">
			<word>道に迷う</word>
			<alt>みちにまよう</alt>
		</trans>
	</term>
	<term id="769">
		<trans lang="en">
			<word>to translate</word>
		</trans>
		<trans lang="ja">
			<word>訳す</word>
			<alt>やくす</alt>
		</trans>
	</term>
	<term id="770">
		<trans lang="en">
			<word>to laugh</word>
		</trans>
		<trans lang="ja">
			<word>笑う</word>
			<alt>わらう</alt>
		</trans>
	</term>
	<term id="771">
		<trans lang="en">
			<word>to iron (clothes)</word>
		</trans>
		<trans lang="ja">
			<alt>アイロンをかける</alt>
		</trans>
	</term>
	<term id="772">
		<trans lang="en">
			<word>to collect</word>
		</trans>
		<trans lang="ja">
			<word>集める</word>
			<alt>あつめる</alt>
		</trans>
	</term>
	<term id="773">
		<trans lang="en">
			<word>to put (something) in</word>
		</trans>
		<trans lang="ja">
			<word>入れる</word>
			<alt>いれる</alt>
		</trans>
	</term>
	<term id="774">
		<trans lang="en">
			<word>"to miss (a train, bus, etc.)"</word>
		</trans>
		<trans lang="ja">
			<word>乗り遅れる</word>
			<alt>のりおくれる</alt>
		</trans>
	</term>
	<term id="775">
		<trans lang="en">
			<word>to show</word>
		</trans>
		<trans lang="ja">
			<word>見せる</word>
			<alt>みせる</alt>
		</trans>
	</term>
	<term id="776">
		<trans lang="en">
			<word>to oversleep</word>
		</trans>
		<trans lang="ja">
			<word>朝寝坊する</word>
			<alt>あさねぼうする</alt>
		</trans>
	</term>
	<term id="777">
		<trans lang="en">
			<word>to show (someone) around</word>
		</trans>
		<trans lang="ja">
			<word>案内する</word>
			<alt>あんないする</alt>
		</trans>
	</term>
	<term id="778">
		<trans lang="en">
			<word>to explain</word>
		</trans>
		<trans lang="ja">
			<word>説明する</word>
			<alt>せつめいする</alt>
		</trans>
	</term>
	<term id="779">
		<trans lang="en">
			<word>to come to pick up (someone)</word>
		</trans>
		<trans lang="ja">
			<word>迎えに来る</word>
			<alt>むかえにくる</alt>
		</trans>
	</term>
	<term id="780">
		<trans lang="en">
			<word>well...; let me see...</word>
		</trans>
		<trans lang="ja">
			<alt>ええと</alt>
		</trans>
	</term>
	<term id="781">
		<trans lang="en">
			<word>by the end of today</word>
		</trans>
		<trans lang="ja">
			<word>今日中に</word>
			<alt>きょうじゅうに</alt>
		</trans>
	</term>
	<term id="782">
		<trans lang="en">
			<word>the other day</word>
		</trans>
		<trans lang="ja">
			<word>この間</word>
			<alt>このあいだ</alt>
		</trans>
	</term>
	<term id="783">
		<trans lang="en">
			<word>about this much</word>
		</trans>
		<trans lang="ja">
			<alt>このぐらい</alt>
		</trans>
	</term>
	<term id="784">
		<trans lang="en">
			<word>I'm sorry. (casual)</word>
		</trans>
		<trans lang="ja">
			<alt>ごめん</alt>
		</trans>
	</term>
	<term id="785">
		<trans lang="en">
			<word>Excuse me..; Sorry to interrupt you.</word>
		</trans>
		<trans lang="ja">
			<word>失礼します</word>
			<alt>しつれいします</alt>
		</trans>
	</term>
	<term id="786">
		<trans lang="en">
			<word>(do something) oneself</word>
		</trans>
		<trans lang="ja">
			<word>自分で</word>
			<alt>じぶんで</alt>
		</trans>
	</term>
	<term id="787">
		<trans lang="en">
			<word>in class; during the class</word>
		</trans>
		<trans lang="ja">
			<word>授業中に</word>
			<alt>じゅぎょうちゅうに</alt>
		</trans>
	</term>
	<term id="788">
		<trans lang="en">
			<word>other</word>
		</trans>
		<trans lang="ja">
			<alt>ほかの</alt>
		</trans>
	</term>
</translations>
</glossary>