<?xml version="1.0"?>
<glossary id="6" name="Genki 06">
<translations>
    <term id="277">
        <trans lang="en">
            <word>money</word>
        </trans>
        <trans lang="ja">
            <word>お金</word>
            <alt>おかね</alt>
        </trans>
    </term>
    <term id="278">
        <trans lang="en">
            <word>grandmother; old woman</word>
        </trans>
        <trans lang="ja">
            <alt>おばあさん</alt>
        </trans>
    </term>
    <term id="279">
        <trans lang="en">
            <word>bath</word>
        </trans>
        <trans lang="ja">
            <word>お風呂</word>
            <alt>おふろ</alt>
        </trans>
    </term>
    <term id="280">
        <trans lang="en">
            <word>kanji; Chinese character</word>
        </trans>
        <trans lang="ja">
            <word>漢字</word>
            <alt>かんじ</alt>
        </trans>
    </term>
    <term id="281">
        <trans lang="en">
            <word>textbook</word>
        </trans>
        <trans lang="ja">
            <word>教科書</word>
            <alt>きょうかしょ</alt>
        </trans>
    </term>
    <term id="282">
        <trans lang="en">
            <word>this week</word>
        </trans>
        <trans lang="ja">
            <word>今週</word>
            <alt>こんしゅう</alt>
        </trans>
    </term>
    <term id="283">
        <trans lang="en">
            <word>Municipal Hospital</word>
        </trans>
        <trans lang="ja">
            <word>市民病院</word>
            <alt>しみんびょういん</alt>
        </trans>
    </term>
    <term id="284">
        <trans lang="en">
            <word>next</word>
        </trans>
        <trans lang="ja">
            <word>次</word>
            <alt>つぎ</alt>
        </trans>
    </term>
    <term id="285">
        <trans lang="en">
            <word>video game</word>
        </trans>
        <trans lang="ja">
            <alt>テレビゲーム</alt>
        </trans>
    </term>
    <term id="286">
        <trans lang="en">
            <word>electricity</word>
        </trans>
        <trans lang="ja">
            <word>電気</word>
            <alt>でんき</alt>
        </trans>
    </term>
    <term id="287">
        <trans lang="en">
            <word>train</word>
        </trans>
        <trans lang="ja">
            <word>電車</word>
            <alt>でんしゃ</alt>
        </trans>
    </term>
    <term id="288">
        <trans lang="en">
            <word>baggage</word>
        </trans>
        <trans lang="ja">
            <word>荷物</word>
            <alt>にもつ</alt>
        </trans>
    </term>
    <term id="289">
        <trans lang="en">
            <word>page</word>
        </trans>
        <trans lang="ja">
            <alt>ページ</alt>
        </trans>
    </term>
    <term id="290">
        <trans lang="en">
            <word>window</word>
        </trans>
        <trans lang="ja">
            <word>窓</word>
            <alt>まど</alt>
        </trans>
    </term>
    <term id="291">
        <trans lang="en">
            <word>night</word>
        </trans>
        <trans lang="ja">
            <word>夜</word>
            <alt>よる</alt>
        </trans>
    </term>
    <term id="292">
        <trans lang="en">
            <word>next week</word>
        </trans>
        <trans lang="ja">
            <word>来週</word>
            <alt>らいしゅう</alt>
        </trans>
    </term>
    <term id="293">
        <trans lang="en">
            <word>next year</word>
        </trans>
        <trans lang="ja">
            <word>来年</word>
            <alt>らいねん</alt>
        </trans>
    </term>
    <term id="294">
        <trans lang="en">
            <word>tough (situation)</word>
        </trans>
        <trans lang="ja">
            <word>大変</word>
            <alt>たいへん（な）</alt>
        </trans>
    </term>
    <term id="295">
        <trans lang="en">
            <word>to play; to spend time pleasantly</word>
        </trans>
        <trans lang="ja">
            <word>遊ぶ</word>
            <alt>あそぶ</alt>
        </trans>
    </term>
    <term id="296">
        <trans lang="en">
            <word>to hurry</word>
        </trans>
        <trans lang="ja">
            <word>急ぐ</word>
            <alt>いそぐ</alt>
        </trans>
    </term>
    <term id="297">
        <trans lang="en">
            <word>to take a bath</word>
        </trans>
        <trans lang="ja">
            <word>お風呂に入る</word>
            <alt>おふろにはいる</alt>
        </trans>
    </term>
    <term id="298">
        <trans lang="en">
            <word>to return (things)</word>
        </trans>
        <trans lang="ja">
            <word>返す</word>
            <alt>かえす</alt>
        </trans>
    </term>
    <term id="299">
        <trans lang="en">
            <word>to turn off; to erase</word>
        </trans>
        <trans lang="ja">
            <word>消す</word>
            <alt>けす</alt>
        </trans>
    </term>
    <term id="300">
        <trans lang="en">
            <word>to die</word>
        </trans>
        <trans lang="ja">
            <word>死ぬ</word>
            <alt>しぬ</alt>
        </trans>
    </term>
    <term id="301">
        <trans lang="en">
            <word>to sit down</word>
        </trans>
        <trans lang="ja">
            <word>座る</word>
            <alt>すわる</alt>
        </trans>
    </term>
    <term id="302">
        <trans lang="en">
            <word>to stand up</word>
        </trans>
        <trans lang="ja">
            <word>立つ</word>
            <alt>たつ</alt>
        </trans>
    </term>
    <term id="303">
        <trans lang="en">
            <word>to smoke</word>
        </trans>
        <trans lang="ja">
            <word>たばこを吸う</word>
            <alt>たばこをすう</alt>
        </trans>
    </term>
    <term id="304">
        <trans lang="en">
            <word>to use</word>
        </trans>
        <trans lang="ja">
            <word>使う</word>
            <alt>つかう</alt>
        </trans>
    </term>
    <term id="305">
        <trans lang="en">
            <word>to help</word>
        </trans>
        <trans lang="ja">
            <word>手伝う</word>
            <alt>てつだう</alt>
        </trans>
    </term>
    <term id="306">
        <trans lang="en">
            <word>to enter</word>
        </trans>
        <trans lang="ja">
            <word>入る</word>
            <alt>はいる</alt>
        </trans>
    </term>
    <term id="307">
        <trans lang="en">
            <word>to carry; to hold</word>
        </trans>
        <trans lang="ja">
            <word>持つ</word>
            <alt>もつ</alt>
        </trans>
    </term>
    <term id="308">
        <trans lang="en">
            <word>to be absent (from...); to rest</word>
        </trans>
        <trans lang="ja">
            <word>休む</word>
            <alt>やすむ</alt>
        </trans>
    </term>
    <term id="309">
        <trans lang="en">
            <word>to open (something)</word>
        </trans>
        <trans lang="ja">
            <word>開ける</word>
            <alt>あける</alt>
        </trans>
    </term>
    <term id="310">
        <trans lang="en">
            <word>to teach; to instruct</word>
        </trans>
        <trans lang="ja">
            <word>教える</word>
            <alt>おしえる</alt>
        </trans>
    </term>
    <term id="311">
        <trans lang="en">
            <word>to get off</word>
        </trans>
        <trans lang="ja">
            <word>降りる</word>
            <alt>おりる</alt>
        </trans>
    </term>
    <term id="312">
        <trans lang="en">
            <word>to borrow</word>
        </trans>
        <trans lang="ja">
            <word>借りる</word>
            <alt>かりる</alt>
        </trans>
    </term>
    <term id="313">
        <trans lang="en">
            <word>to close (something)</word>
        </trans>
        <trans lang="ja">
            <word>閉める</word>
            <alt>しめる</alt>
        </trans>
    </term>
    <term id="314">
        <trans lang="en">
            <word>to turn on</word>
        </trans>
        <trans lang="ja">
            <alt>つける</alt>
        </trans>
    </term>
    <term id="315">
        <trans lang="en">
            <word>to make a phone call</word>
        </trans>
        <trans lang="ja">
            <word>電話をかける</word>
            <alt>でんわをかける</alt>
        </trans>
    </term>
    <term id="316">
        <trans lang="en">
            <word>to forget; to leave behind</word>
        </trans>
        <trans lang="ja">
            <word>忘れる</word>
            <alt>わすれる</alt>
        </trans>
    </term>
    <term id="317">
        <trans lang="en">
            <word>to bring (a person)</word>
        </trans>
        <trans lang="ja">
            <word>連れてくる</word>
            <alt>つれてくる</alt>
        </trans>
    </term>
    <term id="318">
        <trans lang="en">
            <word>to bring (a thing)</word>
        </trans>
        <trans lang="ja">
            <word>持ってくる</word>
            <alt>もってくる</alt>
        </trans>
    </term>
    <term id="319">
        <trans lang="en">
            <word>later on</word>
        </trans>
        <trans lang="ja">
            <word>後で</word>
            <alt>あとで</alt>
        </trans>
    </term>
    <term id="320">
        <trans lang="en">
            <word>(do something) late</word>
        </trans>
        <trans lang="ja">
            <word>遅く</word>
            <alt>おそく</alt>
        </trans>
    </term>
    <term id="321">
        <trans lang="en">
            <word>because ...</word>
        </trans>
        <trans lang="ja">
            <alt>~から</alt>
        </trans>
    </term>
    <term id="322">
        <trans lang="en">
            <word>That would be fine.; That wouldn't be necessary.</word>
        </trans>
        <trans lang="ja">
            <word>結構です</word>
            <alt>けっこうです</alt>
        </trans>
    </term>
    <term id="323">
        <trans lang="en">
            <word>right away</word>
        </trans>
        <trans lang="ja">
            <alt>すぐ</alt>
        </trans>
    </term>
    <term id="324">
        <trans lang="en">
            <word>Really?</word>
        </trans>
        <trans lang="ja">
            <word>本当ですか</word>
            <alt>ほんとうですか</alt>
        </trans>
    </term>
    <term id="325">
        <trans lang="en">
            <word>slowly; leisurely; unhurriedly</word>
        </trans>
        <trans lang="ja">
            <alt>ゆっくり</alt>
        </trans>
    </term>
</translations>
</glossary>
