<?xml version="1.0"?>
<glossary id="10" name="11" author="">
	<desc></desc>
	<term id="1">
		<trans lang="en">
			<word>hand</word>
		</trans>
		<trans lang="ja">
			<word>手 (4)</word>
			<alt>て；シュ</alt>
		</trans>
		<comment languages="en-ja">上手な ; じょうずな ; good at
下手な ; へたな ; poor at
手 ; て ; hand
手紙 ; てがみ ; letter
歌手 ; かしゅ ; singer
手話 ; しゅわ ; sign language
空手 ; からて ; karate
切手 ; きって ; postage stamp
相手 ; あいて ; partner
助手 ; じょしゅ ; helper; assistant
手荷物 ; てにもつ ; hand luggage; hand baggage
選手 ; せんしゅ ; a player
運転手 ; うんてんしゅ ; driver; chauffeur
手当 ; てあて ; medical treatment
投手 ; とうしゅ ; a pitcher
手術 ; しゅじゅつ ; an operation</comment>
	</term>
	<term id="2">
		<trans lang="en">
			<word>paper</word>
		</trans>
		<trans lang="ja">
			<word>紙 (10)</word>
			<alt>がみ；かみ；シ</alt>
		</trans>
		<comment languages="en-ja">手紙 ; てがみ ; letter
紙 ; かみ ; paper
和紙 ; わし ; Japanese paper
用紙 ; ようし ; blank form
白紙 ; はくし ; blank paper
折り紙 ; おりがみ ; paper folding
紙人形 ; かみにんぎょう ; paper doll</comment>
	</term>
	<term id="3">
		<trans lang="en">
			<word>favorite; to like</word>
		</trans>
		<trans lang="ja">
			<word>好 (6)</word>
			<alt>す；コウ；この</alt>
		</trans>
		<comment languages="en-ja">好きな ; すきな ; to like
好意 ; こうい ; good will
好み ; このみ ; liking; taste</comment>
	</term>
	<term id="4">
		<trans lang="en">
			<word>near</word>
		</trans>
		<trans lang="ja">
			<word>近 (7)</word>
			<alt>ちか；キン</alt>
		</trans>
		<comment languages="en-ja">近く ; ちかく ; nearby
最近 ; さいきん ; recently
中近東 ; ちゅうきんとう ; the Middle and Near East
近所 ; きんじょ ; neighborhood
近代史 ; きんだいし ; modern science</comment>
	</term>
	<term id="5">
		<trans lang="en">
			<word>bright</word>
		</trans>
		<trans lang="ja">
			<word>明 (8)</word>
			<alt>あか；メイ</alt>
		</trans>
		<comment languages="en-ja">明るい ; あかるい ; cheerful; bright
明日 ; あした ; tomorrow
説明 ; せつめい ; explanation
説明する ; せつめいする ; to explain
明治 ; めいじ ; Meiji Era</comment>
	</term>
	<term id="6">
		<trans lang="en">
			<word>ill; sick</word>
		</trans>
		<trans lang="ja">
			<word>病 (10)</word>
			<alt>ビョウ</alt>
		</trans>
		<comment languages="en-ja">病院 ; びょういん ; hospital
重病 ; じゅうびょう ; serious illness
急病 ; きゅうびょう ; sudden illness
病気が悪くなった ; びょうきがわるくなった ; condition (illness) became worse</comment>
	</term>
	<term id="7">
		<trans lang="en">
			<word>institution</word>
		</trans>
		<trans lang="ja">
			<word>院 (10)</word>
			<alt>イン</alt>
		</trans>
		<comment languages="en-ja">病院 ; びょういん ; hospital
大学院 ; だいがくいん ; graduate school
美容院 ; びよういん ; beauty parlor
退院する ; たいいんする ; to leave hospital
医院 ; いいん ; doctor's office</comment>
	</term>
	<term id="8">
		<trans lang="en">
			<word>to reflect</word>
		</trans>
		<trans lang="ja">
			<word>映 (9)</word>
			<alt>エイ；うつ</alt>
		</trans>
		<comment languages="en-ja">映画 ; えいが ; movie
映画館 ; えいがかん ; movie theater
映る ; うつる ; to be reflected
上映する ; じょうえいする ; to show (a movie)
映す ; うつす ; to reflect
反映する ; はんえいする ; to reflect</comment>
	</term>
	<term id="9">
		<trans lang="en">
			<word>picture</word>
		</trans>
		<trans lang="ja">
			<word>画 (8)</word>
			<alt>ガ；カク</alt>
		</trans>
		<comment languages="en-ja">映画 ; えいが ; movie
映画館 ; えいがかん ; movie theater
画家 ; がか ; painter
計画 ; けいかく ; plan
日本画 ; にほんが ; a Japanese painting
画面 ; がめん ; a screen (TV/movie)
画数 ; かくすう ; stroke count number</comment>
	</term>
	<term id="10">
		<trans lang="en">
			<word>to sing</word>
		</trans>
		<trans lang="ja">
			<word>歌 (14)</word>
			<alt>うた；カ</alt>
		</trans>
		<comment languages="en-ja">歌手 ; かしゅ ; singer
歌う ; うたう ; to sing
国歌 ; こっか ; national anthem
歌 ; うた ; song</comment>
	</term>
	<term id="11">
		<trans lang="en">
			<word>city</word>
		</trans>
		<trans lang="ja">
			<word>市 (5)</word>
			<alt>シ；いち</alt>
		</trans>
		<comment languages="en-ja">川口市 ; かわぐちし ; Kawaguchi city
市役所 ; しやくしょ ; city hall
市場 ; いちば ; market
市長 ; しちょう ; mayor
都市 ; とし ; a big city
市民 ; しみん ; a citizen</comment>
	</term>
	<term id="12">
		<trans lang="en">
			<word>place</word>
		</trans>
		<trans lang="ja">
			<word>所 (8)</word>
			<alt>ところ；どころ；ジョ；ショ</alt>
		</trans>
		<comment languages="en-ja">住所 ; じゅうしょ ; address
所持品 ; しょじひん ; belongings
近所 ; きんじょ ; neighborhood
市役所 ; しやくしょ ; city hall
いろいろな所 ; いろいろなところ ; various places
近所 ; きんじょ ; neighborhood
台所 ; だいどころ ; kitchen
場所 ; ばしょ ; place
案内所 ; あんないしょ ; information desk
便所 ; べんじょ ; a toilet
区役所 ; くやくしょ ; a ward office
研究所 ; けんきゅうじょ ; research institute
事務所 ; じむしょ ; office
洗面所 ; せんめんじょ ; a washroom; a toilet
台所 ; だいどころ ; kitchen
所得 ; しょとく ; income</comment>
	</term>
	<term id="13">
		<trans lang="en">
			<word>to make efforts</word>
		</trans>
		<trans lang="ja">
			<word>勉 (10)</word>
			<alt>ベン；つと</alt>
		</trans>
		<comment languages="en-ja">勉強する ; べんきょうする ; to study
勉める ; つとめる ; to try hard
勤勉な ; きんべんな ; diligent</comment>
	</term>
	<term id="14">
		<trans lang="en">
			<word>strong</word>
		</trans>
		<trans lang="ja">
			<word>強 (11)</word>
			<alt>キョウ；ゴウ；つよ</alt>
		</trans>
		<comment languages="en-ja">勉強する ; べんきょうする ; to study
強い ; つよい ; strong
強情な ; ごうじょうな ; obstinate</comment>
	</term>
	<term id="15">
		<trans lang="en">
			<word>to exist</word>
		</trans>
		<trans lang="ja">
			<word>有 (6)</word>
			<alt>ユウ；あ</alt>
		</trans>
		<comment languages="en-ja">有名な ; ゆうめいな ; famous
有料 ; ゆうりょう ; toll; fee
有る ; ある ; to exist
有利 ; ゆうり ; advantageous
有効 ; ゆうこう ; validity</comment>
	</term>
	<term id="16">
		<trans lang="en">
			<word>travel</word>
		</trans>
		<trans lang="ja">
			<word>旅 (10)</word>
			<alt>リョ；たび</alt>
		</trans>
	</term>
</glossary>
