<?xml version="1.0"?>
<glossary id="163" name="25" author="Frédéric Bergeron">
	<desc></desc>
	<term id="1">
		<trans lang="es">
			<word>abastecer</word>
		</trans>
		<trans lang="fr">
			<word>approvisionner,ravitailler</word>
		</trans>
	</term>
	<term id="2">
		<trans lang="es">
			<word>tibio</word>
		</trans>
		<trans lang="fr">
			<word>tiède</word>
		</trans>
	</term>
	<term id="3">
		<trans lang="es">
			<word>hincapié</word>
		</trans>
		<trans lang="fr">
			<word>accent</word>
		</trans>
		<comment languages="es-fr">hacer hincapié en : insister sur,mettre l'accent sur</comment>
	</term>
</glossary>
