<?xml version="1.0"?>
<glossary id="369" name="p046-054" author="Frédéric Bergeron">
	<desc></desc>
	<term id="1">
		<trans lang="es">
			<word>saya</word>
		</trans>
		<trans lang="fr">
			<word>jupe</word>
		</trans>
	</term>
	<term id="2">
		<trans lang="es">
			<word>ardilla</word>
		</trans>
		<trans lang="fr">
			<word>écureuil</word>
		</trans>
	</term>
	<term id="3">
		<trans lang="es">
			<word>vello</word>
		</trans>
		<trans lang="fr">
			<word>duvet</word>
		</trans>
	</term>
	<term id="4">
		<trans lang="es">
			<word>bruja</word>
		</trans>
		<trans lang="fr">
			<word>sorcière</word>
		</trans>
	</term>
	<term id="5">
		<trans lang="es">
			<word>hada</word>
		</trans>
		<trans lang="fr">
			<word>fée</word>
		</trans>
	</term>
</glossary>
