<?xml version="1.0"?>
<glossary id="232" name="An der Rezeption" author="Frédéric Bergeron">
	<desc></desc>
	<term id="1">
		<trans lang="de">
			<word>das Einzelzimmer</word>
		</trans>
		<trans lang="fr">
			<word>la chambre simple</word>
		</trans>
	</term>
	<term id="2">
		<trans lang="de">
			<word>das Doppelzimmer</word>
		</trans>
		<trans lang="fr">
			<word>la chambre double</word>
		</trans>
	</term>
	<term id="3">
		<trans lang="de">
			<word>Wie lange?</word>
		</trans>
		<trans lang="fr">
			<word>(Pour) combien de temps?</word>
		</trans>
	</term>
	<term id="4">
		<trans lang="de">
			<word>die Nacht (die Nächte)</word>
		</trans>
		<trans lang="fr">
			<word>la nuit (les nuits)</word>
		</trans>
	</term>
	<term id="5">
		<trans lang="de">
			<word>das Bad</word>
		</trans>
		<trans lang="fr">
			<word>le bain</word>
		</trans>
	</term>
	<term id="6">
		<trans lang="de">
			<word>die Dusche</word>
		</trans>
		<trans lang="fr">
			<word>la douche</word>
		</trans>
	</term>
	<term id="7">
		<trans lang="de">
			<word>das Telefon</word>
		</trans>
		<trans lang="fr">
			<word>le téléphone</word>
		</trans>
	</term>
	<term id="8">
		<trans lang="de">
			<word>Wie viel kostet es?</word>
		</trans>
		<trans lang="fr">
			<word>Combien est-ce que cela coûte?</word>
		</trans>
	</term>
	<term id="9">
		<trans lang="de">
			<word>das Frühstück</word>
		</trans>
		<trans lang="fr">
			<word>le petit déjeuner</word>
		</trans>
	</term>
	<term id="10">
		<trans lang="de">
			<word>Ist das Frühstück inbegriffen?</word>
		</trans>
		<trans lang="fr">
			<word>Le petit déjeuner est-il inclus?</word>
		</trans>
	</term>
	<term id="11">
		<trans lang="de">
			<word>Um wie viel Uhr...?</word>
		</trans>
		<trans lang="fr">
			<word>Á quelle heure...?</word>
		</trans>
	</term>
	<term id="12">
		<trans lang="de">
			<word>ab ... bis ...</word>
		</trans>
		<trans lang="fr">
			<word>de ... à ...</word>
		</trans>
	</term>
	<term id="13">
		<trans lang="de">
			<word>im dritten Stock</word>
		</trans>
		<trans lang="fr">
			<word>au troisième étage</word>
		</trans>
	</term>
	<term id="14">
		<trans lang="de">
			<word>der Fahrstuhl</word>
		</trans>
		<trans lang="fr">
			<word>l'ascenseur</word>
		</trans>
	</term>
	<term id="15">
		<trans lang="de">
			<word>dort drüben</word>
		</trans>
		<trans lang="fr">
			<word>de l'autre côté</word>
		</trans>
	</term>
	<term id="16">
		<trans lang="de">
			<word>bleiben</word>
		</trans>
		<trans lang="fr">
			<word>séjourner (rester)</word>
		</trans>
	</term>
	<term id="17">
		<trans lang="de">
			<word>Würden Sie sich bitte eintragen?</word>
		</trans>
		<trans lang="fr">
			<word>Pourriez-vous remplir ce formulaire svp?</word>
		</trans>
		<comment languages="de-fr">Littéralement: Pourriez-vous inscrire ...?</comment>
	</term>
	<term id="18">
		<trans lang="de">
			<word>die Woche</word>
		</trans>
		<trans lang="fr">
			<word>la semaine</word>
		</trans>
	</term>
	<term id="19">
		<trans lang="de">
			<word>Ich habe ein Zimmer reservient.</word>
		</trans>
		<trans lang="fr">
			<word>J'ai réservé une chambre.</word>
		</trans>
	</term>
</glossary>
