<?xml version="1.0"?>
<glossary id="348" name="JCS1-07" author="">
	<desc></desc>
	<term id="1">
		<trans lang="en">
			<word># yen   +</word>
		</trans>
		<trans lang="ja">
			<word>~円</word>
			<alt>-en</alt>
		</trans>
	</term>
	<term id="2">
		<trans lang="en">
			<word># weeks</word>
		</trans>
		<trans lang="ja">
			<word>~しゅうかん</word>
			<alt>-shuukan</alt>
		</trans>
	</term>
	<term id="3">
		<trans lang="en">
			<word># months</word>
		</trans>
		<trans lang="ja">
			<word>~か月</word>
			<alt>-kagetsu</alt>
		</trans>
	</term>
	<term id="4">
		<trans lang="en">
			<word># year   +</word>
		</trans>
		<trans lang="ja">
			<word>~年</word>
			<alt>-nen</alt>
		</trans>
	</term>
	<term id="5">
		<trans lang="en">
			<word># times</word>
		</trans>
		<trans lang="ja">
			<word>~かい</word>
			<alt>-kai</alt>
		</trans>
	</term>
	<term id="6">
		<trans lang="en">
			<word>like, be likable ("N ga")</word>
		</trans>
		<trans lang="ja">
			<word>すき [な]</word>
			<alt>suki</alt>
		</trans>
	</term>
	<term id="7">
		<trans lang="en">
			<word>sometimes   +</word>
		</trans>
		<trans lang="ja">
			<word>時々</word>
			<alt>tokidoki</alt>
		</trans>
	</term>
	<term id="8">
		<trans lang="en">
			<word>drive, go for a drive</word>
		</trans>
		<trans lang="ja">
			<word>ドライブ [する]</word>
			<alt>doraibu</alt>
		</trans>
	</term>
	<term id="9">
		<trans lang="en">
			<word>vegetable</word>
		</trans>
		<trans lang="ja">
			<word>やさい</word>
			<alt>yasai</alt>
		</trans>
	</term>
	<term id="10">
		<trans lang="en">
			<word>dislike, be dislikable ("N ga")</word>
		</trans>
		<trans lang="ja">
			<word>きらい [な]</word>
			<alt>kirai</alt>
		</trans>
	</term>
	<term id="11">
		<trans lang="en">
			<word>skiing</word>
		</trans>
		<trans lang="ja">
			<word>スキー</word>
			<alt>sukii</alt>
		</trans>
	</term>
	<term id="12">
		<trans lang="en">
			<word>skilful, be good at ("N ga")</word>
		</trans>
		<trans lang="ja">
			<word>じょうず [な]</word>
			<alt>joozu</alt>
		</trans>
	</term>
	<term id="13">
		<trans lang="en">
			<word>cooking, cook</word>
		</trans>
		<trans lang="ja">
			<word>りょうり [する]</word>
			<alt>ryoori</alt>
		</trans>
	</term>
	<term id="14">
		<trans lang="en">
			<word>unskilful, be bad at ("N ga")</word>
		</trans>
		<trans lang="ja">
			<word>へた [な]</word>
			<alt>heta</alt>
		</trans>
	</term>
	<term id="15">
		<trans lang="en">
			<word>strong point, speciality ("N ga")</word>
		</trans>
		<trans lang="ja">
			<word>とくい [な]</word>
			<alt>tokui</alt>
		</trans>
	</term>
	<term id="16">
		<trans lang="en">
			<word>song</word>
		</trans>
		<trans lang="ja">
			<word>うた</word>
			<alt>uta</alt>
		</trans>
	</term>
	<term id="17">
		<trans lang="en">
			<word>sing</word>
		</trans>
		<trans lang="ja">
			<word>うたう</word>
			<alt>utau</alt>
		</trans>
	</term>
	<term id="18">
		<trans lang="en">
			<word>mountain climbing   +</word>
		</trans>
		<trans lang="ja">
			<word>山のぼり</word>
			<alt>yamanobori</alt>
		</trans>
	</term>
	<term id="19">
		<trans lang="en">
			<word>weakness, poor at ("N ga")</word>
		</trans>
		<trans lang="ja">
			<word>にがて [な]</word>
			<alt>nigate</alt>
		</trans>
	</term>
	<term id="20">
		<trans lang="en">
			<word>piano, play piano</word>
		</trans>
		<trans lang="ja">
			<word>ピアノ [をひく]</word>
			<alt>piano</alt>
		</trans>
	</term>
	<term id="21">
		<trans lang="en">
			<word>play (string instrument)</word>
		</trans>
		<trans lang="ja">
			<word>ひく</word>
			<alt>hiku</alt>
		</trans>
	</term>
	<term id="22">
		<trans lang="en">
			<word>reading, read (books)</word>
		</trans>
		<trans lang="ja">
			<word>読書 [する]</word>
			<alt>dokusho</alt>
		</trans>
	</term>
	<term id="23">
		<trans lang="en">
			<word>usually</word>
		</trans>
		<trans lang="ja">
			<word>たいてい</word>
			<alt>taitei</alt>
		</trans>
	</term>
	<term id="24">
		<trans lang="en">
			<word>not very, not much (with -ve)</word>
		</trans>
		<trans lang="ja">
			<word>あまり</word>
			<alt>amari</alt>
		</trans>
	</term>
	<term id="25">
		<trans lang="en">
			<word>never, not at all (with -ve)</word>
		</trans>
		<trans lang="ja">
			<word>ぜんぜん</word>
			<alt>zenzen</alt>
		</trans>
	</term>
	<term id="26">
		<trans lang="en">
			<word>about (quantity)</word>
		</trans>
		<trans lang="ja">
			<word>~ぐらい</word>
			<alt>-gurai</alt>
		</trans>
	</term>
	<term id="27">
		<trans lang="en">
			<word>well, often</word>
		</trans>
		<trans lang="ja">
			<word>よく</word>
			<alt>yoku</alt>
		</trans>
	</term>
	<term id="28">
		<trans lang="en">
			<word>sport, sports</word>
		</trans>
		<trans lang="ja">
			<word>スポーツ</word>
			<alt>supootsu</alt>
		</trans>
	</term>
	<term id="29">
		<trans lang="en">
			<word>sushi (Jap. dish)</word>
		</trans>
		<trans lang="ja">
			<word>すし</word>
			<alt>sushi</alt>
		</trans>
	</term>
	<term id="30">
		<trans lang="en">
			<word>beer</word>
		</trans>
		<trans lang="ja">
			<word>ビール</word>
			<alt>biiru</alt>
		</trans>
	</term>
	<term id="31">
		<trans lang="en">
			<word>disco</word>
		</trans>
		<trans lang="ja">
			<word>ディスコ</word>
			<alt>disuko</alt>
		</trans>
	</term>
	<term id="32">
		<trans lang="en">
			<word>a little more</word>
		</trans>
		<trans lang="ja">
			<word>もう少し</word>
			<alt>moosukoshi</alt>
		</trans>
	</term>
	<term id="33">
		<trans lang="en">
			<word>how? (formal)</word>
		</trans>
		<trans lang="ja">
			<word>いかが</word>
			<alt>ikaga</alt>
		</trans>
	</term>
	<term id="34">
		<trans lang="en">
			<word>stomach</word>
		</trans>
		<trans lang="ja">
			<word>おなか</word>
			<alt>onaka</alt>
		</trans>
	</term>
	<term id="35">
		<trans lang="en">
			<word>full</word>
		</trans>
		<trans lang="ja">
			<word>いっぱい</word>
			<alt>ippai</alt>
		</trans>
	</term>
	<term id="36">
		<trans lang="en">
			<word>a lot, much, many</word>
		</trans>
		<trans lang="ja">
			<word>たくさん</word>
			<alt>takusan</alt>
		</trans>
	</term>
	<term id="37">
		<trans lang="en">
			<word>hundred, 100   +</word>
		</trans>
		<trans lang="ja">
			<word>百</word>
			<alt>hyaku</alt>
		</trans>
	</term>
	<term id="38">
		<trans lang="en">
			<word>three hundred, 300</word>
		</trans>
		<trans lang="ja">
			<word>三百</word>
			<alt>sambyaku</alt>
		</trans>
	</term>
	<term id="39">
		<trans lang="en">
			<word>six hundred, 600</word>
		</trans>
		<trans lang="ja">
			<word>六百</word>
			<alt>roppyaku</alt>
		</trans>
	</term>
	<term id="40">
		<trans lang="en">
			<word>eight hundred, 800</word>
		</trans>
		<trans lang="ja">
			<word>八百</word>
			<alt>happyaku</alt>
		</trans>
	</term>
	<term id="41">
		<trans lang="en">
			<word>thousand, 1000   +</word>
		</trans>
		<trans lang="ja">
			<word>千</word>
			<alt>sen</alt>
		</trans>
	</term>
	<term id="42">
		<trans lang="en">
			<word>three thousand, 3000</word>
		</trans>
		<trans lang="ja">
			<word>三千</word>
			<alt>sanzen</alt>
		</trans>
	</term>
	<term id="43">
		<trans lang="en">
			<word>eight thousand, 8000</word>
		</trans>
		<trans lang="ja">
			<word>八千</word>
			<alt>hassen</alt>
		</trans>
	</term>
	<term id="44">
		<trans lang="en">
			<word>ten thousand, 10000   +</word>
		</trans>
		<trans lang="ja">
			<word>万</word>
			<alt>man</alt>
		</trans>
	</term>
	<term id="45">
		<trans lang="en">
			<word>river   +</word>
		</trans>
		<trans lang="ja">
			<word>川</word>
			<alt>kawa</alt>
		</trans>
	</term>
</glossary>
