<?xml version="1.0"?>
<glossary id="79" name="1.12" author="Frédéric Bergeron">
	<desc></desc>
	<term id="1">
		<trans lang="en">
			<word>conduct,behavior</word>
		</trans>
		<trans lang="ja">
			<word>挙動</word>
			<alt>きょどう</alt>
		</trans>
		<comment languages="en-ja">ある条件によって挙動が変わるプログラムを作るにはif文を使います。
To write a program with a behavior function of a condition, we use a if statement.</comment>
	</term>
	<term id="2">
		<trans lang="en">
			<word>syntax,sentence structure</word>
		</trans>
		<trans lang="ja">
			<word>構文</word>
			<alt>こうぶん</alt>
		</trans>
		<comment languages="en-ja">if文の構文は、以下のようになります。
If statement syntax minimally looks like that.</comment>
	</term>
	<term id="3">
		<trans lang="en">
			<word>equation,formula,ceremony</word>
		</trans>
		<trans lang="ja">
			<word>式</word>
			<alt>しき</alt>
		</trans>
	</term>
	<term id="4">
		<trans lang="en">
			<word>coincidence,agreement,match,conformity (to)</word>
		</trans>
		<trans lang="ja">
			<word>一致(する)</word>
			<alt>いっち(する)</alt>
		</trans>
	</term>
	<term id="5">
		<trans lang="en">
			<word>equal sign</word>
		</trans>
		<trans lang="ja">
			<word>等号</word>
			<alt>とうごう</alt>
		</trans>
	</term>
	<term id="6">
		<trans lang="en">
			<word>&lt; ,&gt;,!= signs</word>
		</trans>
		<trans lang="ja">
			<word>不等号</word>
			<alt>ふとうごう</alt>
		</trans>
	</term>
	<term id="8">
		<trans lang="en">
			<word>to return something</word>
		</trans>
		<trans lang="ja">
			<word>返す</word>
			<alt>かえす</alt>
		</trans>
	</term>
</glossary>
