<?xml version="1.0"?>
<glossary id="312" name="JBPI-15" author="">
	<desc></desc>
	<term id="1">
		<trans lang="en">
			<word>vase, flower vase</word>
		</trans>
		<trans lang="ja">
			<word>かびん</word>
			<alt>kabin</alt>
		</trans>
	</term>
	<term id="2">
		<trans lang="en">
			<word>receive (from: "ni, kara")</word>
		</trans>
		<trans lang="ja">
			<word>もらう</word>
			<alt>morau</alt>
		</trans>
	</term>
	<term id="3">
		<trans lang="en">
			<word>color</word>
		</trans>
		<trans lang="ja">
			<word>いろ</word>
			<alt>iro</alt>
		</trans>
	</term>
	<term id="4">
		<trans lang="en">
			<word>like, be likable ("ga")</word>
		</trans>
		<trans lang="ja">
			<word>すき [な]</word>
			<alt>suki</alt>
		</trans>
	</term>
	<term id="5">
		<trans lang="en">
			<word>raise; give, do</word>
		</trans>
		<trans lang="ja">
			<word>あげる</word>
			<alt>ageru</alt>
		</trans>
	</term>
	<term id="7">
		<trans lang="en">
			<word>dictionary</word>
		</trans>
		<trans lang="ja">
			<word>じしょ</word>
			<alt>jisho</alt>
		</trans>
	</term>
	<term id="8">
		<trans lang="en">
			<word>father, my father</word>
		</trans>
		<trans lang="ja">
			<word>ちち</word>
			<alt>chichi</alt>
		</trans>
	</term>
	<term id="9">
		<trans lang="en">
			<word>elder sister, my elder sister</word>
		</trans>
		<trans lang="ja">
			<word>あね</word>
			<alt>ane</alt>
		</trans>
	</term>
	<term id="10">
		<trans lang="en">
			<word>necktie</word>
		</trans>
		<trans lang="ja">
			<word>ネクタイ</word>
			<alt>nekutai</alt>
		</trans>
	</term>
	<term id="11">
		<trans lang="en">
			<word>history</word>
		</trans>
		<trans lang="ja">
			<word>れきし</word>
			<alt>rekishi</alt>
		</trans>
	</term>
	<term id="12">
		<trans lang="en">
			<word>wife, my wife</word>
		</trans>
		<trans lang="ja">
			<word>かない</word>
			<alt>kanai</alt>
		</trans>
	</term>
	<term id="13">
		<trans lang="en">
			<word>hiragana (Japanese script)</word>
		</trans>
		<trans lang="ja">
			<word>ひらがな</word>
			<alt>hiragana</alt>
		</trans>
	</term>
	<term id="14">
		<trans lang="en">
			<word>kanji (Chinese characters)</word>
		</trans>
		<trans lang="ja">
			<word>かんじ</word>
			<alt>kanji</alt>
		</trans>
	</term>
</glossary>
