<?xml version="1.0"?>
<glossary id="108" name="4.3" author="Frédéric Bergeron">
	<desc></desc>
	<term id="1">
		<trans lang="en">
			<word>(pref) pseudo,quasi,mock,false</word>
		</trans>
		<trans lang="ja">
			<word>疑似</word>
			<alt>ぎじ</alt>
		</trans>
		<comment languages="en-ja">疑似変数 : Pseudo-variable</comment>
	</term>
	<term id="2">
		<trans lang="en">
			<word>validity,availability,effectiveness</word>
		</trans>
		<trans lang="ja">
			<word>有効</word>
			<alt>ゆうこう</alt>
		</trans>
	</term>
	<term id="3">
		<trans lang="en">
			<word>extent,scope,sphere,range</word>
		</trans>
		<trans lang="ja">
			<word>範囲</word>
			<alt>はんい</alt>
		</trans>
		<comment languages="en-ja">変数の有効の範囲 : variable's validity scope</comment>
	</term>
	<term id="4">
		<trans lang="en">
			<word>locally</word>
		</trans>
		<trans lang="ja">
			<word>局所的</word>
			<alt>きょくしょてき</alt>
		</trans>
	</term>
	<term id="5">
		<trans lang="en">
			<word>unrelated</word>
		</trans>
		<trans lang="ja">
			<word>無関係</word>
			<alt>むかんけい</alt>
		</trans>
	</term>
	<term id="6">
		<trans lang="en">
			<word>to like,to prefer</word>
		</trans>
		<trans lang="ja">
			<word>好む</word>
			<alt>このむ</alt>
		</trans>
	</term>
	<term id="7">
		<trans lang="en">
			<word>to append,to sum up,to include,to increase</word>
		</trans>
		<trans lang="ja">
			<word>加える</word>
			<alt>くわえる</alt>
		</trans>
	</term>
</glossary>
