<?xml version="1.0"?>
<glossary id="312" name="JBPII-07" author="">
	<desc></desc>
	<term id="1">
		<trans lang="en">
			<word>I, me   +</word>
		</trans>
		<trans lang="ja">
			<word>私</word>
			<alt>watashi</alt>
		</trans>
	</term>
	<term id="2">
		<trans lang="en">
			<word>interval, between   +</word>
		</trans>
		<trans lang="ja">
			<word>間</word>
			<alt>aida</alt>
		</trans>
	</term>
	<term id="3">
		<trans lang="en">
			<word>time; hour, period</word>
		</trans>
		<trans lang="ja">
			<word>時間</word>
			<alt>jikan</alt>
		</trans>
	</term>
	<term id="4">
		<trans lang="en">
			<word>work   +</word>
		</trans>
		<trans lang="ja">
			<word>仕事 [をする]</word>
			<alt>shigoto</alt>
		</trans>
	</term>
	<term id="5">
		<trans lang="en">
			<word>arrive   +</word>
		</trans>
		<trans lang="ja">
			<word>着く</word>
			<alt>tsuku</alt>
		</trans>
	</term>
	<term id="6">
		<trans lang="en">
			<word>wear, put on</word>
		</trans>
		<trans lang="ja">
			<word>着る</word>
			<alt>kiru</alt>
		</trans>
	</term>
	<term id="7">
		<trans lang="en">
			<word>send, put out   +</word>
		</trans>
		<trans lang="ja">
			<word>出す</word>
			<alt>dasu</alt>
		</trans>
	</term>
	<term id="8">
		<trans lang="en">
			<word>go out</word>
		</trans>
		<trans lang="ja">
			<word>出かける</word>
			<alt>dekakeru</alt>
		</trans>
	</term>
	<term id="9">
		<trans lang="en">
			<word>leave, go out ("wo")</word>
		</trans>
		<trans lang="ja">
			<word>出る</word>
			<alt>deru</alt>
		</trans>
	</term>
	<term id="10">
		<trans lang="en">
			<word>departure, depart   +</word>
		</trans>
		<trans lang="ja">
			<word>出発 [する]</word>
			<alt>shuppatsu</alt>
		</trans>
	</term>
	<term id="11">
		<trans lang="en">
			<word>someone, anyone</word>
		</trans>
		<trans lang="ja">
			<word>だれか</word>
			<alt>dareka</alt>
		</trans>
	</term>
	<term id="12">
		<trans lang="en">
			<word>meet, greet</word>
		</trans>
		<trans lang="ja">
			<word>むかえる</word>
			<alt>mukaeru</alt>
		</trans>
	</term>
	<term id="13">
		<trans lang="en">
			<word>office</word>
		</trans>
		<trans lang="ja">
			<word>じむ所</word>
			<alt>jimusho</alt>
		</trans>
	</term>
	<term id="14">
		<trans lang="en">
			<word>early, in good time</word>
		</trans>
		<trans lang="ja">
			<word>早めに</word>
			<alt>hayameni</alt>
		</trans>
	</term>
	<term id="15">
		<trans lang="en">
			<word>lunch</word>
		</trans>
		<trans lang="ja">
			<word>ちゅうしょく</word>
			<alt>chuushoku</alt>
		</trans>
	</term>
	<term id="16">
		<trans lang="en">
			<word>finish (s.th.)</word>
		</trans>
		<trans lang="ja">
			<word>すませる</word>
			<alt>sumaseru</alt>
		</trans>
	</term>
	<term id="17">
		<trans lang="en">
			<word>snow</word>
		</trans>
		<trans lang="ja">
			<word>ゆき</word>
			<alt>yuki</alt>
		</trans>
	</term>
	<term id="18">
		<trans lang="en">
			<word>fall (rain, snow)</word>
		</trans>
		<trans lang="ja">
			<word>ふる</word>
			<alt>furu</alt>
		</trans>
	</term>
	<term id="19">
		<trans lang="en">
			<word>lesson</word>
		</trans>
		<trans lang="ja">
			<word>レッスン</word>
			<alt>ressun</alt>
		</trans>
	</term>
	<term id="20">
		<trans lang="en">
			<word># lesson</word>
		</trans>
		<trans lang="ja">
			<word>~課</word>
			<alt>-ka</alt>
		</trans>
	</term>
	<term id="21">
		<trans lang="en">
			<word>hito   stranger</word>
		</trans>
		<trans lang="ja">
			<word>知らない人</word>
			<alt>shiranai</alt>
		</trans>
	</term>
	<term id="22">
		<trans lang="en">
			<word>he</word>
		</trans>
		<trans lang="ja">
			<word>かれ</word>
			<alt>kare</alt>
		</trans>
	</term>
	<term id="23">
		<trans lang="en">
			<word>implement, tool, appliance</word>
		</trans>
		<trans lang="ja">
			<word>どうぐ</word>
			<alt>doogu</alt>
		</trans>
	</term>
	<term id="24">
		<trans lang="en">
			<word>boiled egg</word>
		</trans>
		<trans lang="ja">
			<word>ゆでたまご</word>
			<alt>yudetamago</alt>
		</trans>
	</term>
	<term id="25">
		<trans lang="en">
			<word>cut</word>
		</trans>
		<trans lang="ja">
			<word>きる　　 (分ける)</word>
			<alt>kiru</alt>
		</trans>
	</term>
	<term id="26">
		<trans lang="en">
			<word>toilet</word>
		</trans>
		<trans lang="ja">
			<word>トイレ</word>
			<alt>toire</alt>
		</trans>
	</term>
	<term id="27">
		<trans lang="en">
			<word>heavy</word>
		</trans>
		<trans lang="ja">
			<word>おもい</word>
			<alt>omoi</alt>
		</trans>
	</term>
	<term id="28">
		<trans lang="en">
			<word>carry, transport</word>
		</trans>
		<trans lang="ja">
			<word>はこぶ</word>
			<alt>hakobu</alt>
		</trans>
	</term>
	<term id="29">
		<trans lang="en">
			<word>bake, grill, roast</word>
		</trans>
		<trans lang="ja">
			<word>やく</word>
			<alt>yaku</alt>
		</trans>
	</term>
	<term id="30">
		<trans lang="en">
			<word>go through, go past (!)</word>
		</trans>
		<trans lang="ja">
			<word>とおる</word>
			<alt>tooru</alt>
		</trans>
	</term>
	<term id="31">
		<trans lang="en">
			<word>chat, chatter, talk</word>
		</trans>
		<trans lang="ja">
			<word>しゃべる</word>
			<alt>shaberu</alt>
		</trans>
	</term>
	<term id="32">
		<trans lang="en">
			<word>husband and wife</word>
		</trans>
		<trans lang="ja">
			<word>ふうふ</word>
			<alt>fuufu</alt>
		</trans>
	</term>
	<term id="33">
		<trans lang="en">
			<word>quarrel, fight</word>
		</trans>
		<trans lang="ja">
			<word>けんか [をする]</word>
			<alt>kenka</alt>
		</trans>
	</term>
	<term id="34">
		<trans lang="en">
			<word>marital disagreement</word>
		</trans>
		<trans lang="ja">
			<word>ふうふげんか</word>
			<alt>fuufugenka</alt>
		</trans>
	</term>
	<term id="35">
		<trans lang="en">
			<word>apply, propose</word>
		</trans>
		<trans lang="ja">
			<word>もうしこむ</word>
			<alt>mooshikomu</alt>
		</trans>
	</term>
	<term id="36">
		<trans lang="en">
			<word>attendance, attend</word>
		</trans>
		<trans lang="ja">
			<word>しゅっせき [する]</word>
			<alt>shusseki</alt>
		</trans>
	</term>
	<term id="37">
		<trans lang="en">
			<word>hang; wear, put on (glasses)</word>
		</trans>
		<trans lang="ja">
			<word>かける</word>
			<alt>kakeru</alt>
		</trans>
	</term>
	<term id="38">
		<trans lang="en">
			<word>stand, stand up</word>
		</trans>
		<trans lang="ja">
			<word>たつ</word>
			<alt>tatsu</alt>
		</trans>
	</term>
	<term id="39">
		<trans lang="en">
			<word>voice</word>
		</trans>
		<trans lang="ja">
			<word>こえ</word>
			<alt>koe</alt>
		</trans>
	</term>
	<term id="40">
		<trans lang="en">
			<word>laugh, smile</word>
		</trans>
		<trans lang="ja">
			<word>わらう</word>
			<alt>warau</alt>
		</trans>
	</term>
	<term id="41">
		<trans lang="en">
			<word>short</word>
		</trans>
		<trans lang="ja">
			<word>みじかい</word>
			<alt>mijikai</alt>
		</trans>
	</term>
	<term id="42">
		<trans lang="en">
			<word>oneself, by oneself</word>
		</trans>
		<trans lang="ja">
			<word>じぶん [で]</word>
			<alt>jibun</alt>
		</trans>
	</term>
	<term id="43">
		<trans lang="en">
			<word>choose</word>
		</trans>
		<trans lang="ja">
			<word>えらぶ</word>
			<alt>erabu</alt>
		</trans>
	</term>
	<term id="44">
		<trans lang="en">
			<word>wife, my wife</word>
		</trans>
		<trans lang="ja">
			<word>つま</word>
			<alt>tsuma</alt>
		</trans>
	</term>
	<term id="45">
		<trans lang="en">
			<word>appointment, promise</word>
		</trans>
		<trans lang="ja">
			<word>やくそく [する]</word>
			<alt>yakusoku</alt>
		</trans>
	</term>
	<term id="46">
		<trans lang="en">
			<word>keep, obey, defend</word>
		</trans>
		<trans lang="ja">
			<word>まもる</word>
			<alt>mamoru</alt>
		</trans>
	</term>
	<term id="47">
		<trans lang="en">
			<word>occasional, once in a while</word>
		</trans>
		<trans lang="ja">
			<word>たま [の/に]</word>
			<alt>tama</alt>
		</trans>
	</term>
	<term id="48">
		<trans lang="en">
			<word>section chief</word>
		</trans>
		<trans lang="ja">
			<word>課ちょう</word>
			<alt>kachoo</alt>
		</trans>
	</term>
	<term id="49">
		<trans lang="en">
			<word>lend, let</word>
		</trans>
		<trans lang="ja">
			<word>かす</word>
			<alt>kasu</alt>
		</trans>
	</term>
	<term id="50">
		<trans lang="en">
			<word>kasu   lend a hand</word>
		</trans>
		<trans lang="ja">
			<word>てをかす</word>
			<alt>tewo</alt>
		</trans>
	</term>
	<term id="51">
		<trans lang="en">
			<word>papers, documents</word>
		</trans>
		<trans lang="ja">
			<word>しりょう</word>
			<alt>shiryoo</alt>
		</trans>
	</term>
	<term id="52">
		<trans lang="en">
			<word>put away, tidy up (!)</word>
		</trans>
		<trans lang="ja">
			<word>かたづける</word>
			<alt>katazukeru</alt>
		</trans>
	</term>
</glossary>
