<?xml version="1.0"?>
<glossary id="276" name="56" author="Frédéric Bergeron">
	<desc></desc>
	<term id="1" imagePath="1.gif">
		<trans lang="en">
			<word>war</word>
		</trans>
		<trans lang="ja">
			<word>戦争</word>
			<alt>せんそう</alt>
		</trans>
	</term>
	<term id="2">
		<trans lang="en">
			<word>war potential</word>
		</trans>
		<trans lang="ja">
			<word>戦力</word>
			<alt>せんりょく</alt>
		</trans>
	</term>
	<term id="3" imagePath="3.gif">
		<trans lang="en">
			<word>to cling to...in tears,to beg...in tears,to appeal,to throw oneself on someone's mercy</word>
		</trans>
		<trans lang="ja">
			<word>泣き付く</word>
			<alt>なきつく</alt>
		</trans>
	</term>
	<term id="4" imagePath="4.gif">
		<trans lang="en">
			<word>siege,encirclement,envelopment (to)</word>
		</trans>
		<trans lang="ja">
			<word>包囲(する)</word>
			<alt>ほうい(する)</alt>
		</trans>
		<comment languages="en-ja">相手を包囲する。
They force their opponents into siege.</comment>
	</term>
	<term id="5" imagePath="5.gif">
		<trans lang="en">
			<word>aviation</word>
		</trans>
		<trans lang="ja">
			<word>飛行</word>
			<alt>ひこう</alt>
		</trans>
		<comment languages="en-ja">高い空を飛行する。
Litterally: He does aviation in high skies. (?)</comment>
	</term>
	<term id="6" imagePath="6.gif">
		<trans lang="en">
			<word>evening meal</word>
		</trans>
		<trans lang="ja">
			<word>夕飯</word>
			<alt>ゆうはん</alt>
		</trans>
		<comment languages="en-ja">家族そろって夕飯を食べる。
They eat dinner in family all together.</comment>
	</term>
	<term id="7">
		<trans lang="en">
			<word>all together,in a body,en masse</word>
		</trans>
		<trans lang="ja">
			<word>そろって</word>
			<alt>そろって</alt>
		</trans>
	</term>
</glossary>
