<?xml version="1.0"?>
<glossary id="299" name="JBPII-20" author="">
	<desc></desc>
	<term id="1">
		<trans lang="en">
			<word>line   +</word>
		</trans>
		<trans lang="ja">
			<word>線</word>
			<alt>sen</alt>
		</trans>
	</term>
	<term id="2">
		<trans lang="en">
			<word>front, front line</word>
		</trans>
		<trans lang="ja">
			<word>前線</word>
			<alt>zensen</alt>
		</trans>
	</term>
	<term id="3">
		<trans lang="en">
			<word>spring   +</word>
		</trans>
		<trans lang="ja">
			<word>春</word>
			<alt>haru</alt>
		</trans>
	</term>
	<term id="4">
		<trans lang="en">
			<word>south   +</word>
		</trans>
		<trans lang="ja">
			<word>南</word>
			<alt>minami</alt>
		</trans>
	</term>
	<term id="5">
		<trans lang="en">
			<word>north   +</word>
		</trans>
		<trans lang="ja">
			<word>北</word>
			<alt>kita</alt>
		</trans>
	</term>
	<term id="6">
		<trans lang="en">
			<word>autumn   +</word>
		</trans>
		<trans lang="ja">
			<word>秋</word>
			<alt>aki</alt>
		</trans>
	</term>
	<term id="7">
		<trans lang="en">
			<word>trees   +</word>
		</trans>
		<trans lang="ja">
			<word>木々</word>
			<alt>kigi</alt>
		</trans>
	</term>
	<term id="8">
		<trans lang="en">
			<word>sometimes</word>
		</trans>
		<trans lang="ja">
			<word>時々</word>
			<alt>tokidoki</alt>
		</trans>
	</term>
	<term id="9">
		<trans lang="en">
			<word>people</word>
		</trans>
		<trans lang="ja">
			<word>人々</word>
			<alt>hitobito</alt>
		</trans>
	</term>
	<term id="10">
		<trans lang="en">
			<word>word, language</word>
		</trans>
		<trans lang="ja">
			<word>言ば</word>
			<alt>kotoba</alt>
		</trans>
	</term>
	<term id="11">
		<trans lang="en">
			<word>representation</word>
		</trans>
		<trans lang="ja">
			<word>代ひょう [する]</word>
			<alt>daihyoo</alt>
		</trans>
	</term>
	<term id="12">
		<trans lang="en">
			<word>approach, draw near</word>
		</trans>
		<trans lang="ja">
			<word>近付く</word>
			<alt>chikazuku</alt>
		</trans>
	</term>
	<term id="13">
		<trans lang="en">
			<word>prediction, estimate</word>
		</trans>
		<trans lang="ja">
			<word>よそく [する]</word>
			<alt>yosoku</alt>
		</trans>
	</term>
	<term id="14">
		<trans lang="en">
			<word>blossom viewing</word>
		</trans>
		<trans lang="ja">
			<word>花見</word>
			<alt>hanami</alt>
		</trans>
	</term>
	<term id="15">
		<trans lang="en">
			<word>extend, stretch, postpone</word>
		</trans>
		<trans lang="ja">
			<word>のびる</word>
			<alt>nobiru</alt>
		</trans>
	</term>
	<term id="16">
		<trans lang="en">
			<word>island</word>
		</trans>
		<trans lang="ja">
			<word>しま (geogr.)</word>
			<alt>shima</alt>
		</trans>
	</term>
	<term id="17">
		<trans lang="en">
			<word>island country</word>
		</trans>
		<trans lang="ja">
			<word>しま国</word>
			<alt>shimaguni</alt>
		</trans>
	</term>
	<term id="18">
		<trans lang="en">
			<word>quite, fairly</word>
		</trans>
		<trans lang="ja">
			<word>ずい分</word>
			<alt>zuibun</alt>
		</trans>
	</term>
	<term id="19">
		<trans lang="en">
			<word>temperature, air temperature</word>
		</trans>
		<trans lang="ja">
			<word>気おん</word>
			<alt>kion</alt>
		</trans>
	</term>
	<term id="20">
		<trans lang="en">
			<word>difference</word>
		</trans>
		<trans lang="ja">
			<word>さ</word>
			<alt>sa</alt>
		</trans>
	</term>
	<term id="21">
		<trans lang="en">
			<word>differ, be different</word>
		</trans>
		<trans lang="ja">
			<word>ことなる</word>
			<alt>kotonaru</alt>
		</trans>
	</term>
	<term id="22">
		<trans lang="en">
			<word>southern part</word>
		</trans>
		<trans lang="ja">
			<word>南部</word>
			<alt>nambu</alt>
		</trans>
	</term>
	<term id="23">
		<trans lang="en">
			<word>end</word>
		</trans>
		<trans lang="ja">
			<word>末</word>
			<alt>sue</alt>
		</trans>
	</term>
	<term id="24">
		<trans lang="en">
			<word>beginning, first</word>
		</trans>
		<trans lang="ja">
			<word>はじめ [に]</word>
			<alt>hajime</alt>
		</trans>
	</term>
	<term id="25">
		<trans lang="en">
			<word>way, manner; as, like</word>
		</trans>
		<trans lang="ja">
			<word>よう [な]</word>
			<alt>yoo</alt>
		</trans>
	</term>
	<term id="26">
		<trans lang="en">
			<word>about</word>
		</trans>
		<trans lang="ja">
			<word>やく~</word>
			<alt>yaku-</alt>
		</trans>
	</term>
	<term id="27">
		<trans lang="en">
			<word>archepelago, chain of islands</word>
		</trans>
		<trans lang="ja">
			<word>れっとう</word>
			<alt>rettoo</alt>
		</trans>
	</term>
	<term id="28">
		<trans lang="en">
			<word>state, circumstance</word>
		</trans>
		<trans lang="ja">
			<word>よう子</word>
			<alt>yoosu</alt>
		</trans>
	</term>
	<term id="29">
		<trans lang="en">
			<word>show, express</word>
		</trans>
		<trans lang="ja">
			<word>あらわす</word>
			<alt>arawasu</alt>
		</trans>
	</term>
	<term id="30">
		<trans lang="en">
			<word>hokani  in addition to</word>
		</trans>
		<trans lang="ja">
			<word>~の外に</word>
			<alt>-no</alt>
		</trans>
	</term>
	<term id="31">
		<trans lang="en">
			<word>apricot, Japanese plum</word>
		</trans>
		<trans lang="ja">
			<word>うめ</word>
			<alt>ume</alt>
		</trans>
	</term>
	<term id="32">
		<trans lang="en">
			<word>azaela</word>
		</trans>
		<trans lang="ja">
			<word>つつじ</word>
			<alt>tsutsuji</alt>
		</trans>
	</term>
	<term id="33">
		<trans lang="en">
			<word>all the time, a whole lot</word>
		</trans>
		<trans lang="ja">
			<word>ずっと</word>
			<alt>zutto</alt>
		</trans>
	</term>
	<term id="34">
		<trans lang="en">
			<word>almost</word>
		</trans>
		<trans lang="ja">
			<word>大たい</word>
			<alt>daitai</alt>
		</trans>
	</term>
	<term id="35">
		<trans lang="en">
			<word>first third (of a month)</word>
		</trans>
		<trans lang="ja">
			<word>上じゅん</word>
			<alt>joojun</alt>
		</trans>
	</term>
	<term id="36">
		<trans lang="en">
			<word>middle third (of a month)</word>
		</trans>
		<trans lang="ja">
			<word>中じゅん</word>
			<alt>chuujun</alt>
		</trans>
	</term>
	<term id="37">
		<trans lang="en">
			<word>autumn leaves, red leaves</word>
		</trans>
		<trans lang="ja">
			<word>こうよう</word>
			<alt>kooyoo</alt>
		</trans>
	</term>
	<term id="38">
		<trans lang="en">
			<word>red, red color</word>
		</trans>
		<trans lang="ja">
			<word>あか</word>
			<alt>aka</alt>
		</trans>
	</term>
	<term id="39">
		<trans lang="en">
			<word>yellow, yellow color</word>
		</trans>
		<trans lang="ja">
			<word>きいろ</word>
			<alt>kiiro</alt>
		</trans>
	</term>
	<term id="40">
		<trans lang="en">
			<word>dye</word>
		</trans>
		<trans lang="ja">
			<word>そめる</word>
			<alt>someru</alt>
		</trans>
	</term>
	<term id="41">
		<trans lang="en">
			<word>advance, go forward</word>
		</trans>
		<trans lang="ja">
			<word>すすむ</word>
			<alt>susumu</alt>
		</trans>
	</term>
	<term id="42">
		<trans lang="en">
			<word>maple, red leaves</word>
		</trans>
		<trans lang="ja">
			<word>もみじ</word>
			<alt>momiji</alt>
		</trans>
	</term>
	<term id="43">
		<trans lang="en">
			<word>hunting, excursion</word>
		</trans>
		<trans lang="ja">
			<word>かり</word>
			<alt>kari</alt>
		</trans>
	</term>
	<term id="44">
		<trans lang="en">
			<word>maple leaf excursion</word>
		</trans>
		<trans lang="ja">
			<word>もみじがり</word>
			<alt>momijigari</alt>
		</trans>
	</term>
	<term id="45">
		<trans lang="en">
			<word>season</word>
		</trans>
		<trans lang="ja">
			<word>きせつ</word>
			<alt>kisetsu</alt>
		</trans>
	</term>
	<term id="46">
		<trans lang="en">
			<word>enjoy</word>
		</trans>
		<trans lang="ja">
			<word>たのしむ</word>
			<alt>tanoshimu</alt>
		</trans>
	</term>
</glossary>
