<?xml version="1.0"?>
<glossary id="91" name="2.1" author="Frédéric Bergeron">
	<desc></desc>
	<term id="1">
		<trans lang="en">
			<word>to put in order,to collect,to bring to a conclusion</word>
		</trans>
		<trans lang="ja">
			<word>纏める</word>
			<alt>まとめる</alt>
		</trans>
		<comment languages="en-ja">配列はいくつかのオブジェクトを纏めるオブジェクトです。
An array is an object containing any number of objects (collection).</comment>
	</term>
</glossary>
