<?xml version="1.0"?>
<glossary id="249" name="26" author="Frédéric Bergeron">
	<desc></desc>
	<term id="1">
		<trans lang="en">
			<word>figure,shape,appearance</word>
		</trans>
		<trans lang="ja">
			<word>姿</word>
			<alt>すがた</alt>
		</trans>
		<comment languages="en-ja">姿が明らかになる。
The figure becomes clear.</comment>
	</term>
	<term id="2">
		<trans lang="en">
			<word>competition,contest (to)</word>
		</trans>
		<trans lang="ja">
			<word>競争(する)</word>
			<alt>きょうそう(する)</alt>
		</trans>
	</term>
	<term id="3" imagePath="3.gif">
		<trans lang="en">
			<word>runner</word>
		</trans>
		<trans lang="ja">
			<word>走者</word>
			<alt>そうしゃ</alt>
		</trans>
		<comment languages="en-ja">走者の様子が分かる。
We know the state of the runners.</comment>
	</term>
	<term id="4" imagePath="4.gif">
		<trans lang="en">
			<word>race</word>
		</trans>
		<trans lang="ja">
			<word>徒競走</word>
			<alt>ときょうそう</alt>
		</trans>
		<comment languages="en-ja">運動会で徒競走に出る。
He shows up at the sportive event's race.</comment>
	</term>
	<term id="5">
		<trans lang="en">
			<word>to stoop,to lean over</word>
		</trans>
		<trans lang="ja">
			<word>屈む</word>
			<alt>かがむ</alt>
		</trans>
		<comment languages="en-ja">低く屈む。
He leans over low. (?)</comment>
	</term>
	<term id="6" imagePath="6.gif">
		<trans lang="en">
			<word>great effort,exertion,endeavour,effort (to make)</word>
		</trans>
		<trans lang="ja">
			<word>努力(する)</word>
			<alt>どりょく(する)</alt>
		</trans>
		<comment languages="en-ja">努力して走る。
He runs with great effort.</comment>
	</term>
	<term id="7" imagePath="7.gif">
		<trans lang="en">
			<word>speed</word>
		</trans>
		<trans lang="ja">
			<word>速力</word>
			<alt>そくりょく</alt>
		</trans>
		<comment languages="en-ja">全速力で目標に近づく。
They approach the goal at full speed.</comment>
	</term>
	<term id="8" imagePath="8.gif">
		<trans lang="en">
			<word>pupil</word>
		</trans>
		<trans lang="ja">
			<word>生徒</word>
			<alt>せいと</alt>
		</trans>
	</term>
	<term id="9" imagePath="9.gif">
		<trans lang="en">
			<word>walking,going on foot</word>
		</trans>
		<trans lang="ja">
			<word>徒歩</word>
			<alt>とほ</alt>
		</trans>
		<comment languages="en-ja">徒歩で通う。
He commutes by foot.

ジョンは彼のオフィスへ徒歩で行きます。
John goes to his office on foot.</comment>
	</term>
	<term id="10" imagePath="10.gif">
		<trans lang="en">
			<word>approach run (long jump)</word>
		</trans>
		<trans lang="ja">
			<word>助走</word>
			<alt>じょそう</alt>
		</trans>
		<comment languages="en-ja">長い助走が必要だ。
He needs a long approach jump.</comment>
	</term>
	<term id="11">
		<trans lang="en">
			<word>new species,new variety</word>
		</trans>
		<trans lang="ja">
			<word>新種</word>
			<alt>しんしゅ</alt>
		</trans>
		<comment languages="en-ja">新種の発見に努力する。
He puts efforts to discover new species.</comment>
	</term>
	<term id="12">
		<trans lang="en">
			<word>gymnastics,physical exercises (to make)</word>
		</trans>
		<trans lang="ja">
			<word>体操(する)</word>
			<alt>たいそう(する)</alt>
		</trans>
	</term>
	<term id="13">
		<trans lang="en">
			<word>game,match,contest</word>
		</trans>
		<trans lang="ja">
			<word>競技</word>
			<alt>きょうぎ</alt>
		</trans>
	</term>
</glossary>
