<?xml version="1.0"?>
<glossary id="378" name="p097-102" author="Frédéric Bergeron">
	<desc></desc>
	<term id="1">
		<trans lang="es">
			<word>sonsacar</word>
		</trans>
		<trans lang="fr">
			<word>soutirer,tirer les vers du nez</word>
		</trans>
	</term>
	<term id="2">
		<trans lang="es">
			<word>tropelía</word>
		</trans>
		<trans lang="fr">
			<word>violence</word>
		</trans>
		<comment languages="es-fr">Ellos cometen todo tipo de tropelías.
Ils commettent tous types de violences.</comment>
	</term>
	<term id="3">
		<trans lang="es">
			<word>yegua</word>
		</trans>
		<trans lang="fr">
			<word>jument (f.)</word>
		</trans>
	</term>
	<term id="4">
		<trans lang="es">
			<word>cabalgar</word>
		</trans>
		<trans lang="fr">
			<word>chevaucher</word>
		</trans>
	</term>
</glossary>
