<?xml version="1.0"?>
<glossary id="36" name="14" author="Frédéric Bergeron">
	<desc></desc>
	<term id="1">
		<trans lang="en">
			<word>exterior,outside,extraneous</word>
		</trans>
		<trans lang="ja">
			<word>外側</word>
			<alt>そとがわ</alt>
		</trans>
	</term>
	<term id="2">
		<trans lang="en">
			<word>to leak out,to escape,to come through,to filter out,to be omitted</word>
		</trans>
		<trans lang="ja">
			<word>洩れる</word>
			<alt>もれる</alt>
		</trans>
		<comment languages="en-ja">外側へ洩れない。
We cannot escape outside.</comment>
	</term>
	<term id="3">
		<trans lang="en">
			<word>to boil,to heat</word>
		</trans>
		<trans lang="ja">
			<word>沸かす</word>
			<alt>わかす</alt>
		</trans>
		<comment languages="en-ja">お湯を沸かす。
He is boiling some water.</comment>
	</term>
	<term id="4">
		<trans lang="en">
			<word>use,utilization,application (to)</word>
		</trans>
		<trans lang="ja">
			<word>利用(する)</word>
			<alt>りよう(する)</alt>
		</trans>
		<comment languages="en-ja">あなたの時間をうまく利用しなさい。
Try to make good use of your time.

あなたはその機会をぜひ利用すべきだ。
You had better make use of the opportunity.</comment>
	</term>
	<term id="5">
		<trans lang="en">
			<word>subject (gram)</word>
		</trans>
		<trans lang="ja">
			<word>主語</word>
			<alt>しゅご</alt>
		</trans>
	</term>
	<term id="6">
		<trans lang="en">
			<word>relation,connection (to)</word>
		</trans>
		<trans lang="ja">
			<word>関係(する)</word>
			<alt>かんけい(する)</alt>
		</trans>
	</term>
	<term id="7">
		<trans lang="en">
			<word>inside,interior,inner part</word>
		</trans>
		<trans lang="ja">
			<word>内側</word>
			<alt>うちがわ</alt>
		</trans>
	</term>
	<term id="8">
		<trans lang="en">
			<word>tradition,legend,folklore</word>
		</trans>
		<trans lang="ja">
			<word>伝説</word>
			<alt>でんせつ</alt>
		</trans>
	</term>
	<term id="9">
		<trans lang="en">
			<word>novel,story</word>
		</trans>
		<trans lang="ja">
			<word>小説</word>
			<alt>しょうせつ</alt>
		</trans>
	</term>
	<term id="10">
		<trans lang="en">
			<word>zeal,enthusiasm</word>
		</trans>
		<trans lang="ja">
			<word>熱心</word>
			<alt>ねっしん</alt>
		</trans>
	</term>
	<term id="11">
		<trans lang="en">
			<word>Eastern half of Japan (incl. Tokyo)</word>
		</trans>
		<trans lang="ja">
			<word>関東</word>
			<alt>かんとう</alt>
		</trans>
	</term>
	<term id="12">
		<trans lang="en">
			<word>South-western half of Japan (incl. Osaka)</word>
		</trans>
		<trans lang="ja">
			<word>関西</word>
			<alt>かんさい</alt>
		</trans>
	</term>
	<term id="13">
		<trans lang="en">
			<word>mechanization</word>
		</trans>
		<trans lang="ja">
			<word>機械化</word>
			<alt>きかいか</alt>
		</trans>
	</term>
	<term id="14">
		<trans lang="en">
			<word>to increase,to multiply</word>
		</trans>
		<trans lang="ja">
			<word>増える</word>
			<alt>ふえる</alt>
		</trans>
		<comment languages="en-ja">いくらたくさん食べても、彼女は体重が増えない。
However much she eats, she never gains weight.

この町の人口は増えている。
The population of this city is on the increase.</comment>
	</term>
	<term id="15">
		<trans lang="en">
			<word>joints</word>
		</trans>
		<trans lang="ja">
			<word>関節</word>
			<alt>かんせつ</alt>
		</trans>
	</term>
</glossary>
