<?xml version="1.0"?>
<glossary id="321" name="JBPI-24" author="">
	<desc></desc>
	<term id="1">
		<trans lang="en">
			<word>policeman, police officer</word>
		</trans>
		<trans lang="ja">
			<word>けいかん</word>
			<alt>keikan</alt>
		</trans>
	</term>
	<term id="2">
		<trans lang="en">
			<word>kinshi  No Parking.</word>
		</trans>
		<trans lang="ja">
			<word>ちゅうしゃきんし</word>
			<alt>chuusha</alt>
		</trans>
	</term>
	<term id="3">
		<trans lang="en">
			<word>parking lot</word>
		</trans>
		<trans lang="ja">
			<word>ちゅうしゃじょう</word>
			<alt>chuushajoo</alt>
		</trans>
	</term>
	<term id="4">
		<trans lang="en">
			<word>left-hand side, left side</word>
		</trans>
		<trans lang="ja">
			<word>ひだりがわ</word>
			<alt>hidarigawa</alt>
		</trans>
	</term>
	<term id="5">
		<trans lang="en">
			<word>tobacco, cigarettes</word>
		</trans>
		<trans lang="ja">
			<word>タバコ</word>
			<alt>tabako</alt>
		</trans>
	</term>
	<term id="6">
		<trans lang="en">
			<word>smoke, inhale</word>
		</trans>
		<trans lang="ja">
			<word>すう</word>
			<alt>suu</alt>
		</trans>
	</term>
	<term id="7">
		<trans lang="en">
			<word>exit</word>
		</trans>
		<trans lang="ja">
			<word>でぐち</word>
			<alt>deguchi</alt>
		</trans>
	</term>
</glossary>
