<?xml version="1.0"?>
<glossary id="49" name="20" author="Frédéric Bergeron">
	<desc></desc>
	<term id="1" imagePath="1.gif">
		<trans lang="en">
			<word>evolution,progress</word>
		</trans>
		<trans lang="ja">
			<word>進化</word>
			<alt>しんか</alt>
		</trans>
		<comment languages="en-ja">生き物は進化する。
Living things evolve.</comment>
	</term>
	<term id="2" imagePath="2.gif">
		<trans lang="en">
			<word>dispersion,decentralization (to)</word>
		</trans>
		<trans lang="ja">
			<word>分散する</word>
			<alt>ぶんさんする</alt>
		</trans>
		<comment languages="en-ja">会社は生産操業を五つの地域の施設に分散させた。
The corporation decentralized its manufacturing operations into five regional facilities.

会議の後に皆は分散。
After the meeting, everybody scattered away.</comment>
	</term>
	<term id="3">
		<trans lang="en">
			<word>to give birth,to deliver,to produce</word>
		</trans>
		<trans lang="ja">
			<word>生む</word>
			<alt>うむ</alt>
		</trans>
		<comment languages="en-ja">このめんどりは美味しいたまごを生む。
This hen gives delicious eggs.</comment>
	</term>
	<term id="4" imagePath="4.gif">
		<trans lang="en">
			<word>feature,characteristic</word>
		</trans>
		<trans lang="ja">
			<word>特徴</word>
			<alt>とくちょう</alt>
		</trans>
		<comment languages="en-ja">特徴のある声。
A characteristic voice.</comment>
	</term>
	<term id="5">
		<trans lang="en">
			<word>to protect,to obey,to guard</word>
		</trans>
		<trans lang="ja">
			<word>守る</word>
			<alt>まもる</alt>
		</trans>
		<comment languages="en-ja">自然を守りましょう。
Let's protect the nature.

信号を守って下さい。
Please, respect the traffic lights.</comment>
	</term>
	<term id="6" imagePath="6.gif">
		<trans lang="en">
			<word>naturally,as a matter of course</word>
		</trans>
		<trans lang="ja">
			<word>当然</word>
			<alt>とうぜん</alt>
		</trans>
		<comment languages="en-ja">２時間しか寝なかった。眠いのは当然だ。
I slept only two hour. No wonder I'm sleepy.

あなたが来るのは当然のことだと思った。
I took it for granted that you would come.</comment>
	</term>
	<term id="7" imagePath="7.gif">
		<trans lang="en">
			<word>sudden turn,accident (to)</word>
		</trans>
		<trans lang="ja">
			<word>急変(する)</word>
			<alt>きゅうへん(する)</alt>
		</trans>
		<comment languages="en-ja">天候が急変した。
The weather changed suddenly.</comment>
	</term>
	<term id="8" imagePath="8.gif">
		<trans lang="en">
			<word>calm,cool,quiet</word>
		</trans>
		<trans lang="ja">
			<word>平然</word>
			<alt>へいぜん</alt>
		</trans>
		<comment languages="en-ja">その光景を平然と見ている。
He is watching this scene with serenity.</comment>
	</term>
	<term id="9" imagePath="9.gif">
		<trans lang="en">
			<word>specialty,special product</word>
		</trans>
		<trans lang="ja">
			<word>特産</word>
			<alt>とくさん</alt>
		</trans>
		<comment languages="en-ja">特産のぶどうを食べる。
She is eating some raisins, our specialty.</comment>
	</term>
	<term id="10" imagePath="10.gif">
		<trans lang="en">
			<word>change,fluctuation (to)</word>
		</trans>
		<trans lang="ja">
			<word>変動</word>
			<alt>へんどう(する)</alt>
		</trans>
		<comment languages="en-ja">値段の変動が激しい。
The price fluctuations are relentless.</comment>
	</term>
	<term id="11" imagePath="11.gif">
		<trans lang="en">
			<word>characteristic,feature</word>
		</trans>
		<trans lang="ja">
			<word>特色</word>
			<alt>とくしょく</alt>
		</trans>
		<comment languages="en-ja">toMOTko has interesting features.
toMOTkoは面白い特色がある。</comment>
	</term>
	<term id="12" imagePath="12.gif">
		<trans lang="en">
			<word>abruptly,suddenly,all at once</word>
		</trans>
		<trans lang="ja">
			<word>突然</word>
			<alt>とつぜん</alt>
		</trans>
		<comment languages="en-ja">色々な事が突然起こった。
Many events happened suddenly.</comment>
	</term>
	<term id="13" imagePath="13.gif">
		<trans lang="en">
			<word>emission,emanation (to)</word>
		</trans>
		<trans lang="ja">
			<word>発散(する)</word>
			<alt>はっさん(する)</alt>
		</trans>
		<comment languages="en-ja">工場はたくさんCO2を発散する。
Manufactures emit a lot of CO2.</comment>
	</term>
</glossary>
