<?xml version="1.0"?>
<glossary id="100" name="2.3" author="Frédéric Bergeron">
	<desc></desc>
	<term id="1">
		<trans lang="en">
			<word>regular,legal,formal,established,legitimate</word>
		</trans>
		<trans lang="ja">
			<word>正規</word>
			<alt>せいき</alt>
		</trans>
		<comment languages="en-ja">正規表現:Regular expression</comment>
	</term>
	<term id="2">
		<trans lang="en">
			<word>to cut (timber),to cut and carry off</word>
		</trans>
		<trans lang="ja">
			<word>切り出す</word>
			<alt>きりいだす</alt>
		</trans>
	</term>
	<term id="3">
		<trans lang="en">
			<word>senior (at work or school),superior,elder</word>
		</trans>
		<trans lang="ja">
			<word>先輩</word>
			<alt>せんぱい</alt>
		</trans>
	</term>
	<term id="4">
		<trans lang="en">
			<word>function,faculty</word>
		</trans>
		<trans lang="ja">
			<word>機能</word>
			<alt>きのう</alt>
		</trans>
	</term>
	<term id="5">
		<trans lang="en">
			<word>stream,current</word>
		</trans>
		<trans lang="ja">
			<word>流れ</word>
			<alt>ながれ</alt>
		</trans>
		<comment languages="en-ja">Rubyもその流れを受け継いでいて、言語に組み込みの機能として、手軽に正規表現を扱うことができます。
Ruby too, succeed in this trend of languages supporting this faculty and allows the easy use of regular expressions.</comment>
	</term>
	<term id="6">
		<trans lang="en">
			<word>to succeed</word>
		</trans>
		<trans lang="ja">
			<word>継ぐ</word>
			<alt>つぐ</alt>
		</trans>
		<comment languages="en-ja">Rubyもその流れを受け継いでいて、言語に組み込みの機能として、手軽に正規表現を扱うことができます。
Ruby too, succeed in this trend of languages supporting this faculty and allows the easy use of regular expressions.</comment>
	</term>
	<term id="7">
		<trans lang="en">
			<word>pride,triumph,prosperity,one's forte,one's specialty</word>
		</trans>
		<trans lang="ja">
			<word>得意</word>
			<alt>とくい</alt>
		</trans>
		<comment languages="en-ja">文字列の処理はRubyの得意分野です。
String processing is Ruby's forte.</comment>
	</term>
	<term id="8">
		<trans lang="en">
			<word>field,sphere,realm,division,branch</word>
		</trans>
		<trans lang="ja">
			<word>分野</word>
			<alt>ぶんや</alt>
		</trans>
	</term>
</glossary>
