<?xml version="1.0"?>
<glossary id="313" name="JBPII-06" author="">
	<desc></desc>
	<term id="1">
		<trans lang="en">
			<word>medicine   +</word>
		</trans>
		<trans lang="ja">
			<word>薬</word>
			<alt>kusuri</alt>
		</trans>
	</term>
	<term id="2">
		<trans lang="en">
			<word># times, # degrees   +</word>
		</trans>
		<trans lang="ja">
			<word>~度</word>
			<alt>-do</alt>
		</trans>
	</term>
	<term id="3">
		<trans lang="en">
			<word>fast, early   +</word>
		</trans>
		<trans lang="ja">
			<word>早い</word>
			<alt>hayai</alt>
		</trans>
	</term>
	<term id="4">
		<trans lang="en">
			<word>rest, be absent (from: "wo")   +</word>
		</trans>
		<trans lang="ja">
			<word>休む</word>
			<alt>yasumu</alt>
		</trans>
	</term>
	<term id="5">
		<trans lang="en">
			<word>rest, holiday, day off</word>
		</trans>
		<trans lang="ja">
			<word>休み</word>
			<alt>yasumi</alt>
		</trans>
	</term>
	<term id="6">
		<trans lang="en">
			<word>afterwards, later   +</word>
		</trans>
		<trans lang="ja">
			<word>後 [で]</word>
			<alt>ato</alt>
		</trans>
	</term>
	<term id="7">
		<trans lang="en">
			<word>back, behind</word>
		</trans>
		<trans lang="ja">
			<word>後ろ</word>
			<alt>ushiro</alt>
		</trans>
	</term>
	<term id="8">
		<trans lang="en">
			<word>matter, fact   +</word>
		</trans>
		<trans lang="ja">
			<word>事</word>
			<alt>koto</alt>
		</trans>
	</term>
	<term id="9">
		<trans lang="en">
			<word>work, business</word>
		</trans>
		<trans lang="ja">
			<word>用事</word>
			<alt>yooji</alt>
		</trans>
	</term>
	<term id="10">
		<trans lang="en">
			<word>face</word>
		</trans>
		<trans lang="ja">
			<word>かお</word>
			<alt>kao</alt>
		</trans>
	</term>
	<term id="11">
		<trans lang="en">
			<word>complexion</word>
		</trans>
		<trans lang="ja">
			<word>かおいろ</word>
			<alt>kaoiro</alt>
		</trans>
	</term>
	<term id="12">
		<trans lang="en">
			<word>In that case</word>
		</trans>
		<trans lang="ja">
			<word>それじゃ</word>
			<alt>soreja</alt>
		</trans>
	</term>
	<term id="13">
		<trans lang="en">
			<word>project</word>
		</trans>
		<trans lang="ja">
			<word>プロジェクト</word>
			<alt>purojekuto</alt>
		</trans>
	</term>
	<term id="14">
		<trans lang="en">
			<word>start, begin</word>
		</trans>
		<trans lang="ja">
			<word>はじまる</word>
			<alt>hajimaru</alt>
		</trans>
	</term>
	<term id="15">
		<trans lang="en">
			<word>only, just</word>
		</trans>
		<trans lang="ja">
			<word>~ばかり</word>
			<alt>-bakari</alt>
		</trans>
	</term>
	<term id="16">
		<trans lang="en">
			<word>unreasonable, excessive</word>
		</trans>
		<trans lang="ja">
			<word>むり [な]</word>
			<alt>muri</alt>
		</trans>
	</term>
	<term id="18">
		<trans lang="en">
			<word>more</word>
		</trans>
		<trans lang="ja">
			<word>もっと</word>
			<alt>motto</alt>
		</trans>
	</term>
	<term id="19">
		<trans lang="en">
			<word>Well then</word>
		</trans>
		<trans lang="ja">
			<word>それでわ</word>
			<alt>soredewa</alt>
		</trans>
	</term>
	<term id="20">
		<trans lang="en">
			<word>excuse, apology</word>
		</trans>
		<trans lang="ja">
			<word>もうしわけ</word>
			<alt>mooshiwake</alt>
		</trans>
	</term>
	<term id="21">
		<trans lang="en">
			<word>Mr (informal men's speech)</word>
		</trans>
		<trans lang="ja">
			<word>~くん</word>
			<alt>-kun</alt>
		</trans>
	</term>
	<term id="22">
		<trans lang="en">
			<word>request, ask</word>
		</trans>
		<trans lang="ja">
			<word>たのむ</word>
			<alt>tanomu</alt>
		</trans>
	</term>
	<term id="23">
		<trans lang="en">
			<word>a short time ago</word>
		</trans>
		<trans lang="ja">
			<word>さっき</word>
			<alt>sakki</alt>
		</trans>
	</term>
	<term id="24">
		<trans lang="en">
			<word>another, different, extra</word>
		</trans>
		<trans lang="ja">
			<word>べつ [の]</word>
			<alt>betsu</alt>
		</trans>
	</term>
	<term id="25">
		<trans lang="en">
			<word>point, tip; ahead</word>
		</trans>
		<trans lang="ja">
			<word>さき [に]</word>
			<alt>saki</alt>
		</trans>
	</term>
	<term id="26">
		<trans lang="en">
			<word>osakini   After you.</word>
		</trans>
		<trans lang="ja">
			<word>どうぞおさきに</word>
			<alt>doozo</alt>
		</trans>
	</term>
	<term id="27">
		<trans lang="en">
			<word>Get well.</word>
		</trans>
		<trans lang="ja">
			<word>お大事に</word>
			<alt>odaijini</alt>
		</trans>
	</term>
	<term id="28">
		<trans lang="en">
			<word>police</word>
		</trans>
		<trans lang="ja">
			<word>けいさつ</word>
			<alt>keisatsu</alt>
		</trans>
	</term>
	<term id="29">
		<trans lang="en">
			<word>get well, be fixed</word>
		</trans>
		<trans lang="ja">
			<word>なおる</word>
			<alt>naoru</alt>
		</trans>
	</term>
	<term id="30">
		<trans lang="en">
			<word>stove, heating stove</word>
		</trans>
		<trans lang="ja">
			<word>ストーブ</word>
			<alt>sutoobu</alt>
		</trans>
	</term>
	<term id="31">
		<trans lang="en">
			<word>inform, let s.o. know</word>
		</trans>
		<trans lang="ja">
			<word>知らせる</word>
			<alt>shiraseru</alt>
		</trans>
	</term>
	<term id="32">
		<trans lang="en">
			<word>health</word>
		</trans>
		<trans lang="ja">
			<word>けんこう</word>
			<alt>kenkoo</alt>
		</trans>
	</term>
	<term id="33">
		<trans lang="en">
			<word>announcement, publication</word>
		</trans>
		<trans lang="ja">
			<word>はっぴょう [する]</word>
			<alt>happyoo</alt>
		</trans>
	</term>
	<term id="34">
		<trans lang="en">
			<word>Chinese cooking</word>
		</trans>
		<trans lang="ja">
			<word>ちゅうかりょうり</word>
			<alt>chuukaryoori</alt>
		</trans>
	</term>
	<term id="35">
		<trans lang="en">
			<word>weekly magazine</word>
		</trans>
		<trans lang="ja">
			<word>しゅうかんし</word>
			<alt>shuukanshi</alt>
		</trans>
	</term>
	<term id="36">
		<trans lang="en">
			<word>pay, pay off</word>
		</trans>
		<trans lang="ja">
			<word>はらう</word>
			<alt>harau</alt>
		</trans>
	</term>
	<term id="37">
		<trans lang="en">
			<word>serious, important</word>
		</trans>
		<trans lang="ja">
			<word>大した</word>
			<alt>taishita</alt>
		</trans>
	</term>
	<term id="38">
		<trans lang="en">
			<word>coughing, a cough</word>
		</trans>
		<trans lang="ja">
			<word>せき</word>
			<alt>seki</alt>
		</trans>
	</term>
	<term id="40">
		<trans lang="en">
			<word>stop; stay, stop at</word>
		</trans>
		<trans lang="ja">
			<word>とまる</word>
			<alt>tomaru</alt>
		</trans>
	</term>
	<term id="41">
		<trans lang="en">
			<word>Thank you.</word>
		</trans>
		<trans lang="ja">
			<word>おかげさまで</word>
			<alt>okagesamade</alt>
		</trans>
	</term>
	<term id="42">
		<trans lang="en">
			<word>considerably, greatly</word>
		</trans>
		<trans lang="ja">
			<word>大分</word>
			<alt>daibu</alt>
		</trans>
	</term>
	<term id="43">
		<trans lang="en">
			<word>From now, After this</word>
		</trans>
		<trans lang="ja">
			<word>これから</word>
			<alt>korekara</alt>
		</trans>
	</term>
	<term id="44">
		<trans lang="en">
			<word>stop by, drop in, call at</word>
		</trans>
		<trans lang="ja">
			<word>よる (V)</word>
			<alt>yoru</alt>
		</trans>
	</term>
	<term id="45">
		<trans lang="en">
			<word>suru  something is wrong</word>
		</trans>
		<trans lang="ja">
			<word>どうかする</word>
			<alt>dooka</alt>
		</trans>
	</term>
	<term id="46">
		<trans lang="en">
			<word>leg, foot</word>
		</trans>
		<trans lang="ja">
			<word>あし</word>
			<alt>ashi</alt>
		</trans>
	</term>
	<term id="47">
		<trans lang="en">
			<word>injury, wound</word>
		</trans>
		<trans lang="ja">
			<word>けが</word>
			<alt>kega</alt>
		</trans>
	</term>
</glossary>
