<?xml version="1.0"?>
<glossary id="359" name="Noël" author="Frédéric Bergeron">
	<desc></desc>
	<term id="1">
		<trans lang="de">
			<word>Weihnachten</word>
		</trans>
		<trans lang="fr">
			<word>Noël</word>
		</trans>
	</term>
	<term id="2">
		<trans lang="de">
			<word>Stern (m.)</word>
			<alt>schtern</alt>
		</trans>
		<trans lang="fr">
			<word>étoile</word>
		</trans>
	</term>
	<term id="3">
		<trans lang="de">
			<word>Tannenbaum</word>
		</trans>
		<trans lang="fr">
			<word>sapin</word>
		</trans>
	</term>
	<term id="4">
		<trans lang="de">
			<word>Stiefel (m.)</word>
		</trans>
		<trans lang="fr">
			<word>botte</word>
		</trans>
	</term>
	<term id="5">
		<trans lang="de">
			<word>Nikolaus (m.)</word>
		</trans>
		<trans lang="fr">
			<word>St-Nicholas (Père Noël?)</word>
		</trans>
	</term>
	<term id="6">
		<trans lang="de">
			<word>Engel (m.)</word>
			<alt>enguel</alt>
		</trans>
		<trans lang="fr">
			<word>ange</word>
		</trans>
	</term>
	<term id="7">
		<trans lang="de">
			<word>Plätzchen (m.)</word>
			<alt>plètsen</alt>
		</trans>
		<trans lang="fr">
			<word>petit gâteau,biscuit</word>
		</trans>
	</term>
	<term id="8">
		<trans lang="de">
			<word>Mandel (f.)</word>
		</trans>
		<trans lang="fr">
			<word>amande</word>
		</trans>
	</term>
	<term id="9">
		<trans lang="de">
			<word>Kokosnuß (f.)</word>
			<alt>kôkos(?)</alt>
		</trans>
		<trans lang="fr">
			<word>noix de coco</word>
		</trans>
	</term>
	<term id="10">
		<trans lang="de">
			<word>Weihnachtsbaum</word>
		</trans>
		<trans lang="fr">
			<word>arbre de Noël</word>
		</trans>
		<comment languages="de-fr">Ich schmücke den Weihbachtsbaum.
Je décore l'arbre de Noël.</comment>
	</term>
	<term id="11">
		<trans lang="de">
			<word>basteln</word>
		</trans>
		<trans lang="fr">
			<word>bricoler</word>
		</trans>
	</term>
	<term id="12">
		<trans lang="de">
			<word>essen</word>
		</trans>
		<trans lang="fr">
			<word>manger</word>
		</trans>
		<comment languages="de-fr">Ich esse ein Stück Kuchen.
Je mange une part de gâteau.</comment>
	</term>
	<term id="13">
		<trans lang="de">
			<word>Geschenk (n.)</word>
		</trans>
		<trans lang="fr">
			<word>cadeau,présent (m.)</word>
		</trans>
		<comment languages="de-fr">Ich schenke Geschenke.
J'offre des présents.</comment>
	</term>
	<term id="14">
		<trans lang="de">
			<word>schenken</word>
		</trans>
		<trans lang="fr">
			<word>offrir,faire cadeau de</word>
		</trans>
	</term>
	<term id="15">
		<trans lang="de">
			<word>Ich wünsche Ihnen Frohe/Fröhliche Weinachten!</word>
		</trans>
		<trans lang="fr">
			<word>Je vous souhaite un joyeux Noël!</word>
		</trans>
	</term>
	<term id="16">
		<trans lang="de">
			<word>feiern</word>
		</trans>
		<trans lang="fr">
			<word>célébrer</word>
		</trans>
		<comment languages="de-fr">Wie feiern Sie Weinachten in Japan?
Comment célébrer-vous Noël au Japon?</comment>
	</term>
</glossary>
