<?xml version="1.0"?>
<glossary id="350" name="JCS1-09" author="">
	<desc></desc>
	<term id="1">
		<trans lang="en">
			<word>skilful, be good at ("N ga")   +</word>
		</trans>
		<trans lang="ja">
			<word>上ず [な]</word>
			<alt>joozu</alt>
		</trans>
	</term>
	<term id="2">
		<trans lang="en">
			<word>unskilful, be bad at ("N ga")   +</word>
		</trans>
		<trans lang="ja">
			<word>下た [な]</word>
			<alt>heta</alt>
		</trans>
	</term>
	<term id="3">
		<trans lang="en">
			<word>time, period   +</word>
		</trans>
		<trans lang="ja">
			<word>時間</word>
			<alt>jikan</alt>
		</trans>
	</term>
	<term id="4">
		<trans lang="en">
			<word># weeks</word>
		</trans>
		<trans lang="ja">
			<word>~しゅう間</word>
			<alt>-shuukan</alt>
		</trans>
	</term>
	<term id="5">
		<trans lang="en">
			<word>bicycle, bike   +</word>
		</trans>
		<trans lang="ja">
			<word>じてん車</word>
			<alt>jitensha</alt>
		</trans>
	</term>
	<term id="6">
		<trans lang="en">
			<word>car</word>
		</trans>
		<trans lang="ja">
			<word>車</word>
			<alt>kuruma</alt>
		</trans>
	</term>
	<term id="7">
		<trans lang="en">
			<word>train, electric train   +</word>
		</trans>
		<trans lang="ja">
			<word>電車</word>
			<alt>densha</alt>
		</trans>
	</term>
	<term id="8">
		<trans lang="en">
			<word>phone number</word>
		</trans>
		<trans lang="ja">
			<word>電話ばんごう</word>
			<alt>denwabangoo</alt>
		</trans>
	</term>
	<term id="9">
		<trans lang="en">
			<word>open (s.th.)</word>
		</trans>
		<trans lang="ja">
			<word>あける</word>
			<alt>akeru</alt>
		</trans>
	</term>
	<term id="10">
		<trans lang="en">
			<word>door</word>
		</trans>
		<trans lang="ja">
			<word>と</word>
			<alt>to</alt>
		</trans>
	</term>
	<term id="11">
		<trans lang="en">
			<word>close (s.th.)</word>
		</trans>
		<trans lang="ja">
			<word>しめる</word>
			<alt>shimeru</alt>
		</trans>
	</term>
	<term id="12">
		<trans lang="en">
			<word>money</word>
		</trans>
		<trans lang="ja">
			<word>お金</word>
			<alt>okane</alt>
		</trans>
	</term>
	<term id="13">
		<trans lang="en">
			<word>beside (space)</word>
		</trans>
		<trans lang="ja">
			<word>よこ</word>
			<alt>yoko</alt>
		</trans>
	</term>
	<term id="14">
		<trans lang="en">
			<word>lights, electricity</word>
		</trans>
		<trans lang="ja">
			<word>電気</word>
			<alt>denki</alt>
		</trans>
	</term>
	<term id="15">
		<trans lang="en">
			<word>turn off, extinguish</word>
		</trans>
		<trans lang="ja">
			<word>けす</word>
			<alt>kesu</alt>
		</trans>
	</term>
	<term id="16">
		<trans lang="en">
			<word>copy, make copies</word>
		</trans>
		<trans lang="ja">
			<word>コピー [する]</word>
			<alt>kopii</alt>
		</trans>
	</term>
	<term id="17">
		<trans lang="en">
			<word>get, take (photograph, copy)</word>
		</trans>
		<trans lang="ja">
			<word>とる</word>
			<alt>toru</alt>
		</trans>
	</term>
	<term id="18">
		<trans lang="en">
			<word>cleaning</word>
		</trans>
		<trans lang="ja">
			<word>そうじ [する]</word>
			<alt>sooji</alt>
		</trans>
	</term>
	<term id="19">
		<trans lang="en">
			<word>turn on, switch on</word>
		</trans>
		<trans lang="ja">
			<word>つける</word>
			<alt>tsukeru</alt>
		</trans>
	</term>
	<term id="20">
		<trans lang="en">
			<word>driving</word>
		</trans>
		<trans lang="ja">
			<word>うんてん [する]</word>
			<alt>unten</alt>
		</trans>
	</term>
	<term id="21">
		<trans lang="en">
			<word>matter, fact, thing (abstract)</word>
		</trans>
		<trans lang="ja">
			<word>こと</word>
			<alt>koto</alt>
		</trans>
	</term>
	<term id="22">
		<trans lang="en">
			<word>forget</word>
		</trans>
		<trans lang="ja">
			<word>わすれる</word>
			<alt>wasureru</alt>
		</trans>
	</term>
	<term id="23">
		<trans lang="en">
			<word>watch, clock</word>
		</trans>
		<trans lang="ja">
			<word>時けい</word>
			<alt>tokei</alt>
		</trans>
	</term>
	<term id="24">
		<trans lang="en">
			<word>busy</word>
		</trans>
		<trans lang="ja">
			<word>いそがしい</word>
			<alt>isogashii</alt>
		</trans>
	</term>
	<term id="25">
		<trans lang="en">
			<word>exam (give an exam)</word>
		</trans>
		<trans lang="ja">
			<word>しけん [する]</word>
			<alt>shiken</alt>
		</trans>
	</term>
	<term id="26">
		<trans lang="en">
			<word>on, over, above (space)</word>
		</trans>
		<trans lang="ja">
			<word>上</word>
			<alt>ue</alt>
		</trans>
	</term>
	<term id="27">
		<trans lang="en">
			<word>under, beneath, below (space)</word>
		</trans>
		<trans lang="ja">
			<word>下</word>
			<alt>shita</alt>
		</trans>
	</term>
	<term id="28">
		<trans lang="en">
			<word>in, inside (space)</word>
		</trans>
		<trans lang="ja">
			<word>中</word>
			<alt>naka</alt>
		</trans>
	</term>
	<term id="29">
		<trans lang="en">
			<word>behind (space)</word>
		</trans>
		<trans lang="ja">
			<word>後ろ</word>
			<alt>ushiro</alt>
		</trans>
	</term>
	<term id="30">
		<trans lang="en">
			<word>right (direction)   +</word>
		</trans>
		<trans lang="ja">
			<word>右</word>
			<alt>migi</alt>
		</trans>
	</term>
	<term id="31">
		<trans lang="en">
			<word>left   +</word>
		</trans>
		<trans lang="ja">
			<word>左</word>
			<alt>hidari</alt>
		</trans>
	</term>
	<term id="32">
		<trans lang="en">
			<word>between (space)</word>
		</trans>
		<trans lang="ja">
			<word>間</word>
			<alt>aida</alt>
		</trans>
	</term>
	<term id="33">
		<trans lang="en">
			<word>bookcase</word>
		</trans>
		<trans lang="ja">
			<word>本ばこ</word>
			<alt>hombako</alt>
		</trans>
	</term>
	<term id="34">
		<trans lang="en">
			<word>drugstore, pharmacy</word>
		</trans>
		<trans lang="ja">
			<word>やっきょく</word>
			<alt>yakkyoku</alt>
		</trans>
	</term>
	<term id="35">
		<trans lang="en">
			<word>sushi restaurant</word>
		</trans>
		<trans lang="ja">
			<word>すしや</word>
			<alt>sushiya</alt>
		</trans>
	</term>
	<term id="36">
		<trans lang="en">
			<word>over there, beyond (space)</word>
		</trans>
		<trans lang="ja">
			<word>むこう</word>
			<alt>mukoo</alt>
		</trans>
	</term>
	<term id="37">
		<trans lang="en">
			<word>building</word>
		</trans>
		<trans lang="ja">
			<word>ビル</word>
			<alt>biru</alt>
		</trans>
	</term>
	<term id="38">
		<trans lang="en">
			<word>beside, close to</word>
		</trans>
		<trans lang="ja">
			<word>そば (space)</word>
			<alt>soba</alt>
		</trans>
	</term>
	<term id="39">
		<trans lang="en">
			<word>cold (air, weather)</word>
		</trans>
		<trans lang="ja">
			<word>さむい</word>
			<alt>samui</alt>
		</trans>
	</term>
	<term id="40">
		<trans lang="en">
			<word>phone, telephone, call</word>
		</trans>
		<trans lang="ja">
			<word>電話 [する]</word>
			<alt>denwa</alt>
		</trans>
	</term>
	<term id="41">
		<trans lang="en">
			<word>make a phone call</word>
		</trans>
		<trans lang="ja">
			<word>~をかける</word>
			<alt>-wo kakeru</alt>
		</trans>
	</term>
	<term id="42">
		<trans lang="en">
			<word>noisy, bothersome, annoying</word>
		</trans>
		<trans lang="ja">
			<word>うるさい</word>
			<alt>urusai</alt>
		</trans>
	</term>
	<term id="43">
		<trans lang="en">
			<word>late</word>
		</trans>
		<trans lang="ja">
			<word>おそい</word>
			<alt>osoi</alt>
		</trans>
	</term>
	<term id="44">
		<trans lang="en">
			<word>oneself</word>
		</trans>
		<trans lang="ja">
			<word>じ分</word>
			<alt>jibun</alt>
		</trans>
	</term>
	<term id="45">
		<trans lang="en">
			<word>send out, put out</word>
		</trans>
		<trans lang="ja">
			<word>だす</word>
			<alt>dasu</alt>
		</trans>
	</term>
	<term id="46">
		<trans lang="en">
			<word>contact, connection</word>
		</trans>
		<trans lang="ja">
			<word>れんらく [する]</word>
			<alt>renraku</alt>
		</trans>
	</term>
	<term id="47">
		<trans lang="en">
			<word>look out, take care ("N ni")</word>
		</trans>
		<trans lang="ja">
			<word>気をつける</word>
			<alt>kiwo tsukeru</alt>
		</trans>
	</term>
	<term id="48">
		<trans lang="en">
			<word>neatly</word>
		</trans>
		<trans lang="ja">
			<word>きちんと</word>
			<alt>kichinto</alt>
		</trans>
	</term>
	<term id="49">
		<trans lang="en">
			<word>lock</word>
		</trans>
		<trans lang="ja">
			<word>かぎをかける</word>
			<alt>kagiwo kakeru</alt>
		</trans>
	</term>
	<term id="50">
		<trans lang="en">
			<word>fire</word>
		</trans>
		<trans lang="ja">
			<word>火</word>
			<alt>hi</alt>
		</trans>
	</term>
	<term id="51">
		<trans lang="en">
			<word>pay</word>
		</trans>
		<trans lang="ja">
			<word>はらう</word>
			<alt>harau</alt>
		</trans>
	</term>
	<term id="52">
		<trans lang="en">
			<word>trash, rubbish</word>
		</trans>
		<trans lang="ja">
			<word>ごみ</word>
			<alt>gomi</alt>
		</trans>
	</term>
	<term id="53">
		<trans lang="en">
			<word>voice</word>
		</trans>
		<trans lang="ja">
			<word>こえ</word>
			<alt>koe</alt>
		</trans>
	</term>
	<term id="54">
		<trans lang="en">
			<word>pet (keep pets)</word>
		</trans>
		<trans lang="ja">
			<word>ペット [をかう]</word>
			<alt>petto</alt>
		</trans>
	</term>
	<term id="55">
		<trans lang="en">
			<word>laundry, washing</word>
		</trans>
		<trans lang="ja">
			<word>せんたく [する]</word>
			<alt>sentaku</alt>
		</trans>
	</term>
	<term id="56">
		<trans lang="en">
			<word>put, place</word>
		</trans>
		<trans lang="ja">
			<word>おく</word>
			<alt>oku</alt>
		</trans>
	</term>
	<term id="57">
		<trans lang="en">
			<word>centre, middle</word>
		</trans>
		<trans lang="ja">
			<word>まん中</word>
			<alt>mannaka</alt>
		</trans>
	</term>
	<term id="58">
		<trans lang="en">
			<word>speaker</word>
		</trans>
		<trans lang="ja">
			<word>スピーカー</word>
			<alt>supiikaa</alt>
		</trans>
	</term>
	<term id="59">
		<trans lang="en">
			<word>futon, Jap. bedding</word>
		</trans>
		<trans lang="ja">
			<word>ふとん</word>
			<alt>futon</alt>
		</trans>
	</term>
	<term id="60">
		<trans lang="en">
			<word>calendar</word>
		</trans>
		<trans lang="ja">
			<word>カレンダー</word>
			<alt>karendaa</alt>
		</trans>
	</term>
	<term id="61">
		<trans lang="en">
			<word>picture, painting</word>
		</trans>
		<trans lang="ja">
			<word>え</word>
			<alt>e</alt>
		</trans>
	</term>
	<term id="62">
		<trans lang="en">
			<word>heater</word>
		</trans>
		<trans lang="ja">
			<word>ストーブ</word>
			<alt>sutoobu</alt>
		</trans>
	</term>
	<term id="63">
		<trans lang="en">
			<word>this vicinity, about here</word>
		</trans>
		<trans lang="ja">
			<word>このあたり</word>
			<alt>konoatari</alt>
		</trans>
	</term>
	<term id="64">
		<trans lang="en">
			<word>neighbouring, next door</word>
		</trans>
		<trans lang="ja">
			<word>となり</word>
			<alt>tonari</alt>
		</trans>
	</term>
	<term id="65">
		<trans lang="en">
			<word>stationary</word>
		</trans>
		<trans lang="ja">
			<word>ぶんぼうぐ</word>
			<alt>bumboogu</alt>
		</trans>
	</term>
	<term id="66">
		<trans lang="en">
			<word>-shop, store for ...</word>
		</trans>
		<trans lang="ja">
			<word>~や</word>
			<alt>-ya</alt>
		</trans>
	</term>
	<term id="67">
		<trans lang="en">
			<word>camera</word>
		</trans>
		<trans lang="ja">
			<word>カメラ</word>
			<alt>kamera</alt>
		</trans>
	</term>
	<term id="68">
		<trans lang="en">
			<word>bread</word>
		</trans>
		<trans lang="ja">
			<word>パン</word>
			<alt>pan</alt>
		</trans>
	</term>
	<term id="69">
		<trans lang="en">
			<word>public bath</word>
		</trans>
		<trans lang="ja">
			<word>せんとう</word>
			<alt>sentoo</alt>
		</trans>
	</term>
	<term id="70">
		<trans lang="en">
			<word>record, LP</word>
		</trans>
		<trans lang="ja">
			<word>レコード</word>
			<alt>rekoodo</alt>
		</trans>
	</term>
	<term id="71">
		<trans lang="en">
			<word>hospital</word>
		</trans>
		<trans lang="ja">
			<word>びょういん</word>
			<alt>byooin</alt>
		</trans>
	</term>
	<term id="72">
		<trans lang="en">
			<word>barber, barbershop</word>
		</trans>
		<trans lang="ja">
			<word>とこや</word>
			<alt>tokoya</alt>
		</trans>
	</term>
	<term id="73">
		<trans lang="en">
			<word>rain   +</word>
		</trans>
		<trans lang="ja">
			<word>雨 [がふる]</word>
			<alt>ame</alt>
		</trans>
	</term>
</glossary>
