<?xml version="1.0"?>
<glossary id="173" name="37" author="Frédéric Bergeron">
	<desc></desc>
	<term id="1">
		<trans lang="es">
			<word>piel,cutis</word>
		</trans>
		<trans lang="fr">
			<word>peau</word>
		</trans>
	</term>
	<term id="2">
		<trans lang="es">
			<word>curtir</word>
		</trans>
		<trans lang="fr">
			<word>hâler,basaner,bronzer</word>
		</trans>
	</term>
	<term id="3">
		<trans lang="es">
			<word>tejido</word>
		</trans>
		<trans lang="fr">
			<word>tissu</word>
		</trans>
	</term>
	<term id="4">
		<trans lang="es">
			<word>jadear</word>
		</trans>
		<trans lang="fr">
			<word>haleter</word>
		</trans>
	</term>
	<term id="5">
		<trans lang="es">
			<word>despiadado</word>
		</trans>
		<trans lang="fr">
			<word>impitoyable</word>
		</trans>
	</term>
	<term id="6">
		<trans lang="es">
			<word>retrasar</word>
		</trans>
		<trans lang="fr">
			<word>retarder</word>
		</trans>
	</term>
</glossary>
