<?xml version="1.0"?>
<glossary id="316" name="JBPI-19" author="">
	<desc></desc>
	<term id="1">
		<trans lang="en">
			<word>this week</word>
		</trans>
		<trans lang="ja">
			<word>こんしゅう</word>
			<alt>konshuu</alt>
		</trans>
	</term>
	<term id="2">
		<trans lang="en">
			<word>only</word>
		</trans>
		<trans lang="ja">
			<word>だけ</word>
			<alt>dake</alt>
		</trans>
	</term>
	<term id="3">
		<trans lang="en">
			<word>temple, Buddhist temple</word>
		</trans>
		<trans lang="ja">
			<word>おてら</word>
			<alt>otera</alt>
		</trans>
	</term>
	<term id="4">
		<trans lang="en">
			<word># hours</word>
		</trans>
		<trans lang="ja">
			<word>~じかん</word>
			<alt>-jikan</alt>
		</trans>
	</term>
	<term id="5">
		<trans lang="en">
			<word>for two hours, 2 hours</word>
		</trans>
		<trans lang="ja">
			<word>二じかん</word>
			<alt>nijikan</alt>
		</trans>
	</term>
	<term id="6">
		<trans lang="en">
			<word>how long?</word>
		</trans>
		<trans lang="ja">
			<word>どのぐらい</word>
			<alt>donogurai</alt>
		</trans>
	</term>
	<term id="7">
		<trans lang="en">
			<word># weeks</word>
		</trans>
		<trans lang="ja">
			<word>~しゅうかん</word>
			<alt>-shuukan</alt>
		</trans>
	</term>
	<term id="8">
		<trans lang="en">
			<word>for four weeks, 4 weeks</word>
		</trans>
		<trans lang="ja">
			<word>四しゅうかん</word>
			<alt>yonshuukan</alt>
		</trans>
	</term>
	<term id="9">
		<trans lang="en">
			<word>a little, some, a few</word>
		</trans>
		<trans lang="ja">
			<word>すこし</word>
			<alt>sukoshi</alt>
		</trans>
	</term>
</glossary>
