<?xml version="1.0"?>
<glossary id="380" name="p114-118" author="Frédéric Bergeron">
	<desc></desc>
	<term id="1">
		<trans lang="es">
			<word>tajo</word>
		</trans>
		<trans lang="fr">
			<word>coupure (f.)</word>
		</trans>
	</term>
	<term id="2">
		<trans lang="es">
			<word>hielo</word>
		</trans>
		<trans lang="fr">
			<word>glace (f.)</word>
		</trans>
	</term>
	<term id="3">
		<trans lang="es">
			<word>trucha</word>
		</trans>
		<trans lang="fr">
			<word>truite (f.)</word>
		</trans>
	</term>
</glossary>
