<?xml version="1.0"?>
<glossary id="278" name="8.0" author="Frédéric Bergeron">
	<desc></desc>
	<term id="1">
		<trans lang="en">
			<word>mold,model,style,shape,data-type</word>
		</trans>
		<trans lang="ja">
			<word>型</word>
			<alt>かた</alt>
		</trans>
		<comment languages="en-ja">基本的なデータ型
basic data type</comment>
	</term>
	<term id="2">
		<trans lang="en">
			<word>commonness,community</word>
		</trans>
		<trans lang="ja">
			<word>共通</word>
			<alt>きょうつう</alt>
		</trans>
	</term>
	<term id="3">
		<trans lang="en">
			<word>title,degree,address (on letter),criminal record</word>
		</trans>
		<trans lang="ja">
			<word>肩書き</word>
			<alt>かたがき</alt>
		</trans>
		<comment languages="en-ja">Rubyには「オブジェクト指向スクリプト言語」という肩書きがあります。
Ruby is known as an "object-oriented scripting language".</comment>
	</term>
	<term id="4">
		<trans lang="en">
			<word>general idea,concept,notion</word>
		</trans>
		<trans lang="ja">
			<word>概念</word>
			<alt>がいねん</alt>
		</trans>
	</term>
</glossary>
