<?xml version="1.0"?>
<glossary id="19" name="20" author="">
	<desc></desc>
	<term id="1">
		<trans lang="en">
			<word>plate</word>
		</trans>
		<trans lang="ja">
			<word>皿 (5)</word>
			<alt>さら；ざら</alt>
		</trans>
		<comment languages="en-ja">皿 ; さら ; plate; dish</comment>
	</term>
	<term id="2">
		<trans lang="en">
			<word>voice</word>
		</trans>
		<trans lang="ja">
			<word>声 (7)</word>
			<alt>こえ；セイ</alt>
		</trans>
		<comment languages="en-ja">声 ; こえ ; voice</comment>
	</term>
	<term id="3">
		<trans lang="en">
			<word>tea</word>
		</trans>
		<trans lang="ja">
			<word>茶 (9)</word>
			<alt>チャ；サ</alt>
		</trans>
		<comment languages="en-ja">お茶 ; おちゃ ; Japanese tea
茶店 ; ちゃみせ ; teahouse
茶色 ; ちゃいろ ; brown
喫茶店 ; きっさてん ; cafe; coffeehouse
紅茶 ; こうちゃ ; black tea</comment>
	</term>
	<term id="4">
		<trans lang="en">
			<word>to stop</word>
		</trans>
		<trans lang="ja">
			<word>止 (4)</word>
			<alt>と；シ</alt>
		</trans>
		<comment languages="en-ja">止まる ; とまる ; (something) stops
静止 ; せいし ; to stand still</comment>
	</term>
	<term id="5">
		<trans lang="en">
			<word>sheet of ...</word>
		</trans>
		<trans lang="ja">
			<word>枚 (8)</word>
			<alt>マイ</alt>
		</trans>
		<comment languages="en-ja">一枚 ; いちまい ; one sheet</comment>
	</term>
	<term id="6">
		<trans lang="en">
			<word>both</word>
		</trans>
		<trans lang="ja">
			<word>両 (6)</word>
			<alt>リョウ</alt>
		</trans>
		<comment languages="en-ja">両親 ; りょうしん ; parents
両替 ; りょうがえ ; exchange of money
車両 ; しゃりょう ; vehicles; cars
両方 ; りょうほう ; both</comment>
	</term>
	<term id="7">
		<trans lang="en">
			<word>none</word>
		</trans>
		<trans lang="ja">
			<word>無 (12)</word>
			<alt>ム；ブ；な</alt>
		</trans>
		<comment languages="en-ja">無理 ; むり ; impossible
無効 ; むこう ; invalidity
無礼な ; ぶれいな ; rude</comment>
	</term>
	<term id="8">
		<trans lang="en">
			<word>to pay</word>
		</trans>
		<trans lang="ja">
			<word>払 (5)</word>
			<alt>はら；ばら</alt>
		</trans>
		<comment languages="en-ja">払う ; はらう ; to pay
支払い ; しはらい ; payment
前払い ; まえばらい ; payment in advance</comment>
	</term>
	<term id="9">
		<trans lang="en">
			<word>heart; mind</word>
		</trans>
		<trans lang="ja">
			<word>心 (4)</word>
			<alt>こころ；シン</alt>
		</trans>
		<comment languages="en-ja">安心 ; あんしん ; relief
心 ; こころ ; heart
心配する ; しんぱいする ; to worry
心配な ; しんぱいな ; worried about
熱心な ; ねしんな ; eager; enthusiastic
良心 ; りょうしん ; conscience
決心する ; けっしんする ; to make up one's mind
心理学 ; しんりがく ; psychology
関心 ; かんしん ; interest
感心する ; かんしんする ; to be impressed</comment>
	</term>
	<term id="10">
		<trans lang="en">
			<word>to laugh</word>
		</trans>
		<trans lang="ja">
			<word>笑 (10)</word>
			<alt>わら；え；ショウ</alt>
		</trans>
		<comment languages="en-ja">笑う ; わらう ; to laugh
微笑む ; ほほえむ ; to smile
笑顔 ; えがお ; a smiling face</comment>
	</term>
	<term id="11">
		<trans lang="en">
			<word>to discontinue</word>
		</trans>
		<trans lang="ja">
			<word>絶 (12)</word>
			<alt>ゼッ；た；ゼツ</alt>
		</trans>
		<comment languages="en-ja">絶対に ; ぜったいに ; definitely
絶えず ; たえず ; constantly</comment>
	</term>
	<term id="12">
		<trans lang="en">
			<word>opposite</word>
		</trans>
		<trans lang="ja">
			<word>対 (7)</word>
			<alt>タイ；ツイ</alt>
		</trans>
		<comment languages="en-ja">絶対に ; ぜったいに ; definitely
対談 ; たいだん ; a face-to-face talk
対比する ; たいひする ; to contrast
〜に対して ; 〜にたいして ; against ~
反対する ; はんたいする ; to oppose
対応 ; たいおう ; correspondence
２対３ ; ２たい３ ; 2 to 3</comment>
	</term>
	<term id="13">
		<trans lang="en">
			<word>pain</word>
		</trans>
		<trans lang="ja">
			<word>痛 (12)</word>
			<alt>いた；ツウ</alt>
		</trans>
		<comment languages="en-ja">痛い ; いたい ; painful
頭痛 ; ずつう ; headache</comment>
	</term>
	<term id="14">
		<trans lang="en">
			<word>utmost</word>
		</trans>
		<trans lang="ja">
			<word>最 (12)</word>
			<alt>サイ；もっと</alt>
		</trans>
		<comment languages="en-ja">最悪 ; さいあく ; the worst
最高 ; さいこう ; the best
最後に ; さいごに ; lastly
最初 ; さいしょ ; first
最良 ; さいりょう ; the best</comment>
	</term>
	<term id="15">
		<trans lang="en">
			<word>to continue</word>
		</trans>
		<trans lang="ja">
			<word>続 (13)</word>
			<alt>つづ；ゾク</alt>
		</trans>
	</term>
</glossary>
