<?xml version="1.0"?>
<glossary id="259" name="46" author="Frédéric Bergeron">
	<desc></desc>
	<term id="1" imagePath="1.gif">
		<trans lang="en">
			<word>punctuation marks</word>
		</trans>
		<trans lang="ja">
			<word>句読点</word>
			<alt>くとうてん</alt>
		</trans>
	</term>
	<term id="2">
		<trans lang="en">
			<word>sentence</word>
		</trans>
		<trans lang="ja">
			<word>文</word>
			<alt>ぶん</alt>
		</trans>
	</term>
	<term id="3" imagePath="3.gif">
		<trans lang="en">
			<word>the oldest</word>
		</trans>
		<trans lang="ja">
			<word>最古</word>
			<alt>さいこ</alt>
		</trans>
	</term>
	<term id="4" imagePath="4.gif">
		<trans lang="en">
			<word>quotation,citation</word>
		</trans>
		<trans lang="ja">
			<word>引用</word>
			<alt>いんよう</alt>
		</trans>
		<comment languages="en-ja">
</comment>
	</term>
	<term id="5" imagePath="5.gif">
		<trans lang="en">
			<word>printed matter</word>
		</trans>
		<trans lang="ja">
			<word>印刷物</word>
			<alt>いんさつぶつ</alt>
		</trans>
	</term>
	<term id="6" imagePath="6.gif">
		<trans lang="en">
			<word>century,era</word>
		</trans>
		<trans lang="ja">
			<word>世紀</word>
			<alt>せいき</alt>
		</trans>
	</term>
	<term id="7" imagePath="7.gif">
		<trans lang="en">
			<word>era,A.D.</word>
		</trans>
		<trans lang="ja">
			<word>紀元</word>
			<alt>きげん</alt>
		</trans>
	</term>
	<term id="8">
		<trans lang="en">
			<word>from time immemorial,ancient</word>
		</trans>
		<trans lang="ja">
			<word>古来</word>
			<alt>こらい</alt>
		</trans>
	</term>
	<term id="9" imagePath="9.gif">
		<trans lang="en">
			<word>gravity</word>
		</trans>
		<trans lang="ja">
			<word>引力</word>
			<alt>いんりょく</alt>
		</trans>
	</term>
	<term id="10" imagePath="10.gif">
		<trans lang="en">
			<word>This world</word>
		</trans>
		<trans lang="ja">
			<word>時世</word>
			<alt>じせい</alt>
		</trans>
		<comment languages="en-ja">時世が大きく変化した。
Our world has changed a lot.</comment>
	</term>
	<term id="11" imagePath="11.gif">
		<trans lang="en">
			<word>traveller's journal</word>
		</trans>
		<trans lang="ja">
			<word>紀行文</word>
			<alt>きこうぶん</alt>
		</trans>
	</term>
	<term id="12">
		<trans lang="en">
			<word>old customs,old style</word>
		</trans>
		<trans lang="ja">
			<word>古風</word>
			<alt>こふう</alt>
		</trans>
	</term>
	<term id="13" imagePath="13.gif">
		<trans lang="en">
			<word>posterity,future life,life to come</word>
		</trans>
		<trans lang="ja">
			<word>後世</word>
			<alt>こうせい</alt>
		</trans>
	</term>
	<term id="14" imagePath="14.gif">
		<trans lang="en">
			<word>impression</word>
		</trans>
		<trans lang="ja">
			<word>印象</word>
			<alt>いんしょう</alt>
		</trans>
	</term>
</glossary>
