<?xml version="1.0"?>
<glossary id="40" name="Genki 18" author="">
	<desc></desc>
	<term id="836">
		<trans lang="en">
			<word>the rest</word>
		</trans>
		<trans lang="ja">
			<word>後</word>
			<alt>あと</alt>
		</trans>
	</term>
	<term id="837">
		<trans lang="en">
			<word>air conditioner</word>
		</trans>
		<trans lang="ja">
			<alt>エアコン</alt>
		</trans>
	</term>
	<term id="838">
		<trans lang="en">
			<word>curtain</word>
		</trans>
		<trans lang="ja">
			<alt>カーテン</alt>
		</trans>
	</term>
	<term id="839">
		<trans lang="en">
			<word>milk</word>
		</trans>
		<trans lang="ja">
			<word>牛乳</word>
			<alt>ぎゅうにゅう</alt>
		</trans>
	</term>
	<term id="840">
		<trans lang="en">
			<word>shampoo</word>
		</trans>
		<trans lang="ja">
			<alt>シャンプー</alt>
		</trans>
	</term>
	<term id="841">
		<trans lang="en">
			<word>switch</word>
		</trans>
		<trans lang="ja">
			<alt>スイッチ</alt>
		</trans>
	</term>
	<term id="842">
		<trans lang="en">
			<word>skirt</word>
		</trans>
		<trans lang="ja">
			<alt>スカート</alt>
		</trans>
	</term>
	<term id="843">
		<trans lang="en">
			<word>soy sauce</word>
		</trans>
		<trans lang="ja">
			<word>しょう油</word>
			<alt>しょうゆ</alt>
		</trans>
	</term>
	<term id="844">
		<trans lang="en">
			<word>outside</word>
		</trans>
		<trans lang="ja">
			<word>外</word>
			<alt>そと</alt>
		</trans>
	</term>
	<term id="845">
		<trans lang="en">
			<word>towel</word>
		</trans>
		<trans lang="ja">
			<alt>タオル</alt>
		</trans>
	</term>
	<term id="846">
		<trans lang="en">
			<word>diary</word>
		</trans>
		<trans lang="ja">
			<word>日記</word>
			<alt>にっき</alt>
		</trans>
	</term>
	<term id="847">
		<trans lang="en">
			<word>popcorn</word>
		</trans>
		<trans lang="ja">
			<alt>ポップコーン</alt>
		</trans>
	</term>
	<term id="848">
		<trans lang="en">
			<word>rent</word>
		</trans>
		<trans lang="ja">
			<word>家賃</word>
			<alt>やちん</alt>
		</trans>
	</term>
	<term id="849">
		<trans lang="en">
			<word>evening</word>
		</trans>
		<trans lang="ja">
			<word>夕方</word>
			<alt>ゆうがた</alt>
		</trans>
	</term>
	<term id="850">
		<trans lang="en">
			<word>cassette player with a radio</word>
		</trans>
		<trans lang="ja">
			<alt>ラジカセ</alt>
		</trans>
	</term>
	<term id="851">
		<trans lang="en">
			<word>answering machine</word>
		</trans>
		<trans lang="ja">
			<word>留守番電話</word>
			<alt>るすばんでんわ</alt>
		</trans>
	</term>
	<term id="852">
		<trans lang="en">
			<word>refrigerator</word>
		</trans>
		<trans lang="ja">
			<word>冷蔵庫</word>
			<alt>れいぞうこ</alt>
		</trans>
	</term>
	<term id="853">
		<trans lang="en">
			<word>candle</word>
		</trans>
		<trans lang="ja">
			<alt>ろうそく</alt>
		</trans>
	</term>
	<term id="854">
		<trans lang="en">
			<word>bright</word>
		</trans>
		<trans lang="ja">
			<word>明るい</word>
			<alt>あかるい</alt>
		</trans>
	</term>
	<term id="855">
		<trans lang="en">
			<word>to feel sick</word>
		</trans>
		<trans lang="ja">
			<word>気分が悪い</word>
			<alt>きぶんがわるい</alt>
		</trans>
	</term>
	<term id="856">
		<trans lang="en">
			<word>embarassing; to feel embarassed</word>
		</trans>
		<trans lang="ja">
			<word>恥ずかしい</word>
			<alt>はずかしい</alt>
		</trans>
	</term>
	<term id="857">
		<trans lang="en">
			<word>(something) opens</word>
		</trans>
		<trans lang="ja">
			<word>開く</word>
			<alt>あく</alt>
		</trans>
	</term>
	<term id="858">
		<trans lang="en">
			<word>to apologize</word>
		</trans>
		<trans lang="ja">
			<word>謝る</word>
			<alt>あやまる</alt>
		</trans>
	</term>
	<term id="859">
		<trans lang="en">
			<word>to press; to push</word>
		</trans>
		<trans lang="ja">
			<word>押す</word>
			<alt>おす</alt>
		</trans>
	</term>
	<term id="860">
		<trans lang="en">
			<word>to drop (something)</word>
		</trans>
		<trans lang="ja">
			<word>落とす</word>
			<alt>おとす</alt>
		</trans>
	</term>
	<term id="861">
		<trans lang="en">
			<word>water boils</word>
		</trans>
		<trans lang="ja">
			<word>お湯が沸く</word>
			<alt>おゆがわく</alt>
		</trans>
	</term>
	<term id="862">
		<trans lang="en">
			<word>to fall down</word>
		</trans>
		<trans lang="ja">
			<word>転ぶ</word>
			<alt>ころぶ</alt>
		</trans>
	</term>
	<term id="863">
		<trans lang="en">
			<word>to break (something)</word>
		</trans>
		<trans lang="ja">
			<word>壊す</word>
			<alt>こわす</alt>
		</trans>
	</term>
	<term id="864">
		<trans lang="en">
			<word>to bloom</word>
		</trans>
		<trans lang="ja">
			<word>咲く</word>
			<alt>さく</alt>
		</trans>
	</term>
	<term id="865">
		<trans lang="en">
			<word>(something) closes</word>
		</trans>
		<trans lang="ja">
			<word>閉まる</word>
			<alt>しまる</alt>
		</trans>
	</term>
	<term id="866">
		<trans lang="en">
			<word>to be saved; to be helped</word>
		</trans>
		<trans lang="ja">
			<word>助かる</word>
			<alt>たすかる</alt>
		</trans>
	</term>
	<term id="867">
		<trans lang="en">
			<word>to ask (a favor)</word>
		</trans>
		<trans lang="ja">
			<word>頼む</word>
			<alt>たのむ</alt>
		</trans>
	</term>
	<term id="868">
		<trans lang="en">
			<word>(something) turns on</word>
		</trans>
		<trans lang="ja">
			<alt>つく</alt>
		</trans>
	</term>
	<term id="869">
		<trans lang="en">
			<word>to make dirty</word>
		</trans>
		<trans lang="ja">
			<word>汚す</word>
			<alt>よごす</alt>
		</trans>
	</term>
	<term id="870">
		<trans lang="en">
			<word>(something) drops</word>
		</trans>
		<trans lang="ja">
			<word>落ちる</word>
			<alt>おちる</alt>
		</trans>
	</term>
	<term id="871">
		<trans lang="en">
			<word>to think (about); to consider</word>
		</trans>
		<trans lang="ja">
			<word>考える</word>
			<alt>かんがえる</alt>
		</trans>
	</term>
	<term id="872">
		<trans lang="en">
			<word>(something) goes off</word>
		</trans>
		<trans lang="ja">
			<word>消える</word>
			<alt>きえる</alt>
		</trans>
	</term>
	<term id="873">
		<trans lang="en">
			<word>(something) breaks</word>
		</trans>
		<trans lang="ja">
			<word>壊れる</word>
			<alt>こわれる</alt>
		</trans>
	</term>
	<term id="874">
		<trans lang="en">
			<word>to become dirty</word>
		</trans>
		<trans lang="ja">
			<word>汚れる</word>
			<alt>よごれる</alt>
		</trans>
	</term>
	<term id="875">
		<trans lang="en">
			<word>to place an order</word>
		</trans>
		<trans lang="ja">
			<word>注文する</word>
			<alt>ちゅうもんする</alt>
		</trans>
	</term>
	<term id="876">
		<trans lang="en">
			<word>right away</word>
		</trans>
		<trans lang="ja">
			<word>今すぐ</word>
			<alt>いますぐ</alt>
		</trans>
	</term>
	<term id="877">
		<trans lang="en">
			<word>thanks to ...</word>
		</trans>
		<trans lang="ja">
			<alt>おかげで</alt>
		</trans>
	</term>
	<term id="878">
		<trans lang="en">
			<word>"See you. (lit., I'm leaving ahead of you.)"</word>
		</trans>
		<trans lang="ja">
			<word>お先に失礼します</word>
			<alt>おさきにしつれいします</alt>
		</trans>
	</term>
	<term id="879">
		<trans lang="en">
			<word>You must be tired after working so hard. (ritualistic expression)</word>
		</trans>
		<trans lang="ja">
			<word>お疲れ様でした</word>
			<alt>おつかれさまでした</alt>
		</trans>
	</term>
	<term id="880">
		<trans lang="en">
			<word>really</word>
		</trans>
		<trans lang="ja">
			<word>本当に</word>
			<alt>ほんとうに</alt>
		</trans>
	</term>
	<term id="881">
		<trans lang="en">
			<word>first of all</word>
		</trans>
		<trans lang="ja">
			<alt>まず</alt>
		</trans>
	</term>
	<term id="882">
		<trans lang="en">
			<word>by (time/date)</word>
		</trans>
		<trans lang="ja">
			<alt>~までに</alt>
		</trans>
	</term>
	<term id="883">
		<trans lang="en">
			<word>What should I/we do?</word>
		</trans>
		<trans lang="ja">
			<alt>どうしよう</alt>
		</trans>
	</term>
</glossary>
