<?xml version="1.0"?>
<glossary id="244" name="怪鳥ホヤホヤ" author="Frédéric Bergeron">
	<desc>The words of this glossary are taken from this children book telling the eventful day of Hoyahoya, the bird, when he lost all the magical diamonds from his necklace.  The story occurs in Zokuzoku town where strange creatures are common sight.</desc>
	<term id="1">
		<trans lang="en">
			<word>young bird,chick,doll</word>
		</trans>
		<trans lang="ja">
			<word>雛</word>
			<alt>ひな</alt>
		</trans>
	</term>
	<term id="2">
		<trans lang="en">
			<word>cave</word>
		</trans>
		<trans lang="ja">
			<word>洞穴</word>
			<alt>ほらあな</alt>
		</trans>
	</term>
	<term id="3">
		<trans lang="en">
			<word>your order,your business,official business</word>
		</trans>
		<trans lang="ja">
			<word>ご用</word>
			<alt>ごよう</alt>
		</trans>
	</term>
	<term id="4">
		<trans lang="en">
			<word>delivery,distribution (to)</word>
		</trans>
		<trans lang="ja">
			<word>配達(する)</word>
			<alt>はいたつ(する)</alt>
		</trans>
	</term>
	<term id="5">
		<trans lang="en">
			<word>treasure,treasured article</word>
		</trans>
		<trans lang="ja">
			<word>秘宝</word>
			<alt>ひほう</alt>
		</trans>
	</term>
	<term id="6">
		<trans lang="en">
			<word>to hold in one's mouth</word>
		</trans>
		<trans lang="ja">
			<word>銜える</word>
			<alt>くわえる</alt>
		</trans>
		<comment languages="en-ja">ホヤホヤは、包帯を銜えると、飛び立ちました。
Hoyahoya put the bandage in its mouth and took off.</comment>
	</term>
	<term id="7">
		<trans lang="en">
			<word>to cross [over],to pass through/over</word>
		</trans>
		<trans lang="ja">
			<word>越える</word>
			<alt>こえる</alt>
		</trans>
		<comment languages="en-ja">川を越えた。
He passed over the river.</comment>
	</term>
	<term id="8">
		<trans lang="en">
			<word>to coil (around),to cling to</word>
		</trans>
		<trans lang="ja">
			<word>纒わり付く</word>
			<alt>まとわりつく</alt>
		</trans>
	</term>
	<term id="9">
		<trans lang="en">
			<word>to exchange,to replace</word>
		</trans>
		<trans lang="ja">
			<word>取り替える</word>
			<alt>とりかえる</alt>
		</trans>
	</term>
	<term id="10">
		<trans lang="en">
			<word>morass of mud</word>
		</trans>
		<trans lang="ja">
			<word>泥んこ</word>
			<alt>どろんこ</alt>
		</trans>
		<comment languages="en-ja">泥んこの色になりました。
He became brown like mud.</comment>
	</term>
	<term id="11">
		<trans lang="en">
			<word>to flap (wings)</word>
		</trans>
		<trans lang="ja">
			<word>羽撃く</word>
			<alt>はばたく</alt>
		</trans>
	</term>
	<term id="12">
		<trans lang="en">
			<word>to be torn off,to be torn to pieces</word>
		</trans>
		<trans lang="ja">
			<word>千切れる</word>
			<alt>ちぎれる</alt>
		</trans>
	</term>
	<term id="13">
		<trans lang="en">
			<word>randomly,recklessly,blindly</word>
		</trans>
		<trans lang="ja">
			<word>矢鱈に</word>
			<alt>やたらに</alt>
		</trans>
	</term>
	<term id="14">
		<trans lang="en">
			<word>drama,play</word>
		</trans>
		<trans lang="ja">
			<word>劇</word>
			<alt>げき</alt>
		</trans>
	</term>
	<term id="15">
		<trans lang="en">
			<word>hill,height</word>
		</trans>
		<trans lang="ja">
			<word>丘</word>
			<alt>おか</alt>
		</trans>
	</term>
	<term id="16">
		<trans lang="en">
			<word>sudden,abrupt,unexpected,improvised</word>
		</trans>
		<trans lang="ja">
			<word>俄か</word>
			<alt>にわか</alt>
		</trans>
		<comment languages="en-ja">今日は、どこに俄か雨をふらせちゃろうか？
Where should we bring sudden rain today?</comment>
	</term>
	<term id="17">
		<trans lang="en">
			<word>dispatch,sending (to)</word>
		</trans>
		<trans lang="ja">
			<word>差遣(する)</word>
			<alt>さけん(する)</alt>
		</trans>
	</term>
	<term id="18">
		<trans lang="en">
			<word>in all directions</word>
		</trans>
		<trans lang="ja">
			<word>四方八方</word>
			<alt>しほうはっぽう</alt>
		</trans>
		<comment languages="en-ja">全てのダイアモンドが四方八方へ飛び散りました。
All the diamonds fell away in all directions.</comment>
	</term>
	<term id="19">
		<trans lang="en">
			<word>above ground</word>
		</trans>
		<trans lang="ja">
			<word>地上</word>
			<alt>ちじょう</alt>
		</trans>
	</term>
	<term id="20">
		<trans lang="en">
			<word>to drift about,to float,to hang in air</word>
		</trans>
		<trans lang="ja">
			<word>漂う</word>
			<alt>ただよう</alt>
		</trans>
	</term>
	<term id="21">
		<trans lang="en">
			<word>escape (to)</word>
		</trans>
		<trans lang="ja">
			<word>脱出(する)</word>
			<alt>だっしゅつ(する)</alt>
		</trans>
	</term>
	<term id="22">
		<trans lang="en">
			<word>to assemble,to set up,to construct</word>
		</trans>
		<trans lang="ja">
			<word>組み立てる</word>
			<alt>くみたてる</alt>
		</trans>
	</term>
	<term id="23">
		<trans lang="en">
			<word>roof</word>
		</trans>
		<trans lang="ja">
			<word>屋根</word>
			<alt>やね</alt>
		</trans>
	</term>
	<term id="24">
		<trans lang="en">
			<word>to turn over,to turn head over heels</word>
		</trans>
		<trans lang="ja">
			<word>でんぐり返る</word>
			<alt>でんぐりかえる</alt>
		</trans>
	</term>
	<term id="25">
		<trans lang="en">
			<word>shooting star,meteor</word>
		</trans>
		<trans lang="ja">
			<word>流れ星</word>
			<alt>ながれぼし</alt>
		</trans>
	</term>
	<term id="26">
		<trans lang="en">
			<word>open field,empty lot,plain</word>
		</trans>
		<trans lang="ja">
			<word>原っぱ</word>
			<alt>はらっぱ</alt>
		</trans>
	</term>
	<term id="27">
		<trans lang="en">
			<word>to throb,to ache</word>
		</trans>
		<trans lang="ja">
			<word>疼く</word>
			<alt>うずく</alt>
		</trans>
		<comment languages="en-ja">ホヤホヤが、池の辺に疼く待って、パーパー泣いていた。
Hoyahoya was waiting and crying by the bond, his body throbbing.</comment>
	</term>
	<term id="28">
		<trans lang="en">
			<word>to grumble,to complain</word>
		</trans>
		<trans lang="ja">
			<word>ぼやく</word>
			<alt>ぼやく</alt>
		</trans>
	</term>
	<term id="29">
		<trans lang="en">
			<word>to slip into,to crawl into (under),to conceal oneself (under)</word>
		</trans>
		<trans lang="ja">
			<word>潜り込む</word>
			<alt>もぐりこむ</alt>
		</trans>
	</term>
	<term id="30">
		<trans lang="en">
			<word>to rise to the surface</word>
		</trans>
		<trans lang="ja">
			<word>浮かび上がる</word>
			<alt>うかびあがる</alt>
		</trans>
	</term>
	<term id="31">
		<trans lang="en">
			<word>tease,prank,trick,practical joke,mischief (to)</word>
		</trans>
		<trans lang="ja">
			<word>悪戯(する)</word>
			<alt>いたずら(する)</alt>
		</trans>
		<comment languages="en-ja">また何か、悪戯をしたのね。
What mischief have you done again?</comment>
	</term>
	<term id="32">
		<trans lang="en">
			<word>earnest apology</word>
		</trans>
		<trans lang="ja">
			<word>平謝り</word>
			<alt>ひらあやまり</alt>
		</trans>
	</term>
	<term id="33">
		<trans lang="en">
			<word>to allow,to approve,to exempt (from fine),to excuse (from),to forgive,to release</word>
		</trans>
		<trans lang="ja">
			<word>許す</word>
			<alt>ゆるす</alt>
		</trans>
	</term>
	<term id="34">
		<trans lang="en">
			<word>to pick at,to nudge,to poke</word>
		</trans>
		<trans lang="ja">
			<word>突く</word>
			<alt>つつく</alt>
		</trans>
		<comment languages="en-ja">ホヤホヤは、レロレロさんの長い髪の毛を突き始めました。
Hoyahoya began to poke at Rerorero's long hair.</comment>
	</term>
	<term id="35">
		<trans lang="en">
			<word>to stop,to restrain,to seize,to repress,to suppress</word>
		</trans>
		<trans lang="ja">
			<word>押さえる</word>
			<alt>おさえる</alt>
		</trans>
	</term>
	<term id="36">
		<trans lang="en">
			<word>to go out to meet</word>
		</trans>
		<trans lang="ja">
			<word>迎える</word>
			<alt>むかえる</alt>
		</trans>
	</term>
	<term id="37">
		<trans lang="en">
			<word>calling on,visiting (to)</word>
		</trans>
		<trans lang="ja">
			<word>参上(する)</word>
			<alt>さんじょう(する)</alt>
		</trans>
	</term>
	<term id="38">
		<trans lang="en">
			<word>fragment,broken pieces,splinter</word>
		</trans>
		<trans lang="ja">
			<word>欠けら</word>
			<alt>かけら</alt>
		</trans>
	</term>
	<term id="39">
		<trans lang="en">
			<word>gradually,finally,hardly</word>
		</trans>
		<trans lang="ja">
			<word>漸く</word>
			<alt>ようやく</alt>
		</trans>
	</term>
	<term id="40">
		<trans lang="en">
			<word>beautiful,lovely</word>
		</trans>
		<trans lang="ja">
			<word>麗しい</word>
			<alt>うるわしい</alt>
		</trans>
	</term>
	<term id="41">
		<trans lang="en">
			<word>smiling face</word>
		</trans>
		<trans lang="ja">
			<word>笑顔</word>
			<alt>えがお</alt>
		</trans>
	</term>
	<term id="42">
		<trans lang="en">
			<word>luxury,extravagance</word>
		</trans>
		<trans lang="ja">
			<word>贅沢</word>
			<alt>ぜいたく</alt>
		</trans>
	</term>
	<term id="43">
		<trans lang="en">
			<word>cold sweat</word>
		</trans>
		<trans lang="ja">
			<word>冷や汗</word>
			<alt>ひやあせ</alt>
		</trans>
	</term>
	<term id="44">
		<trans lang="en">
			<word>weird,ominous,eerie,uncanny,ghastly</word>
		</trans>
		<trans lang="ja">
			<word>不気味</word>
			<alt>ぶきみ</alt>
		</trans>
	</term>
	<term id="45">
		<trans lang="en">
			<word>flowerpot</word>
		</trans>
		<trans lang="ja">
			<word>植木鉢</word>
			<alt>うえきばち</alt>
		</trans>
	</term>
	<term id="46">
		<trans lang="en">
			<word>to grant (request, wish)</word>
		</trans>
		<trans lang="ja">
			<word>叶える</word>
			<alt>かなえる</alt>
		</trans>
		<comment languages="en-ja">皆の願い事を叶えてね。
Please, grant everybody's wishes.</comment>
	</term>
	<term id="47">
		<trans lang="en">
			<word>to exchange glances,to postpone</word>
		</trans>
		<trans lang="ja">
			<word>見合わせる</word>
			<alt>みあわせる</alt>
		</trans>
	</term>
	<term id="48">
		<trans lang="en">
			<word>smile sweetly,smile,grin</word>
		</trans>
		<trans lang="ja">
			<word>にっこり</word>
			<alt>にっこり</alt>
		</trans>
	</term>
	<term id="49">
		<trans lang="en">
			<word>it should be so</word>
		</trans>
		<trans lang="ja">
			<word>筈</word>
			<alt>はず</alt>
		</trans>
		<comment languages="en-ja">それもその筈。
What should happen happened. [?]</comment>
	</term>
	<term id="50">
		<trans lang="en">
			<word>with all one's strength (heart),resignation,resolution</word>
		</trans>
		<trans lang="ja">
			<word>思い切り</word>
			<alt>おもいきり</alt>
		</trans>
	</term>
	<term id="51">
		<trans lang="en">
			<word>be afraid of,be fearful,be timid,be nervous</word>
		</trans>
		<trans lang="ja">
			<word>びくびくする</word>
			<alt>びくびくする</alt>
		</trans>
	</term>
	<term id="52">
		<trans lang="en">
			<word>secret,private,surreptitious</word>
		</trans>
		<trans lang="ja">
			<word>窃か</word>
			<alt>ひそか</alt>
		</trans>
		<comment languages="en-ja">使者はひそかにロンドンへ出発した。
The messenger left for London in secret.

彼女は密かに彼の失敗を笑った。
She laughed up her sleeve at his failure.</comment>
	</term>
	<term id="53">
		<trans lang="en">
			<word>wink,twinkling (of stars),flicker (of light)</word>
		</trans>
		<trans lang="ja">
			<word>瞬き</word>
			<alt>またたき</alt>
		</trans>
	</term>
	<term id="54">
		<trans lang="en">
			<word>chest of drawers</word>
		</trans>
		<trans lang="ja">
			<word>箪笥</word>
			<alt>たんす</alt>
		</trans>
		<comment languages="en-ja">お化けは箪笥のなか出て来た。
The ghost got out of the drawers.</comment>
	</term>
	<term id="55">
		<trans lang="en">
			<word>thanking,expression of gratitude</word>
		</trans>
		<trans lang="ja">
			<word>お礼</word>
			<alt>おれい</alt>
		</trans>
		<comment languages="en-ja">お礼に、お化け達はプレゼントをあげた。
As a sign of our gratitude, the ghosts gave a present.</comment>
	</term>
	<term id="56">
		<trans lang="en">
			<word>hair ornaments</word>
		</trans>
		<trans lang="ja">
			<word>髪飾り</word>
			<alt>かみかざり</alt>
		</trans>
	</term>
	<term id="57">
		<trans lang="en">
			<word>diffidence,restraint,reserve (to)</word>
		</trans>
		<trans lang="ja">
			<word>遠慮(する)</word>
			<alt>えんりょ(する)</alt>
		</trans>
	</term>
	<term id="58">
		<trans lang="en">
			<word>to hide,to conceal</word>
		</trans>
		<trans lang="ja">
			<word>潜める</word>
			<alt>ひそめる</alt>
		</trans>
		<comment languages="en-ja">ホヤホヤが、魚料理を食べろのを、ほかの使い魔たちは、息を潜めて見つめていました。
While Hoyahoya was eating the fish, the witch's familiars stopped breathing and stared intently.
</comment>
	</term>
	<term id="59">
		<trans lang="en">
			<word>to put things in order,to arrange,to make uniform,to get something ready</word>
		</trans>
		<trans lang="ja">
			<word>揃える</word>
			<alt>そろえる</alt>
		</trans>
		<comment languages="en-ja">そして、声をそろえて、「おいしい！」。
Then, in unison, they said: "It's delicious!".</comment>
	</term>
	<term id="60">
		<trans lang="en">
			<word>happiness,blessedness</word>
		</trans>
		<trans lang="ja">
			<word>幸い</word>
			<alt>さいわい</alt>
		</trans>
		<comment languages="en-ja">幸い、オバタンには聞こえなかったようでした。
Fortunately, Ms. Obatan didn't seem to hear it.</comment>
	</term>
</glossary>
