<?xml version="1.0"?>
<glossary id="30" name="1.07" author="Frédéric Bergeron">
	<desc></desc>
	<term id="1">
		<trans lang="en">
			<word>English letter (character)</word>
		</trans>
		<trans lang="ja">
			<word>英字</word>
			<alt>えいじ</alt>
		</trans>
	</term>
	<term id="2">
		<trans lang="en">
			<word>substitute,proxy,alternate,relief,compensation</word>
		</trans>
		<trans lang="ja">
			<word>代わり</word>
			<alt>かわり</alt>
		</trans>
	</term>
	<term id="3">
		<trans lang="en">
			<word>afore-mentioned,above-mentioned</word>
		</trans>
		<trans lang="ja">
			<word>前述</word>
			<alt>ぜんじゅつ</alt>
		</trans>
	</term>
	<term id="4">
		<trans lang="en">
			<word>the so-called,so to speak</word>
		</trans>
		<trans lang="ja">
			<word>所謂</word>
			<alt>いわゆる</alt>
		</trans>
		<comment languages="en-ja">ＣＯ２はいわゆる温室効果と大いに関係があります。
CO2 has a lot to do with the so-called greenhouse effect.

これがいわゆる「天ぷら」というものでい。
This is what we call "tempura".

彼はいわゆる本の虫だ。
He is what is call a bookworm.</comment>
	</term>
	<term id="5">
		<trans lang="en">
			<word>unintelligible sequence of characters</word>
		</trans>
		<trans lang="ja">
			<word>文字化け</word>
			<alt>もじばけ</alt>
		</trans>
	</term>
	<term id="6">
		<trans lang="en">
			<word>to hold,to bear in mind,to understand,to cherish</word>
		</trans>
		<trans lang="ja">
			<word>含む</word>
			<alt>ふくむ</alt>
		</trans>
	</term>
	<term id="7">
		<trans lang="en">
			<word>in case of,at this time</word>
		</trans>
		<trans lang="ja">
			<word>際に</word>
			<alt>さいに</alt>
		</trans>
		<comment languages="en-ja">ご移転の際はお知らせ下さい。
If you change your address, please let me know.

スープを飲む際に音を立ててはいけません。
Don't make noise in eating soup.</comment>
	</term>
	<term id="8">
		<trans lang="en">
			<word>designation,specification,assignment,pointing at (to)</word>
		</trans>
		<trans lang="ja">
			<word>指定(する)</word>
			<alt>してい(する)</alt>
		</trans>
		<comment languages="en-ja">この地域は保全地域に指定されています。
This has been designated a conservation area.</comment>
	</term>
</glossary>
