<?xml version="1.0"?>
<glossary id="104" name="3.2.3" author="Frédéric Bergeron">
	<desc></desc>
	<term id="1">
		<trans lang="en">
			<word>specific,special,particular (to)</word>
		</trans>
		<trans lang="ja">
			<word>特定(する)</word>
			<alt>とくてい(する)</alt>
		</trans>
	</term>
	<term id="2">
		<trans lang="en">
			<word>regular,legal,formal,established,legitimate </word>
		</trans>
		<trans lang="ja">
			<word>正規</word>
			<alt>せいき</alt>
		</trans>
		<comment languages="en-ja">正規表現 : Regular expression</comment>
	</term>
	<term id="3">
		<trans lang="en">
			<word>to resemble,to be similar</word>
		</trans>
		<trans lang="ja">
			<word>似る</word>
			<alt>にる</alt>
		</trans>
	</term>
	<term id="4">
		<trans lang="en">
			<word>each line</word>
		</trans>
		<trans lang="ja">
			<word>各行</word>
			<alt>かくぎょう</alt>
		</trans>
	</term>
	<term id="5">
		<trans lang="en">
			<word>node,section,occasion,time</word>
		</trans>
		<trans lang="ja">
			<word>節</word>
			<alt>せつ</alt>
		</trans>
	</term>
	<term id="6">
		<trans lang="en">
			<word>personal history,background</word>
		</trans>
		<trans lang="ja">
			<word>履歴</word>
			<alt>りれき</alt>
		</trans>
	</term>
</glossary>
