<?xml version="1.0"?>
<glossary id="355" name="Lektion 02" author="Frédéric Bergeron">
	<desc></desc>
	<term id="1">
		<trans lang="de">
			<word>Das ist Herr Fischer.</word>
		</trans>
		<trans lang="fr">
			<word>Voici M. Fischer.</word>
		</trans>
	</term>
	<term id="2">
		<trans lang="de">
			<word>aber</word>
		</trans>
		<trans lang="fr">
			<word>mais,cependant,toutefois</word>
		</trans>
		<comment languages="de-fr">Das ist Herr Fischer.
Er ist Österreicher und kommt aus Wien.
Er wohnt aber jetzt in Frankfurt in Deutschland.
Voici M.Fischer.
Il est Autrichien et vient de Viennes.
Mais maintenant, il habite Francfort en Allemagne.</comment>
	</term>
	<term id="3">
		<trans lang="de">
			<word>jetzt</word>
		</trans>
		<trans lang="fr">
			<word>maintenant,présentement</word>
		</trans>
	</term>
	<term id="4">
		<trans lang="de">
			<word>Wie ist deine Telefonnummer?</word>
		</trans>
		<trans lang="fr">
			<word>Quel est ton numero de téléphone?</word>
		</trans>
	</term>
	<term id="5">
		<trans lang="de">
			<word>Mein Handynummer ist 020-3842-1631.</word>
		</trans>
		<trans lang="fr">
			<word>Mon numéro de portable est 020-3842-1631.</word>
		</trans>
	</term>
	<term id="6">
		<trans lang="de">
			<word>siegen</word>
		</trans>
		<trans lang="fr">
			<word>gagner,vaincre,l'emporter</word>
		</trans>
	</term>
	<term id="7">
		<trans lang="de">
			<word>Herzlichen Glückwunsch!</word>
		</trans>
		<trans lang="fr">
			<word>Toutes mes félicitations!</word>
		</trans>
		<comment languages="de-fr">Glückwunsch: félicitations</comment>
	</term>
	<term id="8">
		<trans lang="de">
			<word>Preis (m.)</word>
		</trans>
		<trans lang="fr">
			<word>prix,coût</word>
		</trans>
	</term>
	<term id="9">
		<trans lang="de">
			<word>Wie alt sind Sie?</word>
		</trans>
		<trans lang="fr">
			<word>Quel âge avez-vous?</word>
		</trans>
	</term>
	<term id="10">
		<trans lang="de">
			<word>Ich bin 37 Jahre [alt].</word>
		</trans>
		<trans lang="fr">
			<word>J'ai 37 ans.</word>
		</trans>
	</term>
	<term id="11">
		<trans lang="de">
			<word>Erwachsener</word>
		</trans>
		<trans lang="fr">
			<word>adulte (majeur)</word>
		</trans>
	</term>
	<term id="12">
		<trans lang="de">
			<word>Fahrkarte von Berlin nach Köln</word>
		</trans>
		<trans lang="fr">
			<word>billet de Berlin à Köln</word>
		</trans>
	</term>
	<term id="13">
		<trans lang="de">
			<word>Barzahlung</word>
		</trans>
		<trans lang="fr">
			<word>paiement comptant</word>
		</trans>
	</term>
	<term id="14">
		<trans lang="de">
			<word>Eintrittskarte</word>
		</trans>
		<trans lang="fr">
			<word>billet d'admission</word>
		</trans>
	</term>
	<term id="15">
		<trans lang="de">
			<word>Ermäßigt</word>
		</trans>
		<trans lang="fr">
			<word>réduction (rabais)</word>
		</trans>
	</term>
	<term id="16">
		<trans lang="de">
			<word>fahren</word>
		</trans>
		<trans lang="fr">
			<word>aller,conduire,rouler</word>
		</trans>
	</term>
	<term id="17">
		<trans lang="de">
			<word>Wohin fahren Karin und Lisa?</word>
		</trans>
		<trans lang="fr">
			<word>Où vont Karin et Lisa?</word>
		</trans>
	</term>
	<term id="18">
		<trans lang="de">
			<word>kosten</word>
		</trans>
		<trans lang="fr">
			<word>coûter</word>
		</trans>
	</term>
	<term id="19">
		<trans lang="de">
			<word>Kosten (m.pl.)</word>
		</trans>
		<trans lang="fr">
			<word>coûts,frais</word>
		</trans>
	</term>
	<term id="20">
		<trans lang="de">
			<word>Was kostet die Reise?</word>
		</trans>
		<trans lang="fr">
			<word>Combien coûte le voyage?</word>
		</trans>
	</term>
	<term id="21">
		<trans lang="de">
			<word>Wie ist die Vorwahl von Deutschland?</word>
		</trans>
		<trans lang="fr">
			<word>Quel est l'indicatif régional de l'Allemagne?</word>
		</trans>
	</term>
	<term id="22">
		<trans lang="de">
			<word>die Vorwahl</word>
		</trans>
		<trans lang="fr">
			<word>l'indicatif téléphonique</word>
		</trans>
	</term>
	<term id="23">
		<trans lang="de">
			<word>Reisen Sie gern?</word>
		</trans>
		<trans lang="fr">
			<word>Aimez-vous voyager?</word>
		</trans>
	</term>
	<term id="24">
		<trans lang="de">
			<word>Ja, ich reise gern.</word>
		</trans>
		<trans lang="fr">
			<word>Oui, j'aime voyager.</word>
		</trans>
	</term>
	<term id="25">
		<trans lang="de">
			<word>Nein, ich reise nicht gern.</word>
		</trans>
		<trans lang="fr">
			<word>Non, je n'aime pas voyager.</word>
		</trans>
	</term>
	<term id="26">
		<trans lang="de">
			<word>Ich reise gern nach/in die ...</word>
		</trans>
		<trans lang="fr">
			<word>J'aime voyager à/en/aux ...</word>
		</trans>
		<comment languages="de-fr">Ich reise gern nach Frankreich.
Ich reise gern in die USA.</comment>
	</term>
	<term id="27">
		<trans lang="de">
			<word>plus</word>
		</trans>
		<trans lang="fr">
			<word>plus (+)</word>
		</trans>
	</term>
	<term id="28">
		<trans lang="de">
			<word>minus</word>
		</trans>
		<trans lang="fr">
			<word>moins (-)</word>
		</trans>
	</term>
	<term id="29">
		<trans lang="de">
			<word>Wie lange dauert die Reise?</word>
		</trans>
		<trans lang="fr">
			<word>Combien dure le voyage?</word>
		</trans>
		<comment languages="de-fr">dauern: durer</comment>
	</term>
	<term id="30">
		<trans lang="de">
			<word>Punkt</word>
		</trans>
		<trans lang="fr">
			<word>point</word>
		</trans>
		<comment languages="de-fr">Comme dans une adresse internet, par exemple.</comment>
	</term>
</glossary>
