<?xml version="1.0"?>
<glossary id="113" name="5.2.2" author="Frédéric Bergeron">
	<desc></desc>
	<term id="1">
		<trans lang="en">
			<word>logic</word>
		</trans>
		<trans lang="ja">
			<word>論理</word>
			<alt>ろんり</alt>
		</trans>
		<comment languages="en-ja">論理演算子 : logical operator</comment>
	</term>
	<term id="2">
		<trans lang="en">
			<word>reverse,opposite</word>
		</trans>
		<trans lang="ja">
			<word>逆</word>
			<alt>ぎゃく</alt>
		</trans>
	</term>
	<term id="3">
		<trans lang="en">
			<word>turning around,rolling over,turning from side to side (to)</word>
		</trans>
		<trans lang="ja">
			<word>反転(する)</word>
			<alt>はんてん(する)</alt>
		</trans>
	</term>
	<term id="4">
		<trans lang="en">
			<word>priority</word>
		</trans>
		<trans lang="ja">
			<word>優先順位</word>
			<alt>ゆうせんじゅんい</alt>
		</trans>
	</term>
	<term id="5">
		<trans lang="en">
			<word>reference,consultation (to)</word>
		</trans>
		<trans lang="ja">
			<word>参照(する)</word>
			<alt>さんしょう(する)</alt>
		</trans>
	</term>
</glossary>
