<?xml version="1.0"?>
<glossary id="105" name="4.1" author="Frédéric Bergeron">
	<desc></desc>
	<term id="1">
		<trans lang="en">
			<word>chief,main,principal,important</word>
		</trans>
		<trans lang="ja">
			<word>主</word>
			<alt>おも</alt>
		</trans>
		<comment languages="en-ja">その主なものをいくつか紹介しましょう。
Let's introduce ourselves to many of these important objects.</comment>
	</term>
	<term id="2">
		<trans lang="en">
			<word>complex compound number (a + bi)</word>
		</trans>
		<trans lang="ja">
			<word>複素数</word>
			<alt>ふくそすう</alt>
		</trans>
	</term>
	<term id="3">
		<trans lang="en">
			<word>extent,scope,sphere,range</word>
		</trans>
		<trans lang="ja">
			<word>範囲</word>
			<alt>はんい</alt>
		</trans>
	</term>
</glossary>
