<?xml version="1.0"?>
<glossary id="148" name="13" author="Frédéric Bergeron">
	<desc></desc>
	<term id="1">
		<trans lang="es">
			<word>desligar</word>
		</trans>
		<trans lang="fr">
			<word>délier,détacher</word>
		</trans>
	</term>
	<term id="2">
		<trans lang="es">
			<word>antojo</word>
		</trans>
		<trans lang="fr">
			<word>caprice,guise</word>
		</trans>
		<comment languages="es-fr">Aunque yo sea jefe, no puedo emplear los instrumentos a mi antojo.
Malgré que je sois le chef, je ne peux pas utiliser les instruments à ma guise.</comment>
	</term>
</glossary>
