<?xml version="1.0"?>
<glossary id="13" name="14" author="">
	<desc></desc>
	<term id="1">
		<trans lang="en">
			<word>he</word>
		</trans>
		<trans lang="ja">
			<word>彼 (8)</word>
			<alt>かれ；かの</alt>
		</trans>
		<comment languages="en-ja">彼 ; かれ ; he; boyfriend
彼女 ; かのじょ ; she; girlfriend</comment>
	</term>
	<term id="2">
		<trans lang="en">
			<word>age; replace</word>
		</trans>
		<trans lang="ja">
			<word>代 (5)</word>
			<alt>ダイ；か</alt>
		</trans>
		<comment languages="en-ja">世代 ; せだい ; generation
現代的 ; げんだいてき ; modern
時代 ; じだい ; age; era
代わりに ; かわりに ; instead
近代史 ; きんだいし ; modern science
現代 ; げんだい ; modern times</comment>
	</term>
	<term id="3">
		<trans lang="en">
			<word>to stay; to keep</word>
		</trans>
		<trans lang="ja">
			<word>留 (10)</word>
			<alt>リュウ；ル；と</alt>
		</trans>
		<comment languages="en-ja">留学生 ; りゅうがくせい ; foreign students
留守 ; るす ; absence from home
留守番電話 ; るすばんでんわ ; answering machine</comment>
	</term>
	<term id="4">
		<trans lang="en">
			<word>family; tribe</word>
		</trans>
		<trans lang="ja">
			<word>族 (11)</word>
			<alt>ゾク</alt>
		</trans>
		<comment languages="en-ja">家族 ; かぞく ; family
民族 ; みんぞく ; a race; a people
民族学 ; みんぞくがく ; ethnology
水族館 ; すいぞくかん ; an aquarium</comment>
	</term>
	<term id="5">
		<trans lang="en">
			<word>parent; intimacy</word>
		</trans>
		<trans lang="ja">
			<word>親 (16)</word>
			<alt>おや；シン；した</alt>
		</trans>
		<comment languages="en-ja">父親 ; ちちおや ; father
親切 ; しんせつ ; kind
親友 ; しんゆう ; best friend
両親 ; りょうしん ; parents
親指 ; おやゆび ; a thumb
親類 ; しんるい ; relatives</comment>
	</term>
	<term id="6">
		<trans lang="en">
			<word>to cut</word>
		</trans>
		<trans lang="ja">
			<word>切 (4)</word>
			<alt>セツ；き；きっ</alt>
		</trans>
		<comment languages="en-ja">親切 ; しんせつ ; kind
切る ; きる ; to cut
大切 ; たいせつ ; precious; important
切手 ; きって ; postage stamp
適切な ; てきせつな ; appropriate</comment>
	</term>
	<term id="7">
		<trans lang="en">
			<word>English; excellent</word>
		</trans>
		<trans lang="ja">
			<word>英 (8)</word>
			<alt>エイ</alt>
		</trans>
		<comment languages="en-ja">英語 ; えいご ; English language
英国 ; えいこく ; England
英会話 ; えいかいわ ; English conversation
英和辞典 ; えいわじてん ; an English-Japanese dictionary</comment>
	</term>
	<term id="8">
		<trans lang="en">
			<word>shop</word>
		</trans>
		<trans lang="ja">
			<word>店 (8)</word>
			<alt>みせ；テン</alt>
		</trans>
		<comment languages="en-ja">売店 ; ばいてん ; stand; stall
店 ; みせ ; shop
店員 ; てんいん ; store attendant
茶店 ; ちゃみせ ; teahouse
喫茶店 ; きっさてん ; cafe; coffeehouse
閉店する ; へいてんする ; to close a store
商店 ; しょうてん ; a store
書店 ; しょてん ; bookshop</comment>
	</term>
	<term id="9">
		<trans lang="en">
			<word>past; to leave</word>
		</trans>
		<trans lang="ja">
			<word>去 (5)</word>
			<alt>キョ；コ；さ</alt>
		</trans>
		<comment languages="en-ja">去年 ; きょねん ; last year
過去 ; かこ ; the past</comment>
	</term>
	<term id="10">
		<trans lang="en">
			<word>to hurry; emergency</word>
		</trans>
		<trans lang="ja">
			<word>急 (9)</word>
			<alt>キュウ；いそ</alt>
		</trans>
		<comment languages="en-ja">急病 ; きゅうびょう ; sudden illness
急に ; きゅうに ; suddenly
急ぐ ; いそぐ ; to hurry
急行 ; きゅうこう ; express train
特急電車 ; とっきゅうでんしゃ ; super express train
準急 ; じゅんきゅう ; a local express
特急 ; ときゅう ; a special express
急用 ; きゅうよう ; urgent business</comment>
	</term>
	<term id="11">
		<trans lang="en">
			<word>to ride</word>
		</trans>
		<trans lang="ja">
			<word>乗 (9)</word>
			<alt>の；ジョウ</alt>
		</trans>
		<comment languages="en-ja">乗る ; のる ; to ride
乗り物 ; のりもの ; vechicle
乗客 ; じょうきゃく ; a passenger</comment>
	</term>
	<term id="12">
		<trans lang="en">
			<word>to hit</word>
		</trans>
		<trans lang="ja">
			<word>当 (6)</word>
			<alt>トウ；あ</alt>
		</trans>
		<comment languages="en-ja">本当 ; ほんとう ; really
当たる ; あたる ; to hit
適当な ; てきとうな ; proper
手当 ; てあて ; medical treatment
当番 ; とうばん ; duty</comment>
	</term>
	<term id="13">
		<trans lang="en">
			<word>sound</word>
		</trans>
		<trans lang="ja">
			<word>音 (9)</word>
			<alt>オン；おと；ね</alt>
		</trans>
		<comment languages="en-ja">音楽 ; おんがく ; music
発音 ; はつおん ; pronunciation
音 ; おと ; sound
足音 ; あしおと ; footsteps
音読 ; おんよみ ; 'ON' reading
雑音 ; ざつおん ; noise</comment>
	</term>
	<term id="14">
		<trans lang="en">
			<word>pleasure</word>
		</trans>
		<trans lang="ja">
			<word>楽 (13)</word>
			<alt>ガク；たの；ガッ；ラク</alt>
		</trans>
		<comment languages="en-ja">音楽 ; おんがく ; music
楽しい ; たのしい ; fun
楽しむ ; たのしむ ; to enjoy
楽な ; 楽な ; easy; comfortable
打楽器 ; だがっき ; a percussion instrument
楽器 ; がっき ; a musical instrument</comment>
	</term>
	<term id="15">
		<trans lang="en">
			<word>doctor; medicine</word>
		</trans>
		<trans lang="ja">
			<word>医 (7)</word>
			<alt>イ</alt>
		</trans>
		<comment languages="en-ja">医者 ; いしゃ ; doctor
歯科医 ; しかい ; a dentist
医院 ; いいん ; doctor's office</comment>
	</term>
	<term id="16">
		<trans lang="en">
			<word>person</word>
		</trans>
		<trans lang="ja">
			<word>者 (8)</word>
			<alt>シャ；もの</alt>
		</trans>
	</term>
</glossary>
