<?xml version="1.0"?>
<glossary id="88" name="1.14" author="Frédéric Bergeron">
	<desc></desc>
	<term id="1">
		<trans lang="en">
			<word>draw up,make,producing,creating,writing (to)</word>
		</trans>
		<trans lang="ja">
			<word>作成(する)</word>
			<alt>さくせい(する)</alt>
		</trans>
		<comment languages="en-ja">メソッドを作成する構文は次のようになります。
Now, let's see the syntax to make a method.</comment>
	</term>
	<term id="2">
		<trans lang="en">
			<word>to summon,to call (e.g. phone,Ruby method)</word>
		</trans>
		<trans lang="ja">
			<word>呼び出す</word>
			<alt>よびだす</alt>
		</trans>
	</term>
</glossary>
