<?xml version="1.0"?>
<glossary id="360" name="Jours" author="Frédéric Bergeron">
	<desc></desc>
	<term id="1">
		<trans lang="de">
			<word>am Sonntag</word>
		</trans>
		<trans lang="fr">
			<word>le dimanche</word>
		</trans>
	</term>
	<term id="2">
		<trans lang="de">
			<word>am Donnerstag</word>
		</trans>
		<trans lang="fr">
			<word>le jeudi</word>
		</trans>
	</term>
	<term id="3">
		<trans lang="de">
			<word>am Montag</word>
		</trans>
		<trans lang="fr">
			<word>le lundi</word>
		</trans>
	</term>
	<term id="4">
		<trans lang="de">
			<word>am Dienstag</word>
		</trans>
		<trans lang="fr">
			<word>le mardi</word>
		</trans>
	</term>
	<term id="5">
		<trans lang="de">
			<word>am Mittwoch</word>
		</trans>
		<trans lang="fr">
			<word>le mercredi</word>
		</trans>
	</term>
	<term id="6">
		<trans lang="de">
			<word>am Samstag oder Sonnabend</word>
		</trans>
		<trans lang="fr">
			<word>le samedi</word>
		</trans>
	</term>
	<term id="7">
		<trans lang="de">
			<word>am Freitag</word>
		</trans>
		<trans lang="fr">
			<word>le vendredi</word>
		</trans>
	</term>
</glossary>
