<?xml version="1.0"?>
<glossary id="44" name="1.11.1" author="Frédéric Bergeron">
	<desc></desc>
	<term id="1">
		<trans lang="en">
			<word>classification (to)</word>
		</trans>
		<trans lang="ja">
			<word>分類(する)</word>
			<alt>ぶんるい(する)</alt>
		</trans>
	</term>
	<term id="2">
		<trans lang="en">
			<word>rough,broad,sketchy</word>
		</trans>
		<trans lang="ja">
			<word>大雑把</word>
			<alt>おおざっぱ</alt>
		</trans>
		<comment languages="en-ja">大雑把に言えば、バスには３０名ほどの人達がいました。
Roughly speaking, there were about 30 people in the bus.

制御構造を大雑把に分類すると次のようになります。
We could roughly classify the data structures and would get the following: </comment>
	</term>
	<term id="3">
		<trans lang="en">
			<word>successively,one after another</word>
		</trans>
		<trans lang="ja">
			<word>逐次</word>
			<alt>ちくじ</alt>
		</trans>
	</term>
	<term id="4">
		<trans lang="en">
			<word>to conclude,to be practical,to hold true</word>
		</trans>
		<trans lang="ja">
			<word>成り立つ</word>
			<alt>なりたつ</alt>
		</trans>
	</term>
	<term id="5">
		<trans lang="en">
			<word>outbreak,spring forth,occurrence,incidence,origin (to)</word>
		</trans>
		<trans lang="ja">
			<word>発生(する)</word>
			<alt>はっせい(する)</alt>
		</trans>
		<comment languages="en-ja">何か例外が発生した場合はこれを実行する。
Whenever an exception occurs, that cde will execute.</comment>
	</term>
	<term id="6">
		<trans lang="en">
			<word>common,general,usually,default</word>
		</trans>
		<trans lang="ja">
			<word>通常</word>
			<alt>つうじょう</alt>
		</trans>
		<comment languages="en-ja">逐次処理というのは、通常の処理のことです。
Sequential processing of statements (one statement after the other) is the common/normal case.</comment>
	</term>
	<term id="7">
		<trans lang="en">
			<word>forking,jump (computer),divergence (e.g. in a road)</word>
		</trans>
		<trans lang="ja">
			<word>分岐</word>
			<alt>ぶんき</alt>
		</trans>
	</term>
	<term id="8">
		<trans lang="en">
			<word>to satisfy,to ingratiate,to fill,to fulfill</word>
		</trans>
		<trans lang="ja">
			<word>満たす</word>
			<alt>みたす</alt>
		</trans>
	</term>
	<term id="9">
		<trans lang="en">
			<word>to skip over,to omit</word>
		</trans>
		<trans lang="ja">
			<word>飛ばす</word>
			<alt>とばす</alt>
		</trans>
	</term>
	<term id="10">
		<trans lang="en">
			<word>to go against,to oppose,to disobey,to defy</word>
		</trans>
		<trans lang="ja">
			<word>逆らう</word>
			<alt>さからう</alt>
		</trans>
	</term>
	<term id="11">
		<trans lang="en">
			<word>already,too late</word>
		</trans>
		<trans lang="ja">
			<word>既に</word>
			<alt>すでに</alt>
		</trans>
		<comment languages="en-ja">すでに２０年経った。
Twenty years already passed.

すでにお話しました。
I already told you.

そこへ着いたときには、店はすでにしまっていた。
The store was already closed when I got there.</comment>
	</term>
	<term id="12">
		<trans lang="en">
			<word>twice,again,second time</word>
		</trans>
		<trans lang="ja">
			<word>再度</word>
			<alt>さいど</alt>
		</trans>
	</term>
	<term id="13">
		<trans lang="en">
			<word>to slip out,to sneak away,to excel</word>
		</trans>
		<trans lang="ja">
			<word>抜け出す</word>
			<alt>ぬけだす</alt>
		</trans>
	</term>
	<term id="14">
		<trans lang="en">
			<word>reopening,resumption (to)</word>
		</trans>
		<trans lang="ja">
			<word>再開(する)</word>
			<alt>さいかい(する)</alt>
		</trans>
	</term>
</glossary>
