<?xml version="1.0"?>
<glossary id="11" name="08" author="Frédéric Bergeron">
	<desc></desc>
	<term id="1">
		<trans lang="en">
			<word>necessary,essential,indispensable</word>
		</trans>
		<trans lang="ja">
			<word>必要</word>
			<alt>ひつよう</alt>
		</trans>
	</term>
	<term id="2">
		<trans lang="en">
			<word>gist,main point</word>
		</trans>
		<trans lang="ja">
			<word>要点</word>
			<alt>ようてん</alt>
		</trans>
	</term>
	<term id="3">
		<trans lang="en">
			<word>turn,order of things</word>
		</trans>
		<trans lang="ja">
			<word>順番</word>
			<alt>じゅんばん</alt>
		</trans>
	</term>
	<term id="4">
		<trans lang="en">
			<word>process,procedure,protocol</word>
		</trans>
		<trans lang="ja">
			<word>手順</word>
			<alt>てじゅん</alt>
		</trans>
		<comment languages="en-ja">この新しい手順をとれば、時間の節約になるでしょう。
You will save time if you adopt this new procedure.

安全手順を守らないとけがしますよ。
You may injure yourself if you don't follow safety procedures.</comment>
	</term>
	<term id="5">
		<trans lang="en">
			<word>example,exercise (for the reader)</word>
		</trans>
		<trans lang="ja">
			<word>例題</word>
			<alt>れいだい</alt>
		</trans>
	</term>
	<term id="6">
		<trans lang="en">
			<word>itinerary,route</word>
		</trans>
		<trans lang="ja">
			<word>道順</word>
			<alt>みちじゅん</alt>
		</trans>
		<comment languages="en-ja">私に地図を書いて駅までの道順を教えてくれませんか。
Will you draw me a map to show me the way to the station?</comment>
	</term>
	<term id="7">
		<trans lang="en">
			<word>clean copy</word>
		</trans>
		<trans lang="ja">
			<word>清書</word>
			<alt>せいしょ</alt>
		</trans>
	</term>
	<term id="8">
		<trans lang="en">
			<word>average/normal/ordinary year</word>
		</trans>
		<trans lang="ja">
			<word>例年</word>
			<alt>れいねん</alt>
		</trans>
		<comment languages="en-ja">例年より早く花がさいた。
The flowers bloomed sooner than usual.</comment>
	</term>
</glossary>
