<?xml version="1.0"?>
<glossary id="303" name="JBPI-06" author="">
	<desc></desc>
	<term id="1">
		<trans lang="en">
			<word>business trip</word>
		</trans>
		<trans lang="ja">
			<word>しゅっちょう</word>
			<alt>shutchoo</alt>
		</trans>
	</term>
	<term id="2">
		<trans lang="en">
			<word>go</word>
		</trans>
		<trans lang="ja">
			<word>いく</word>
			<alt>iku</alt>
		</trans>
	</term>
	<term id="3">
		<trans lang="en">
			<word>branch office</word>
		</trans>
		<trans lang="ja">
			<word>ししゃ</word>
			<alt>shisha</alt>
		</trans>
	</term>
	<term id="4">
		<trans lang="en">
			<word>one person, alone   **</word>
		</trans>
		<trans lang="ja">
			<word>ひとり [で]</word>
			<alt>hitori</alt>
		</trans>
	</term>
	<term id="5">
		<trans lang="en">
			<word>return, come home</word>
		</trans>
		<trans lang="ja">
			<word>かえる</word>
			<alt>kaeru</alt>
		</trans>
	</term>
	<term id="6">
		<trans lang="en">
			<word>day after tomorrow</word>
		</trans>
		<trans lang="ja">
			<word>あさって</word>
			<alt>asatte</alt>
		</trans>
	</term>
	<term id="7">
		<trans lang="en">
			<word>And then</word>
		</trans>
		<trans lang="ja">
			<word>そして</word>
			<alt>soshite</alt>
		</trans>
	</term>
	<term id="8">
		<trans lang="en">
			<word>train, electric train</word>
		</trans>
		<trans lang="ja">
			<word>でんしゃ</word>
			<alt>densha</alt>
		</trans>
	</term>
	<term id="9">
		<trans lang="en">
			<word>station, train station</word>
		</trans>
		<trans lang="ja">
			<word>えき</word>
			<alt>eki</alt>
		</trans>
	</term>
	<term id="10">
		<trans lang="en">
			<word>last week</word>
		</trans>
		<trans lang="ja">
			<word>せんしゅう</word>
			<alt>senshuu</alt>
		</trans>
	</term>
	<term id="11">
		<trans lang="en">
			<word>last year</word>
		</trans>
		<trans lang="ja">
			<word>きょねん</word>
			<alt>kyonen</alt>
		</trans>
	</term>
	<term id="12">
		<trans lang="en">
			<word>come</word>
		</trans>
		<trans lang="ja">
			<word>くる</word>
			<alt>kuru</alt>
		</trans>
	</term>
	<term id="13">
		<trans lang="en">
			<word>next year</word>
		</trans>
		<trans lang="ja">
			<word>らいねん</word>
			<alt>rainen</alt>
		</trans>
	</term>
	<term id="14">
		<trans lang="en">
			<word>friend</word>
		</trans>
		<trans lang="ja">
			<word>ともだち</word>
			<alt>tomodachi</alt>
		</trans>
	</term>
	<term id="15">
		<trans lang="en">
			<word>bus</word>
		</trans>
		<trans lang="ja">
			<word>バス</word>
			<alt>basu</alt>
		</trans>
	</term>
	<term id="16">
		<trans lang="en">
			<word>underground, subway</word>
		</trans>
		<trans lang="ja">
			<word>ちかてつ</word>
			<alt>chikatetsu</alt>
		</trans>
	</term>
	<term id="17">
		<trans lang="en">
			<word>last month</word>
		</trans>
		<trans lang="ja">
			<word>せん月</word>
			<alt>sengetsu</alt>
		</trans>
	</term>
	<term id="18">
		<trans lang="en">
			<word>airport</word>
		</trans>
		<trans lang="ja">
			<word>くうこう</word>
			<alt>kuukoo</alt>
		</trans>
	</term>
	<term id="19">
		<trans lang="en">
			<word>man, male</word>
		</trans>
		<trans lang="ja">
			<word>おとこ</word>
			<alt>otoko</alt>
		</trans>
	</term>
	<term id="20">
		<trans lang="en">
			<word>hito    man</word>
		</trans>
		<trans lang="ja">
			<word>おとこのひと</word>
			<alt>otokono</alt>
		</trans>
	</term>
</glossary>
