<?xml version="1.0"?>
<glossary id="315" name="JBPI-18" author="">
	<desc></desc>
	<term id="1">
		<trans lang="en">
			<word>time; hour, period</word>
		</trans>
		<trans lang="ja">
			<word>じかん</word>
			<alt>jikan</alt>
		</trans>
	</term>
	<term id="2">
		<trans lang="en">
			<word>aru have time</word>
		</trans>
		<trans lang="ja">
			<word>じかんがある</word>
			<alt>jikanga</alt>
		</trans>
	</term>
	<term id="3">
		<trans lang="en">
			<word>brothers, siblings</word>
		</trans>
		<trans lang="ja">
			<word>きょうだい</word>
			<alt>kyoodai</alt>
		</trans>
	</term>
	<term id="4">
		<trans lang="en">
			<word>money</word>
		</trans>
		<trans lang="ja">
			<word>お金</word>
			<alt>okane</alt>
		</trans>
	</term>
	<term id="5">
		<trans lang="en">
			<word>this month</word>
		</trans>
		<trans lang="ja">
			<word>こん月</word>
			<alt>kongetsu</alt>
		</trans>
	</term>
	<term id="6">
		<trans lang="en">
			<word>class, lesson, teaching</word>
		</trans>
		<trans lang="ja">
			<word>じゅぎょう</word>
			<alt>jugyoo</alt>
		</trans>
	</term>
	<term id="7">
		<trans lang="en">
			<word>marriage, get married</word>
		</trans>
		<trans lang="ja">
			<word>けっこん [する]</word>
			<alt>kekkon</alt>
		</trans>
	</term>
	<term id="8">
		<trans lang="en">
			<word>ceremony</word>
		</trans>
		<trans lang="ja">
			<word>しき</word>
			<alt>shiki</alt>
		</trans>
	</term>
	<term id="9">
		<trans lang="en">
			<word>wedding</word>
		</trans>
		<trans lang="ja">
			<word>けっこんしき</word>
			<alt>kekkonshiki</alt>
		</trans>
	</term>
	<term id="10">
		<trans lang="en">
			<word>younger sister</word>
		</trans>
		<trans lang="ja">
			<word>いもうと [さん]</word>
			<alt>imooto</alt>
		</trans>
	</term>
	<term id="11">
		<trans lang="en">
			<word>a little</word>
		</trans>
		<trans lang="ja">
			<word>ちょっと</word>
			<alt>chotto</alt>
		</trans>
	</term>
	<term id="12">
		<trans lang="en">
			<word>child, children (hon.)</word>
		</trans>
		<trans lang="ja">
			<word>おこさん</word>
			<alt>okosan</alt>
		</trans>
	</term>
	<term id="13">
		<trans lang="en">
			<word>son</word>
		</trans>
		<trans lang="ja">
			<word>むすこ [さん]</word>
			<alt>musuko</alt>
		</trans>
	</term>
	<term id="14">
		<trans lang="en">
			<word>daughter</word>
		</trans>
		<trans lang="ja">
			<word>むすめ [さん]</word>
			<alt>musume</alt>
		</trans>
	</term>
	<term id="15">
		<trans lang="en">
			<word># years (of age)</word>
		</trans>
		<trans lang="ja">
			<word>~さい</word>
			<alt>-sai</alt>
		</trans>
	</term>
	<term id="16">
		<trans lang="en">
			<word>how old?</word>
		</trans>
		<trans lang="ja">
			<word>なんさい</word>
			<alt>nansai</alt>
		</trans>
	</term>
	<term id="17">
		<trans lang="en">
			<word>daughter (hon.)</word>
		</trans>
		<trans lang="ja">
			<word>おじょうさん</word>
			<alt>ojoosan</alt>
		</trans>
	</term>
</glossary>
