<?xml version="1.0"?>
<glossary id="143" name="09" author="Frédéric Bergeron">
	<desc></desc>
	<term id="1">
		<trans lang="es">
			<word>votación</word>
		</trans>
		<trans lang="fr">
			<word>vote</word>
		</trans>
	</term>
	<term id="2">
		<trans lang="es">
			<word>amañar</word>
		</trans>
		<trans lang="fr">
			<word>arranger</word>
		</trans>
		<comment languages="es-fr">Fue una votación amañada!
C'était un vote arrangé (truqué)</comment>
	</term>
	<term id="3">
		<trans lang="es">
			<word>juguete</word>
		</trans>
		<trans lang="fr">
			<word>jouet</word>
		</trans>
	</term>
	<term id="4">
		<trans lang="es">
			<word>echar</word>
		</trans>
		<trans lang="fr">
			<word>jeter,chasser,congédier</word>
		</trans>
	</term>
</glossary>
