<?xml version="1.0"?>
<glossary id="342" name="JCS1-01" author="">
	<desc></desc>
	<term id="1">
		<trans lang="en">
			<word>#th (ordinal prefix)</word>
		</trans>
		<trans lang="ja">
			<word>だい~</word>
			<alt>dai-</alt>
		</trans>
	</term>
	<term id="2">
		<trans lang="en">
			<word>lesson #</word>
		</trans>
		<trans lang="ja">
			<word>~か</word>
			<alt>-ka</alt>
		</trans>
	</term>
	<term id="3">
		<trans lang="en">
			<word>I, me (formal)</word>
		</trans>
		<trans lang="ja">
			<word>わたし</word>
			<alt>watashi</alt>
		</trans>
	</term>
	<term id="4">
		<trans lang="en">
			<word>am, are, is (s.th.)</word>
		</trans>
		<trans lang="ja">
			<word>です</word>
			<alt>desu</alt>
		</trans>
	</term>
	<term id="5">
		<trans lang="en">
			<word>Mr, Mrs, Miss</word>
		</trans>
		<trans lang="ja">
			<word>~さん</word>
			<alt>-san</alt>
		</trans>
	</term>
	<term id="6">
		<trans lang="en">
			<word>country</word>
		</trans>
		<trans lang="ja">
			<word>くに</word>
			<alt>kuni</alt>
		</trans>
	</term>
	<term id="7">
		<trans lang="en">
			<word>China   +</word>
		</trans>
		<trans lang="ja">
			<word>中ごく</word>
			<alt>chuugoku</alt>
		</trans>
	</term>
	<term id="8">
		<trans lang="en">
			<word>person   +</word>
		</trans>
		<trans lang="ja">
			<word>人</word>
			<alt>hito</alt>
		</trans>
	</term>
	<term id="9">
		<trans lang="en">
			<word>yes (acknowledgment)</word>
		</trans>
		<trans lang="ja">
			<word>はい</word>
			<alt>hai</alt>
		</trans>
	</term>
	<term id="10">
		<trans lang="en">
			<word>yes (agreement)</word>
		</trans>
		<trans lang="ja">
			<word>ええ</word>
			<alt>ee</alt>
		</trans>
	</term>
	<term id="11">
		<trans lang="en">
			<word>so, that's right</word>
		</trans>
		<trans lang="ja">
			<word>そう</word>
			<alt>soo</alt>
		</trans>
	</term>
	<term id="12">
		<trans lang="en">
			<word>no</word>
		</trans>
		<trans lang="ja">
			<word>いいえ</word>
			<alt>iie</alt>
		</trans>
	</term>
	<term id="13">
		<trans lang="en">
			<word>South Korea</word>
		</trans>
		<trans lang="ja">
			<word>かんこく</word>
			<alt>kankoku</alt>
		</trans>
	</term>
	<term id="14">
		<trans lang="en">
			<word>that, that thing over there</word>
		</trans>
		<trans lang="ja">
			<word>あれ</word>
			<alt>are</alt>
		</trans>
	</term>
	<term id="15">
		<trans lang="en">
			<word>what?</word>
		</trans>
		<trans lang="ja">
			<word>なに / なん</word>
			<alt>nani</alt>
		</trans>
	</term>
	<term id="16">
		<trans lang="en">
			<word>library</word>
		</trans>
		<trans lang="ja">
			<word>としょかん</word>
			<alt>toshokan</alt>
		</trans>
	</term>
	<term id="17">
		<trans lang="en">
			<word>major (field of study)</word>
		</trans>
		<trans lang="ja">
			<word>せんこう</word>
			<alt>senkoo</alt>
		</trans>
	</term>
	<term id="18">
		<trans lang="en">
			<word>economy, economics</word>
		</trans>
		<trans lang="ja">
			<word>けいざい</word>
			<alt>keizai</alt>
		</trans>
	</term>
	<term id="19">
		<trans lang="en">
			<word>example</word>
		</trans>
		<trans lang="ja">
			<word>れい</word>
			<alt>rei</alt>
		</trans>
	</term>
	<term id="20">
		<trans lang="en">
			<word>student   ++</word>
		</trans>
		<trans lang="ja">
			<word>学生</word>
			<alt>gakusei</alt>
		</trans>
	</term>
	<term id="21">
		<trans lang="en">
			<word>US, America</word>
		</trans>
		<trans lang="ja">
			<word>アメリカ</word>
			<alt>amerika</alt>
		</trans>
	</term>
	<term id="22">
		<trans lang="en">
			<word>person from ...</word>
		</trans>
		<trans lang="ja">
			<word>~人</word>
			<alt>-jin</alt>
		</trans>
	</term>
	<term id="23">
		<trans lang="en">
			<word>umbrella</word>
		</trans>
		<trans lang="ja">
			<word>かさ</word>
			<alt>kasa</alt>
		</trans>
	</term>
	<term id="24">
		<trans lang="en">
			<word>bag, case</word>
		</trans>
		<trans lang="ja">
			<word>かばん</word>
			<alt>kaban</alt>
		</trans>
	</term>
	<term id="25">
		<trans lang="en">
			<word>key</word>
		</trans>
		<trans lang="ja">
			<word>かぎ</word>
			<alt>kagi</alt>
		</trans>
	</term>
	<term id="26">
		<trans lang="en">
			<word>dictionary (look up in ...)</word>
		</trans>
		<trans lang="ja">
			<word>じしょ [をひく]</word>
			<alt>jisho</alt>
		</trans>
	</term>
	<term id="27">
		<trans lang="en">
			<word>book   +</word>
		</trans>
		<trans lang="ja">
			<word>本</word>
			<alt>hon</alt>
		</trans>
	</term>
	<term id="28">
		<trans lang="en">
			<word>Japan   +</word>
		</trans>
		<trans lang="ja">
			<word>日本</word>
			<alt>nihon</alt>
		</trans>
	</term>
	<term id="29">
		<trans lang="en">
			<word>you</word>
		</trans>
		<trans lang="ja">
			<word>あなた</word>
			<alt>anata</alt>
		</trans>
	</term>
	<term id="30">
		<trans lang="en">
			<word>exchange student, foreign student</word>
		</trans>
		<trans lang="ja">
			<word>りゅう学生</word>
			<alt>ryuugakusei</alt>
		</trans>
	</term>
	<term id="31">
		<trans lang="en">
			<word>teacher, professor   +</word>
		</trans>
		<trans lang="ja">
			<word>先生</word>
			<alt>sensei</alt>
		</trans>
	</term>
	<term id="32">
		<trans lang="en">
			<word>dormitory</word>
		</trans>
		<trans lang="ja">
			<word>りょう</word>
			<alt>ryoo</alt>
		</trans>
	</term>
	<term id="33">
		<trans lang="en">
			<word>this, this thing</word>
		</trans>
		<trans lang="ja">
			<word>これ</word>
			<alt>kore</alt>
		</trans>
	</term>
	<term id="34">
		<trans lang="en">
			<word>which?, which thing?</word>
		</trans>
		<trans lang="ja">
			<word>どれ</word>
			<alt>dore</alt>
		</trans>
	</term>
	<term id="35">
		<trans lang="en">
			<word>dining hall, cafeteria</word>
		</trans>
		<trans lang="ja">
			<word>しょくどう</word>
			<alt>shokudoo</alt>
		</trans>
	</term>
	<term id="36">
		<trans lang="en">
			<word>that, that thing near you</word>
		</trans>
		<trans lang="ja">
			<word>それ</word>
			<alt>sore</alt>
		</trans>
	</term>
	<term id="37">
		<trans lang="en">
			<word>Japanese (language)</word>
		</trans>
		<trans lang="ja">
			<word>日本ご</word>
			<alt>nihongo</alt>
		</trans>
	</term>
	<term id="38">
		<trans lang="en">
			<word>hiragana (Jap. syllables)</word>
		</trans>
		<trans lang="ja">
			<word>ひらがな</word>
			<alt>hiragana</alt>
		</trans>
	</term>
	<term id="39">
		<trans lang="en">
			<word>who?</word>
		</trans>
		<trans lang="ja">
			<word>だれ</word>
			<alt>dare</alt>
		</trans>
	</term>
	<term id="40">
		<trans lang="en">
			<word>literature</word>
		</trans>
		<trans lang="ja">
			<word>ぶん学</word>
			<alt>bungaku</alt>
		</trans>
	</term>
	<term id="41">
		<trans lang="en">
			<word>university   +</word>
		</trans>
		<trans lang="ja">
			<word>大学</word>
			<alt>daigaku</alt>
		</trans>
	</term>
</glossary>
