<?xml version="1.0"?>
<glossary id="253" name="36" author="Frédéric Bergeron">
	<desc></desc>
	<term id="1">
		<trans lang="en">
			<word>food &amp; drink</word>
		</trans>
		<trans lang="ja">
			<word>飲食物</word>
			<alt>いんしょくぶつ</alt>
		</trans>
		<comment languages="en-ja">飲食物を売る。
He sells food &amp; drink. </comment>
	</term>
	<term id="2">
		<trans lang="en">
			<word>warrior,samurai</word>
		</trans>
		<trans lang="ja">
			<word>武士</word>
			<alt>ぶし</alt>
		</trans>
		<comment languages="en-ja">一人の武士が来た。
A warrior came.</comment>
	</term>
	<term id="3">
		<trans lang="en">
			<word>wish,desire</word>
		</trans>
		<trans lang="ja">
			<word>望み</word>
			<alt>のぞみ</alt>
		</trans>
	</term>
	<term id="4">
		<trans lang="en">
			<word>drinking water</word>
		</trans>
		<trans lang="ja">
			<word>飲料水</word>
			<alt>いんりょうすい</alt>
		</trans>
	</term>
	<term id="5">
		<trans lang="en">
			<word>place,situation,position,location (to)</word>
		</trans>
		<trans lang="ja">
			<word>位置(する)</word>
			<alt>いち(する)</alt>
		</trans>
	</term>
	<term id="6">
		<trans lang="en">
			<word>first,new</word>
		</trans>
		<trans lang="ja">
			<word>初</word>
			<alt>はつ</alt>
		</trans>
		<comment languages="en-ja">今年は、かきの初なりだ。
It's time for the first kaki, for this year.

[Same as 初め.]</comment>
	</term>
	<term id="7">
		<trans lang="en">
			<word>to go,to come,to call,to visit,to be defeated,to die</word>
		</trans>
		<trans lang="ja">
			<word>参る</word>
			<alt>まいる</alt>
		</trans>
		<comment languages="en-ja">君には一本取られて参った。
I got you. I defeated you.

[This is an idiomatic expression probably coming from judo.  一本 is probably one point.  When you take enough points from your opponent, you win the fight.]</comment>
	</term>
	<term id="8">
		<trans lang="en">
			<word>Buddhist mortuary tablet</word>
		</trans>
		<trans lang="ja">
			<word>位牌</word>
			<alt>いはい</alt>
		</trans>
	</term>
	<term id="9">
		<trans lang="en">
			<word>doctor</word>
		</trans>
		<trans lang="ja">
			<word>博士</word>
			<alt>はくし</alt>
		</trans>
		<comment languages="en-ja">博士のご意見はいかがですか。
What's the opinion of the doctor?</comment>
	</term>
	<term id="10">
		<trans lang="en">
			<word>sleight of hand,conjuring trick,magic,juggling</word>
		</trans>
		<trans lang="ja">
			<word>手品</word>
			<alt>てじな</alt>
		</trans>
	</term>
</glossary>
