<?xml version="1.0"?>
<glossary id="409" name="Lektion 07" author="Frédéric Bergeron">
	<desc></desc>
	<term id="1">
		<trans lang="de">
			<word>Brille (f.)</word>
		</trans>
		<trans lang="fr">
			<word>lunettes (f.pl.)</word>
		</trans>
		<comment languages="de-fr">Sonnenbrille: lunettes de soleil</comment>
	</term>
	<term id="2">
		<trans lang="de">
			<word>Rucksack (m.)</word>
		</trans>
		<trans lang="fr">
			<word>sac à dos</word>
		</trans>
	</term>
	<term id="3">
		<trans lang="de">
			<word>Ohrringe (pl.)</word>
		</trans>
		<trans lang="fr">
			<word>boucles d'oreille</word>
		</trans>
		<comment languages="de-fr">das Ohr: l'oreille</comment>
	</term>
	<term id="4">
		<trans lang="de">
			<word>Zeitung (f.)</word>
		</trans>
		<trans lang="fr">
			<word>journal</word>
		</trans>
	</term>
	<term id="5">
		<trans lang="de">
			<word>Kette (f.)</word>
		</trans>
		<trans lang="fr">
			<word>chaîne</word>
		</trans>
	</term>
	<term id="6">
		<trans lang="de">
			<word>T-Shirt (n.)</word>
		</trans>
		<trans lang="fr">
			<word>t-shirt</word>
		</trans>
	</term>
	<term id="7">
		<trans lang="de">
			<word>Monatskarte (f.)</word>
		</trans>
		<trans lang="fr">
			<word>carte/passe mensuelle</word>
		</trans>
	</term>
	<term id="8">
		<trans lang="de">
			<word>Bleistift (m.)</word>
		</trans>
		<trans lang="fr">
			<word>crayon</word>
		</trans>
	</term>
	<term id="9">
		<trans lang="de">
			<word>Kugelschreiber (m.),Kuli (m.)</word>
		</trans>
		<trans lang="fr">
			<word>stylo (à bille)</word>
		</trans>
	</term>
	<term id="10">
		<trans lang="de">
			<word>Handy (n.)</word>
		</trans>
		<trans lang="fr">
			<word>portable (téléphone)</word>
		</trans>
	</term>
	<term id="11">
		<trans lang="de">
			<word>Taschentuch (n.)</word>
		</trans>
		<trans lang="fr">
			<word>mouchoir</word>
		</trans>
		<comment languages="de-fr">Papiertaschentuch: papier-mouchoir,kleenex</comment>
	</term>
	<term id="12">
		<trans lang="de">
			<word>Ringbuch (n.)</word>
		</trans>
		<trans lang="fr">
			<word>classeur</word>
		</trans>
	</term>
	<term id="13">
		<trans lang="de">
			<word>Tasche (f.)</word>
		</trans>
		<trans lang="fr">
			<word>sac/poche</word>
		</trans>
	</term>
	<term id="14">
		<trans lang="de">
			<word>Uhr (f.)</word>
		</trans>
		<trans lang="fr">
			<word>montre (f.)</word>
		</trans>
	</term>
	<term id="15">
		<trans lang="de">
			<word>Ring (m.)</word>
		</trans>
		<trans lang="fr">
			<word>anneau (m.)</word>
		</trans>
	</term>
	<term id="16">
		<trans lang="de">
			<word>Regenschirm (m.)</word>
		</trans>
		<trans lang="fr">
			<word>parapluie (m.)</word>
		</trans>
		<comment languages="de-fr">Sonnenschirm: parasol</comment>
	</term>
	<term id="17">
		<trans lang="de">
			<word>Jeans (pl.)</word>
			<alt>comme en anglais</alt>
		</trans>
		<trans lang="fr">
			<word>jeans (pl.)</word>
		</trans>
	</term>
	<term id="18">
		<trans lang="de">
			<word>Schuh (m.)</word>
		</trans>
		<trans lang="fr">
			<word>soulier (m.)</word>
		</trans>
		<comment languages="de-fr">les souliers
die Schuhe</comment>
	</term>
	<term id="19">
		<trans lang="de">
			<word>Gegenstand (m.)</word>
		</trans>
		<trans lang="fr">
			<word>objet (m.)</word>
		</trans>
		<comment languages="de-fr">les objets
die Gegenstände</comment>
	</term>
	<term id="20">
		<trans lang="de">
			<word>MP3-Spieler (m.)</word>
			<alt>empédraillechpileur</alt>
		</trans>
		<trans lang="fr">
			<word>lecteur MP3</word>
		</trans>
	</term>
	<term id="21">
		<trans lang="de">
			<word>Wörterbuch (n.)</word>
		</trans>
		<trans lang="fr">
			<word>dictionnaire (m.)</word>
		</trans>
	</term>
	<term id="22">
		<trans lang="de">
			<word>PC (n.)</word>
		</trans>
		<trans lang="fr">
			<word>ordinateur (m.)</word>
		</trans>
	</term>
	<term id="23">
		<trans lang="de">
			<word>DVD (f.)</word>
		</trans>
		<trans lang="fr">
			<word>DVD (m.)</word>
		</trans>
	</term>
	<term id="24">
		<trans lang="de">
			<word>Heft (n.)</word>
		</trans>
		<trans lang="fr">
			<word>cahier</word>
		</trans>
	</term>
	<term id="25">
		<trans lang="de">
			<word>Digitalkamera (f.)</word>
			<alt>diguitalkaméra</alt>
		</trans>
		<trans lang="fr">
			<word>caméra numérique (f.)</word>
		</trans>
	</term>
	<term id="26">
		<trans lang="de">
			<word>Portmonee (n.)</word>
		</trans>
		<trans lang="fr">
			<word>porte-monnaie (m.)</word>
		</trans>
	</term>
	<term id="27">
		<trans lang="de">
			<word>Etui (n.)</word>
		</trans>
		<trans lang="fr">
			<word>étui (m.)</word>
		</trans>
	</term>
	<term id="28">
		<trans lang="de">
			<word>Radiergummi (m.)</word>
		</trans>
		<trans lang="fr">
			<word>gomme à effacer</word>
		</trans>
	</term>
	<term id="29">
		<trans lang="de">
			<word>Lineal (n.)</word>
		</trans>
		<trans lang="fr">
			<word>règle (f.)</word>
		</trans>
	</term>
	<term id="30">
		<trans lang="de">
			<word>schlecht</word>
		</trans>
		<trans lang="fr">
			<word>mauvais</word>
		</trans>
	</term>
	<term id="31">
		<trans lang="de">
			<word>preiswert</word>
		</trans>
		<trans lang="fr">
			<word>raisonnable (coût)</word>
		</trans>
	</term>
	<term id="32">
		<trans lang="de">
			<word>teuer</word>
		</trans>
		<trans lang="fr">
			<word>cher</word>
		</trans>
	</term>
	<term id="33">
		<trans lang="de">
			<word>billig</word>
		</trans>
		<trans lang="fr">
			<word>pas cher,abordable</word>
		</trans>
	</term>
	<term id="34">
		<trans lang="de">
			<word>toll</word>
		</trans>
		<trans lang="fr">
			<word>super</word>
		</trans>
	</term>
	<term id="35">
		<trans lang="de">
			<word>altmodish</word>
		</trans>
		<trans lang="fr">
			<word>démodé</word>
		</trans>
	</term>
	<term id="36">
		<trans lang="de">
			<word>schick</word>
		</trans>
		<trans lang="fr">
			<word>chic,cool</word>
		</trans>
	</term>
	<term id="37">
		<trans lang="de">
			<word>fantastisch</word>
		</trans>
		<trans lang="fr">
			<word>fantastique,super</word>
		</trans>
	</term>
	<term id="38">
		<trans lang="de">
			<word>praktisch,nützlich</word>
		</trans>
		<trans lang="fr">
			<word>pratique</word>
		</trans>
	</term>
	<term id="39">
		<trans lang="de">
			<word>unpraktisch</word>
		</trans>
		<trans lang="fr">
			<word>pas pratique,incommode</word>
		</trans>
	</term>
	<term id="40">
		<trans lang="de">
			<word>Durst (m.)</word>
			<alt>dourst</alt>
		</trans>
		<trans lang="fr">
			<word>soif</word>
		</trans>
		<comment languages="de-fr">Ich habe keinen Durst.
Je n'ai pas soif.</comment>
	</term>
	<term id="41">
		<trans lang="de">
			<word>Hunger (m.)</word>
		</trans>
		<trans lang="fr">
			<word>faim</word>
		</trans>
		<comment languages="de-fr">Hast du keinen Hunger? 
N'as-tu pas faim?</comment>
	</term>
	<term id="42">
		<trans lang="de">
			<word>holen</word>
		</trans>
		<trans lang="fr">
			<word>aller/venir chercher [acheter]</word>
		</trans>
	</term>
</glossary>
