<?xml version="1.0"?>
<glossary id="324" name="JBPI-27" author="">
	<desc></desc>
	<term id="1">
		<trans lang="en">
			<word>elder brother, my ...</word>
		</trans>
		<trans lang="ja">
			<word>あに</word>
			<alt>ani</alt>
		</trans>
	</term>
	<term id="2">
		<trans lang="en">
			<word>elder brother (hon.)</word>
		</trans>
		<trans lang="ja">
			<word>おにいさん</word>
			<alt>oniisan</alt>
		</trans>
	</term>
	<term id="3">
		<trans lang="en">
			<word>travel agency</word>
		</trans>
		<trans lang="ja">
			<word>りょこうがいしゃ</word>
			<alt>ryokoogaisha</alt>
		</trans>
	</term>
	<term id="4">
		<trans lang="en">
			<word>be employed, work ("ni")</word>
		</trans>
		<trans lang="ja">
			<word>つとめる</word>
			<alt>tsutomeru</alt>
		</trans>
	</term>
	<term id="5">
		<trans lang="en">
			<word>Hong Kong</word>
		</trans>
		<trans lang="ja">
			<word>ホンコン</word>
			<alt>honkon</alt>
		</trans>
	</term>
	<term id="6">
		<trans lang="en">
			<word>live, reside ("ni")</word>
		</trans>
		<trans lang="ja">
			<word>すむ</word>
			<alt>sumu</alt>
		</trans>
	</term>
	<term id="7">
		<trans lang="en">
			<word>yooku  New York</word>
		</trans>
		<trans lang="ja">
			<word>ニュー・ヨーク</word>
			<alt>nyuu</alt>
		</trans>
	</term>
	<term id="8">
		<trans lang="en">
			<word>husband, my husband; host</word>
		</trans>
		<trans lang="ja">
			<word>しゅじん</word>
			<alt>shujin</alt>
		</trans>
	</term>
	<term id="9">
		<trans lang="en">
			<word>parents, my parents</word>
		</trans>
		<trans lang="ja">
			<word>りょうしん</word>
			<alt>ryooshin</alt>
		</trans>
	</term>
	<term id="10">
		<trans lang="en">
			<word>parents (hon.)</word>
		</trans>
		<trans lang="ja">
			<word>ごりょうしん</word>
			<alt>goryooshin</alt>
		</trans>
	</term>
	<term id="11">
		<trans lang="en">
			<word>grandfather, my grandfather</word>
		</trans>
		<trans lang="ja">
			<word>そふ</word>
			<alt>sofu</alt>
		</trans>
	</term>
	<term id="12">
		<trans lang="en">
			<word>grandfather, old man (hon.)</word>
		</trans>
		<trans lang="ja">
			<word>おじいさん</word>
			<alt>ojiisan</alt>
		</trans>
	</term>
	<term id="13">
		<trans lang="en">
			<word>grandmother, my grandmother</word>
		</trans>
		<trans lang="ja">
			<word>そぼ</word>
			<alt>sobo</alt>
		</trans>
	</term>
	<term id="14">
		<trans lang="en">
			<word>grandmother, old woman (hon.)</word>
		</trans>
		<trans lang="ja">
			<word>おばあさん</word>
			<alt>obaasan</alt>
		</trans>
	</term>
	<term id="15">
		<trans lang="en">
			<word>elder sister (hon.)</word>
		</trans>
		<trans lang="ja">
			<word>おねえさん</word>
			<alt>oneesan</alt>
		</trans>
	</term>
	<term id="16">
		<trans lang="en">
			<word>younger brother</word>
		</trans>
		<trans lang="ja">
			<word>おとうと [さん]</word>
			<alt>otooto</alt>
		</trans>
	</term>
	<term id="17">
		<trans lang="en">
			<word>uncle</word>
		</trans>
		<trans lang="ja">
			<word>おじ [さん]</word>
			<alt>oji</alt>
		</trans>
	</term>
	<term id="18">
		<trans lang="en">
			<word>aunt</word>
		</trans>
		<trans lang="ja">
			<word>おば [さん]</word>
			<alt>oba</alt>
		</trans>
	</term>
	<term id="19">
		<trans lang="en">
			<word>cousin</word>
		</trans>
		<trans lang="ja">
			<word>いとこ</word>
			<alt>itoko</alt>
		</trans>
	</term>
	<term id="20">
		<trans lang="en">
			<word>know, get to know</word>
		</trans>
		<trans lang="ja">
			<word>しる (V)</word>
			<alt>shiru</alt>
		</trans>
	</term>
	<term id="21">
		<trans lang="en">
			<word>know</word>
		</trans>
		<trans lang="ja">
			<word>しっている</word>
			<alt>shitte iru</alt>
		</trans>
	</term>
	<term id="22">
		<trans lang="en">
			<word>not know ( = shirimasen, plain)</word>
		</trans>
		<trans lang="ja">
			<word>しらない</word>
			<alt>shiranai</alt>
		</trans>
	</term>
	<term id="23">
		<trans lang="en">
			<word>basement</word>
		</trans>
		<trans lang="ja">
			<word>ちか</word>
			<alt>chika</alt>
		</trans>
	</term>
	<term id="24">
		<trans lang="en">
			<word>sell</word>
		</trans>
		<trans lang="ja">
			<word>うる</word>
			<alt>uru</alt>
		</trans>
	</term>
	<term id="25">
		<trans lang="en">
			<word>foreign country</word>
		</trans>
		<trans lang="ja">
			<word>がいこく</word>
			<alt>gaikoku</alt>
		</trans>
	</term>
	<term id="26">
		<trans lang="en">
			<word>sweater</word>
		</trans>
		<trans lang="ja">
			<word>セーター</word>
			<alt>seetaa</alt>
		</trans>
	</term>
</glossary>
