<?xml version="1.0"?>
<glossary id="318" name="JNI-03" author="">
	<desc></desc>
	<term id="1">
		<trans lang="en">
			<word>still, not yet</word>
		</trans>
		<trans lang="ja">
			<word>まだ</word>
			<alt>mada</alt>
		</trans>
	</term>
	<term id="2">
		<trans lang="en">
			<word>bath</word>
		</trans>
		<trans lang="ja">
			<word>おふろ</word>
			<alt>ofuro</alt>
		</trans>
	</term>
	<term id="3">
		<trans lang="en">
			<word>restaurant</word>
		</trans>
		<trans lang="ja">
			<word>レストラン</word>
			<alt>resutoran</alt>
		</trans>
	</term>
	<term id="4">
		<trans lang="en">
			<word>do ("wo")</word>
		</trans>
		<trans lang="ja">
			<word>する</word>
			<alt>suru</alt>
		</trans>
	</term>
	<term id="5">
		<trans lang="en">
			<word>studying, study</word>
		</trans>
		<trans lang="ja">
			<word>べんきょう [する]</word>
			<alt>benkyoo</alt>
		</trans>
	</term>
	<term id="6">
		<trans lang="en">
			<word>homework</word>
		</trans>
		<trans lang="ja">
			<word>しゅくだい</word>
			<alt>shukudai</alt>
		</trans>
	</term>
	<term id="7">
		<trans lang="en">
			<word>meal, cooked rice</word>
		</trans>
		<trans lang="ja">
			<word>ごはん</word>
			<alt>gohan</alt>
		</trans>
	</term>
	<term id="8">
		<trans lang="en">
			<word>kuriimu    icecream</word>
		</trans>
		<trans lang="ja">
			<word>アイス・クリーム</word>
			<alt>aisu</alt>
		</trans>
	</term>
	<term id="9">
		<trans lang="en">
			<word>cake</word>
		</trans>
		<trans lang="ja">
			<word>ケーキ</word>
			<alt>keeki</alt>
		</trans>
	</term>
	<term id="10">
		<trans lang="en">
			<word>yesterday</word>
		</trans>
		<trans lang="ja">
			<word>きのう</word>
			<alt>kinoo</alt>
		</trans>
	</term>
	<term id="11">
		<trans lang="en">
			<word>day before yesterday</word>
		</trans>
		<trans lang="ja">
			<word>おととい</word>
			<alt>ototoi</alt>
		</trans>
	</term>
	<term id="12">
		<trans lang="en">
			<word>hear, listen to ("wo")</word>
		</trans>
		<trans lang="ja">
			<word>きく</word>
			<alt>kiku</alt>
		</trans>
	</term>
	<term id="13">
		<trans lang="en">
			<word>department store</word>
		</trans>
		<trans lang="ja">
			<word>デパート</word>
			<alt>depaato</alt>
		</trans>
	</term>
	<term id="14">
		<trans lang="en">
			<word>what?</word>
		</trans>
		<trans lang="ja">
			<word>なに</word>
			<alt>nani</alt>
		</trans>
	</term>
</glossary>
