<?xml version="1.0"?>
<glossary id="166" name="30" author="Frédéric Bergeron">
	<desc></desc>
	<term id="1">
		<trans lang="es">
			<word>erguir</word>
		</trans>
		<trans lang="fr">
			<word>lever,dresser</word>
		</trans>
	</term>
	<term id="2">
		<trans lang="es">
			<word>tropezón</word>
		</trans>
		<trans lang="fr">
			<word>faux-pas</word>
		</trans>
		<comment languages="es-fr">dar un tropezón
faire un faux-pas</comment>
	</term>
	<term id="3">
		<trans lang="es">
			<word>regocijar</word>
		</trans>
		<trans lang="fr">
			<word>réjouir</word>
		</trans>
	</term>
	<term id="4">
		<trans lang="es">
			<word>facciones (f.)</word>
		</trans>
		<trans lang="fr">
			<word>traits (du visage)</word>
		</trans>
	</term>
</glossary>
