<?xml version="1.0"?>
<glossary id="379" name="p103-113" author="Frédéric Bergeron">
	<desc></desc>
	<term id="1">
		<trans lang="es">
			<word>pesar (n.m.)</word>
		</trans>
		<trans lang="fr">
			<word>chagrin,peine,regret</word>
		</trans>
		<comment languages="es-fr">a pesar de: malgré
a pesar suyo: malgré lui
a pesar de que: bien que
a mi pesar: a mon [grand] regret</comment>
	</term>
	<term id="2">
		<trans lang="es">
			<word>despectivo</word>
		</trans>
		<trans lang="fr">
			<word>méprisant,péjoratif</word>
		</trans>
		<comment languages="es-fr">Me miro con un gesto despectivo.
Elle me regarde avec un geste méprisant.</comment>
	</term>
	<term id="3">
		<trans lang="es">
			<word>muchedumbre (f.)</word>
		</trans>
		<trans lang="fr">
			<word>foule (f.)</word>
		</trans>
	</term>
	<term id="4">
		<trans lang="es">
			<word>cerviz (f.)</word>
		</trans>
		<trans lang="fr">
			<word>nuque (f.)</word>
		</trans>
	</term>
	<term id="5">
		<trans lang="es">
			<word>doblar</word>
		</trans>
		<trans lang="fr">
			<word>plier,courber,tourner,doubler</word>
		</trans>
	</term>
</glossary>
