<?xml version="1.0"?>
<glossary id="301" name="JBPII-18" author="">
	<desc></desc>
	<term id="1">
		<trans lang="en">
			<word>friend   +</word>
		</trans>
		<trans lang="ja">
			<word>友だち</word>
			<alt>tomodachi</alt>
		</trans>
	</term>
	<term id="2">
		<trans lang="en">
			<word>flower   +</word>
		</trans>
		<trans lang="ja">
			<word>花</word>
			<alt>hana</alt>
		</trans>
	</term>
	<term id="3">
		<trans lang="en">
			<word>send; see off, escort   +</word>
		</trans>
		<trans lang="ja">
			<word>送る</word>
			<alt>okuru</alt>
		</trans>
	</term>
	<term id="4">
		<trans lang="en">
			<word>wish, hope, ask   +</word>
		</trans>
		<trans lang="ja">
			<word>願う</word>
			<alt>negau</alt>
		</trans>
	</term>
	<term id="5">
		<trans lang="en">
			<word>Please (request, humble)</word>
		</trans>
		<trans lang="ja">
			<word>お願いします</word>
			<alt>onegaishimasu</alt>
		</trans>
	</term>
	<term id="6">
		<trans lang="en">
			<word>rice field, paddy   +</word>
		</trans>
		<trans lang="ja">
			<word>田</word>
			<alt>ta</alt>
		</trans>
	</term>
	<term id="7">
		<trans lang="en">
			<word>delivery charge, postage   +</word>
		</trans>
		<trans lang="ja">
			<word>送料</word>
			<alt>sooryoo</alt>
		</trans>
	</term>
	<term id="8">
		<trans lang="en">
			<word>strange, funny</word>
		</trans>
		<trans lang="ja">
			<word>おかしい</word>
			<alt>okashii</alt>
		</trans>
	</term>
	<term id="9">
		<trans lang="en">
			<word>special, particular</word>
		</trans>
		<trans lang="ja">
			<word>とくべつ [の]</word>
			<alt>tokubetsu</alt>
		</trans>
	</term>
	<term id="10">
		<trans lang="en">
			<word>alright</word>
		</trans>
		<trans lang="ja">
			<word>大じょうぶ [な]</word>
			<alt>daijoobu</alt>
		</trans>
	</term>
	<term id="11">
		<trans lang="en">
			<word>delivery; report, notice</word>
		</trans>
		<trans lang="ja">
			<word>とどけ</word>
			<alt>todoke</alt>
		</trans>
	</term>
	<term id="12">
		<trans lang="en">
			<word>intention, purpose</word>
		</trans>
		<trans lang="ja">
			<word>つもり</word>
			<alt>tsumori</alt>
		</trans>
	</term>
	<term id="14">
		<trans lang="en">
			<word>Congratulations.</word>
		</trans>
		<trans lang="ja">
			<word>おめでとう</word>
			<alt>omedetoo</alt>
		</trans>
	</term>
	<term id="16">
		<trans lang="en">
			<word>consignee, destination</word>
		</trans>
		<trans lang="ja">
			<word>とどけ先</word>
			<alt>todokesaki</alt>
		</trans>
	</term>
	<term id="17">
		<trans lang="en">
			<word>clear up (weather)</word>
		</trans>
		<trans lang="ja">
			<word>はれる</word>
			<alt>hareru</alt>
		</trans>
	</term>
	<term id="18">
		<trans lang="en">
			<word>remember, memorize</word>
		</trans>
		<trans lang="ja">
			<word>おぼえる</word>
			<alt>oboeru</alt>
		</trans>
	</term>
	<term id="19">
		<trans lang="en">
			<word>cuisine, cooking</word>
		</trans>
		<trans lang="ja">
			<word>料り [する]</word>
			<alt>ryoori</alt>
		</trans>
	</term>
	<term id="20">
		<trans lang="en">
			<word>toru   take a vacation</word>
		</trans>
		<trans lang="ja">
			<word>休みをとる</word>
			<alt>yasumiwo</alt>
		</trans>
	</term>
	<term id="21">
		<trans lang="en">
			<word>dekiru have a baby, become pregnant</word>
		</trans>
		<trans lang="ja">
			<word>子どもができる</word>
			<alt>kodomoga</alt>
		</trans>
	</term>
	<term id="22">
		<trans lang="en">
			<word>dekiru  find spare time</word>
		</trans>
		<trans lang="ja">
			<word>時間ができる</word>
			<alt>jikanga</alt>
		</trans>
	</term>
	<term id="23">
		<trans lang="en">
			<word>mistake, failure</word>
		</trans>
		<trans lang="ja">
			<word>しっぱい [する]</word>
			<alt>shippai</alt>
		</trans>
	</term>
	<term id="24">
		<trans lang="en">
			<word>try hard</word>
		</trans>
		<trans lang="ja">
			<word>がんばる</word>
			<alt>gambaru</alt>
		</trans>
	</term>
	<term id="25">
		<trans lang="en">
			<word>Good luck. (encouragement)</word>
		</trans>
		<trans lang="ja">
			<word>がんばって</word>
			<alt>gambatte</alt>
		</trans>
	</term>
	<term id="27">
		<trans lang="en">
			<word>future</word>
		</trans>
		<trans lang="ja">
			<word>しょう来</word>
			<alt>shoorai</alt>
		</trans>
	</term>
	<term id="28">
		<trans lang="en">
			<word>designer</word>
		</trans>
		<trans lang="ja">
			<word>デザイナー</word>
			<alt>dezainaa</alt>
		</trans>
	</term>
	<term id="29">
		<trans lang="en">
			<word>bring, be accompanied by</word>
		</trans>
		<trans lang="ja">
			<word>つれる</word>
			<alt>tsureru</alt>
		</trans>
	</term>
	<term id="30">
		<trans lang="en">
			<word>go with, take (s.o.)</word>
		</trans>
		<trans lang="ja">
			<word>つれて行く</word>
			<alt>tsureteiku</alt>
		</trans>
	</term>
	<term id="31">
		<trans lang="en">
			<word>salt</word>
		</trans>
		<trans lang="ja">
			<word>しお</word>
			<alt>shio</alt>
		</trans>
	</term>
	<term id="32">
		<trans lang="en">
			<word>help, assist</word>
		</trans>
		<trans lang="ja">
			<word>てつだう</word>
			<alt>tetsudau</alt>
		</trans>
	</term>
	<term id="33">
		<trans lang="en">
			<word>give up, be resigned</word>
		</trans>
		<trans lang="ja">
			<word>あきらめる</word>
			<alt>akirameru</alt>
		</trans>
	</term>
	<term id="34">
		<trans lang="en">
			<word>speech</word>
		</trans>
		<trans lang="ja">
			<word>スピーチ</word>
			<alt>supiichi</alt>
		</trans>
	</term>
	<term id="35">
		<trans lang="en">
			<word>contest</word>
		</trans>
		<trans lang="ja">
			<word>コンテスト</word>
			<alt>kontesuto</alt>
		</trans>
	</term>
	<term id="36">
		<trans lang="en">
			<word>enough</word>
		</trans>
		<trans lang="ja">
			<word>十分 [な]</word>
			<alt>juubun</alt>
		</trans>
	</term>
	<term id="37">
		<trans lang="en">
			<word>preparation, get ready</word>
		</trans>
		<trans lang="ja">
			<word>じゅんび [する]</word>
			<alt>jumbi</alt>
		</trans>
	</term>
</glossary>
