<?xml version="1.0"?>
<glossary id="237" name="Wann treffen wir uns?" author="Frédéric Bergeron">
	<desc></desc>
	<term id="1">
		<trans lang="de">
			<word>die Wochetage</word>
		</trans>
		<trans lang="fr">
			<word>les jours de la semaine</word>
		</trans>
	</term>
	<term id="2">
		<trans lang="de">
			<word>die Woche</word>
		</trans>
		<trans lang="fr">
			<word>la semaine</word>
		</trans>
	</term>
	<term id="3">
		<trans lang="de">
			<word>am Montag</word>
		</trans>
		<trans lang="fr">
			<word>le lundi</word>
		</trans>
	</term>
	<term id="4">
		<trans lang="de">
			<word>am Dienstag</word>
		</trans>
		<trans lang="fr">
			<word>le mardi</word>
		</trans>
	</term>
	<term id="5">
		<trans lang="de">
			<word>am Mittwoch</word>
		</trans>
		<trans lang="fr">
			<word>le mercredi</word>
		</trans>
	</term>
	<term id="6">
		<trans lang="de">
			<word>am Donnerstag</word>
		</trans>
		<trans lang="fr">
			<word>le jeudi</word>
		</trans>
	</term>
	<term id="7">
		<trans lang="de">
			<word>am Freitag</word>
		</trans>
		<trans lang="fr">
			<word>le vendredi</word>
		</trans>
	</term>
	<term id="8">
		<trans lang="de">
			<word>am Samstag oder Sonnabend</word>
		</trans>
		<trans lang="fr">
			<word>le samedi</word>
		</trans>
	</term>
	<term id="9">
		<trans lang="de">
			<word>am Sonntag</word>
		</trans>
		<trans lang="fr">
			<word>le dimanche</word>
		</trans>
	</term>
	<term id="10">
		<trans lang="de">
			<word>Wann treffen wir uns?</word>
		</trans>
		<trans lang="fr">
			<word>Quand pouvons-nous nous rencontrer?</word>
		</trans>
		<comment languages="de-fr">Littéralement: Quand nous rencontrons-nous?</comment>
	</term>
	<term id="11">
		<trans lang="de">
			<word>der Morgen</word>
		</trans>
		<trans lang="fr">
			<word>le matin</word>
		</trans>
	</term>
	<term id="12">
		<trans lang="de">
			<word>der Nachmittag</word>
		</trans>
		<trans lang="fr">
			<word>l'après-midi</word>
		</trans>
	</term>
	<term id="13">
		<trans lang="de">
			<word>der Abend</word>
		</trans>
		<trans lang="fr">
			<word>le soir</word>
		</trans>
	</term>
	<term id="14">
		<trans lang="de">
			<word>die Nacht</word>
		</trans>
		<trans lang="fr">
			<word>la nuit</word>
		</trans>
	</term>
	<term id="15">
		<trans lang="de">
			<word>Mitternacht</word>
		</trans>
		<trans lang="fr">
			<word>minuit</word>
		</trans>
	</term>
	<term id="16">
		<trans lang="de">
			<word>um acht Uhr morgens</word>
		</trans>
		<trans lang="fr">
			<word>à 8 h du matin</word>
		</trans>
	</term>
	<term id="17">
		<trans lang="de">
			<word>um noin Uhr früh</word>
		</trans>
		<trans lang="fr">
			<word>à 9 h du matin </word>
		</trans>
	</term>
	<term id="18">
		<trans lang="de">
			<word>um zwölf Uhr mittags</word>
		</trans>
		<trans lang="fr">
			<word>à midi</word>
		</trans>
	</term>
	<term id="19">
		<trans lang="de">
			<word>um zwei Uhr nachmittags</word>
		</trans>
		<trans lang="fr">
			<word>à 2 h de l'après-midi</word>
		</trans>
	</term>
	<term id="20">
		<trans lang="de">
			<word>um sieben Uhr abends</word>
		</trans>
		<trans lang="fr">
			<word>à 7 h du soir</word>
		</trans>
	</term>
	<term id="21">
		<trans lang="de">
			<word>Geht das?</word>
		</trans>
		<trans lang="fr">
			<word>Cela vous convient?</word>
		</trans>
		<comment languages="de-fr">Littéralement: Ça va?</comment>
	</term>
	<term id="22">
		<trans lang="de">
			<word>Ich freue mich schon darauf.</word>
		</trans>
		<trans lang="fr">
			<word>Je m'en réjouis deja d'avance.</word>
		</trans>
	</term>
	<term id="23">
		<trans lang="de">
			<word>Bis dann!</word>
		</trans>
		<trans lang="fr">
			<word>À tout à l'heure!</word>
		</trans>
	</term>
	<term id="24">
		<trans lang="de">
			<word>Ich brauche ...</word>
		</trans>
		<trans lang="fr">
			<word>J'ai besoin de ...</word>
		</trans>
	</term>
	<term id="25">
		<trans lang="de">
			<word>verloren</word>
		</trans>
		<trans lang="fr">
			<word>perdu</word>
		</trans>
	</term>
</glossary>
