<?xml version="1.0"?>
<glossary id="141" name="07" author="Frédéric Bergeron">
	<desc></desc>
	<term id="1">
		<trans lang="es">
			<word>daño</word>
		</trans>
		<trans lang="fr">
			<word>dommage</word>
		</trans>
	</term>
	<term id="2">
		<trans lang="es">
			<word>aislar</word>
		</trans>
		<trans lang="fr">
			<word>isoler</word>
		</trans>
	</term>
	<term id="3">
		<trans lang="es">
			<word>aislamiento</word>
		</trans>
		<trans lang="fr">
			<word>isolement</word>
		</trans>
	</term>
	<term id="4">
		<trans lang="es">
			<word>aliciente</word>
		</trans>
		<trans lang="fr">
			<word>attrait,agrément,stimulant</word>
		</trans>
	</term>
	<term id="5">
		<trans lang="es">
			<word>vedar</word>
		</trans>
		<trans lang="fr">
			<word>défendre,interdir</word>
		</trans>
	</term>
	<term id="6">
		<trans lang="es">
			<word>desvaído</word>
		</trans>
		<trans lang="fr">
			<word>pâle,terne</word>
		</trans>
	</term>
	<term id="7">
		<trans lang="es">
			<word>ventaja</word>
		</trans>
		<trans lang="fr">
			<word>avantage</word>
		</trans>
	</term>
	<term id="8">
		<trans lang="es">
			<word>espantar</word>
		</trans>
		<trans lang="fr">
			<word>effrayer,épouvanter,faire peur</word>
		</trans>
	</term>
	<term id="9">
		<trans lang="es">
			<word>salvo</word>
		</trans>
		<trans lang="fr">
			<word>sauf (adj.,adv.)</word>
		</trans>
	</term>
</glossary>
