<?xml version="1.0"?>
<glossary id="121" name="5.7" author="Frédéric Bergeron">
	<desc></desc>
	<term id="1">
		<trans lang="en">
			<word>condition,situation,circumstances,state</word>
		</trans>
		<trans lang="ja">
			<word>状態</word>
			<alt>じょうたい</alt>
		</trans>
	</term>
	<term id="2">
		<trans lang="en">
			<word>standard,basis,criteria,norm</word>
		</trans>
		<trans lang="ja">
			<word>基準</word>
			<alt>きじゅん</alt>
		</trans>
	</term>
	<term id="3">
		<trans lang="en">
			<word>concrete,tangible,definite</word>
		</trans>
		<trans lang="ja">
			<word>具体的</word>
			<alt>ぐたいてき</alt>
		</trans>
	</term>
	<term id="4">
		<trans lang="en">
			<word>reference,consultation (to)</word>
		</trans>
		<trans lang="ja">
			<word>参考(する)</word>
			<alt>さんこう(する)</alt>
		</trans>
	</term>
</glossary>
