<?xml version="1.0"?>
<glossary id="323" name="JCS3-28" author="">
	<desc></desc>
	<term id="1">
		<trans lang="en">
			<word>preparation, prepare   +</word>
		</trans>
		<trans lang="ja">
			<word>用意 [する]</word>
			<alt>yooi</alt>
		</trans>
	</term>
	<term id="2">
		<trans lang="en">
			<word>building   +</word>
		</trans>
		<trans lang="ja">
			<word>建物</word>
			<alt>tatemono</alt>
		</trans>
	</term>
	<term id="3">
		<trans lang="en">
			<word>this, this time, next   +</word>
		</trans>
		<trans lang="ja">
			<word>今度 [の]</word>
			<alt>kondo</alt>
		</trans>
	</term>
	<term id="4">
		<trans lang="en">
			<word>over and over</word>
		</trans>
		<trans lang="ja">
			<word>何度も</word>
			<alt>nandomo</alt>
		</trans>
	</term>
	<term id="5">
		<trans lang="en">
			<word>lend   +</word>
		</trans>
		<trans lang="ja">
			<word>貸す</word>
			<alt>kasu</alt>
		</trans>
	</term>
	<term id="6">
		<trans lang="en">
			<word>borrow   +</word>
		</trans>
		<trans lang="ja">
			<word>借りる</word>
			<alt>kariru</alt>
		</trans>
	</term>
	<term id="7">
		<trans lang="en">
			<word>last year   +</word>
		</trans>
		<trans lang="ja">
			<word>去年</word>
			<alt>kyonen</alt>
		</trans>
	</term>
	<term id="8">
		<trans lang="en">
			<word>praise, compliment</word>
		</trans>
		<trans lang="ja">
			<word>はめる</word>
			<alt>hameru</alt>
		</trans>
	</term>
	<term id="9">
		<trans lang="en">
			<word>by (agent of passive S)</word>
		</trans>
		<trans lang="ja">
			<word>~によって</word>
			<alt>-ni yotte</alt>
		</trans>
	</term>
	<term id="10">
		<trans lang="en">
			<word>without doing ("V[a]-")</word>
		</trans>
		<trans lang="ja">
			<word>~ないで</word>
			<alt>-naide</alt>
		</trans>
	</term>
	<term id="11">
		<trans lang="en">
			<word>cry, weep</word>
		</trans>
		<trans lang="ja">
			<word>なく</word>
			<alt>naku</alt>
		</trans>
	</term>
	<term id="12">
		<trans lang="en">
			<word>cause, bring about, wake</word>
		</trans>
		<trans lang="ja">
			<word>起こす</word>
			<alt>okosu</alt>
		</trans>
	</term>
	<term id="13">
		<trans lang="en">
			<word>scold, reprimand</word>
		</trans>
		<trans lang="ja">
			<word>しかる</word>
			<alt>shikaru</alt>
		</trans>
	</term>
	<term id="14">
		<trans lang="en">
			<word>invite, tempt</word>
		</trans>
		<trans lang="ja">
			<word>さそう</word>
			<alt>sasou</alt>
		</trans>
	</term>
	<term id="15">
		<trans lang="en">
			<word>help, aid, save</word>
		</trans>
		<trans lang="ja">
			<word>たすける</word>
			<alt>tasukeru</alt>
		</trans>
	</term>
	<term id="16">
		<trans lang="en">
			<word>request, ask</word>
		</trans>
		<trans lang="ja">
			<word>たのむ</word>
			<alt>tanomu</alt>
		</trans>
	</term>
	<term id="17">
		<trans lang="en">
			<word>pronunciation</word>
		</trans>
		<trans lang="ja">
			<word>発おん</word>
			<alt>hatsuon</alt>
		</trans>
	</term>
	<term id="18">
		<trans lang="en">
			<word>attention, care, advise, warn   +</word>
		</trans>
		<trans lang="ja">
			<word>注意 [する]</word>
			<alt>chuui</alt>
		</trans>
	</term>
	<term id="19">
		<trans lang="en">
			<word>tread on, step on</word>
		</trans>
		<trans lang="ja">
			<word>ふむ</word>
			<alt>fumu</alt>
		</trans>
	</term>
	<term id="20">
		<trans lang="en">
			<word>baby</word>
		</trans>
		<trans lang="ja">
			<word>赤ちゃん</word>
			<alt>akachan</alt>
		</trans>
	</term>
	<term id="21">
		<trans lang="en">
			<word>cartoon, comics</word>
		</trans>
		<trans lang="ja">
			<word>まんが</word>
			<alt>manga</alt>
		</trans>
	</term>
	<term id="22">
		<trans lang="en">
			<word>English(-language) newspaper</word>
		</trans>
		<trans lang="ja">
			<word>英字新聞</word>
			<alt>eijishimbun</alt>
		</trans>
	</term>
	<term id="23">
		<trans lang="en">
			<word>electronic dictionary</word>
		</trans>
		<trans lang="ja">
			<word>電子じ書</word>
			<alt>denshijisho</alt>
		</trans>
	</term>
	<term id="24">
		<trans lang="en">
			<word>draw, paint</word>
		</trans>
		<trans lang="ja">
			<word>かく</word>
			<alt>kaku</alt>
		</trans>
	</term>
	<term id="25">
		<trans lang="en">
			<word>invention, invent</word>
		</trans>
		<trans lang="ja">
			<word>発明 [する]</word>
			<alt>hatsumei</alt>
		</trans>
	</term>
	<term id="26">
		<trans lang="en">
			<word># century</word>
		</trans>
		<trans lang="ja">
			<word>~世き</word>
			<alt>-seiki</alt>
		</trans>
	</term>
	<term id="27">
		<trans lang="en">
			<word>build</word>
		</trans>
		<trans lang="ja">
			<word>建てる</word>
			<alt>tateru</alt>
		</trans>
	</term>
	<term id="28">
		<trans lang="en">
			<word>(uncooked) rice</word>
		</trans>
		<trans lang="ja">
			<word>こめ</word>
			<alt>kome</alt>
		</trans>
	</term>
	<term id="29">
		<trans lang="en">
			<word>Olympic</word>
		</trans>
		<trans lang="ja">
			<word>オリンピック</word>
			<alt>orimpikku</alt>
		</trans>
	</term>
	<term id="30">
		<trans lang="en">
			<word>open, begin, hold (meeting)</word>
		</trans>
		<trans lang="ja">
			<word>開らく</word>
			<alt>hiraku</alt>
		</trans>
	</term>
	<term id="31">
		<trans lang="en">
			<word>happy, glad</word>
		</trans>
		<trans lang="ja">
			<word>うれしい</word>
			<alt>ureshii</alt>
		</trans>
	</term>
	<term id="32">
		<trans lang="en">
			<word>one's senior</word>
		</trans>
		<trans lang="ja">
			<word>先ぱい</word>
			<alt>sempai</alt>
		</trans>
	</term>
	<term id="33">
		<trans lang="en">
			<word>reserve, be reserved, hold back</word>
		</trans>
		<trans lang="ja">
			<word>えんりょ [する]</word>
			<alt>enryo</alt>
		</trans>
	</term>
	<term id="34">
		<trans lang="en">
			<word>actually, to tell the truth</word>
		</trans>
		<trans lang="ja">
			<word>じつは</word>
			<alt>jitsuwa</alt>
		</trans>
	</term>
	<term id="35">
		<trans lang="en">
			<word>the other day</word>
		</trans>
		<trans lang="ja">
			<word>この間</word>
			<alt>konoaida</alt>
		</trans>
	</term>
	<term id="36">
		<trans lang="en">
			<word>pickpocket</word>
		</trans>
		<trans lang="ja">
			<word>すり</word>
			<alt>suri</alt>
		</trans>
	</term>
	<term id="37">
		<trans lang="en">
			<word>steal</word>
		</trans>
		<trans lang="ja">
			<word>ぬすむ</word>
			<alt>nusumu</alt>
		</trans>
	</term>
	<term id="38">
		<trans lang="en">
			<word>be saved, be rescued</word>
		</trans>
		<trans lang="ja">
			<word>たすかる</word>
			<alt>tasukaru</alt>
		</trans>
	</term>
	<term id="39">
		<trans lang="en">
			<word>properly, as one should</word>
		</trans>
		<trans lang="ja">
			<word>ちゃんと</word>
			<alt>chanto</alt>
		</trans>
	</term>
	<term id="40">
		<trans lang="en">
			<word>translation, translate</word>
		</trans>
		<trans lang="ja">
			<word>ほんやく [する]</word>
			<alt>honyaku</alt>
		</trans>
	</term>
	<term id="41">
		<trans lang="en">
			<word>era, period   +</word>
		</trans>
		<trans lang="ja">
			<word>時代</word>
			<alt>jidai</alt>
		</trans>
	</term>
</glossary>
