<?xml version="1.0"?>
<glossary id="90" name="2.0" author="Frédéric Bergeron">
	<desc></desc>
	<term id="1">
		<trans lang="en">
			<word>book,publication</word>
		</trans>
		<trans lang="ja">
			<word>書籍</word>
			<alt>しょせき</alt>
		</trans>
	</term>
	<term id="2">
		<trans lang="en">
			<word>purchase,buy (to)</word>
		</trans>
		<trans lang="ja">
			<word>購入(する)</word>
			<alt>こうにゅう(する)</alt>
		</trans>
	</term>
	<term id="3">
		<trans lang="en">
			<word>item</word>
		</trans>
		<trans lang="ja">
			<word>項目</word>
			<alt>こうもく</alt>
		</trans>
	</term>
	<term id="4">
		<trans lang="en">
			<word>classification,assortment (to)</word>
		</trans>
		<trans lang="ja">
			<word>種別(する)</word>
			<alt>しゅべつ(する)</alt>
		</trans>
	</term>
	<term id="5">
		<trans lang="en">
			<word>whole,entirety,whatever (is the matter)</word>
		</trans>
		<trans lang="ja">
			<word>全体</word>
			<alt>ぜんたい</alt>
		</trans>
	</term>
	<term id="6">
		<trans lang="en">
			<word>to combine,to join,to tie on,to attach with a knot</word>
		</trans>
		<trans lang="ja">
			<word>結びつける</word>
			<alt>むすびつける</alt>
		</trans>
	</term>
	<term id="7">
		<trans lang="en">
			<word>one room</word>
		</trans>
		<trans lang="ja">
			<word>一間</word>
			<alt>ひとま</alt>
		</trans>
	</term>
	<term id="8">
		<trans lang="en">
			<word>simplicity</word>
		</trans>
		<trans lang="ja">
			<word>単純</word>
			<alt>たんじゅん</alt>
		</trans>
	</term>
	<term id="9">
		<trans lang="en">
			<word>regular,legal,formal,established,legitimate</word>
		</trans>
		<trans lang="ja">
			<word>正規</word>
			<alt>せいき</alt>
		</trans>
	</term>
	<term id="10">
		<trans lang="en">
			<word>storage,housing for equipment &amp; machines,putting into computer memory (to)</word>
		</trans>
		<trans lang="ja">
			<word>格納(する)</word>
			<alt>かくのう(する)</alt>
		</trans>
	</term>
	<term id="11">
		<trans lang="en">
			<word>to plunge into,to go into deeply</word>
		</trans>
		<trans lang="ja">
			<word>突っ込む</word>
			<alt>つっこむ</alt>
		</trans>
	</term>
</glossary>
