<?xml version="1.0"?>
<glossary id="20" name="1.01.1" author="Frédéric Bergeron">
	<desc></desc>
	<term id="1">
		<trans lang="en">
			<word>startup,starting (e.g. engine, computer) (to)</word>
		</trans>
		<trans lang="ja">
			<word>起動(する)</word>
			<alt>きどう(する)</alt>
		</trans>
		<comment languages="en-ja">次の手順でコンソールを起動して下さい。
In the next procedure, start up the console.</comment>
	</term>
	<term id="2">
		<trans lang="en">
			<word>to put,to place</word>
		</trans>
		<trans lang="ja">
			<word>置く</word>
			<alt>おく</alt>
		</trans>
	</term>
	<term id="3">
		<trans lang="en">
			<word>removal,migration,movement (to)</word>
		</trans>
		<trans lang="ja">
			<word>移動(する)</word>
			<alt>いどう(する)</alt>
		</trans>
		<comment languages="en-ja">ファイルhello.rbを置いたフォルダーに、cdコマンドで移動します。
Using the cd command, we move to the folder where we put the file hello.rb.

そもそもなぜ鳥は移動するのだろうか。
Why do the birds migrate at all?

家具を移動するとき彼に手伝ってもらった。
I got him to help me when I moved the furniture.</comment>
	</term>
</glossary>
