<?xml version="1.0"?>
<glossary id="338" name="JCS2-13" author="">
	<desc></desc>
	<term id="1">
		<trans lang="en">
			<word>early   +</word>
		</trans>
		<trans lang="ja">
			<word>早い</word>
			<alt>hayai</alt>
		</trans>
	</term>
	<term id="2">
		<trans lang="en">
			<word>morning   +</word>
		</trans>
		<trans lang="ja">
			<word>朝</word>
			<alt>asa</alt>
		</trans>
	</term>
	<term id="3">
		<trans lang="en">
			<word>breakfast</word>
		</trans>
		<trans lang="ja">
			<word>朝ごはん</word>
			<alt>asagohan</alt>
		</trans>
	</term>
	<term id="4">
		<trans lang="en">
			<word>bicycle, bike   +</word>
		</trans>
		<trans lang="ja">
			<word>じ転車</word>
			<alt>jitensha</alt>
		</trans>
	</term>
	<term id="5">
		<trans lang="en">
			<word>driving   +</word>
		</trans>
		<trans lang="ja">
			<word>運転 [する]</word>
			<alt>unten</alt>
		</trans>
	</term>
	<term id="6">
		<trans lang="en">
			<word>(physical) exercise</word>
		</trans>
		<trans lang="ja">
			<word>運どう [する]</word>
			<alt>undoo</alt>
		</trans>
	</term>
	<term id="7">
		<trans lang="en">
			<word>can, be able; be ready ("N ga")</word>
		</trans>
		<trans lang="ja">
			<word>できる</word>
			<alt>dekiru</alt>
		</trans>
	</term>
	<term id="8">
		<trans lang="en">
			<word>can, be able ("V[dict]-")</word>
		</trans>
		<trans lang="ja">
			<word>~ことができる</word>
			<alt>-kotoga dekiru</alt>
		</trans>
	</term>
	<term id="9">
		<trans lang="en">
			<word>get crowded</word>
		</trans>
		<trans lang="ja">
			<word>こむ</word>
			<alt>komu</alt>
		</trans>
	</term>
	<term id="10">
		<trans lang="en">
			<word>sit</word>
		</trans>
		<trans lang="ja">
			<word>すわる</word>
			<alt>suwaru</alt>
		</trans>
	</term>
	<term id="11">
		<trans lang="en">
			<word>while ("V[i]-")</word>
		</trans>
		<trans lang="ja">
			<word>~ながら</word>
			<alt>-nagara</alt>
		</trans>
	</term>
	<term id="12">
		<trans lang="en">
			<word>German (language)</word>
		</trans>
		<trans lang="ja">
			<word>ドイツご</word>
			<alt>doitsugo</alt>
		</trans>
	</term>
	<term id="13">
		<trans lang="en">
			<word>quite (a lot), rather, very</word>
		</trans>
		<trans lang="ja">
			<word>かなり</word>
			<alt>kanari</alt>
		</trans>
	</term>
	<term id="14">
		<trans lang="en">
			<word>get tired</word>
		</trans>
		<trans lang="ja">
			<word>つかれる</word>
			<alt>tsukareru</alt>
		</trans>
	</term>
	<term id="15">
		<trans lang="en">
			<word>have trouble, get into trouble</word>
		</trans>
		<trans lang="ja">
			<word>こまる</word>
			<alt>komaru</alt>
		</trans>
	</term>
	<term id="16">
		<trans lang="en">
			<word>national, state</word>
		</trans>
		<trans lang="ja">
			<word>国りつ [の]</word>
			<alt>kokuritsu</alt>
		</trans>
	</term>
	<term id="17">
		<trans lang="en">
			<word>enter, go in   +</word>
		</trans>
		<trans lang="ja">
			<word>入る</word>
			<alt>hairu</alt>
		</trans>
	</term>
	<term id="18">
		<trans lang="en">
			<word>recently, lately, these days   +</word>
		</trans>
		<trans lang="ja">
			<word>さい近</word>
			<alt>saikin</alt>
		</trans>
	</term>
	<term id="19">
		<trans lang="en">
			<word>sashimi, raw sliced fish</word>
		</trans>
		<trans lang="ja">
			<word>さしみ</word>
			<alt>sashimi</alt>
		</trans>
	</term>
	<term id="20">
		<trans lang="en">
			<word>underground, subway</word>
		</trans>
		<trans lang="ja">
			<word>ち下てつ</word>
			<alt>chikatetsu</alt>
		</trans>
	</term>
	<term id="21">
		<trans lang="en">
			<word>walk</word>
		</trans>
		<trans lang="ja">
			<word>あるく</word>
			<alt>aruku</alt>
		</trans>
	</term>
	<term id="22">
		<trans lang="en">
			<word>work, labour</word>
		</trans>
		<trans lang="ja">
			<word>はたらく</word>
			<alt>hataraku</alt>
		</trans>
	</term>
	<term id="23">
		<trans lang="en">
			<word>serious, very</word>
		</trans>
		<trans lang="ja">
			<word>大へん [な]</word>
			<alt>taihen</alt>
		</trans>
	</term>
	<term id="24">
		<trans lang="en">
			<word>curfew</word>
		</trans>
		<trans lang="ja">
			<word>もんげん</word>
			<alt>mongen</alt>
		</trans>
	</term>
	<term id="25">
		<trans lang="en">
			<word>so, then</word>
		</trans>
		<trans lang="ja">
			<word>それで</word>
			<alt>sorede</alt>
		</trans>
	</term>
	<term id="26">
		<trans lang="en">
			<word>announcment, announce</word>
		</trans>
		<trans lang="ja">
			<word>アナウンス [する]</word>
			<alt>anaunsu</alt>
		</trans>
	</term>
	<term id="27">
		<trans lang="en">
			<word>name   +</word>
		</trans>
		<trans lang="ja">
			<word>名前</word>
			<alt>namae</alt>
		</trans>
	</term>
	<term id="28">
		<trans lang="en">
			<word>rice field   +</word>
		</trans>
		<trans lang="ja">
			<word>田</word>
			<alt>ta</alt>
		</trans>
	</term>
</glossary>
