<?xml version="1.0"?>
<glossary id="320" name="JNI-01" author="">
	<desc></desc>
	<term id="1">
		<trans lang="en">
			<word>is, am, are (s.th., s.o.)</word>
		</trans>
		<trans lang="ja">
			<word>です</word>
			<alt>desu</alt>
		</trans>
	</term>
	<term id="2">
		<trans lang="en">
			<word>home</word>
		</trans>
		<trans lang="ja">
			<word>うち</word>
			<alt>uchi</alt>
		</trans>
	</term>
	<term id="3">
		<trans lang="en">
			<word>where?</word>
		</trans>
		<trans lang="ja">
			<word>どこ</word>
			<alt>doko</alt>
		</trans>
	</term>
	<term id="4">
		<trans lang="en">
			<word>Mr, Mrs, Ms, Miss</word>
		</trans>
		<trans lang="ja">
			<word>~さん</word>
			<alt>-san</alt>
		</trans>
	</term>
	<term id="5">
		<trans lang="en">
			<word>Tokyo (city)</word>
		</trans>
		<trans lang="ja">
			<word>とうきょう</word>
			<alt>tookyoo</alt>
		</trans>
	</term>
</glossary>
