<?xml version="1.0"?>
<glossary id="367" name="p027-041" author="Frédéric Bergeron">
	<desc></desc>
	<term id="1">
		<trans lang="es">
			<word>musgo</word>
		</trans>
		<trans lang="fr">
			<word>mousse</word>
		</trans>
	</term>
	<term id="2">
		<trans lang="es">
			<word>alcance</word>
		</trans>
		<trans lang="fr">
			<word>portée,espace</word>
		</trans>
	</term>
	<term id="3">
		<trans lang="es">
			<word>rueda</word>
		</trans>
		<trans lang="fr">
			<word>roue</word>
		</trans>
	</term>
	<term id="4">
		<trans lang="es">
			<word>trueno</word>
		</trans>
		<trans lang="fr">
			<word>tonnerre</word>
		</trans>
	</term>
	<term id="5">
		<trans lang="es">
			<word>amagar</word>
		</trans>
		<trans lang="fr">
			<word>menacer</word>
		</trans>
		<comment languages="es-fr">Yo amago con la espada.
Je menace avec l'épée.</comment>
	</term>
	<term id="6">
		<trans lang="es">
			<word>hueso</word>
		</trans>
		<trans lang="fr">
			<word>os</word>
		</trans>
	</term>
	<term id="7">
		<trans lang="es">
			<word>tenderete</word>
		</trans>
		<trans lang="fr">
			<word>étalage</word>
		</trans>
	</term>
	<term id="8">
		<trans lang="es">
			<word>alforja</word>
		</trans>
		<trans lang="fr">
			<word>besace</word>
		</trans>
		<comment languages="es-fr">El caballero está sacando víveres de una alforja.
Le cavalier est en train de sortir des vivres d'une besace.</comment>
	</term>
	<term id="9">
		<trans lang="es">
			<word>pendiente (f.)</word>
		</trans>
		<trans lang="fr">
			<word>pente</word>
		</trans>
		<comment languages="es-fr">La pendiente hace que el agua se escurra.
La pente faisait en sorte que l'eau s'égouttait.</comment>
	</term>
	<term id="10">
		<trans lang="es">
			<word>escurrir</word>
		</trans>
		<trans lang="fr">
			<word>égoutter</word>
		</trans>
		<comment languages="es-fr">La pendiente hace que el agua se escurra.
La pente faisait en sorte que l'eau s'égouttait.</comment>
	</term>
	<term id="11">
		<trans lang="es">
			<word>cobijo</word>
		</trans>
		<trans lang="fr">
			<word>gîte</word>
		</trans>
	</term>
	<term id="12">
		<trans lang="es">
			<word>disfrazar</word>
		</trans>
		<trans lang="fr">
			<word>déguiser</word>
		</trans>
		<comment languages="es-fr">disfraz: déguisement</comment>
	</term>
	<term id="13">
		<trans lang="es">
			<word>varón</word>
		</trans>
		<trans lang="fr">
			<word>homme,garçon</word>
		</trans>
		<comment languages="es-fr">una mujer que se disfraza de varón
une femme qui se déguise en homme</comment>
	</term>
	<term id="14">
		<trans lang="es">
			<word>orín</word>
		</trans>
		<trans lang="fr">
			<word>rouille</word>
		</trans>
	</term>
	<term id="15">
		<trans lang="es">
			<word>desbaratar</word>
		</trans>
		<trans lang="fr">
			<word>détruire,défaire,abîmer</word>
		</trans>
	</term>
	<term id="16">
		<trans lang="es">
			<word>oveja</word>
		</trans>
		<trans lang="fr">
			<word>brebis</word>
		</trans>
	</term>
</glossary>
