<?xml version="1.0"?>
<glossary id="151" name="Guten Tag, Herr Braun!" author="Frédéric Bergeron">
	<desc></desc>
	<term id="1">
		<trans lang="de">
			<word>Herr</word>
		</trans>
		<trans lang="fr">
			<word>Monsieur</word>
		</trans>
		<comment languages="de-fr">Herr Braun
Monsieur Braun</comment>
	</term>
	<term id="2">
		<trans lang="de">
			<word>Frau</word>
		</trans>
		<trans lang="fr">
			<word>Madame</word>
		</trans>
		<comment languages="de-fr">Frau Dubois
Madame Dubois</comment>
	</term>
	<term id="3">
		<trans lang="de">
			<word>Wie geht es Ihnen?</word>
		</trans>
		<trans lang="fr">
			<word>Comment allez-vous?</word>
		</trans>
	</term>
	<term id="4">
		<trans lang="de">
			<word>Es geht mir gut.</word>
		</trans>
		<trans lang="fr">
			<word>Je vais bien.</word>
		</trans>
	</term>
	<term id="5">
		<trans lang="de">
			<word>auch</word>
			<alt>aor</alt>
		</trans>
		<trans lang="fr">
			<word>aussi</word>
		</trans>
	</term>
	<term id="6">
		<trans lang="de">
			<word>guten Tag</word>
		</trans>
		<trans lang="fr">
			<word>bonjour</word>
		</trans>
	</term>
	<term id="7">
		<trans lang="de">
			<word>gut</word>
		</trans>
		<trans lang="fr">
			<word>bien</word>
		</trans>
	</term>
	<term id="8">
		<trans lang="de">
			<word>danke</word>
		</trans>
		<trans lang="fr">
			<word>merci</word>
		</trans>
	</term>
	<term id="9">
		<trans lang="de">
			<word>auf Wiedersehen!</word>
		</trans>
		<trans lang="fr">
			<word>Au revoir!</word>
		</trans>
	</term>
</glossary>
