<?xml version="1.0"?>
<glossary id="298" name="JBPII-Introduction" author="">
	<desc></desc>
	<term id="1">
		<trans lang="en">
			<word>traditional</word>
		</trans>
		<trans lang="ja">
			<word>でんとうてき [な]</word>
			<alt>dentooteki</alt>
		</trans>
	</term>
	<term id="2">
		<trans lang="en">
			<word>print, woodblock print (Jap. art)</word>
		</trans>
		<trans lang="ja">
			<word>うきよえ</word>
			<alt>ukiyoe</alt>
		</trans>
	</term>
	<term id="3">
		<trans lang="en">
			<word>environment</word>
		</trans>
		<trans lang="ja">
			<word>かんきょう</word>
			<alt>kankyoo</alt>
		</trans>
	</term>
	<term id="4">
		<trans lang="en">
			<word>eagerness; keen, devoted</word>
		</trans>
		<trans lang="ja">
			<word>ねっしん [な]</word>
			<alt>nesshin</alt>
		</trans>
	</term>
	<term id="5">
		<trans lang="en">
			<word>employee, company employee</word>
		</trans>
		<trans lang="ja">
			<word>しゃいん</word>
			<alt>shain</alt>
		</trans>
	</term>
	<term id="6">
		<trans lang="en">
			<word>transfer, be transferred</word>
		</trans>
		<trans lang="ja">
			<word>てんきん [する]</word>
			<alt>tenkin</alt>
		</trans>
	</term>
	<term id="7">
		<trans lang="en">
			<word>However</word>
		</trans>
		<trans lang="ja">
			<word>しかし</word>
			<alt>shikashi</alt>
		</trans>
	</term>
	<term id="8">
		<trans lang="en">
			<word>friendly with, close</word>
		</trans>
		<trans lang="ja">
			<word>したしい</word>
			<alt>shitashii</alt>
		</trans>
	</term>
	<term id="9">
		<trans lang="en">
			<word>high school, senior high school</word>
		</trans>
		<trans lang="ja">
			<word>こうこう</word>
			<alt>kookoo</alt>
		</trans>
	</term>
	<term id="10">
		<trans lang="en">
			<word>university student</word>
		</trans>
		<trans lang="ja">
			<word>だいがくせい</word>
			<alt>daigakusei</alt>
		</trans>
	</term>
	<term id="11">
		<trans lang="en">
			<word>entrance, appearance; appear</word>
		</trans>
		<trans lang="ja">
			<word>とうじょう [する]</word>
			<alt>toojoo</alt>
		</trans>
	</term>
</glossary>
