<?xml version="1.0"?>
<glossary id="349" name="JCS1-08" author="">
	<desc></desc>
	<term id="1">
		<trans lang="en">
			<word>child   +</word>
		</trans>
		<trans lang="ja">
			<word>子ども</word>
			<alt>kodomo</alt>
		</trans>
	</term>
	<term id="2">
		<trans lang="en">
			<word>friend   +</word>
		</trans>
		<trans lang="ja">
			<word>友だち</word>
			<alt>tomodachi</alt>
		</trans>
	</term>
	<term id="3">
		<trans lang="en">
			<word>air   +</word>
		</trans>
		<trans lang="ja">
			<word>くう気</word>
			<alt>kuuki</alt>
		</trans>
	</term>
	<term id="4">
		<trans lang="en">
			<word>weather</word>
		</trans>
		<trans lang="ja">
			<word>てん気</word>
			<alt>tenki</alt>
		</trans>
	</term>
	<term id="5">
		<trans lang="en">
			<word>foreign country, abroad   +</word>
		</trans>
		<trans lang="ja">
			<word>外こく</word>
			<alt>gaikoku</alt>
		</trans>
	</term>
	<term id="6">
		<trans lang="en">
			<word>foreigner</word>
		</trans>
		<trans lang="ja">
			<word>外こく人</word>
			<alt>gaikokujin</alt>
		</trans>
	</term>
	<term id="7">
		<trans lang="en">
			<word>holiday   +</word>
		</trans>
		<trans lang="ja">
			<word>休み</word>
			<alt>yasumi</alt>
		</trans>
	</term>
	<term id="8">
		<trans lang="en">
			<word>see, meet ("N ni")   +</word>
		</trans>
		<trans lang="ja">
			<word>会う</word>
			<alt>au</alt>
		</trans>
	</term>
	<term id="9">
		<trans lang="en">
			<word>conversation</word>
		</trans>
		<trans lang="ja">
			<word>会話</word>
			<alt>kaiwa</alt>
		</trans>
	</term>
	<term id="10">
		<trans lang="en">
			<word>Japanese (language)   +</word>
		</trans>
		<trans lang="ja">
			<word>日本語</word>
			<alt>nihongo</alt>
		</trans>
	</term>
	<term id="11">
		<trans lang="en">
			<word>Thai (language)</word>
		</trans>
		<trans lang="ja">
			<word>タイ語</word>
			<alt>taigo</alt>
		</trans>
	</term>
	<term id="12">
		<trans lang="en">
			<word>become ("Adj-ku, N ni")</word>
		</trans>
		<trans lang="ja">
			<word>なる</word>
			<alt>naru</alt>
		</trans>
	</term>
	<term id="13">
		<trans lang="en">
			<word>future</word>
		</trans>
		<trans lang="ja">
			<word>しょう来</word>
			<alt>shoorai</alt>
		</trans>
	</term>
	<term id="14">
		<trans lang="en">
			<word>doctor</word>
		</trans>
		<trans lang="ja">
			<word>いしゃ</word>
			<alt>isha</alt>
		</trans>
	</term>
	<term id="15">
		<trans lang="en">
			<word>yakitori (Jap. dish)</word>
		</trans>
		<trans lang="ja">
			<word>やきとり</word>
			<alt>yakitori</alt>
		</trans>
	</term>
	<term id="16">
		<trans lang="en">
			<word>ticket</word>
		</trans>
		<trans lang="ja">
			<word>きっぷ</word>
			<alt>kippu</alt>
		</trans>
	</term>
	<term id="17">
		<trans lang="en">
			<word>go out, come out; attend</word>
		</trans>
		<trans lang="ja">
			<word>でる</word>
			<alt>deru</alt>
		</trans>
	</term>
	<term id="18">
		<trans lang="en">
			<word>lawyer</word>
		</trans>
		<trans lang="ja">
			<word>べんごし</word>
			<alt>bengoshi</alt>
		</trans>
	</term>
	<term id="19">
		<trans lang="en">
			<word>fine, well</word>
		</trans>
		<trans lang="ja">
			<word>元気 [な]</word>
			<alt>genki</alt>
		</trans>
	</term>
	<term id="20">
		<trans lang="en">
			<word>compact</word>
		</trans>
		<trans lang="ja">
			<word>コンパクト [な]</word>
			<alt>kompakuto</alt>
		</trans>
	</term>
	<term id="21">
		<trans lang="en">
			<word>rest, be absent from</word>
		</trans>
		<trans lang="ja">
			<word>休む</word>
			<alt>yasumu</alt>
		</trans>
	</term>
	<term id="22">
		<trans lang="en">
			<word>enjoy oneself, relax</word>
		</trans>
		<trans lang="ja">
			<word>あそぶ</word>
			<alt>asobu</alt>
		</trans>
	</term>
	<term id="23">
		<trans lang="en">
			<word>hot</word>
		</trans>
		<trans lang="ja">
			<word>あつい</word>
			<alt>atsui</alt>
		</trans>
	</term>
	<term id="24">
		<trans lang="en">
			<word>a cold (catch a cold)</word>
		</trans>
		<trans lang="ja">
			<word>かぜ [をひく]</word>
			<alt>kaze</alt>
		</trans>
	</term>
	<term id="25">
		<trans lang="en">
			<word>business, affairs, s.th. to do</word>
		</trans>
		<trans lang="ja">
			<word>ようじ</word>
			<alt>yooji</alt>
		</trans>
	</term>
	<term id="26">
		<trans lang="en">
			<word>understand, be clear ("N ga")</word>
		</trans>
		<trans lang="ja">
			<word>分かる</word>
			<alt>wakaru</alt>
		</trans>
	</term>
	<term id="27">
		<trans lang="en">
			<word>need</word>
		</trans>
		<trans lang="ja">
			<word>いる</word>
			<alt>iru</alt>
		</trans>
	</term>
	<term id="28">
		<trans lang="en">
			<word>hurt, be painful</word>
		</trans>
		<trans lang="ja">
			<word>いたい</word>
			<alt>itai</alt>
		</trans>
	</term>
	<term id="29">
		<trans lang="en">
			<word>homework</word>
		</trans>
		<trans lang="ja">
			<word>しゅくだい</word>
			<alt>shukudai</alt>
		</trans>
	</term>
	<term id="30">
		<trans lang="en">
			<word>this, this time, next</word>
		</trans>
		<trans lang="ja">
			<word>今ど [の]</word>
			<alt>kondo</alt>
		</trans>
	</term>
	<term id="31">
		<trans lang="en">
			<word>ocean, sea</word>
		</trans>
		<trans lang="ja">
			<word>うみ</word>
			<alt>umi</alt>
		</trans>
	</term>
	<term id="32">
		<trans lang="en">
			<word>clothes</word>
		</trans>
		<trans lang="ja">
			<word>ふく</word>
			<alt>fuku</alt>
		</trans>
	</term>
	<term id="33">
		<trans lang="en">
			<word>shoes</word>
		</trans>
		<trans lang="ja">
			<word>くつ</word>
			<alt>kutsu</alt>
		</trans>
	</term>
	<term id="34">
		<trans lang="en">
			<word>hat, cap</word>
		</trans>
		<trans lang="ja">
			<word>ぼうし</word>
			<alt>booshi</alt>
		</trans>
	</term>
	<term id="35">
		<trans lang="en">
			<word>stereo</word>
		</trans>
		<trans lang="ja">
			<word>ステレオ</word>
			<alt>sutereo</alt>
		</trans>
	</term>
	<term id="36">
		<trans lang="en">
			<word>CD, compact disc</word>
		</trans>
		<trans lang="ja">
			<word>シーディー</word>
			<alt>shiidii</alt>
		</trans>
	</term>
	<term id="37">
		<trans lang="en">
			<word>change (money)</word>
		</trans>
		<trans lang="ja">
			<word>おつり</word>
			<alt>otsuri</alt>
		</trans>
	</term>
	<term id="38">
		<trans lang="en">
			<word>wallet, purse</word>
		</trans>
		<trans lang="ja">
			<word>さいふ</word>
			<alt>saifu</alt>
		</trans>
	</term>
	<term id="39">
		<trans lang="en">
			<word>clinic</word>
		</trans>
		<trans lang="ja">
			<word>クリニック</word>
			<alt>kurinikku</alt>
		</trans>
	</term>
	<term id="40">
		<trans lang="en">
			<word>a little</word>
		</trans>
		<trans lang="ja">
			<word>ちょっと</word>
			<alt>chotto</alt>
		</trans>
	</term>
	<term id="41">
		<trans lang="en">
			<word>head</word>
		</trans>
		<trans lang="ja">
			<word>あたま</word>
			<alt>atama</alt>
		</trans>
	</term>
	<term id="42">
		<trans lang="en">
			<word>feeling, mood</word>
		</trans>
		<trans lang="ja">
			<word>気分</word>
			<alt>kibun</alt>
		</trans>
	</term>
	<term id="43">
		<trans lang="en">
			<word>feeling</word>
		</trans>
		<trans lang="ja">
			<word>気もち</word>
			<alt>kimochi</alt>
		</trans>
	</term>
	<term id="44">
		<trans lang="en">
			<word>bad</word>
		</trans>
		<trans lang="ja">
			<word>わるい</word>
			<alt>warui</alt>
		</trans>
	</term>
	<term id="45">
		<trans lang="en">
			<word>why?</word>
		</trans>
		<trans lang="ja">
			<word>なぜ</word>
			<alt>naze</alt>
		</trans>
	</term>
	<term id="46">
		<trans lang="en">
			<word>parents, both parents</word>
		</trans>
		<trans lang="ja">
			<word>りょうしん</word>
			<alt>ryooshin</alt>
		</trans>
	</term>
	<term id="47">
		<trans lang="en">
			<word>by all means</word>
		</trans>
		<trans lang="ja">
			<word>ぜひ</word>
			<alt>zehi</alt>
		</trans>
	</term>
	<term id="48">
		<trans lang="en">
			<word>day</word>
		</trans>
		<trans lang="ja">
			<word>日</word>
			<alt>hi</alt>
		</trans>
	</term>
	<term id="49">
		<trans lang="en">
			<word>a pity, regrettable</word>
		</trans>
		<trans lang="ja">
			<word>ざんねん</word>
			<alt>zannen</alt>
		</trans>
	</term>
	<term id="50">
		<trans lang="en">
			<word>mountain</word>
		</trans>
		<trans lang="ja">
			<word>山</word>
			<alt>yama</alt>
		</trans>
	</term>
	<term id="51">
		<trans lang="en">
			<word>plan</word>
		</trans>
		<trans lang="ja">
			<word>よてい</word>
			<alt>yotei</alt>
		</trans>
	</term>
	<term id="52">
		<trans lang="en">
			<word>meal, have a meal</word>
		</trans>
		<trans lang="ja">
			<word>食じ [する]</word>
			<alt>shokuji</alt>
		</trans>
	</term>
	<term id="53">
		<trans lang="en">
			<word>tempura (Jap. dish)</word>
		</trans>
		<trans lang="ja">
			<word>てんぷら</word>
			<alt>tempura</alt>
		</trans>
	</term>
	<term id="54">
		<trans lang="en">
			<word>menu</word>
		</trans>
		<trans lang="ja">
			<word>メニュー</word>
			<alt>menyuu</alt>
		</trans>
	</term>
	<term id="55">
		<trans lang="en">
			<word>soba, buckwheat noodles</word>
		</trans>
		<trans lang="ja">
			<word>そば (food)</word>
			<alt>soba</alt>
		</trans>
	</term>
	<term id="56">
		<trans lang="en">
			<word>sukiyaki (Jap. dish)</word>
		</trans>
		<trans lang="ja">
			<word>すきやき</word>
			<alt>sukiyaki</alt>
		</trans>
	</term>
	<term id="57">
		<trans lang="en">
			<word>sake, ricewine</word>
		</trans>
		<trans lang="ja">
			<word>おさけ</word>
			<alt>osake</alt>
		</trans>
	</term>
</glossary>
