<?xml version="1.0"?>
<glossary id="193" name="Die Zahlen von 1 bis 20." author="Frédéric Bergeron">
	<desc></desc>
	<term id="1">
		<trans lang="de">
			<word>null</word>
		</trans>
		<trans lang="fr">
			<word>0 : zéro</word>
		</trans>
	</term>
	<term id="2">
		<trans lang="de">
			<word>eins</word>
		</trans>
		<trans lang="fr">
			<word>1 : un</word>
		</trans>
	</term>
	<term id="3">
		<trans lang="de">
			<word>zwei</word>
		</trans>
		<trans lang="fr">
			<word>2 : deux</word>
		</trans>
	</term>
	<term id="4">
		<trans lang="de">
			<word>drei</word>
		</trans>
		<trans lang="fr">
			<word>3 : trois</word>
		</trans>
	</term>
	<term id="5">
		<trans lang="de">
			<word>vier</word>
		</trans>
		<trans lang="fr">
			<word>4 : quatre</word>
		</trans>
	</term>
	<term id="6">
		<trans lang="de">
			<word>fünf</word>
		</trans>
		<trans lang="fr">
			<word>5 : cinq</word>
		</trans>
	</term>
	<term id="7">
		<trans lang="de">
			<word>sechs</word>
		</trans>
		<trans lang="fr">
			<word>6 : six</word>
		</trans>
	</term>
	<term id="8">
		<trans lang="de">
			<word>sieben</word>
		</trans>
		<trans lang="fr">
			<word>7 : sept</word>
		</trans>
	</term>
	<term id="9">
		<trans lang="de">
			<word>acht</word>
			<alt>art</alt>
		</trans>
		<trans lang="fr">
			<word>8 : huit</word>
		</trans>
	</term>
	<term id="10">
		<trans lang="de">
			<word>neun</word>
		</trans>
		<trans lang="fr">
			<word>9 : neuf</word>
		</trans>
	</term>
	<term id="11">
		<trans lang="de">
			<word>zehn</word>
		</trans>
		<trans lang="fr">
			<word>10 : dix</word>
		</trans>
	</term>
	<term id="12">
		<trans lang="de">
			<word>elf</word>
		</trans>
		<trans lang="fr">
			<word>11 : onze</word>
		</trans>
	</term>
	<term id="13">
		<trans lang="de">
			<word>zwölf</word>
		</trans>
		<trans lang="fr">
			<word>12 : douze</word>
		</trans>
	</term>
	<term id="14">
		<trans lang="de">
			<word>dreizehn</word>
		</trans>
		<trans lang="fr">
			<word>13 : treize</word>
		</trans>
	</term>
	<term id="15">
		<trans lang="de">
			<word>vierzehn</word>
		</trans>
		<trans lang="fr">
			<word>14 : quatorze</word>
		</trans>
	</term>
	<term id="16">
		<trans lang="de">
			<word>fünfzehn</word>
		</trans>
		<trans lang="fr">
			<word>15 : quinze</word>
		</trans>
	</term>
	<term id="17">
		<trans lang="de">
			<word>sechzehn</word>
		</trans>
		<trans lang="fr">
			<word>16 : seize</word>
		</trans>
	</term>
	<term id="18">
		<trans lang="de">
			<word>siebzehn</word>
		</trans>
		<trans lang="fr">
			<word>17 : dix-sept</word>
		</trans>
	</term>
	<term id="19">
		<trans lang="de">
			<word>achtzehn</word>
			<alt>art-tsén</alt>
		</trans>
		<trans lang="fr">
			<word>18 : dix-huit</word>
		</trans>
	</term>
	<term id="20">
		<trans lang="de">
			<word>neunzehn</word>
		</trans>
		<trans lang="fr">
			<word>19 : dix-neuf</word>
		</trans>
	</term>
	<term id="21">
		<trans lang="de">
			<word>zwanzig</word>
		</trans>
		<trans lang="fr">
			<word>20 : vingt</word>
		</trans>
	</term>
</glossary>
