<?xml version="1.0"?>
<glossary id="371" name="p067-071" author="Frédéric Bergeron">
	<desc></desc>
	<term id="1">
		<trans lang="es">
			<word>despreciar</word>
		</trans>
		<trans lang="fr">
			<word>mépriser</word>
		</trans>
		<comment languages="es-fr">El maestro me desprecia porque soy mujer.
Le maître me méprise parce que je suis une femme.</comment>
	</term>
	<term id="2">
		<trans lang="es">
			<word>plomo</word>
		</trans>
		<trans lang="fr">
			<word>plomb</word>
		</trans>
	</term>
	<term id="3">
		<trans lang="es">
			<word>sobar</word>
		</trans>
		<trans lang="fr">
			<word>pétrir,tripoter</word>
		</trans>
	</term>
	<term id="4">
		<trans lang="es">
			<word>barriga</word>
		</trans>
		<trans lang="fr">
			<word>ventre,bedon,panse</word>
		</trans>
	</term>
</glossary>
