<?xml version="1.0"?>
<glossary id="346" name="JCS1-05" author="">
	<desc></desc>
	<term id="1">
		<trans lang="en">
			<word>newspaper   +</word>
		</trans>
		<trans lang="ja">
			<word>新ぶん</word>
			<alt>shimbun</alt>
		</trans>
	</term>
	<term id="2">
		<trans lang="en">
			<word>spacious, roomy, wide</word>
		</trans>
		<trans lang="ja">
			<word>ひろい</word>
			<alt>hiroi</alt>
		</trans>
	</term>
	<term id="3">
		<trans lang="en">
			<word>quiet</word>
		</trans>
		<trans lang="ja">
			<word>しずか [な]</word>
			<alt>shizuka</alt>
		</trans>
	</term>
	<term id="4">
		<trans lang="en">
			<word>how?</word>
		</trans>
		<trans lang="ja">
			<word>どう</word>
			<alt>doo</alt>
		</trans>
	</term>
	<term id="5">
		<trans lang="en">
			<word>what kind of?</word>
		</trans>
		<trans lang="ja">
			<word>どんな</word>
			<alt>donna</alt>
		</trans>
	</term>
	<term id="6">
		<trans lang="en">
			<word>red</word>
		</trans>
		<trans lang="ja">
			<word>あかい</word>
			<alt>akai</alt>
		</trans>
	</term>
	<term id="7">
		<trans lang="en">
			<word>new</word>
		</trans>
		<trans lang="ja">
			<word>新しい</word>
			<alt>atarashii</alt>
		</trans>
	</term>
	<term id="8">
		<trans lang="en">
			<word>pretty, beautiful, clean</word>
		</trans>
		<trans lang="ja">
			<word>きれい [な]</word>
			<alt>kirei</alt>
		</trans>
	</term>
	<term id="9">
		<trans lang="en">
			<word>also, moreover, besides</word>
		</trans>
		<trans lang="ja">
			<word>それに</word>
			<alt>soreni</alt>
		</trans>
	</term>
	<term id="10">
		<trans lang="en">
			<word>convenient</word>
		</trans>
		<trans lang="ja">
			<word>べんり [な]</word>
			<alt>benri</alt>
		</trans>
	</term>
	<term id="11">
		<trans lang="en">
			<word>But</word>
		</trans>
		<trans lang="ja">
			<word>でも</word>
			<alt>demo</alt>
		</trans>
	</term>
	<term id="12">
		<trans lang="en">
			<word>high, expensive   +</word>
		</trans>
		<trans lang="ja">
			<word>高い</word>
			<alt>takai</alt>
		</trans>
	</term>
	<term id="13">
		<trans lang="en">
			<word>traffic, transportation</word>
		</trans>
		<trans lang="ja">
			<word>こうつう</word>
			<alt>kootsuu</alt>
		</trans>
	</term>
	<term id="14">
		<trans lang="en">
			<word>interesting</word>
		</trans>
		<trans lang="ja">
			<word>おもしろい</word>
			<alt>omoshiroi</alt>
		</trans>
	</term>
	<term id="15">
		<trans lang="en">
			<word>big</word>
		</trans>
		<trans lang="ja">
			<word>大きい</word>
			<alt>ookii</alt>
		</trans>
	</term>
	<term id="16">
		<trans lang="en">
			<word>clear, bright   +</word>
		</trans>
		<trans lang="ja">
			<word>明るい</word>
			<alt>akarui</alt>
		</trans>
	</term>
	<term id="17">
		<trans lang="en">
			<word>less, a small amount   +</word>
		</trans>
		<trans lang="ja">
			<word>少ない</word>
			<alt>sukunai</alt>
		</trans>
	</term>
	<term id="18">
		<trans lang="en">
			<word>simple, easy</word>
		</trans>
		<trans lang="ja">
			<word>かんたん [な]</word>
			<alt>kantan</alt>
		</trans>
	</term>
	<term id="19">
		<trans lang="en">
			<word>disagreeable, unpleasant</word>
		</trans>
		<trans lang="ja">
			<word>いや [な]</word>
			<alt>iya</alt>
		</trans>
	</term>
	<term id="20">
		<trans lang="en">
			<word>kind</word>
		</trans>
		<trans lang="ja">
			<word>しんせつ [な]</word>
			<alt>shinsetsu</alt>
		</trans>
	</term>
	<term id="21">
		<trans lang="en">
			<word>safe, secure</word>
		</trans>
		<trans lang="ja">
			<word>あんぜん [な]</word>
			<alt>anzen</alt>
		</trans>
	</term>
	<term id="22">
		<trans lang="en">
			<word>work</word>
		</trans>
		<trans lang="ja">
			<word>しごと [する]</word>
			<alt>shigoto</alt>
		</trans>
	</term>
	<term id="23">
		<trans lang="en">
			<word>hot (air, weather)</word>
		</trans>
		<trans lang="ja">
			<word>あつい</word>
			<alt>atsui</alt>
		</trans>
	</term>
	<term id="24">
		<trans lang="en">
			<word>Thai (language)</word>
		</trans>
		<trans lang="ja">
			<word>タイご</word>
			<alt>taigo</alt>
		</trans>
	</term>
	<term id="25">
		<trans lang="en">
			<word>difficult, hard</word>
		</trans>
		<trans lang="ja">
			<word>むずかしい</word>
			<alt>muzukashii</alt>
		</trans>
	</term>
	<term id="26">
		<trans lang="en">
			<word>cheap</word>
		</trans>
		<trans lang="ja">
			<word>やすい</word>
			<alt>yasui</alt>
		</trans>
	</term>
	<term id="27">
		<trans lang="en">
			<word>rent</word>
		</trans>
		<trans lang="ja">
			<word>やちん</word>
			<alt>yachin</alt>
		</trans>
	</term>
	<term id="28">
		<trans lang="en">
			<word>dull, boring, trifling</word>
		</trans>
		<trans lang="ja">
			<word>つまらない</word>
			<alt>tsumaranai</alt>
		</trans>
	</term>
	<term id="29">
		<trans lang="en">
			<word>air</word>
		</trans>
		<trans lang="ja">
			<word>くうき</word>
			<alt>kuuki</alt>
		</trans>
	</term>
	<term id="30">
		<trans lang="en">
			<word>easy, gentle, kind</word>
		</trans>
		<trans lang="ja">
			<word>やさしい</word>
			<alt>yasashii</alt>
		</trans>
	</term>
	<term id="31">
		<trans lang="en">
			<word>car</word>
		</trans>
		<trans lang="ja">
			<word>くるま</word>
			<alt>kuruma</alt>
		</trans>
	</term>
	<term id="32">
		<trans lang="en">
			<word>small   +</word>
		</trans>
		<trans lang="ja">
			<word>小さい</word>
			<alt>chiisai</alt>
		</trans>
	</term>
	<term id="33">
		<trans lang="en">
			<word>hamburger</word>
		</trans>
		<trans lang="ja">
			<word>ハンバーガー</word>
			<alt>hambaagaa</alt>
		</trans>
	</term>
	<term id="34">
		<trans lang="en">
			<word>delicious</word>
		</trans>
		<trans lang="ja">
			<word>おいしい</word>
			<alt>oishii</alt>
		</trans>
	</term>
	<term id="35">
		<trans lang="en">
			<word>food</word>
		</trans>
		<trans lang="ja">
			<word>たべもの</word>
			<alt>tabemono</alt>
		</trans>
	</term>
	<term id="36">
		<trans lang="en">
			<word>weather</word>
		</trans>
		<trans lang="ja">
			<word>てんき</word>
			<alt>tenki</alt>
		</trans>
	</term>
	<term id="37">
		<trans lang="en">
			<word>Shinkansen, bullet train</word>
		</trans>
		<trans lang="ja">
			<word>新かんせん</word>
			<alt>shinkansen</alt>
		</trans>
	</term>
	<term id="38">
		<trans lang="en">
			<word>means of transportation</word>
		</trans>
		<trans lang="ja">
			<word>のりもの</word>
			<alt>norimono</alt>
		</trans>
	</term>
	<term id="39">
		<trans lang="en">
			<word>phone number</word>
		</trans>
		<trans lang="ja">
			<word>でんわばんごう</word>
			<alt>denwabangoo</alt>
		</trans>
	</term>
	<term id="40">
		<trans lang="en">
			<word>old   +</word>
		</trans>
		<trans lang="ja">
			<word>古い</word>
			<alt>furui</alt>
		</trans>
	</term>
	<term id="41">
		<trans lang="en">
			<word>small, narrow, cramped</word>
		</trans>
		<trans lang="ja">
			<word>せまい</word>
			<alt>semai</alt>
		</trans>
	</term>
	<term id="42">
		<trans lang="en">
			<word>dark</word>
		</trans>
		<trans lang="ja">
			<word>くらい</word>
			<alt>kurai</alt>
		</trans>
	</term>
	<term id="43">
		<trans lang="en">
			<word>building</word>
		</trans>
		<trans lang="ja">
			<word>たてもの</word>
			<alt>tatemono</alt>
		</trans>
	</term>
	<term id="44">
		<trans lang="en">
			<word>window</word>
		</trans>
		<trans lang="ja">
			<word>まど</word>
			<alt>mado</alt>
		</trans>
	</term>
	<term id="45">
		<trans lang="en">
			<word>white   +</word>
		</trans>
		<trans lang="ja">
			<word>白い</word>
			<alt>shiroi</alt>
		</trans>
	</term>
	<term id="46">
		<trans lang="en">
			<word>black</word>
		</trans>
		<trans lang="ja">
			<word>くろい</word>
			<alt>kuroi</alt>
		</trans>
	</term>
	<term id="47">
		<trans lang="en">
			<word>very</word>
		</trans>
		<trans lang="ja">
			<word>とても</word>
			<alt>totemo</alt>
		</trans>
	</term>
	<term id="48">
		<trans lang="en">
			<word>life, living</word>
		</trans>
		<trans lang="ja">
			<word>生かつ [する]</word>
			<alt>seikatsu</alt>
		</trans>
	</term>
	<term id="49">
		<trans lang="en">
			<word>many, lots of, numerous   +</word>
		</trans>
		<trans lang="ja">
			<word>多い</word>
			<alt>ooi</alt>
		</trans>
	</term>
	<term id="50">
		<trans lang="en">
			<word>things, goods</word>
		</trans>
		<trans lang="ja">
			<word>もの</word>
			<alt>mono</alt>
		</trans>
	</term>
	<term id="51">
		<trans lang="en">
			<word>tall (of persons)</word>
		</trans>
		<trans lang="ja">
			<word>せが高い</word>
			<alt>sega takai</alt>
		</trans>
	</term>
	<term id="52">
		<trans lang="en">
			<word>short (of persons)</word>
		</trans>
		<trans lang="ja">
			<word>せがひくい</word>
			<alt>sega hikui</alt>
		</trans>
	</term>
	<term id="53">
		<trans lang="en">
			<word>low</word>
		</trans>
		<trans lang="ja">
			<word>ひくい</word>
			<alt>hikui</alt>
		</trans>
	</term>
	<term id="54">
		<trans lang="en">
			<word>inconvenient</word>
		</trans>
		<trans lang="ja">
			<word>ふべん [な]</word>
			<alt>fuben</alt>
		</trans>
	</term>
	<term id="55">
		<trans lang="en">
			<word>dirty, unclean</word>
		</trans>
		<trans lang="ja">
			<word>きたない</word>
			<alt>kitanai</alt>
		</trans>
	</term>
</glossary>
