<?xml version="1.0"?>
<glossary id="304" name="JBPII-15" author="">
	<desc></desc>
	<term id="1">
		<trans lang="en">
			<word>club member, society member   +</word>
		</trans>
		<trans lang="ja">
			<word>会員</word>
			<alt>kaiin</alt>
		</trans>
	</term>
	<term id="2">
		<trans lang="en">
			<word>employee, company employee</word>
		</trans>
		<trans lang="ja">
			<word>会社員</word>
			<alt>kaishain</alt>
		</trans>
	</term>
	<term id="3">
		<trans lang="en">
			<word>station employee</word>
		</trans>
		<trans lang="ja">
			<word>駅員</word>
			<alt>ekiin</alt>
		</trans>
	</term>
	<term id="4">
		<trans lang="en">
			<word>store clerk</word>
		</trans>
		<trans lang="ja">
			<word>店員</word>
			<alt>ten'in</alt>
		</trans>
	</term>
	<term id="5">
		<trans lang="en">
			<word>return, come home   +</word>
		</trans>
		<trans lang="ja">
			<word>帰る</word>
			<alt>kaeru</alt>
		</trans>
	</term>
	<term id="6">
		<trans lang="en">
			<word>have, hold   +</word>
		</trans>
		<trans lang="ja">
			<word>持つ</word>
			<alt>motsu</alt>
		</trans>
	</term>
	<term id="7">
		<trans lang="en">
			<word>receive; take (an exam)   +</word>
		</trans>
		<trans lang="ja">
			<word>受る</word>
			<alt>ukeru</alt>
		</trans>
	</term>
	<term id="8">
		<trans lang="en">
			<word>turn on, attach   +</word>
		</trans>
		<trans lang="ja">
			<word>付る</word>
			<alt>tsukeru</alt>
		</trans>
	</term>
	<term id="9">
		<trans lang="en">
			<word>reception, receptionist</word>
		</trans>
		<trans lang="ja">
			<word>受付</word>
			<alt>uketsuke</alt>
		</trans>
	</term>
	<term id="10">
		<trans lang="en">
			<word>by the way</word>
		</trans>
		<trans lang="ja">
			<word>そうそう</word>
			<alt>soosoo</alt>
		</trans>
	</term>
	<term id="11">
		<trans lang="en">
			<word>deposit, entrust</word>
		</trans>
		<trans lang="ja">
			<word>あずける</word>
			<alt>azukeru</alt>
		</trans>
	</term>
	<term id="12">
		<trans lang="en">
			<word>certainly</word>
		</trans>
		<trans lang="ja">
			<word>たしかに</word>
			<alt>tashikani</alt>
		</trans>
	</term>
	<term id="13">
		<trans lang="en">
			<word>of old, long time ago</word>
		</trans>
		<trans lang="ja">
			<word>むかし</word>
			<alt>mukashi</alt>
		</trans>
	</term>
	<term id="14">
		<trans lang="en">
			<word>cute</word>
		</trans>
		<trans lang="ja">
			<word>かわいい</word>
			<alt>kawaii</alt>
		</trans>
	</term>
	<term id="15">
		<trans lang="en">
			<word>dog</word>
		</trans>
		<trans lang="ja">
			<word>いぬ</word>
			<alt>inu</alt>
		</trans>
	</term>
	<term id="16">
		<trans lang="en">
			<word>come out, appear</word>
		</trans>
		<trans lang="ja">
			<word>出て来る</word>
			<alt>detekuru</alt>
		</trans>
	</term>
	<term id="17">
		<trans lang="en">
			<word>exercise</word>
		</trans>
		<trans lang="ja">
			<word>うん動 [する]</word>
			<alt>undoo</alt>
		</trans>
	</term>
	<term id="18">
		<trans lang="en">
			<word>back (of body)</word>
		</trans>
		<trans lang="ja">
			<word>せ中</word>
			<alt>senaka</alt>
		</trans>
	</term>
	<term id="19">
		<trans lang="en">
			<word>all the staff, all members</word>
		</trans>
		<trans lang="ja">
			<word>ぜん員</word>
			<alt>zen'in</alt>
		</trans>
	</term>
	<term id="20">
		<trans lang="en">
			<word>be complete, gather</word>
		</trans>
		<trans lang="ja">
			<word>そろう</word>
			<alt>sorou</alt>
		</trans>
	</term>
	<term id="21">
		<trans lang="en">
			<word>all over Japan</word>
		</trans>
		<trans lang="ja">
			<word>日本中</word>
			<alt>nihonjuu</alt>
		</trans>
	</term>
	<term id="22">
		<trans lang="en">
			<word>half</word>
		</trans>
		<trans lang="ja">
			<word>はん分</word>
			<alt>hambun</alt>
		</trans>
	</term>
	<term id="23">
		<trans lang="en">
			<word>donation, contribution</word>
		</trans>
		<trans lang="ja">
			<word>きふ [する]</word>
			<alt>kifu</alt>
		</trans>
	</term>
	<term id="24">
		<trans lang="en">
			<word>world, society, realm</word>
		</trans>
		<trans lang="ja">
			<word>せかい</word>
			<alt>sekai</alt>
		</trans>
	</term>
	<term id="25">
		<trans lang="en">
			<word>all over the world</word>
		</trans>
		<trans lang="ja">
			<word>せかい中</word>
			<alt>sekaijuu</alt>
		</trans>
	</term>
	<term id="26">
		<trans lang="en">
			<word>absence, absent</word>
		</trans>
		<trans lang="ja">
			<word>るす [の]</word>
			<alt>rusu</alt>
		</trans>
	</term>
	<term id="27">
		<trans lang="en">
			<word>ferry</word>
		</trans>
		<trans lang="ja">
			<word>フェリー</word>
			<alt>ferii</alt>
		</trans>
	</term>
	<term id="28">
		<trans lang="en">
			<word>neighbourhood, vicinity</word>
		</trans>
		<trans lang="ja">
			<word>へん</word>
			<alt>hen</alt>
		</trans>
	</term>
	<term id="29">
		<trans lang="en">
			<word>hen    around here</word>
		</trans>
		<trans lang="ja">
			<word>このへん</word>
			<alt>kono</alt>
		</trans>
	</term>
	<term id="30">
		<trans lang="en">
			<word>locker, coin locker</word>
		</trans>
		<trans lang="ja">
			<word>コインロッカー</word>
			<alt>koinrokkaa</alt>
		</trans>
	</term>
	<term id="31">
		<trans lang="en">
			<word>side, besides</word>
		</trans>
		<trans lang="ja">
			<word>そば(place)</word>
			<alt>soba</alt>
		</trans>
	</term>
	<term id="32">
		<trans lang="en">
			<word>interpreter, translation</word>
		</trans>
		<trans lang="ja">
			<word>つうやく [する]</word>
			<alt>tsuuyaku</alt>
		</trans>
	</term>
	<term id="33">
		<trans lang="en">
			<word>look for, search</word>
		</trans>
		<trans lang="ja">
			<word>さがす</word>
			<alt>sagasu</alt>
		</trans>
	</term>
</glossary>
