<?xml version="1.0"?>
<glossary id="302" name="JNI-18" author="">
	<desc></desc>
	<term id="1">
		<trans lang="en">
			<word>walk, stroll</word>
		</trans>
		<trans lang="ja">
			<word>さんぽ [する]</word>
			<alt>sampo</alt>
		</trans>
	</term>
	<term id="2">
		<trans lang="en">
			<word>take s.o., be accompanied</word>
		</trans>
		<trans lang="ja">
			<word>つれる</word>
			<alt>tsureru</alt>
		</trans>
	</term>
	<term id="3">
		<trans lang="en">
			<word>go accompanied by</word>
		</trans>
		<trans lang="ja">
			<word>つれて行く</word>
			<alt>tsureteiku</alt>
		</trans>
	</term>
	<term id="4">
		<trans lang="en">
			<word>annoying</word>
		</trans>
		<trans lang="ja">
			<word>うるさい</word>
			<alt>urusai</alt>
		</trans>
	</term>
	<term id="5">
		<trans lang="en">
			<word>how much? (money)</word>
		</trans>
		<trans lang="ja">
			<word>いくら</word>
			<alt>ikura</alt>
		</trans>
	</term>
	<term id="6">
		<trans lang="en">
			<word>airplane</word>
		</trans>
		<trans lang="ja">
			<word>ひ行き</word>
			<alt>hikooki</alt>
		</trans>
	</term>
	<term id="7">
		<trans lang="en">
			<word># dollars, $ #</word>
		</trans>
		<trans lang="ja">
			<word>~ドル</word>
			<alt>-doru</alt>
		</trans>
	</term>
	<term id="8">
		<trans lang="en">
			<word>mother (hon.)   +</word>
		</trans>
		<trans lang="ja">
			<word>お母さん</word>
			<alt>okaasan</alt>
		</trans>
	</term>
	<term id="9">
		<trans lang="en">
			<word>mother, my mother</word>
		</trans>
		<trans lang="ja">
			<word>母</word>
			<alt>haha</alt>
		</trans>
	</term>
</glossary>
