<?xml version="1.0"?>
<glossary id="356" name="Nombres" author="Frédéric Bergeron">
	<desc></desc>
	<term id="1">
		<trans lang="de">
			<word>null</word>
		</trans>
		<trans lang="fr">
			<word>0 : zéro</word>
		</trans>
	</term>
	<term id="2">
		<trans lang="de">
			<word>eins</word>
		</trans>
		<trans lang="fr">
			<word>1 : un</word>
		</trans>
	</term>
	<term id="3">
		<trans lang="de">
			<word>zehn</word>
		</trans>
		<trans lang="fr">
			<word>10 : dix</word>
		</trans>
	</term>
	<term id="4">
		<trans lang="de">
			<word>zwei</word>
		</trans>
		<trans lang="fr">
			<word>2 : deux</word>
		</trans>
	</term>
	<term id="5">
		<trans lang="de">
			<word>drei</word>
		</trans>
		<trans lang="fr">
			<word>3 : trois</word>
		</trans>
	</term>
	<term id="6">
		<trans lang="de">
			<word>vier</word>
		</trans>
		<trans lang="fr">
			<word>4 : quatre</word>
		</trans>
	</term>
	<term id="7">
		<trans lang="de">
			<word>fünf</word>
		</trans>
		<trans lang="fr">
			<word>5 : cinq</word>
		</trans>
	</term>
	<term id="8">
		<trans lang="de">
			<word>sechs</word>
		</trans>
		<trans lang="fr">
			<word>6 : six</word>
		</trans>
	</term>
	<term id="9">
		<trans lang="de">
			<word>sieben</word>
		</trans>
		<trans lang="fr">
			<word>7 : sept</word>
		</trans>
	</term>
	<term id="10">
		<trans lang="de">
			<word>acht</word>
			<alt>art</alt>
		</trans>
		<trans lang="fr">
			<word>8 : huit</word>
		</trans>
	</term>
	<term id="11">
		<trans lang="de">
			<word>neun</word>
		</trans>
		<trans lang="fr">
			<word>9 : neuf</word>
		</trans>
	</term>
	<term id="12">
		<trans lang="de">
			<word>elf</word>
		</trans>
		<trans lang="fr">
			<word>11 : onze</word>
		</trans>
	</term>
	<term id="13">
		<trans lang="de">
			<word>zwölf</word>
		</trans>
		<trans lang="fr">
			<word>12 : douze</word>
		</trans>
	</term>
	<term id="14">
		<trans lang="de">
			<word>dreizehn</word>
		</trans>
		<trans lang="fr">
			<word>13 : treize</word>
		</trans>
	</term>
	<term id="15">
		<trans lang="de">
			<word>vierzehn</word>
		</trans>
		<trans lang="fr">
			<word>14 : quatorze</word>
		</trans>
	</term>
	<term id="16">
		<trans lang="de">
			<word>fünfzehn</word>
		</trans>
		<trans lang="fr">
			<word>15 : quinze</word>
		</trans>
	</term>
	<term id="17">
		<trans lang="de">
			<word>sechzehn</word>
		</trans>
		<trans lang="fr">
			<word>16 : seize</word>
		</trans>
	</term>
	<term id="18">
		<trans lang="de">
			<word>siebzehn</word>
		</trans>
		<trans lang="fr">
			<word>17 : dix-sept</word>
		</trans>
	</term>
	<term id="19">
		<trans lang="de">
			<word>achtzehn</word>
			<alt>art-tsén</alt>
		</trans>
		<trans lang="fr">
			<word>18 : dix-huit</word>
		</trans>
	</term>
	<term id="20">
		<trans lang="de">
			<word>neunzehn</word>
		</trans>
		<trans lang="fr">
			<word>19 : dix-neuf</word>
		</trans>
	</term>
	<term id="21">
		<trans lang="de">
			<word>zwanzig</word>
		</trans>
		<trans lang="fr">
			<word>20 : vingt</word>
		</trans>
	</term>
	<term id="22">
		<trans lang="de">
			<word>hundert</word>
		</trans>
		<trans lang="fr">
			<word>100 : cent</word>
		</trans>
		<comment languages="de-fr">einhundert</comment>
	</term>
	<term id="23">
		<trans lang="de">
			<word>einundzwanzig</word>
		</trans>
		<trans lang="fr">
			<word>21 : vingt-et-un</word>
		</trans>
	</term>
	<term id="24">
		<trans lang="de">
			<word>zweiundzwanzig</word>
		</trans>
		<trans lang="fr">
			<word>22 : vingt-deux</word>
		</trans>
	</term>
	<term id="25">
		<trans lang="de">
			<word>dreiundzwanzig</word>
		</trans>
		<trans lang="fr">
			<word>23 : vingt-trois</word>
		</trans>
	</term>
	<term id="26">
		<trans lang="de">
			<word>vierundzwanzig</word>
		</trans>
		<trans lang="fr">
			<word>24 : vingt-quatre</word>
		</trans>
	</term>
	<term id="27">
		<trans lang="de">
			<word>fünfundzwanzig</word>
		</trans>
		<trans lang="fr">
			<word>25 : vingt-cinq</word>
		</trans>
	</term>
	<term id="28">
		<trans lang="de">
			<word>sechsundzwanzig</word>
		</trans>
		<trans lang="fr">
			<word>26 : vingt-six</word>
		</trans>
	</term>
	<term id="29">
		<trans lang="de">
			<word>siebenundzwanzig</word>
		</trans>
		<trans lang="fr">
			<word>27 : vingt-sept</word>
		</trans>
	</term>
	<term id="30">
		<trans lang="de">
			<word>achtundzwanzig</word>
		</trans>
		<trans lang="fr">
			<word>28 : vingt-huit</word>
		</trans>
	</term>
	<term id="31">
		<trans lang="de">
			<word>neunundzwanzig</word>
		</trans>
		<trans lang="fr">
			<word>29 : vingt-neuf</word>
		</trans>
	</term>
	<term id="32">
		<trans lang="de">
			<word>dreißig</word>
		</trans>
		<trans lang="fr">
			<word>30 : trente</word>
		</trans>
	</term>
	<term id="33">
		<trans lang="de">
			<word>vierzig</word>
		</trans>
		<trans lang="fr">
			<word>40 : quarante</word>
		</trans>
	</term>
	<term id="34">
		<trans lang="de">
			<word>fünfzig</word>
		</trans>
		<trans lang="fr">
			<word>50 : cinquante</word>
		</trans>
	</term>
	<term id="35">
		<trans lang="de">
			<word>sechzig</word>
		</trans>
		<trans lang="fr">
			<word>60 : soixante</word>
		</trans>
	</term>
	<term id="36">
		<trans lang="de">
			<word>siebzig</word>
		</trans>
		<trans lang="fr">
			<word>70 : soixante-dix</word>
		</trans>
	</term>
	<term id="37">
		<trans lang="de">
			<word>achtzig</word>
		</trans>
		<trans lang="fr">
			<word>80 : quatrevingt</word>
		</trans>
	</term>
	<term id="38">
		<trans lang="de">
			<word>neunzig</word>
		</trans>
		<trans lang="fr">
			<word>90 : quatrevingt-dix</word>
		</trans>
	</term>
	<term id="39">
		<trans lang="de">
			<word>tausend</word>
		</trans>
		<trans lang="fr">
			<word>1000 : mil</word>
		</trans>
		<comment languages="de-fr">eintausend</comment>
	</term>
	<term id="40">
		<trans lang="de">
			<word>zehntausend</word>
		</trans>
		<trans lang="fr">
			<word>10000 : dix mil</word>
		</trans>
	</term>
	<term id="41">
		<trans lang="de">
			<word>hunderttausend</word>
		</trans>
		<trans lang="fr">
			<word>100000 : cent-mil</word>
		</trans>
	</term>
</glossary>
