<?xml version="1.0"?>
<glossary id="127" name="24" author="Frédéric Bergeron">
	<desc></desc>
	<term id="1">
		<trans lang="en">
			<word>bulky,massive,thick,heavy</word>
		</trans>
		<trans lang="ja">
			<word>分厚い</word>
			<alt>ぶあつい</alt>
		</trans>
	</term>
	<term id="2">
		<trans lang="en">
			<word>inhabitting,living (to)</word>
		</trans>
		<trans lang="ja">
			<word>棲息(する)</word>
			<alt>せいそく(する)</alt>
		</trans>
		<comment languages="en-ja">ここで棲息しているの動物はどれですか？
Which animals are living around here?</comment>
	</term>
	<term id="3">
		<trans lang="en">
			<word>speed (per hour)</word>
		</trans>
		<trans lang="ja">
			<word>時速</word>
			<alt>じそく</alt>
		</trans>
	</term>
	<term id="4">
		<trans lang="en">
			<word>new,fresh,novel</word>
		</trans>
		<trans lang="ja">
			<word>新た</word>
			<alt>あらた</alt>
		</trans>
		<comment languages="en-ja">新たな化石を発見した。
She uncovered a new fossil.</comment>
	</term>
	<term id="5">
		<trans lang="en">
			<word>classification (to)</word>
		</trans>
		<trans lang="ja">
			<word>分類(する)</word>
			<alt>ぶんるい(する)</alt>
		</trans>
	</term>
	<term id="6">
		<trans lang="en">
			<word>speed,velocity,rate</word>
		</trans>
		<trans lang="ja">
			<word>速度</word>
			<alt>そくど</alt>
		</trans>
	</term>
	<term id="7">
		<trans lang="en">
			<word>speed</word>
		</trans>
		<trans lang="ja">
			<word>速力</word>
			<alt>そくりょく</alt>
		</trans>
		<comment languages="en-ja">安全な速力で走る。
He's driving at a safe speed.

</comment>
	</term>
	<term id="8">
		<trans lang="en">
			<word>seed,pit</word>
		</trans>
		<trans lang="ja">
			<word>種子</word>
			<alt>しゅし</alt>
		</trans>
		<comment languages="en-ja">各種の種子を集める。
He's collecting all kinds of seeds.</comment>
	</term>
	<term id="9">
		<trans lang="en">
			<word>to collect,to assemble</word>
		</trans>
		<trans lang="ja">
			<word>集める</word>
			<alt>あつめる</alt>
		</trans>
		<comment languages="en-ja">各種の種子を集める。
He's collecting all kinds of seeds.</comment>
	</term>
	<term id="10">
		<trans lang="en">
			<word>evenly matches,tie</word>
		</trans>
		<trans lang="ja">
			<word>五分五分</word>
			<alt>ごぶごぶ</alt>
		</trans>
		<comment languages="en-ja">この勝負は五分五分だ。
The contests ends in a tie.</comment>
	</term>
	<term id="11">
		<trans lang="en">
			<word>victory or defeat,match,contest,game,bout (to)</word>
		</trans>
		<trans lang="ja">
			<word>勝負(する)</word>
			<alt>しょうぶ(する)</alt>
		</trans>
		<comment languages="en-ja">この勝負は五分五分だ。
The contests ends in a tie.</comment>
	</term>
	<term id="12">
		<trans lang="en">
			<word>separate room</word>
		</trans>
		<trans lang="ja">
			<word>別室</word>
			<alt>べっしつ</alt>
		</trans>
		<comment languages="en-ja">別室で相談しよう。
Let's discuss in separate rooms.</comment>
	</term>
	<term id="13">
		<trans lang="en">
			<word>consultation,discussion (to)</word>
		</trans>
		<trans lang="ja">
			<word>相談(する)</word>
			<alt>そうだん(する)</alt>
		</trans>
	</term>
	<term id="14">
		<trans lang="en">
			<word>rapid (e.g. progress),kind  of train</word>
		</trans>
		<trans lang="ja">
			<word>急速</word>
			<alt>きゅうそく</alt>
		</trans>
	</term>
	<term id="15">
		<trans lang="en">
			<word>departure of a vehicle (to)</word>
		</trans>
		<trans lang="ja">
			<word>発車(する)</word>
			<alt>はっしゃ(する)</alt>
		</trans>
	</term>
	<term id="16">
		<trans lang="en">
			<word>brand,kind,description</word>
		</trans>
		<trans lang="ja">
			<word>品種</word>
			<alt>ひんしゅ</alt>
		</trans>
		<comment languages="en-ja">珍しい品種を見つけた。
He found a rare brand.</comment>
	</term>
	<term id="17">
		<trans lang="en">
			<word>news,letter,circumstances,conditions</word>
		</trans>
		<trans lang="ja">
			<word>消息</word>
			<alt>しょうそく</alt>
		</trans>
		<comment languages="en-ja">飛行機の消息が分かる。
We know in what state is the airplane.</comment>
	</term>
</glossary>
