<?xml version="1.0"?>
<glossary id="22" name="1.02.1" author="Frédéric Bergeron">
	<desc></desc>
	<term id="1">
		<trans lang="en">
			<word>explanation,commentary (to)</word>
		</trans>
		<trans lang="ja">
			<word>解説(する)</word>
			<alt>かいせつ(する)</alt>
		</trans>
		<comment languages="en-ja">彼の解説がわかった人はほとんどいなかった。
Few people understood his comment.

その解説者は食糧危機を強調しすぎる。
The newscaster(commentator) puts too much emphasis on the food crisis.</comment>
	</term>
	<term id="2">
		<trans lang="en">
			<word>notice,attention,observation (to)</word>
		</trans>
		<trans lang="ja">
			<word>注目(する)</word>
			<alt>ちゅうもく(する)</alt>
		</trans>
		<comment languages="en-ja">この本は注目に値する。
This book is worthy of attention.

ご注目下さい。
Please give me your attention.

奇術師は子供たちの注目を集めていた。
The magician had the children's attention.</comment>
	</term>
	<term id="3">
		<trans lang="en">
			<word>character string</word>
		</trans>
		<trans lang="ja">
			<word>文字列</word>
			<alt>もじれつ</alt>
		</trans>
	</term>
	<term id="4">
		<trans lang="en">
			<word>instant,time,moment</word>
		</trans>
		<trans lang="ja">
			<word>時刻</word>
			<alt>じこく</alt>
		</trans>
		<comment languages="en-ja">[Used for time data type, for example]</comment>
	</term>
	<term id="5">
		<trans lang="en">
			<word>line feed (LF)</word>
		</trans>
		<trans lang="ja">
			<word>改行</word>
			<alt>かいぎょう</alt>
		</trans>
	</term>
</glossary>
