<?xml version="1.0"?>
<glossary id="292" name="8.3.2" author="Frédéric Bergeron">
	<desc></desc>
	<term id="1">
		<trans lang="en">
			<word>the point at issue</word>
		</trans>
		<trans lang="ja">
			<word>問題点</word>
			<alt>もんだいてん</alt>
		</trans>
	</term>
	<term id="2">
		<trans lang="en">
			<word>center,core,heart,pivot,emphasis,balance</word>
		</trans>
		<trans lang="ja">
			<word>中心</word>
			<alt>ちゅうしん</alt>
		</trans>
	</term>
	<term id="3">
		<trans lang="en">
			<word>technique</word>
		</trans>
		<trans lang="ja">
			<word>手法</word>
			<alt>しゅほう</alt>
		</trans>
	</term>
	<term id="4">
		<trans lang="en">
			<word>column of text (e.g. as in a newspaper)</word>
		</trans>
		<trans lang="ja">
			<word>欄</word>
			<alt>らん</alt>
		</trans>
	</term>
	<term id="5">
		<trans lang="en">
			<word>surname,family name</word>
		</trans>
		<trans lang="ja">
			<word>姓</word>
			<alt>せい</alt>
		</trans>
	</term>
	<term id="6">
		<trans lang="en">
			<word>indirection,indirectness</word>
		</trans>
		<trans lang="ja">
			<word>間接</word>
			<alt>かんせつ</alt>
		</trans>
		<comment languages="en-ja">間接的に
indirectly</comment>
	</term>
	<term id="7">
		<trans lang="en">
			<word>influence,effect (to)</word>
		</trans>
		<trans lang="ja">
			<word>影響(する)</word>
			<alt>えいきょう(する)</alt>
		</trans>
	</term>
	<term id="8">
		<trans lang="en">
			<word>up to now,so far,traditional</word>
		</trans>
		<trans lang="ja">
			<word>従来</word>
			<alt>じゅうらい</alt>
		</trans>
	</term>
	<term id="9">
		<trans lang="en">
			<word>elimination,cancellation,deletion,erasure (to)</word>
		</trans>
		<trans lang="ja">
			<word>削除(する)</word>
			<alt>さくじょ(する)</alt>
		</trans>
	</term>
	<term id="10">
		<trans lang="en">
			<word>consciousness,senses (to)</word>
		</trans>
		<trans lang="ja">
			<word>意識(する)</word>
			<alt>いしき(する)</alt>
		</trans>
	</term>
	<term id="11">
		<trans lang="en">
			<word>review,reconsideration</word>
		</trans>
		<trans lang="ja">
			<word>見直し</word>
			<alt>みなおし</alt>
		</trans>
	</term>
	<term id="12">
		<trans lang="en">
			<word>follow (to)</word>
		</trans>
		<trans lang="ja">
			<word>追随(する)</word>
			<alt>ついずい(する)</alt>
		</trans>
	</term>
	<term id="13">
		<trans lang="en">
			<word>groping (for)</word>
		</trans>
		<trans lang="ja">
			<word>模索</word>
			<alt>もさく</alt>
		</trans>
	</term>
	<term id="14">
		<trans lang="en">
			<word>reply,answer</word>
		</trans>
		<trans lang="ja">
			<word>回答</word>
			<alt>かいとう</alt>
		</trans>
	</term>
	<term id="15">
		<trans lang="en">
			<word>proposal,proposition,suggestion (to)</word>
		</trans>
		<trans lang="ja">
			<word>提案(する)</word>
			<alt>ていあん(する)</alt>
		</trans>
	</term>
	<term id="16">
		<trans lang="en">
			<word>extensive,wide,broad</word>
		</trans>
		<trans lang="ja">
			<word>幅広い</word>
			<alt>はばひろい</alt>
		</trans>
	</term>
</glossary>
