<?xml version="1.0"?>
<glossary id="162" name="22" author="Frédéric Bergeron">
	<desc></desc>
	<term id="1">
		<trans lang="es">
			<word>indigar</word>
		</trans>
		<trans lang="fr">
			<word>rechercher</word>
		</trans>
	</term>
	<term id="2">
		<trans lang="es">
			<word>sobra</word>
		</trans>
		<trans lang="fr">
			<word>reste</word>
		</trans>
		<comment languages="es-fr">de sobra : largement</comment>
	</term>
	<term id="3">
		<trans lang="es">
			<word>tintero</word>
		</trans>
		<trans lang="fr">
			<word>encrier</word>
		</trans>
	</term>
</glossary>
