<?xml version="1.0"?>
<glossary id="392" name="p226-238" author="Frédéric Bergeron">
	<desc></desc>
	<term id="1">
		<trans lang="es">
			<word>desposar</word>
		</trans>
		<trans lang="fr">
			<word>épouser</word>
		</trans>
	</term>
	<term id="2">
		<trans lang="es">
			<word>codiciado</word>
		</trans>
		<trans lang="fr">
			<word>convoité</word>
		</trans>
	</term>
	<term id="3">
		<trans lang="es">
			<word>lóbrego</word>
		</trans>
		<trans lang="fr">
			<word>sombre,ténébreux</word>
		</trans>
		<comment languages="es-fr">una noche lóbrega, sin luna
une nuit sombre, sans lune</comment>
	</term>
	<term id="4">
		<trans lang="es">
			<word>vera</word>
		</trans>
		<trans lang="fr">
			<word>bord</word>
		</trans>
		<comment languages="es-fr">la vera del camino
le bord sur chemin</comment>
	</term>
	<term id="5">
		<trans lang="es">
			<word>espesura</word>
		</trans>
		<trans lang="fr">
			<word>épaisseur</word>
		</trans>
	</term>
	<term id="6">
		<trans lang="es">
			<word>escondrijo</word>
		</trans>
		<trans lang="fr">
			<word>cachette</word>
		</trans>
	</term>
	<term id="7">
		<trans lang="es">
			<word>estrago</word>
		</trans>
		<trans lang="fr">
			<word>ravage</word>
		</trans>
	</term>
</glossary>
