<?xml version="1.0"?>
<glossary id="181" name="47" author="Frédéric Bergeron">
	<desc></desc>
	<term id="1">
		<trans lang="es">
			<word>telaraña</word>
		</trans>
		<trans lang="fr">
			<word>toile d'araignée</word>
		</trans>
	</term>
	<term id="2">
		<trans lang="es">
			<word>entrometido</word>
		</trans>
		<trans lang="fr">
			<word>indiscret</word>
		</trans>
	</term>
	<term id="3">
		<trans lang="es">
			<word>ahuyentar</word>
		</trans>
		<trans lang="fr">
			<word>chasser (repousser)</word>
		</trans>
	</term>
</glossary>
