<?xml version="1.0"?>
<glossary id="7" name="Thai numbers" author="Lyndon Hill">
	<desc>Numbers, basic maths, classifiers.</desc>
	<term id="1">
		<trans lang="en">
			<word>1</word>
		</trans>
		<trans lang="th">
			<word>หนึ่ง (๑)</word>
			<alt>neung</alt>
		</trans>
	</term>
	<term id="2">
		<trans lang="en">
			<word>2</word>
		</trans>
		<trans lang="th">
			<word>สอง (๒)</word>
			<alt>song</alt>
		</trans>
	</term>
	<term id="3">
		<trans lang="en">
			<word>10,000</word>
		</trans>
		<trans lang="th">
			<word>หมื่น</word>
			<alt>muan</alt>
		</trans>
	</term>
	<term id="4">
		<trans lang="en">
			<word>many</word>
		</trans>
		<trans lang="th">
			<word>หลาย</word>
			<alt>lay</alt>
		</trans>
	</term>
	<term id="5">
		<trans lang="en">
			<word>few (a)</word>
		</trans>
		<trans lang="th">
			<word>สองสาม</word>
			<alt>song sam</alt>
		</trans>
	</term>
	<term id="6">
		<trans lang="en">
			<word>first</word>
		</trans>
		<trans lang="th">
			<word>ที่แรก / ที่หนึ่ง</word>
			<alt>tee rairk / tee neung</alt>
		</trans>
	</term>
	<term id="7">
		<trans lang="en">
			<word>point (decimal)</word>
		</trans>
		<trans lang="th">
			<word>จุด</word>
			<alt>jut</alt>
		</trans>
	</term>
	<term id="8">
		<trans lang="en">
			<word>clothes (classifier)</word>
		</trans>
		<trans lang="th">
			<word>ตัว</word>
			<alt>dtaw</alt>
		</trans>
	</term>
	<term id="9">
		<trans lang="en">
			<word>people (classifier)</word>
		</trans>
		<trans lang="th">
			<word>คน</word>
			<alt>kon</alt>
		</trans>
	</term>
	<term id="11">
		<trans lang="en">
			<word>last</word>
		</trans>
		<trans lang="th">
			<word>สุดท้าย</word>
			<alt>soot tay</alt>
		</trans>
	</term>
	<term id="12">
		<trans lang="en">
			<word>3</word>
		</trans>
		<trans lang="th">
			<word>สาม (๓)</word>
			<alt>sam</alt>
		</trans>
	</term>
	<term id="13">
		<trans lang="en">
			<word>4</word>
		</trans>
		<trans lang="th">
			<word>สี (๔)</word>
			<alt>see</alt>
		</trans>
	</term>
	<term id="14">
		<trans lang="en">
			<word>5</word>
		</trans>
		<trans lang="th">
			<word>ห่า (๕)</word>
			<alt>ha</alt>
		</trans>
	</term>
	<term id="15">
		<trans lang="en">
			<word>6</word>
		</trans>
		<trans lang="th">
			<word>หก (๖)</word>
			<alt>hok</alt>
		</trans>
	</term>
	<term id="16">
		<trans lang="en">
			<word>7</word>
		</trans>
		<trans lang="th">
			<word>เจท (๗)</word>
			<alt>jet</alt>
		</trans>
	</term>
	<term id="17">
		<trans lang="en">
			<word>8</word>
		</trans>
		<trans lang="th">
			<word>แปด (๘)</word>
			<alt>bpairt</alt>
		</trans>
	</term>
	<term id="18">
		<trans lang="en">
			<word>9</word>
		</trans>
		<trans lang="th">
			<word>เก้า (๙)</word>
			<alt>gao</alt>
		</trans>
	</term>
	<term id="19">
		<trans lang="en">
			<word>10</word>
		</trans>
		<trans lang="th">
			<word>สิบ (๑๐)</word>
			<alt>sip</alt>
		</trans>
	</term>
	<term id="20">
		<trans lang="en">
			<word>100</word>
		</trans>
		<trans lang="th">
			<word>ร้อย</word>
			<alt>roy</alt>
		</trans>
	</term>
	<term id="21">
		<trans lang="en">
			<word>1000</word>
		</trans>
		<trans lang="th">
			<word>หนึ่งพัน</word>
			<alt>pan</alt>
		</trans>
	</term>
	<term id="22">
		<trans lang="en">
			<word>100,000</word>
		</trans>
		<trans lang="th">
			<word>แสน</word>
			<alt>sairn</alt>
		</trans>
	</term>
	<term id="23">
		<trans lang="en">
			<word>1,000,000</word>
		</trans>
		<trans lang="th">
			<word>หนึ่งล้าน</word>
			<alt>neung lan</alt>
		</trans>
		<comment languages="en-th">lit. "1 million"</comment>
	</term>
	<term id="24">
		<trans lang="en">
			<word>infinite</word>
		</trans>
		<trans lang="th">
			<word>ความไม่สิ้นสุด</word>
			<alt>kwam mai sin soot</alt>
		</trans>
		<comment languages="en-th">lit. without ending</comment>
	</term>
	<term id="25">
		<trans lang="en">
			<word>20</word>
		</trans>
		<trans lang="th">
			<word>ยี่สิบ / ยีบ (๒๐)</word>
			<alt>yee sip / yip</alt>
		</trans>
		<comment languages="en-th">yip is colloquial</comment>
	</term>
	<term id="26">
		<trans lang="en">
			<word>21</word>
		</trans>
		<trans lang="th">
			<word>ยีสิบเอ็ด</word>
			<alt>yee sip et (yip et)</alt>
		</trans>
	</term>
	<term id="27">
		<trans lang="en">
			<word>add</word>
		</trans>
		<trans lang="th">
			<word>บวก</word>
			<alt>buak</alt>
		</trans>
	</term>
	<term id="28">
		<trans lang="en">
			<word>subtract</word>
		</trans>
		<trans lang="th">
			<word>ลบ</word>
			<alt>lop</alt>
		</trans>
	</term>
	<term id="29">
		<trans lang="en">
			<word>divide</word>
		</trans>
		<trans lang="th">
			<word>แบ่ง</word>
			<alt>bairng</alt>
		</trans>
	</term>
	<term id="30">
		<trans lang="en">
			<word>multiply</word>
		</trans>
		<trans lang="th">
			<word>คูณ</word>
			<alt>koon</alt>
		</trans>
	</term>
	<term id="31">
		<trans lang="en">
			<word>square root</word>
		</trans>
		<trans lang="th">
			<word>รากแห่งกำลังสอง</word>
			<alt>rahk hairng gamlang song</alt>
		</trans>
	</term>
	<term id="32">
		<trans lang="en">
			<word>bananas (classifier)</word>
		</trans>
		<trans lang="th">
			<word>หวี</word>
			<alt>wee</alt>
		</trans>
	</term>
	<term id="33">
		<trans lang="en">
			<word>round things (classifier)</word>
		</trans>
		<trans lang="th">
			<word>ลูก</word>
			<alt>look</alt>
		</trans>
	</term>
	<term id="34">
		<trans lang="en">
			<word>things (general classifier)</word>
		</trans>
		<trans lang="th">
			<word>อัน</word>
			<alt>an</alt>
		</trans>
		<comment languages="en-th">lit: piece, item</comment>
	</term>
	<term id="35">
		<trans lang="en">
			<word>percent</word>
		</trans>
		<trans lang="th">
			<word>เปอร์เซ็นต์</word>
			<alt>bpersen</alt>
		</trans>
	</term>
	<term id="36">
		<trans lang="en">
			<word>0</word>
		</trans>
		<trans lang="th">
			<word>ศูนย์ (๐)</word>
			<alt>soon</alt>
		</trans>
	</term>
	<term id="37">
		<trans lang="en">
			<word>even number</word>
		</trans>
		<trans lang="th">
			<word>เลขคู่</word>
			<alt>lek khoo</alt>
		</trans>
	</term>
	<term id="38">
		<trans lang="en">
			<word>odd number</word>
		</trans>
		<trans lang="th">
			<word>เลขคี่</word>
			<alt>lek ki</alt>
		</trans>
	</term>
	<term id="39">
		<trans lang="en">
			<word>11</word>
		</trans>
		<trans lang="th">
			<word>สิบเอ็ด (๑๑)</word>
			<alt>sip et</alt>
		</trans>
	</term>
	<term id="40">
		<trans lang="en">
			<word>second</word>
		</trans>
		<trans lang="th">
			<word>ที่สอง</word>
			<alt>tee song</alt>
		</trans>
	</term>
	<term id="41">
		<trans lang="en">
			<word>once</word>
		</trans>
		<trans lang="th">
			<word>หนึ่งครั้ง</word>
			<alt>neung krang</alt>
		</trans>
	</term>
	<term id="42">
		<trans lang="en">
			<word>twice</word>
		</trans>
		<trans lang="th">
			<word>สองครั้ง</word>
			<alt>song krang</alt>
		</trans>
	</term>
	<term id="43">
		<trans lang="en">
			<word>half</word>
		</trans>
		<trans lang="th">
			<word>ครึ่ง</word>
			<alt>kreung</alt>
		</trans>
	</term>
	<term id="44">
		<trans lang="en">
			<word>pair (classifier)</word>
		</trans>
		<trans lang="th">
			<word>คู่</word>
			<alt>koo</alt>
		</trans>
	</term>
	<term id="45">
		<trans lang="en">
			<word>a lot</word>
		</trans>
		<trans lang="th">
			<word>เยอะ</word>
			<alt>yer(t)</alt>
		</trans>
		<comment languages="en-th">Don't pronunce the t, it's there to remind you to shorten the vowel</comment>
	</term>
	<term id="46">
		<trans lang="en">
			<word>a little</word>
		</trans>
		<trans lang="th">
			<word>น้อย</word>
			<alt>noy</alt>
		</trans>
	</term>
	<term id="47">
		<trans lang="en">
			<word>books (classifier)</word>
		</trans>
		<trans lang="th">
			<word>เล่ม</word>
			<alt>lem</alt>
		</trans>
		<comment languages="en-th">lit: volume</comment>
	</term>
	<term id="48">
		<trans lang="en">
			<word>number</word>
		</trans>
		<trans lang="th">
			<word>เลข/เบอร์</word>
			<alt>lek/ber</alt>
		</trans>
	</term>
	<term id="49">
		<trans lang="en">
			<word>fruit, eggs, leaves, cups, documents (classifier)</word>
		</trans>
		<trans lang="th">
			<word>ใบ</word>
			<alt>bai</alt>
		</trans>
	</term>
	<term id="50">
		<trans lang="en">
			<word>pieces (classifier)</word>
		</trans>
		<trans lang="th">
			<word>ชิ้น</word>
			<alt>chin</alt>
		</trans>
	</term>
	<term id="51">
		<trans lang="en">
			<word>houses (classifier)</word>
		</trans>
		<trans lang="th">
			<word>หลัง</word>
			<alt>lang</alt>
		</trans>
	</term>
	<term id="52">
		<trans lang="en">
			<word>vehicles (classifier)</word>
		</trans>
		<trans lang="th">
			<word>คัน</word>
			<alt>kan</alt>
		</trans>
	</term>
	<term id="53">
		<trans lang="en">
			<word>trees, plants (classifier)</word>
		</trans>
		<trans lang="th">
			<word>ต้น</word>
			<alt>dton</alt>
		</trans>
	</term>
</glossary>
