<?xml version="1.0"?>
<glossary id="35" name="12" author="Frédéric Bergeron">
	<desc></desc>
	<term id="1">
		<trans lang="en">
			<word>inspection,study by observation,field trip (to)</word>
		</trans>
		<trans lang="ja">
			<word>見学(する)</word>
			<alt>けんがく(する)</alt>
		</trans>
		<comment languages="en-ja">見学の記録を書く。
He writes his observation notes.</comment>
	</term>
	<term id="2">
		<trans lang="en">
			<word>record,minutes,document (to)</word>
		</trans>
		<trans lang="ja">
			<word>記録(する)</word>
			<alt>きろく(する)</alt>
		</trans>
		<comment languages="en-ja">いくら借りているか記録をつけておきなさい。
Keep a tally of what you owe.

この瞬間は歴史に記録されるだろう。
This moment will be recorded in the history.</comment>
	</term>
	<term id="3" imagePath="3.gif">
		<trans lang="en">
			<word>cooling,air-conditioning (device)</word>
		</trans>
		<trans lang="ja">
			<word>冷房(器)</word>
			<alt>れいぼう(き)</alt>
		</trans>
	</term>
	<term id="4" imagePath="4.gif">
		<trans lang="en">
			<word>rainfall</word>
		</trans>
		<trans lang="ja">
			<word>雨量</word>
			<alt>うりょう</alt>
		</trans>
		<comment languages="en-ja">ここ７の月の平均降雨量はどのくらいですか。
What is the average rainfall for July here?</comment>
	</term>
	<term id="5" imagePath="5.gif">
		<trans lang="en">
			<word>temperature (air)</word>
		</trans>
		<trans lang="ja">
			<word>気温</word>
			<alt>きおん</alt>
		</trans>
	</term>
	<term id="6" imagePath="6.gif">
		<trans lang="en">
			<word>temperature</word>
		</trans>
		<trans lang="ja">
			<word>温度</word>
			<alt>おんど</alt>
		</trans>
	</term>
	<term id="7" imagePath="7.gif">
		<trans lang="en">
			<word>greenhouse</word>
		</trans>
		<trans lang="ja">
			<word>温室</word>
			<alt>おんしつ</alt>
		</trans>
	</term>
	<term id="8">
		<trans lang="en">
			<word>videotape (to)</word>
		</trans>
		<trans lang="ja">
			<word>録画(する)</word>
			<alt>ろくが(する)</alt>
		</trans>
	</term>
	<term id="9">
		<trans lang="en">
			<word>(audio) recording (to)</word>
		</trans>
		<trans lang="ja">
			<word>録音(する)</word>
			<alt>ろくおん(する)</alt>
		</trans>
	</term>
	<term id="10" imagePath="10.gif">
		<trans lang="en">
			<word>one's body weight</word>
		</trans>
		<trans lang="ja">
			<word>体重</word>
			<alt>たいじゅう</alt>
		</trans>
	</term>
	<term id="11" imagePath="11.gif">
		<trans lang="en">
			<word>important,essential,principal,major</word>
		</trans>
		<trans lang="ja">
			<word>重要</word>
			<alt>じゅうよう</alt>
		</trans>
	</term>
	<term id="12" imagePath="12.gif">
		<trans lang="en">
			<word>cold-weather damage</word>
		</trans>
		<trans lang="ja">
			<word>冷害</word>
			<alt>れいがい</alt>
		</trans>
	</term>
	<term id="13" imagePath="13.gif">
		<trans lang="en">
			<word>amount,quantity</word>
		</trans>
		<trans lang="ja">
			<word>分量</word>
			<alt>ぶんりょう</alt>
		</trans>
		<comment languages="en-ja">その作り方の分量は六人分です。
The recipe serves six people.</comment>
	</term>
	<term id="14" imagePath="14.gif">
		<trans lang="en">
			<word>cold water</word>
		</trans>
		<trans lang="ja">
			<word>冷水</word>
			<alt>れいすい</alt>
		</trans>
	</term>
	<term id="15" imagePath="15.gif">
		<trans lang="en">
			<word>temperature (body)</word>
		</trans>
		<trans lang="ja">
			<word>体温</word>
			<alt>たいおん</alt>
		</trans>
	</term>
	<term id="16">
		<trans lang="en">
			<word>change,variation,transformation (to)</word>
		</trans>
		<trans lang="ja">
			<word>変化(する)</word>
			<alt>へんか(する)</alt>
		</trans>
	</term>
</glossary>
