<?xml version="1.0"?>
<glossary id="386" name="p163-178" author="Frédéric Bergeron">
	<desc></desc>
	<term id="1">
		<trans lang="es">
			<word>desdén</word>
		</trans>
		<trans lang="fr">
			<word>dédain,mépris</word>
		</trans>
	</term>
	<term id="2">
		<trans lang="es">
			<word>resquemor (m.)</word>
		</trans>
		<trans lang="fr">
			<word>amertume,remord</word>
		</trans>
	</term>
	<term id="3">
		<trans lang="es">
			<word>maldad</word>
		</trans>
		<trans lang="fr">
			<word>méchanceté</word>
		</trans>
	</term>
	<term id="4">
		<trans lang="es">
			<word>descuartizar</word>
		</trans>
		<trans lang="fr">
			<word>dépecer</word>
		</trans>
	</term>
	<term id="5">
		<trans lang="es">
			<word>latigazo</word>
		</trans>
		<trans lang="fr">
			<word>coup de fouet</word>
		</trans>
	</term>
	<term id="6">
		<trans lang="es">
			<word>reo</word>
		</trans>
		<trans lang="fr">
			<word>accusé</word>
		</trans>
		<comment languages="es-fr">Parecía a un reo condenado al suplicio.
Il ressemblait à un accusé condamné au supplice.</comment>
	</term>
	<term id="7">
		<trans lang="es">
			<word>alguacile</word>
		</trans>
		<trans lang="fr">
			<word>officier</word>
		</trans>
	</term>
	<term id="8">
		<trans lang="es">
			<word>necio</word>
		</trans>
		<trans lang="fr">
			<word>sot</word>
		</trans>
	</term>
	<term id="9">
		<trans lang="es">
			<word>enderezar</word>
		</trans>
		<trans lang="fr">
			<word>redresser</word>
		</trans>
		<comment languages="es-fr">El pobre necio todavía espera poder endereza nuesta calamitosa estancia.
Le pauvre sot espère encore pouvoir redresser (i.e. réparer) notre séjour exécrable.</comment>
	</term>
	<term id="10">
		<trans lang="es">
			<word>parco</word>
		</trans>
		<trans lang="fr">
			<word>sobre</word>
		</trans>
	</term>
	<term id="11">
		<trans lang="es">
			<word>desmayarse</word>
		</trans>
		<trans lang="fr">
			<word>s'évanouir</word>
		</trans>
	</term>
</glossary>
