<?xml version="1.0"?>
<glossary id="99" name="2.2.3" author="Frédéric Bergeron">
	<desc></desc>
	<term id="1">
		<trans lang="en">
			<word>to attempt,to test</word>
		</trans>
		<trans lang="ja">
			<word>試す</word>
			<alt>ためす</alt>
		</trans>
	</term>
	<term id="2">
		<trans lang="en">
			<word>new,fresh,novel</word>
		</trans>
		<trans lang="ja">
			<word>新た</word>
			<alt>あらた</alt>
		</trans>
	</term>
	<term id="3">
		<trans lang="en">
			<word>beforehand,in advance,previously</word>
		</trans>
		<trans lang="ja">
			<word>予め</word>
			<alt>あらかじめ</alt>
		</trans>
		<comment languages="en-ja">ppライブラリを予めrequireメソッドで読み込んでから利用する必要があります。
The program needs to read the pp library with the require method beforehand to use pp.</comment>
	</term>
	<term id="4">
		<trans lang="en">
			<word>in detail</word>
		</trans>
		<trans lang="ja">
			<word>詳細</word>
			<alt>しょうさい</alt>
		</trans>
	</term>
	<term id="5">
		<trans lang="en">
			<word>on the occasion of,circumstances</word>
		</trans>
		<trans lang="ja">
			<word>際</word>
			<alt>さい</alt>
		</trans>
	</term>
	<term id="6">
		<trans lang="en">
			<word>consideration,taking into account (to)</word>
		</trans>
		<trans lang="ja">
			<word>考慮(する)</word>
			<alt>こうりょ(する)</alt>
		</trans>
	</term>
	<term id="7">
		<trans lang="en">
			<word>on the other hand,one side,one way,a quarter,one direction</word>
		</trans>
		<trans lang="ja">
			<word>一方</word>
			<alt>いっぽう</alt>
		</trans>
	</term>
	<term id="8">
		<trans lang="en">
			<word>orthopedics</word>
		</trans>
		<trans lang="ja">
			<word>整形</word>
			<alt>せいけい</alt>
		</trans>
	</term>
	<term id="9">
		<trans lang="en">
			<word>nest (of boxes)</word>
		</trans>
		<trans lang="ja">
			<word>入れ子</word>
			<alt>いれこ</alt>
		</trans>
	</term>
</glossary>
