<?xml version="1.0"?>
<glossary id="319" name="JNI-02" author="">
	<desc></desc>
	<term id="1">
		<trans lang="en">
			<word>today</word>
		</trans>
		<trans lang="ja">
			<word>きょう</word>
			<alt>kyoo</alt>
		</trans>
	</term>
	<term id="2">
		<trans lang="en">
			<word>free, free time</word>
		</trans>
		<trans lang="ja">
			<word>ひま [な]</word>
			<alt>hima</alt>
		</trans>
	</term>
	<term id="3">
		<trans lang="en">
			<word>sea, ocean; beach</word>
		</trans>
		<trans lang="ja">
			<word>うみ</word>
			<alt>umi</alt>
		</trans>
	</term>
	<term id="4">
		<trans lang="en">
			<word>Yes (agreement)</word>
		</trans>
		<trans lang="ja">
			<word>ええ</word>
			<alt>ee</alt>
		</trans>
	</term>
	<term id="5">
		<trans lang="en">
			<word>good</word>
		</trans>
		<trans lang="ja">
			<word>いい</word>
			<alt>ii</alt>
		</trans>
	</term>
	<term id="6">
		<trans lang="en">
			<word>school</word>
		</trans>
		<trans lang="ja">
			<word>がっこう</word>
			<alt>gakkoo</alt>
		</trans>
	</term>
	<term id="7">
		<trans lang="en">
			<word>pool, swimming pool</word>
		</trans>
		<trans lang="ja">
			<word>プール</word>
			<alt>puuru</alt>
		</trans>
	</term>
	<term id="8">
		<trans lang="en">
			<word>mountain</word>
		</trans>
		<trans lang="ja">
			<word>やま</word>
			<alt>yama</alt>
		</trans>
	</term>
	<term id="9">
		<trans lang="en">
			<word>tomorrow</word>
		</trans>
		<trans lang="ja">
			<word>あした</word>
			<alt>ashita</alt>
		</trans>
	</term>
	<term id="10">
		<trans lang="en">
			<word>day after tomorrow</word>
		</trans>
		<trans lang="ja">
			<word>あさって</word>
			<alt>asatte</alt>
		</trans>
	</term>
	<term id="11">
		<trans lang="en">
			<word>river, stream</word>
		</trans>
		<trans lang="ja">
			<word>かわ</word>
			<alt>kawa</alt>
		</trans>
	</term>
	<term id="12">
		<trans lang="en">
			<word>lavatory, toilet, bathroom</word>
		</trans>
		<trans lang="ja">
			<word>おてあらい</word>
			<alt>otearai</alt>
		</trans>
	</term>
	<term id="13">
		<trans lang="en">
			<word>library (building)</word>
		</trans>
		<trans lang="ja">
			<word>としょかん</word>
			<alt>toshokan</alt>
		</trans>
	</term>
	<term id="14">
		<trans lang="en">
			<word>lake</word>
		</trans>
		<trans lang="ja">
			<word>みずうみ</word>
			<alt>mizuumi</alt>
		</trans>
	</term>
	<term id="15">
		<trans lang="en">
			<word>No</word>
		</trans>
		<trans lang="ja">
			<word>いいえ</word>
			<alt>iie</alt>
		</trans>
	</term>
	<term id="16">
		<trans lang="en">
			<word>park, public park</word>
		</trans>
		<trans lang="ja">
			<word>こうえん</word>
			<alt>kooen</alt>
		</trans>
	</term>
	<term id="17">
		<trans lang="en">
			<word>now</word>
		</trans>
		<trans lang="ja">
			<word>いま</word>
			<alt>ima</alt>
		</trans>
	</term>
	<term id="18">
		<trans lang="en">
			<word>time; hour, period</word>
		</trans>
		<trans lang="ja">
			<word>じかん</word>
			<alt>jikan</alt>
		</trans>
	</term>
</glossary>
