<?xml version="1.0"?>
<glossary id="345" name="JCS1-04" author="">
	<desc></desc>
	<term id="1">
		<trans lang="en">
			<word>Monday   +</word>
		</trans>
		<trans lang="ja">
			<word>月よう日</word>
			<alt>getsuyoobi</alt>
		</trans>
	</term>
	<term id="2">
		<trans lang="en">
			<word>Tuesday   +</word>
		</trans>
		<trans lang="ja">
			<word>火よう日</word>
			<alt>kayoobi</alt>
		</trans>
	</term>
	<term id="3">
		<trans lang="en">
			<word>Wednesday   +</word>
		</trans>
		<trans lang="ja">
			<word>水よう日</word>
			<alt>suiyoobi</alt>
		</trans>
	</term>
	<term id="4">
		<trans lang="en">
			<word>Thursday   +</word>
		</trans>
		<trans lang="ja">
			<word>木よう日</word>
			<alt>mokuyoobi</alt>
		</trans>
	</term>
	<term id="5">
		<trans lang="en">
			<word>Friday   +</word>
		</trans>
		<trans lang="ja">
			<word>金よう日</word>
			<alt>kin'yoobi</alt>
		</trans>
	</term>
	<term id="6">
		<trans lang="en">
			<word>Saturday   +</word>
		</trans>
		<trans lang="ja">
			<word>土よう日</word>
			<alt>doyoobi</alt>
		</trans>
	</term>
	<term id="7">
		<trans lang="en">
			<word>bank   +</word>
		</trans>
		<trans lang="ja">
			<word>ぎん行</word>
			<alt>ginkoo</alt>
		</trans>
	</term>
	<term id="8">
		<trans lang="en">
			<word>go</word>
		</trans>
		<trans lang="ja">
			<word>行く</word>
			<alt>iku</alt>
		</trans>
	</term>
	<term id="9">
		<trans lang="en">
			<word>come   +</word>
		</trans>
		<trans lang="ja">
			<word>来る</word>
			<alt>kuru</alt>
		</trans>
	</term>
	<term id="10">
		<trans lang="en">
			<word>airplane, plane</word>
		</trans>
		<trans lang="ja">
			<word>ひ行き</word>
			<alt>hikooki</alt>
		</trans>
	</term>
	<term id="11">
		<trans lang="en">
			<word># hours</word>
		</trans>
		<trans lang="ja">
			<word>~時かん</word>
			<alt>-jikan</alt>
		</trans>
	</term>
	<term id="12">
		<trans lang="en">
			<word>#th day, # days</word>
		</trans>
		<trans lang="ja">
			<word>~日</word>
			<alt>-nichi</alt>
		</trans>
	</term>
	<term id="13">
		<trans lang="en">
			<word>1st (day of the month)</word>
		</trans>
		<trans lang="ja">
			<word>一日</word>
			<alt>tsuitachi</alt>
		</trans>
	</term>
	<term id="14">
		<trans lang="en">
			<word>2nd, 2 days</word>
		</trans>
		<trans lang="ja">
			<word>二日</word>
			<alt>futsuka</alt>
		</trans>
	</term>
	<term id="15">
		<trans lang="en">
			<word>3rd, 3 days</word>
		</trans>
		<trans lang="ja">
			<word>三日</word>
			<alt>mikka</alt>
		</trans>
	</term>
	<term id="16">
		<trans lang="en">
			<word>4th, 4 days</word>
		</trans>
		<trans lang="ja">
			<word>四日</word>
			<alt>yokka</alt>
		</trans>
	</term>
	<term id="17">
		<trans lang="en">
			<word>5th, 5 days</word>
		</trans>
		<trans lang="ja">
			<word>五日</word>
			<alt>itsuka</alt>
		</trans>
	</term>
	<term id="18">
		<trans lang="en">
			<word>6th, 6 days</word>
		</trans>
		<trans lang="ja">
			<word>六日</word>
			<alt>muika</alt>
		</trans>
	</term>
	<term id="19">
		<trans lang="en">
			<word>7th, 7 days</word>
		</trans>
		<trans lang="ja">
			<word>七日</word>
			<alt>nanoka</alt>
		</trans>
	</term>
	<term id="20">
		<trans lang="en">
			<word>8th, 8 days</word>
		</trans>
		<trans lang="ja">
			<word>八日</word>
			<alt>yooka</alt>
		</trans>
	</term>
	<term id="21">
		<trans lang="en">
			<word>9th, 9 days</word>
		</trans>
		<trans lang="ja">
			<word>九日</word>
			<alt>kokonoka</alt>
		</trans>
	</term>
	<term id="22">
		<trans lang="en">
			<word>10th, 10 days</word>
		</trans>
		<trans lang="ja">
			<word>十日</word>
			<alt>tooka</alt>
		</trans>
	</term>
	<term id="23">
		<trans lang="en">
			<word>14th, 14 days</word>
		</trans>
		<trans lang="ja">
			<word>十四日</word>
			<alt>juuyokka</alt>
		</trans>
	</term>
	<term id="24">
		<trans lang="en">
			<word>20th, 20 days</word>
		</trans>
		<trans lang="ja">
			<word>二十日</word>
			<alt>hatsuka</alt>
		</trans>
	</term>
	<term id="25">
		<trans lang="en">
			<word>24th, 24 days</word>
		</trans>
		<trans lang="ja">
			<word>二十四日</word>
			<alt>nijuuyokka</alt>
		</trans>
	</term>
	<term id="26">
		<trans lang="en">
			<word>family</word>
		</trans>
		<trans lang="ja">
			<word>かぞく</word>
			<alt>kazoku</alt>
		</trans>
	</term>
	<term id="27">
		<trans lang="en">
			<word>photo, photograph</word>
		</trans>
		<trans lang="ja">
			<word>しゃしん</word>
			<alt>shashin</alt>
		</trans>
	</term>
	<term id="28">
		<trans lang="en">
			<word>show</word>
		</trans>
		<trans lang="ja">
			<word>みせる</word>
			<alt>miseru</alt>
		</trans>
	</term>
	<term id="29">
		<trans lang="en">
			<word>together</word>
		</trans>
		<trans lang="ja">
			<word>いっしょに</word>
			<alt>isshoni</alt>
		</trans>
	</term>
	<term id="30">
		<trans lang="en">
			<word>next week</word>
		</trans>
		<trans lang="ja">
			<word>らいしゅう</word>
			<alt>raishuu</alt>
		</trans>
	</term>
	<term id="31">
		<trans lang="en">
			<word>somewhere</word>
		</trans>
		<trans lang="ja">
			<word>どこか</word>
			<alt>dokoka</alt>
		</trans>
	</term>
	<term id="32">
		<trans lang="en">
			<word>trip, travelling, travel</word>
		</trans>
		<trans lang="ja">
			<word>りょ行 [する]</word>
			<alt>ryokoo</alt>
		</trans>
	</term>
	<term id="33">
		<trans lang="en">
			<word>weekend</word>
		</trans>
		<trans lang="ja">
			<word>しうまつ</word>
			<alt>shuumatsu</alt>
		</trans>
	</term>
	<term id="34">
		<trans lang="en">
			<word>nothing (with -ve)</word>
		</trans>
		<trans lang="ja">
			<word>何も</word>
			<alt>nanimo</alt>
		</trans>
	</term>
	<term id="35">
		<trans lang="en">
			<word>every day</word>
		</trans>
		<trans lang="ja">
			<word>まい日</word>
			<alt>mainichi</alt>
		</trans>
	</term>
	<term id="36">
		<trans lang="en">
			<word># month (of the year)</word>
		</trans>
		<trans lang="ja">
			<word>~月</word>
			<alt>-gatsu</alt>
		</trans>
	</term>
	<term id="37">
		<trans lang="en">
			<word>April</word>
		</trans>
		<trans lang="ja">
			<word>四月</word>
			<alt>shigatsu</alt>
		</trans>
	</term>
	<term id="38">
		<trans lang="en">
			<word>July</word>
		</trans>
		<trans lang="ja">
			<word>七月</word>
			<alt>shichigatsu</alt>
		</trans>
	</term>
	<term id="39">
		<trans lang="en">
			<word>September</word>
		</trans>
		<trans lang="ja">
			<word>九月</word>
			<alt>kugatsu</alt>
		</trans>
	</term>
	<term id="40">
		<trans lang="en">
			<word>Hokkaido (Jap. island)</word>
		</trans>
		<trans lang="ja">
			<word>ほっかいどう</word>
			<alt>hokkaidoo</alt>
		</trans>
	</term>
	<term id="41">
		<trans lang="en">
			<word>how long?, how many hours?</word>
		</trans>
		<trans lang="ja">
			<word>何時かん</word>
			<alt>nanjikan</alt>
		</trans>
	</term>
	<term id="42">
		<trans lang="en">
			<word>how much?, how long?</word>
		</trans>
		<trans lang="ja">
			<word>どのぐらい</word>
			<alt>donogurai</alt>
		</trans>
	</term>
	<term id="43">
		<trans lang="en">
			<word>what month?</word>
		</trans>
		<trans lang="ja">
			<word>何月</word>
			<alt>nangatsu</alt>
		</trans>
	</term>
	<term id="44">
		<trans lang="en">
			<word>what day?, how many days?</word>
		</trans>
		<trans lang="ja">
			<word>何日</word>
			<alt>nannichi</alt>
		</trans>
	</term>
	<term id="45">
		<trans lang="en">
			<word>letter</word>
		</trans>
		<trans lang="ja">
			<word>てがみ</word>
			<alt>tegami</alt>
		</trans>
	</term>
	<term id="46">
		<trans lang="en">
			<word>lend</word>
		</trans>
		<trans lang="ja">
			<word>かす</word>
			<alt>kasu</alt>
		</trans>
	</term>
	<term id="47">
		<trans lang="en">
			<word>child</word>
		</trans>
		<trans lang="ja">
			<word>こども</word>
			<alt>kodomo</alt>
		</trans>
	</term>
	<term id="48">
		<trans lang="en">
			<word>English (language)</word>
		</trans>
		<trans lang="ja">
			<word>えいご</word>
			<alt>eigo</alt>
		</trans>
	</term>
	<term id="49">
		<trans lang="en">
			<word>teach, tell</word>
		</trans>
		<trans lang="ja">
			<word>おしえる</word>
			<alt>oshieru</alt>
		</trans>
	</term>
	<term id="50">
		<trans lang="en">
			<word>picture postcard</word>
		</trans>
		<trans lang="ja">
			<word>えはがき</word>
			<alt>ehagaki</alt>
		</trans>
	</term>
	<term id="51">
		<trans lang="en">
			<word>send, see s.o. off</word>
		</trans>
		<trans lang="ja">
			<word>おくる</word>
			<alt>okuru</alt>
		</trans>
	</term>
	<term id="52">
		<trans lang="en">
			<word>jogging</word>
		</trans>
		<trans lang="ja">
			<word>ジョギング</word>
			<alt>jogingu</alt>
		</trans>
	</term>
	<term id="53">
		<trans lang="en">
			<word>this week</word>
		</trans>
		<trans lang="ja">
			<word>今しゅう</word>
			<alt>konshuu</alt>
		</trans>
	</term>
	<term id="54">
		<trans lang="en">
			<word>apartment, flat, apartment house</word>
		</trans>
		<trans lang="ja">
			<word>アパート</word>
			<alt>apaato</alt>
		</trans>
	</term>
	<term id="55">
		<trans lang="en">
			<word>something</word>
		</trans>
		<trans lang="ja">
			<word>何か</word>
			<alt>nanika</alt>
		</trans>
	</term>
	<term id="56">
		<trans lang="en">
			<word>make</word>
		</trans>
		<trans lang="ja">
			<word>つくる</word>
			<alt>tsukuru</alt>
		</trans>
	</term>
	<term id="57">
		<trans lang="en">
			<word>someone</word>
		</trans>
		<trans lang="ja">
			<word>だれか</word>
			<alt>dareka</alt>
		</trans>
	</term>
	<term id="58">
		<trans lang="en">
			<word>way, road, street</word>
		</trans>
		<trans lang="ja">
			<word>みち</word>
			<alt>michi</alt>
		</trans>
	</term>
	<term id="59">
		<trans lang="en">
			<word>ask, enquire of (s.o.)</word>
		</trans>
		<trans lang="ja">
			<word>~にきく</word>
			<alt>-ni kiku</alt>
		</trans>
	</term>
	<term id="60">
		<trans lang="en">
			<word>last week</word>
		</trans>
		<trans lang="ja">
			<word>せんしゅう</word>
			<alt>senshuu</alt>
		</trans>
	</term>
	<term id="61">
		<trans lang="en">
			<word>room</word>
		</trans>
		<trans lang="ja">
			<word>へや</word>
			<alt>heya</alt>
		</trans>
	</term>
	<term id="62">
		<trans lang="en">
			<word>train, electric train</word>
		</trans>
		<trans lang="ja">
			<word>でんしゃ</word>
			<alt>densha</alt>
		</trans>
	</term>
	<term id="63">
		<trans lang="en">
			<word>ride, get on ("N ni")</word>
		</trans>
		<trans lang="ja">
			<word>のる</word>
			<alt>noru</alt>
		</trans>
	</term>
	<term id="64">
		<trans lang="en">
			<word>word processor</word>
		</trans>
		<trans lang="ja">
			<word>ワープロ</word>
			<alt>waapuro</alt>
		</trans>
	</term>
	<term id="65">
		<trans lang="en">
			<word>Kyushu (Jap. island)</word>
		</trans>
		<trans lang="ja">
			<word>九しゅう</word>
			<alt>kyuushuu</alt>
		</trans>
	</term>
	<term id="66">
		<trans lang="en">
			<word>tape recorder</word>
		</trans>
		<trans lang="ja">
			<word>テープレコーダー</word>
			<alt>teepurekoodaa</alt>
		</trans>
	</term>
	<term id="67">
		<trans lang="en">
			<word>good</word>
		</trans>
		<trans lang="ja">
			<word>いい</word>
			<alt>ii</alt>
		</trans>
	</term>
</glossary>
