<?xml version="1.0"?>
<glossary id="21" name="1.01.2" author="Frédéric Bergeron">
	<desc></desc>
	<term id="1">
		<trans lang="en">
			<word>to grow accustomed to</word>
		</trans>
		<trans lang="ja">
			<word>慣れる</word>
			<alt>なれる</alt>
		</trans>
	</term>
	<term id="2">
		<trans lang="en">
			<word>to be intimate with,to befriend</word>
		</trans>
		<trans lang="ja">
			<word>親しむ</word>
			<alt>したしむ</alt>
		</trans>
		<comment languages="en-ja">コンソールに慣れ親しんでいることでしょう。
You're probably used or familiar with the console.</comment>
	</term>
</glossary>
