<?xml version="1.0"?>
<glossary id="390" name="p193-212" author="Frédéric Bergeron">
	<desc></desc>
	<term id="1">
		<trans lang="es">
			<word>reto</word>
		</trans>
		<trans lang="fr">
			<word>défi</word>
		</trans>
	</term>
	<term id="2">
		<trans lang="es">
			<word>soler</word>
		</trans>
		<trans lang="fr">
			<word>avoir l'habitude de...</word>
		</trans>
		<comment languages="es-fr">Suelo acostarme temprano.
J'ai l'habitude de me coucher tôt.</comment>
	</term>
	<term id="3">
		<trans lang="es">
			<word>misa</word>
		</trans>
		<trans lang="fr">
			<word>messe</word>
		</trans>
	</term>
	<term id="4">
		<trans lang="es">
			<word>escalofrío</word>
		</trans>
		<trans lang="fr">
			<word>frisson</word>
		</trans>
	</term>
</glossary>
