<?xml version="1.0"?>
<glossary id="48" name="Kanji201-300" author="">
	<desc></desc>
	<term id="1">
		<trans lang="en">
			<word>to face, to approach</word>
		</trans>
		<trans lang="ja">
			<word>向</word>
			<alt>コウ　む（く）</alt>
		</trans>
		<comment languages="en-ja">出向 [しゅっこう]   being transferred at work, leaving for
方向 [ほうこう]   direction
動向 [どうこう]   trend
意向 [いこう]   intention, inclination
風向き [かざむ（き）]   wind direction</comment>
	</term>
	<term id="2">
		<trans lang="en">
			<word>conclusion, to tie</word>
		</trans>
		<trans lang="ja">
			<word>結</word>
			<alt>ケツ　むす（ぶ）,ゆ（う）</alt>
		</trans>
		<comment languages="en-ja">結果 [けっか]   result, outcome
結論 [けつろん]   conclusion
終結 [しゅうけつ]   close, end
結局 [けっきょく]   after all
結成 [けっせい]   formation</comment>
	</term>
	<term id="3">
		<trans lang="en">
			<word>hill</word>
		</trans>
		<trans lang="ja">
			<word>岡</word>
			<alt>コウ　おか</alt>
		</trans>
		<comment languages="en-ja">福岡 [ふくおか]   Fukuoka (place name)
岡山 [おかやま]   Okayama (place name)
岡本 [おかもと]   Okamoto (place, personal name)
岡崎 [おかざき]   Okazaki (place, personalname)
田岡 [たおか]   Taoka (place, personal name)</comment>
	</term>
	<term id="4">
		<trans lang="en">
			<word>crowded, congested</word>
		</trans>
		<trans lang="ja">
			<word>込</word>
			<alt>*　こ（む）</alt>
		</trans>
		<comment languages="en-ja">見込み [みこ（み）]   expectation, prospect
仕込み [しこ（み）]   training, stocking</comment>
	</term>
	<term id="5">
		<trans lang="en">
			<word>together, joint</word>
		</trans>
		<trans lang="ja">
			<word>共</word>
			<alt>キョウ　とも</alt>
		</trans>
		<comment languages="en-ja">共同 [きょうどう]   cooperation
公共 [こうきょう]   public
共産 [きょうさん]   communism
共和 [きょうわ]   republic
共通 [きょうつう]   commonness</comment>
	</term>
	<term id="6">
		<trans lang="en">
			<word>article, goods, wares</word>
		</trans>
		<trans lang="ja">
			<word>品</word>
			<alt>ヒン　しな</alt>
		</trans>
		<comment languages="en-ja">製品 [せいひん]   products
部品 [ぶひん]   part
品物 [しなもの]   goods, article, thing
作品 [さくひん]   work
商品 [しょうひん]   goods, commodities</comment>
	</term>
	<term id="7">
		<trans lang="en">
			<word>fidelity, trust</word>
		</trans>
		<trans lang="ja">
			<word>信</word>
			<alt>シン　*</alt>
		</trans>
		<comment languages="en-ja">信用 [しんよう]   trust, confidence
通信 [つうしん]   communication, correspondence
発信 [はっしん]   sending (signal), departure, takeoff
不信 [ふしん]   distrust
電信 [でんしん]   telegraph</comment>
	</term>
	<term id="8">
		<trans lang="en">
			<word>part, bureau, chamber</word>
		</trans>
		<trans lang="ja">
			<word>局</word>
			<alt>キョク　*</alt>
		</trans>
		<comment languages="en-ja">当局 [とうきょく]   authorities
局長 [きょくちょう]   director, postmaster
結局 [けっきょく]   after all
政局 [せいきょく]   political situation
局面 [きょくめん]   situation, phase, aspect</comment>
	</term>
	<term id="9">
		<trans lang="en">
			<word>to assemble, to gather</word>
		</trans>
		<trans lang="ja">
			<word>集</word>
			<alt>シュウ　あつ（める）,つど（う）</alt>
		</trans>
		<comment languages="en-ja">集落 [しゅうらく]   village
集団 [しゅうだん]   group
集中 [しゅうちゅう]   concentration
集計 [しゅうけい]   total, sum
収集 [しゅうしゅう]   collection, accumulation</comment>
	</term>
	<term id="10">
		<trans lang="en">
			<word>vivid, life</word>
		</trans>
		<trans lang="ja">
			<word>活</word>
			<alt>カツ　い（きる）</alt>
		</trans>
		<comment languages="en-ja">活動 [かつどう]   activity, action
生活 [せいかつ]   living, life
活用 [かつよう]   practical use, conjugation
復活 [ふっかつ]   revival, restoration
活力 [かつりょく]   vitality</comment>
	</term>
	<term id="11">
		<trans lang="en">
			<word>to build, to set up</word>
		</trans>
		<trans lang="ja">
			<word>建</word>
			<alt>ケン　コン　た（てる）</alt>
		</trans>
		<comment languages="en-ja">建設 [けんせつ]   construction
再建 [さいけん／さいこん]   rebuilding, reconstruction
建物 [たてもの]   building
建策 [けんさく]   suggest a plan
建造 [けんぞう]   building</comment>
	</term>
	<term id="12">
		<trans lang="en">
			<word>to pull, to lead, to draw</word>
		</trans>
		<trans lang="ja">
			<word>引</word>
			<alt>イン　ひ（く）</alt>
		</trans>
		<comment languages="en-ja">取引 [とりひき]   transactions, business
引退 [いんたい]   retirement
割引 [わりびき]   discount, rebate
強引 [ごういん]   forcible, coercive
引力 [いんりょく]   gravity</comment>
	</term>
	<term id="13">
		<trans lang="en">
			<word>to cross, to mix</word>
		</trans>
		<trans lang="ja">
			<word>交</word>
			<alt>コウ　か（わす）,ま（ざる）</alt>
		</trans>
		<comment languages="en-ja">交通 [こうつう]   traffic, transportation
交流 [こうりゅう]   alternating current, interaction
交代 [こうたい]   alternation, relief, shift
外交 [がいこう]   diplomacy
国交 [こっこう]   diplomatic relations</comment>
	</term>
	<term id="14">
		<trans lang="en">
			<word>to return, to disobey, dry goods</word>
		</trans>
		<trans lang="ja">
			<word>反</word>
			<alt>ハン　タン　ホン　そ（る）</alt>
		</trans>
		<comment languages="en-ja">違反 [いはん]   violation
反発 [はんぱつ]   repulsion, repelling
反対 [はんたい]   opposition
反省 [はんせい]   reflection, reconsideration
反映 [はんえい]   reflection, influence</comment>
	</term>
	<term id="15">
		<trans lang="en">
			<word>to tell, to inform, notice</word>
		</trans>
		<trans lang="ja">
			<word>告</word>
			<alt>コク　つ（げる）</alt>
		</trans>
		<comment languages="en-ja">報告 [ほうこく]   report
申告 [しんこく]   statement, filling a return
告発 [こくはつ]   prosecution, indictment
被告 [ひこく]   defendant
告知 [こくち]   notification, announcement</comment>
	</term>
	<term id="16">
		<trans lang="en">
			<word>profit, advantage, interest</word>
		</trans>
		<trans lang="ja">
			<word>利</word>
			<alt>リ　き（く）</alt>
		</trans>
		<comment languages="en-ja">利用 [りよう]   use, utilization
金利 [きんり]   interest (rate)
権利 [けんり]   right, privilege
利点 [りてん]   advantage
有利 [ゆうり]   profitable, advantageous</comment>
	</term>
	<term id="17">
		<trans lang="en">
			<word>one-hundred million</word>
		</trans>
		<trans lang="ja">
			<word>億</word>
			<alt>オク　*</alt>
		</trans>
		<comment languages="en-ja">〜億円 [おくえん]   ~hundred million yen
千億 [せんおく]   ten billion
数億 [すうおく]   several hundred million
〜億人 [おくにん]   ~hundred million people
何億 [なんおく]   how many hundred million</comment>
	</term>
	<term id="18">
		<trans lang="en">
			<word>to relieve, to settle</word>
		</trans>
		<trans lang="ja">
			<word>済</word>
			<alt>サイ　す（ます）</alt>
		</trans>
		<comment languages="en-ja">経済 [けいざい]   economy
返済 [へんさい]   repayment
決済 [けっさい]   approval, sanction, liquidation
共済 [きょうさい]   joint sponsorship, mutual aid
済生 [さいせい]   save life</comment>
	</term>
	<term id="19">
		<trans lang="en">
			<word>next, order, following</word>
		</trans>
		<trans lang="ja">
			<word>次</word>
			<alt>ジ　シ　つぎ,つ（ぐ）</alt>
		</trans>
		<comment languages="en-ja">相次ぐ [あいつ（ぐ）]   one after another, in succsession
次官 [じかん]   vice minister
次第 [しだい]   circumstances, immediately
次回 [じかい]   next time
一次 [いちじ]   primary, first, linear</comment>
	</term>
	<term id="20">
		<trans lang="en">
			<word>matter, case</word>
		</trans>
		<trans lang="ja">
			<word>件</word>
			<alt>ケン　*</alt>
		</trans>
		<comment languages="en-ja">事件 [じけん]   event, incident
条件 [じょうけん]   condition
件数 [けんすう]   number (for cases, houses)
〜件 [〜けん]   ~cases, ~houses
物件 [ぶっけん]   thing, object, article</comment>
	</term>
	<term id="21">
		<trans lang="en">
			<word>village</word>
		</trans>
		<trans lang="ja">
			<word>村</word>
			<alt>ソン　むら</alt>
		</trans>
		<comment languages="en-ja">村山 [むらやま]   Murayama (personal name)
農村 [のうそん]   agricultural community, farm village
村長 [そんちょう]   village mayor
町村 [ちょうそん]   towns and villages
村民 [そんみん]   villagers</comment>
	</term>
	<term id="22">
		<trans lang="en">
			<word>to consider, to think</word>
		</trans>
		<trans lang="ja">
			<word>考</word>
			<alt>コウ　かんが（える）</alt>
		</trans>
		<comment languages="en-ja">参考 [さんこう]   reference
考案 [こうあん]   plan, device, idea, conception
選考 [せんこう]   selection
考証 [こうしょう]   historical research, investigation
思考 [しこう]   thinking</comment>
	</term>
	<term id="23">
		<trans lang="en">
			<word>to throw, to cast</word>
		</trans>
		<trans lang="ja">
			<word>投</word>
			<alt>トウ　な（げる）</alt>
		</trans>
		<comment languages="en-ja">投資 [とうし]   investment
投票 [とうひょう]   voting, poll
投機 [とうき]   speculation
投書 [とうしょ]   contribution, letter
投入 [とうにゅう]   investment, capital injection</comment>
	</term>
	<term id="24">
		<trans lang="en">
			<word>decrease, to reduce</word>
		</trans>
		<trans lang="ja">
			<word>減</word>
			<alt>ゲン　へ（る）,へ（らす）</alt>
		</trans>
		<comment languages="en-ja">減税 [げんぜい]   tax reduction, tax cut
減少 [げんしょう]   decrease
減収 [げんしゅう]   decrease in income
半減 [はんげん]   reduction by half
増減 [ぞうげん]   increase and decrease</comment>
	</term>
	<term id="25">
		<trans lang="en">
			<word>face, surface, aspect</word>
		</trans>
		<trans lang="ja">
			<word>面</word>
			<alt>メン　おも,おもて,つら</alt>
		</trans>
		<comment languages="en-ja">当面 [とうめん]   pressing, urgent, impending
全面 [ぜんめん]   whole, general
半面 [はんめん]   on the other hand
海面 [かいめん]   surface of sea
方面 [ほうめん]   district, direction</comment>
	</term>
	<term id="26">
		<trans lang="en">
			<word>group, denomination</word>
		</trans>
		<trans lang="ja">
			<word>派</word>
			<alt>ハ　*</alt>
		</trans>
		<comment languages="en-ja">派手 [はで]   showy, flashy
両派 [りょうは]   both groups
学派 [がくは]   school, academic sect
流派 [りゅうは]   school
派生 [はせい]   derivation</comment>
	</term>
	<term id="27">
		<trans lang="en">
			<word>to trust, duty</word>
		</trans>
		<trans lang="ja">
			<word>任</word>
			<alt>ニン　まか（せる）</alt>
		</trans>
		<comment languages="en-ja">任期 [にんき]   term, period of office
主任 [しゅにん]   head, chief
後任 [こうにん]   successor
在任 [ざいにん]   holding a post, being in office
任務 [にんむ]   duty, mission, task</comment>
	</term>
	<term id="28">
		<trans lang="en">
			<word>to solve, to untie, to melt</word>
		</trans>
		<trans lang="ja">
			<word>解</word>
			<alt>カイ　ゲ　と（く）,ほど（く）,わか（る）</alt>
		</trans>
		<comment languages="en-ja">理解 [りかい]   comprehension, understanding
解決 [かいけつ]   solution
見解 [けんかい]   opinion, one's view
解明 [かいめい]   elucidation, explication
和解 [わかい]   reconciliation</comment>
	</term>
	<term id="29">
		<trans lang="en">
			<word>to carry, transport</word>
		</trans>
		<trans lang="ja">
			<word>運</word>
			<alt>ウン　はこ（ぶ）</alt>
		</trans>
		<comment languages="en-ja">運輸 [うんゆ]   transporting
運用 [うんよう]   application, pratical use
運営 [うんえい]   management
運行 [うんこう]   revolution, motion
運動 [うんどう]   motion, exercise</comment>
	</term>
	<term id="30">
		<trans lang="en">
			<word>case, associate, limit</word>
		</trans>
		<trans lang="ja">
			<word>際</word>
			<alt>サイ　きわ</alt>
		</trans>
		<comment languages="en-ja">国際 [こくさい]   international
実際 [じっさい]   practice, fact, reality
交際 [こうさい]   association, friendship, company
間際 [まぎわ]   just before, on the verge of
際限 [さいげん]   limits</comment>
	</term>
	<term id="31">
		<trans lang="en">
			<word>side</word>
		</trans>
		<trans lang="ja">
			<word>側</word>
			<alt>ソク　がわ</alt>
		</trans>
		<comment languages="en-ja">西側 [にしがわ]   west side, Western countries
外側 [そとがわ]   outside, exterior
側近 [そっきん]   close associate
内側 [うちがわ]   inside, interior
右側 [みぎがわ]   right side</comment>
	</term>
	<term id="32">
		<trans lang="en">
			<word>wide, broad, spacious</word>
		</trans>
		<trans lang="ja">
			<word>広</word>
			<alt>コウ　ひろ（い）</alt>
		</trans>
		<comment languages="en-ja">広島 [ひろしま]   Hiroshima (place name)
広報 [こうほう]   public relations
広域 [こういき]   wide area
広大 [こうだい]   vast
末広 [すえひろ]   grow prosperous</comment>
	</term>
	<term id="33">
		<trans lang="en">
			<word>tax</word>
		</trans>
		<trans lang="ja">
			<word>税</word>
			<alt>ゼイ　*</alt>
		</trans>
		<comment languages="en-ja">減税 [げんぜい]   tax reduction, tax cut
課税 [かぜい]   imposition of tax
税金 [ぜいきん]   tax
国税 [こくぜい]   national tax
関税 [かんぜい]   customs, duty, tariff</comment>
	</term>
	<term id="34">
		<trans lang="en">
			<word>to omit, review, abbreviation</word>
		</trans>
		<trans lang="ja">
			<word>省</word>
			<alt>ショウ　セイ　かえり（みる）,はぶ（く）</alt>
		</trans>
		<comment languages="en-ja">〜省 [〜しょう]   Ministry of ~
省略 [しょうりゃく]   omission, abbreviation
同省 [どうしょう]   the referred ministry
各省 [かくしょう]   each ministry
両省 [りょうしょう]   both ministries</comment>
	</term>
	<term id="35">
		<trans lang="en">
			<word>to use, to handle, messenger</word>
		</trans>
		<trans lang="ja">
			<word>使</word>
			<alt>シ　つか（う）</alt>
		</trans>
		<comment languages="en-ja">使用 [しよう]   use, usage
行使 [こうし]   exercise, use
労使 [ろうし]   labor and management
大使 [たいし]   ambassador
特使 [とくし]   special envoy, messenger</comment>
	</term>
	<term id="36">
		<trans lang="en">
			<word>to increase, to rise, to raise</word>
		</trans>
		<trans lang="ja">
			<word>増</word>
			<alt>ゾウ　ふ（える）,ま（す）</alt>
		</trans>
		<comment languages="en-ja">増加 [ぞうか]   increase
急増 [きゅうぞう]   rapid increase
増員 [ぞういん]   personnel increase
増収 [ぞうしゅう]   increase in income, revenue, yield
増大 [ぞうだい]   increase, enlargement</comment>
	</term>
	<term id="37">
		<trans lang="en">
			<word>to recognize, to approve</word>
		</trans>
		<trans lang="ja">
			<word>認</word>
			<alt>ニン　みと（める）</alt>
		</trans>
		<comment languages="en-ja">確認 [かくにん]   confirmation
容認 [ようにん]   approval
公認 [こうにん]   official recognition, authorization
認定 [にんてい]   recognition, authorization
自認 [じにん]   admission, self-acknowlegment</comment>
	</term>
	<term id="38">
		<trans lang="en">
			<word>to attach, to stick</word>
		</trans>
		<trans lang="ja">
			<word>付</word>
			<alt>フ　つ（く）</alt>
		</trans>
		<comment languages="en-ja">日付 [ひづけ]   date
付近 [ふきん]   neighborhood
付記 [ふき]   written addition, appendix, note
気付く [きづ（く）]   notice
受付 [うけつけ]   information desk, receptionist</comment>
	</term>
	<term id="39">
		<trans lang="en">
			<word>official, government</word>
		</trans>
		<trans lang="ja">
			<word>官</word>
			<alt>カン　*</alt>
		</trans>
		<comment languages="en-ja">長官 [ちょうかん]   government secretary, chief
次官 [じかん]   vice-minister
官庁 [かんちょう]   government office
退官 [たいかん]   retirement from government office
警官 [けいかん]   police officer</comment>
	</term>
	<term id="40">
		<trans lang="en">
			<word>to request, to search, desire</word>
		</trans>
		<trans lang="ja">
			<word>求</word>
			<alt>キュウ　もと（める）</alt>
		</trans>
		<comment languages="en-ja">要求 [ようきゅう]   request, demand
求人 [きゅうじん]   situation vacant
求職 [きゅうしょく]   job hunting
求愛 [きゅうあい]   courtship
追求 [ついきゅう]   pursuit</comment>
	</term>
	<term id="41">
		<trans lang="en">
			<word>half, semi-, middle</word>
		</trans>
		<trans lang="ja">
			<word>半</word>
			<alt>ハン　なか（ば）</alt>
		</trans>
		<comment languages="en-ja">後半 [こうはん]   latter half
前半 [ぜんはん]   first half
大半 [たいはん]   greater part
半分 [はんぶん]   half
半年 [はんとし]   half a year</comment>
	</term>
	<term id="42">
		<trans lang="en">
			<word>different, to separate</word>
		</trans>
		<trans lang="ja">
			<word>別</word>
			<alt>ベツ　わか（れる）</alt>
		</trans>
		<comment languages="en-ja">特別 [とくべつ]   special
個別 [こべつ]   individually
区別 [くべつ]   distinction
告別 [こくべつ]   farewell, leave-taking, funeral
差別 [さべつ]   discrimination</comment>
	</term>
	<term id="43">
		<trans lang="en">
			<word>slope, bank, steep</word>
		</trans>
		<trans lang="ja">
			<word>阪</word>
			<alt>ハン　さか</alt>
		</trans>
		<comment languages="en-ja">大阪 [おおさか]   Osaka (place name)
阪神 [はんしん]   Hanshin (place, company name)
阪大 [はんだい]   Osaka University
阪急 [はんきゅう]   Hankyu (place, company name)
松阪 [まつざか]   Matsuzaka (place name)</comment>
	</term>
	<term id="44">
		<trans lang="en">
			<word>plan, plot, project</word>
		</trans>
		<trans lang="ja">
			<word>企</word>
			<alt>キ　くわだ（て）,たくら（む）</alt>
		</trans>
		<comment languages="en-ja">企業 [きぎょう]   enterprise
企画 [きかく]   plan, attempt, undertaking
企図 [きと]   plan, project
  [ ]    
  [ ]</comment>
	</term>
	<term id="45">
		<trans lang="en">
			<word>morning, reign, era</word>
		</trans>
		<trans lang="ja">
			<word>朝</word>
			<alt>チョウ　あさ</alt>
		</trans>
		<comment languages="en-ja">朝日 [あさひ]   morning sun, Asahi Newspaper
朝食 [ちょうしょく]   breakfast
今朝 [けさ]   this morning
早朝 [そうちょう]   early morning
明朝 [みょうちょう]   tomorrow morning</comment>
	</term>
	<term id="46">
		<trans lang="en">
			<word>plan, plot</word>
		</trans>
		<trans lang="ja">
			<word>策</word>
			<alt>サク　*</alt>
		</trans>
		<comment languages="en-ja">対策 [たいさく]   counter proposal, strategy
政策 [せいさく]   policy, political measures
施策 [しさく]   policy, measure
策定 [さくてい]   decision, settling on
画策 [かくさく]   plan, scheme, maneuver</comment>
	</term>
	<term id="47">
		<trans lang="en">
			<word>direct, straight, frank</word>
		</trans>
		<trans lang="ja">
			<word>直</word>
			<alt>ジキ　チョク　なお（す）,ただ（ちに）</alt>
		</trans>
		<comment languages="en-ja">見直し [みなお（し）]   looking at again, reconsideration
直後 [ちょくご]   just, right after
直前 [ちょくぜん]   right before
直進 [ちょくしん]   straight on
正直 [しょうじき]   honest</comment>
	</term>
	<term id="48">
		<trans lang="en">
			<word>man, male</word>
		</trans>
		<trans lang="ja">
			<word>男</word>
			<alt>ダン　ナン　おとこ</alt>
		</trans>
		<comment languages="en-ja">男性 [だんせい]   male, man
男女 [だんじょ]   man and woman
長男 [ちょうなん]   one's oldest son
男子 [だんし]   male, man, boy
年男 [としおとこ]   man of the year's zodiac, bean scatterer</comment>
	</term>
	<term id="49">
		<trans lang="en">
			<word>to control, to generalize</word>
		</trans>
		<trans lang="ja">
			<word>統</word>
			<alt>トウ　す（べる）</alt>
		</trans>
		<comment languages="en-ja">統合 [とうごう]   integration
統一 [とういつ]   unity
統制 [とうせい]   control
伝統 [でんとう]   tradition
統計 [とうけい]   statistics</comment>
	</term>
	<term id="50">
		<trans lang="en">
			<word>job, work, occupation</word>
		</trans>
		<trans lang="ja">
			<word>職</word>
			<alt>ショク　*</alt>
		</trans>
		<comment languages="en-ja">職員 [しょくいん]   staff
現職 [げんしょく]   present post
職業 [しょくぎょう]   occupation
退職 [たいしょく]   retirement
転職 [てんしょく]   change of occupaiton</comment>
	</term>
	<term id="51">
		<trans lang="en">
			<word>to cut</word>
		</trans>
		<trans lang="ja">
			<word>切</word>
			<alt>セツ　サイ　き（る）</alt>
		</trans>
		<comment languages="en-ja">切断 [せつだん]   cutting
一切 [いっさい]   all, everything, without exception
大切 [たいせつ]   important
見切り [みき（り）]   abondonment, forsake
切実 [せつじつ]   keen, earnest, compelling</comment>
	</term>
	<term id="52">
		<trans lang="en">
			<word>good fortune</word>
		</trans>
		<trans lang="ja">
			<word>福</word>
			<alt>フク　さいわい</alt>
		</trans>
		<comment languages="en-ja">福岡 [ふくおか]   Fukuoka (place name)
福島 [ふくしま]   Fukushima (place name)
福利 [ふくり]   welfare
福音 [ふくいん]   gospel
福運 [ふくうん]   good luck</comment>
	</term>
	<term id="53">
		<trans lang="en">
			<word>odd, change</word>
		</trans>
		<trans lang="ja">
			<word>変</word>
			<alt>ヘン　か（わる）,か（える）</alt>
		</trans>
		<comment languages="en-ja">変化 [へんか]   change
変革 [へんかく]   change, reform
大変 [たいへん]   serious, great, tough
変動 [へんどう]   change, fluctuation
変身 [へんしん]   metamorphosis, disguise, transformation</comment>
	</term>
	<term id="54">
		<trans lang="en">
			<word>store, shop</word>
		</trans>
		<trans lang="ja">
			<word>店</word>
			<alt>テン　みせ</alt>
		</trans>
		<comment languages="en-ja">支店 [してん]   branch store, branch office
本店 [ほんてん]   head office
店長 [てんちょう]   store manager
店内 [てんない]   inside of store, store interior
開店 [かいてん]   opening store</comment>
	</term>
	<term id="55">
		<trans lang="en">
			<word>plan, idea, to be anxious about</word>
		</trans>
		<trans lang="ja">
			<word>案</word>
			<alt>アン　*</alt>
		</trans>
		<comment languages="en-ja">法案 [ほうあん]   bill (law)
提案 [ていあん]   proposal, proposition, suggestion
議案 [ぎあん]   legislative bill
原案 [げんあん]   original bill, plan
考案 [こうあん]   design of plan</comment>
	</term>
	<term id="56">
		<trans lang="en">
			<word>shop</word>
		</trans>
		<trans lang="ja">
			<word>屋</word>
			<alt>オク　や</alt>
		</trans>
		<comment languages="en-ja">家屋 [かおく]   house, bulding
部屋 [へや]   room
平屋 [ひらや]   one-story house
楽屋 [がくや]   dressing room
小屋 [こや]   cottage</comment>
	</term>
	<term id="57">
		<trans lang="en">
			<word>profit, to get</word>
		</trans>
		<trans lang="ja">
			<word>得</word>
			<alt>トク　え（る）</alt>
		</trans>
		<comment languages="en-ja">所得 [しょとく]   income
得票 [とくひょう]   number of votes obtained
得意 [とくい]   proud, good at
説得 [せっとく]   persuation
心得 [こころえ]   knowledge, information</comment>
	</term>
	<term id="58">
		<trans lang="en">
			<word>dwelling, living</word>
		</trans>
		<trans lang="ja">
			<word>住</word>
			<alt>ジュウ　す（む）</alt>
		</trans>
		<comment languages="en-ja">住宅 [じゅうたく]   resident, housing
住金 [じゅうきん]   the Housing Loan Corporation
住民 [じゅうみん]   inhabitants, citizens, residents
定住 [ていじゅう]   settlement
住所 [じゅうしょ]   address</comment>
	</term>
	<term id="59">
		<trans lang="en">
			<word>tree, wood</word>
		</trans>
		<trans lang="ja">
			<word>木</word>
			<alt>モク　ボク　き</alt>
		</trans>
		<comment languages="en-ja">木製 [もくせい]   made of wood, wooden
木造 [もくぞう]   made of wood, wooden
木器 [もっき]   wooden ware
木下 [きのした]   Kinoshita (personal name)
土木 [どぼく]   civil engineering, public works</comment>
	</term>
	<term id="60">
		<trans lang="en">
			<word>stand, ~machines, ~vehicles</word>
		</trans>
		<trans lang="ja">
			<word>台</word>
			<alt>タイ　*</alt>
		</trans>
		<comment languages="en-ja">〜台 [〜だい]   ~number of big machine, vehicle
〜円台 [〜えんだい]   ~yen range
台数 [だいすう]   number (for big machine, vehicle)
大台 [おおだい]   big digit
台風 [たいふう]   typhoon</comment>
	</term>
	<term id="61">
		<trans lang="en">
			<word>to open</word>
		</trans>
		<trans lang="ja">
			<word>開</word>
			<alt>カイ　ひら（く）,あ（ける）,あ（く）</alt>
		</trans>
		<comment languages="en-ja">開始 [かいし]   beginning
始末 [しまつ]   dealing, settlement, afterwards
原始 [げんし]   origin, primeval
始動 [しどう]   start
終始 [しゅうし]   always, from beginning to end</comment>
	</term>
	<term id="62">
		<trans lang="en">
			<word>price, value</word>
		</trans>
		<trans lang="ja">
			<word>価</word>
			<alt>カ　あたい</alt>
		</trans>
		<comment languages="en-ja">地価 [ちか]   land price
価格 [かかく]   price
株価 [かぶか]   price of stocks
価値 [かち]   value
物価 [ぶっか]   prices (in general), prices of commodities</comment>
	</term>
	<term id="63">
		<trans lang="en">
			<word>non-existent, missing, infinite</word>
		</trans>
		<trans lang="ja">
			<word>無</word>
			<alt>ム　ブ　な（し）</alt>
		</trans>
		<comment languages="en-ja">無現 [むげん]   infinite
無視 [むし]   disregard, ignore
無名 [むめい]   nameless, unknown
無事 [ぶじ]   safe, peaceful, quietly
無料 [むりょう]   free of charge</comment>
	</term>
	<term id="64">
		<trans lang="en">
			<word>to strike, to beat</word>
		</trans>
		<trans lang="ja">
			<word>打</word>
			<alt>ダ　う（つ）</alt>
		</trans>
		<comment languages="en-ja">打開 [だかい]   break, development
強打 [きょうだ]   smiting
頭打ち [あたまう（ち）]   upper limit
仕打ち [しう（ち）]   treatment, action
手打ち [てう（ち）]   clapping of hands</comment>
	</term>
	<term id="65">
		<trans lang="en">
			<word>last, yesterday</word>
		</trans>
		<trans lang="ja">
			<word>昨</word>
			<alt>サク　*</alt>
		</trans>
		<comment languages="en-ja">昨年 [さくねん]   last year
昨日 [さくじつ／きのう]   yesterday
昨今 [さっこん]   these days, lately
一昨 [いっさく]   one previous
  [ ]</comment>
	</term>
	<term id="66">
		<trans lang="en">
			<word>country, suburbs, to exist</word>
		</trans>
		<trans lang="ja">
			<word>在</word>
			<alt>ザイ　あ（る）</alt>
		</trans>
		<comment languages="en-ja">現在 [げんざい]   present time, currently
在校 [ざいこう]   (enrolled) in school
在日 [ざいにち]   staying in Japan
在任 [ざいにん]   in office
不在 [ふざい]   absence</comment>
	</term>
	<term id="67">
		<trans lang="en">
			<word>feeling, thought</word>
		</trans>
		<trans lang="ja">
			<word>感</word>
			<alt>カン　*</alt>
		</trans>
		<comment languages="en-ja">感想 [かんそう]   thoughts, impressions
実感 [じっかん]   actual feeling
感情 [かんじょう]   feeling
体感 [たいかん]   bodily sensation
痛感 [つうかん]   fully realizing</comment>
	</term>
	<term id="68">
		<trans lang="en">
			<word>to spend</word>
		</trans>
		<trans lang="ja">
			<word>費</word>
			<alt>ヒ（ピ）　つい（やす）</alt>
		</trans>
		<comment languages="en-ja">消費 [しょうひ]   consumption
経費 [けいひ]   expenditure, expense
費用 [ひよう]   expense, cost
工費 [こうひ]   construction cost
会費 [かいひ]   membership fee</comment>
	</term>
	<term id="69">
		<trans lang="en">
			<word>mouth</word>
		</trans>
		<trans lang="ja">
			<word>口</word>
			<alt>コウ　ク　くち</alt>
		</trans>
		<comment languages="en-ja">人口 [じんこう]   population
川口 [かわぐち]   Kawaguchi (personal name)
出口 [でぐち]   exit
一口 [ひとくち]   a word, one bite
口元 [くちもと]   around mouth</comment>
	</term>
	<term id="70">
		<trans lang="en">
			<word>to hear, to listen, to ask</word>
		</trans>
		<trans lang="ja">
			<word>聞</word>
			<alt>ブン　き（く）,き（こえる）</alt>
		</trans>
		<comment languages="en-ja">新聞 [しんぶん]   newspaper
伝聞 [でんぶん]   rumor
見聞 [けんぶん]   information, experience
外聞 [がいぶん]   reputation, respectability, honour
上聞 [じょうぶん]   imperial hearing</comment>
	</term>
	<term id="71">
		<trans lang="en">
			<word>feeling, sympathy</word>
		</trans>
		<trans lang="ja">
			<word>情</word>
			<alt>ジョウ　なさ（け）</alt>
		</trans>
		<comment languages="en-ja">情報 [じょうほう]   information
情勢 [じょうせい]   state of things, situation
人情 [にんじょう]   humanity, sympathy
事情 [じじょう]   circumstances, conditions
感情 [かんじょう]   feeling, emotion</comment>
	</term>
	<term id="72">
		<trans lang="en">
			<word>~years old, age</word>
		</trans>
		<trans lang="ja">
			<word>歳</word>
			<alt>サイ　セイ　とし</alt>
		</trans>
		<comment languages="en-ja">〜歳 [〜さい]   ~years old
歳出 [さいしゅつ]   annual expenditure
千歳 [ちとせ]   thousand years, Chitose (place name)
歳末 [さいまつ]   year end
歳月 [さいげつ]   time</comment>
	</term>
	<term id="73">
		<trans lang="en">
			<word>charge, materials</word>
		</trans>
		<trans lang="ja">
			<word>料</word>
			<alt>リョウ　*</alt>
		</trans>
		<comment languages="en-ja">資料 [しりょう]   materials, data
料金 [りょうきん]   charge, fare
食料 [しょくりょう]   food
原料 [げんりょう]   raw material
無料 [むりょう]   free of charge</comment>
	</term>
	<term id="74">
		<trans lang="en">
			<word>wisteria</word>
		</trans>
		<trans lang="ja">
			<word>藤</word>
			<alt>トウ　ふじ</alt>
		</trans>
		<comment languages="en-ja">佐藤 [さとう]   Sato (personal name)
藤田 [ふじた]   Fujita (personal name)
加藤 [かとう]   Kato (personal name)
近藤 [こんどう]   Kondo (personal name)
藤原 [ふじわら]   Fujiwara (personal name)</comment>
	</term>
	<term id="75">
		<trans lang="en">
			<word>to argue, theory</word>
		</trans>
		<trans lang="ja">
			<word>論</word>
			<alt>ロン　リン　*</alt>
		</trans>
		<comment languages="en-ja">論議 [ろんぎ]   argument, discussion
結論 [けつろん]   conclusion
世論 [せろん]   public opinion
議論 [ぎろん]   argument, discussion
論理 [ろんり]   logic</comment>
	</term>
	<term id="76">
		<trans lang="en">
			<word>office, service</word>
		</trans>
		<trans lang="ja">
			<word>役</word>
			<alt>ヤク　エキ　*</alt>
		</trans>
		<comment languages="en-ja">役割 [やくわり]   part, role
役員 [やくいん]   person in charge, officer
現役 [げんえき]   active service
役所 [やくしょ]   public office
役者 [やくしゃ]   actor, actress</comment>
	</term>
	<term id="77">
		<trans lang="en">
			<word>to show, to point out</word>
		</trans>
		<trans lang="ja">
			<word>示</word>
			<alt>シ　しめ（す）</alt>
		</trans>
		<comment languages="en-ja">開示 [かいじ]   desplay, disclosure (of legal matter)
指示 [しじ]   instructions, indications
提示 [ていじ]   presentation, citation
展示 [てんじ]   exhibition
示談 [じだん]   compromise, settlement out of court</comment>
	</term>
	<term id="78">
		<trans lang="en">
			<word>each, every</word>
		</trans>
		<trans lang="ja">
			<word>各</word>
			<alt>カク　おの（おの）</alt>
		</trans>
		<comment languages="en-ja">各社 [かくしゃ]   every company
各地 [かくち]   every place
各国 [かっこく]   every country
各党 [かくとう]   every political party
各県 [かくけん]   every prefecture</comment>
	</term>
	<term id="79">
		<trans lang="en">
			<word>occupation, to run (business)</word>
		</trans>
		<trans lang="ja">
			<word>営</word>
			<alt>エイ　いとな（む）</alt>
		</trans>
		<comment languages="en-ja">経営 [けいえい]   management, operation
営業 [えいぎょう]   business, operation
運営 [うんえい]   operation
民営 [みんえい]   private management
自営 [じえい]   self management</comment>
	</term>
	<term id="80">
		<trans lang="en">
			<word>sky</word>
		</trans>
		<trans lang="ja">
			<word>空</word>
			<alt>クウ　そら</alt>
		</trans>
		<comment languages="en-ja">空港 [くうこう]   airport
空間 [くうかん]   space
空輸 [くうゆ]   air transport
空軍 [くうぐん]   air force
空域 [くういき]   sky area</comment>
	</term>
	<term id="81">
		<trans lang="en">
			<word>to go, to surrender, to visit for worship</word>
		</trans>
		<trans lang="ja">
			<word>参</word>
			<alt>サン　まい（る）</alt>
		</trans>
		<comment languages="en-ja">参加 [さんか]   participation
参院 [さんいん]   House of Councilors
参考 [さんこう]   reference
持参 [じさん]   carrying with, bringing with
参事 [さんじ]   councilor</comment>
	</term>
	<term id="82">
		<trans lang="en">
			<word>to reform, leather</word>
		</trans>
		<trans lang="ja">
			<word>革</word>
			<alt>カク　かわ</alt>
		</trans>
		<comment languages="en-ja">改革 [かいかく]   reform
変革 [へんかく]   change, reform
革新 [かくしん]   innovation, reform
反革 [はんかく]   counterrevolution
革車 [かくしゃ]   leathered car</comment>
	</term>
	<term id="83">
		<trans lang="en">
			<word>province, state</word>
		</trans>
		<trans lang="ja">
			<word>州</word>
			<alt>シュウ　ス　*</alt>
		</trans>
		<comment languages="en-ja">九州 [きゅうしゅう]   Kyuushuu (place name)
本州 [ほんしゅう]   Honshuu (main island of Japan)
中州 [なかす]   sandbank in stream, bar
信州 [しんしゅう]   Shinshu (place name)
州内 [しゅうない]   within the state</comment>
	</term>
	<term id="84">
		<trans lang="en">
			<word>foundation, basis</word>
		</trans>
		<trans lang="ja">
			<word>基</word>
			<alt>キ　もと（い）,もと（づく）</alt>
		</trans>
		<comment languages="en-ja">基準 [きじゅん]   standard, criteria, norm
基本 [きほん]   foundation, basis, standard
基地 [きち]   (air, etc.) base
基金 [ききん]   fund
基調 [きちょう]   keynote, base</comment>
	</term>
	<term id="85">
		<trans lang="en">
			<word>stream, current</word>
		</trans>
		<trans lang="ja">
			<word>流</word>
			<alt>リュウ　ル　なが（れ）,なが（す）</alt>
		</trans>
		<comment languages="en-ja">流域 [りゅういき]   (river)basin
交流 [こうりゅう]   alternating current, interaction
上流 [じょうりゅう]   upper stream
流入 [りゅうにゅう]   inflow, influx
気流 [きりゅう]   air current</comment>
	</term>
	<term id="86">
		<trans lang="en">
			<word>chief point, to control</word>
		</trans>
		<trans lang="ja">
			<word>領</word>
			<alt>リョウ　*</alt>
		</trans>
		<comment languages="en-ja">領土 [りょうど]   dominion, territory, possession
領域 [りょういき]   area, domain, region, territory
領収 [りょうしゅう]   receipt
領海 [りょうかい]   territorial waters
領事 [りょうじ]   consul</comment>
	</term>
	<term id="87">
		<trans lang="en">
			<word>death</word>
		</trans>
		<trans lang="ja">
			<word>死</word>
			<alt>シ　し（ぬ）</alt>
		</trans>
		<comment languages="en-ja">死者 [ししゃ]   dead person
死体 [したい]   dead body
必死 [ひっし]   desperation, inevitable death
水死 [すいし]   drowning
急死 [きゅうし]   sudden death</comment>
	</term>
	<term id="88">
		<trans lang="en">
			<word>well</word>
		</trans>
		<trans lang="ja">
			<word>井</word>
			<alt>セイ　ショウ　い</alt>
		</trans>
		<comment languages="en-ja">福井 [ふくい]   Fukui (place, personal name)
井戸 [いど]   water well
井田 [いだ]   Ida (personal name)
天井 [てんじょう]   ceiling
  [ ]</comment>
	</term>
	<term id="89">
		<trans lang="en">
			<word>figure, to admit</word>
		</trans>
		<trans lang="ja">
			<word>容</word>
			<alt>ヨウ　*</alt>
		</trans>
		<comment languages="en-ja">内容 [ないよう]   contents, subject, substance
容認 [ようにん]   approval
容疑 [ようぎ]   suspicion, charge
収容 [しゅうよう]   accomodation, seating, custody
全容 [ぜんよう]   full portrait, whole aspect</comment>
	</term>
	<term id="90">
		<trans lang="en">
			<word>doubt, suspicion</word>
		</trans>
		<trans lang="ja">
			<word>疑</word>
			<alt>ギ　うたが（い）</alt>
		</trans>
		<comment languages="en-ja">質疑 [しつぎ]   question
疑問 [ぎもん]   question, doubt
容疑 [ようぎ]   suspicion, suspect
疑念 [ぎねん]   suspicion, doubt, misgivings
疑心 [ぎしん]   doubt, apprehension</comment>
	</term>
	<term id="91">
		<trans lang="en">
			<word>to examine</word>
		</trans>
		<trans lang="ja">
			<word>検</word>
			<alt>ケン　*</alt>
		</trans>
		<comment languages="en-ja">検事 [けんじ]   public prosecutor, prosecuting attorney
検査 [けんさ]   inspection, examination
点検 [てんけん]   inspection, checking
検証 [けんしょう]   verification
検定 [けんてい]   official certification, approval</comment>
	</term>
	<term id="92">
		<trans lang="en">
			<word>old, ancient</word>
		</trans>
		<trans lang="ja">
			<word>古</word>
			<alt>コ　ふる（い）</alt>
		</trans>
		<comment languages="en-ja">古都 [こと]   old capital
古来 [こらい]   from ancient times
古風 [こふう]   old fashion
古代 [こだい]   ancient times
古米 [こまい]   old rice</comment>
	</term>
	<term id="93">
		<trans lang="en">
			<word>I, privacy</word>
		</trans>
		<trans lang="ja">
			<word>私</word>
			<alt>シ　わたし,わたくし</alt>
		</trans>
		<comment languages="en-ja">私大 [しだい]   private university
私立 [しりつ]   private (school, organization, etc.)
公私 [こうし]   public and private, official and personal
私語 [しご]   whisper
私的 [してき]   personal, private</comment>
	</term>
	<term id="94">
		<trans lang="en">
			<word>special</word>
		</trans>
		<trans lang="ja">
			<word>特</word>
			<alt>トク　*</alt>
		</trans>
		<comment languages="en-ja">特定 [とくてい]   specific
特別 [とくべつ]   special, particular
特使 [とくし]   special envoy
特質 [とくしつ]   characteristic
特技 [とくぎ]   special ability</comment>
	</term>
	<term id="95">
		<trans lang="en">
			<word>in charge, duty, to affect</word>
		</trans>
		<trans lang="ja">
			<word>係</word>
			<alt>ケイ　かかり,かか（る）</alt>
		</trans>
		<comment languages="en-ja">関係 [かんけい]   relation, connection
係員 [かかりいん]   clerk in charge
係争 [けいそう]   dispute, contention
係長 [かかりちょう]   chief clerk
係数 [けいすう]   coefficient</comment>
	</term>
	<term id="96">
		<trans lang="en">
			<word>status</word>
		</trans>
		<trans lang="ja">
			<word>格</word>
			<alt>カク　*</alt>
		</trans>
		<comment languages="en-ja">価格 [かかく]   price
性格 [せいかく]   personality, character
資格 [しかく]   qualification
格好 [かっこう]   shape, moderation
合格 [ごうかく]   passing (e.g., exam)</comment>
	</term>
	<term id="97">
		<trans lang="en">
			<word>force, power, influence</word>
		</trans>
		<trans lang="ja">
			<word>勢</word>
			<alt>セイ　いきお（い）</alt>
		</trans>
		<comment languages="en-ja">姿勢 [しせい]   figure, posture
情勢 [じょうせい]   state of things, situation
勢力 [せいりょく]   power, influence
大勢 [たいせい]   general trend, current thought
大勢 [おおぜい]   many, crowd</comment>
	</term>
	<term id="98">
		<trans lang="en">
			<word>shrine, prince (of the blood)</word>
		</trans>
		<trans lang="ja">
			<word>宮</word>
			<alt>キュウ　グウ　ク　みや</alt>
		</trans>
		<comment languages="en-ja">宮沢 [みやざわ]   Miyazawa (personal name)
宮崎 [みやざき]   Miyazaki (personal, place name)
神宮 [じんぐう]   Shinto shrine
小宮 [こみや]   Komiya (personal name)
子宮 [しきゅう]   womb</comment>
	</term>
	<term id="99">
		<trans lang="en">
			<word>god</word>
		</trans>
		<trans lang="ja">
			<word>神</word>
			<alt>シン　かみ</alt>
		</trans>
		<comment languages="en-ja">神戸 [こうべ]   Kobe (place name)
阪神 [はんしん]   Hanshin (place name)
神楽 [かぐら]   sacred music and dance
神話 [しんわ]   myth
神式 [しんしき]   Shinto style (ceremony)</comment>
	</term>
	<term id="100">
		<trans lang="en">
			<word>ceremony, form</word>
		</trans>
		<trans lang="ja">
			<word>式</word>
			<alt>シキ　*</alt>
		</trans>
		<comment languages="en-ja">公式 [こうしき]   formula, formality, official
正式 [せいしき]   formal, official
株式 [かぶしき]   stocks
方式 [ほうしき]   form, style, system, manner
形式 [けいしき]   form, formatl</comment>
	</term>
</glossary>
