<?xml version="1.0"?>
<glossary id="37" name="Genki 15" author="">
	<desc></desc>
	<term id="706">
		<trans lang="en">
			<word>painting; picture; drawing</word>
		</trans>
		<trans lang="ja">
			<word>絵</word>
			<alt>え</alt>
		</trans>
	</term>
	<term id="707">
		<trans lang="en">
			<word>movie theater</word>
		</trans>
		<trans lang="ja">
			<word>映画館</word>
			<alt>えいがかん</alt>
		</trans>
	</term>
	<term id="708">
		<trans lang="en">
			<word>foreigner</word>
		</trans>
		<trans lang="ja">
			<word>外国人</word>
			<alt>がいこくじん</alt>
		</trans>
	</term>
	<term id="709">
		<trans lang="en">
			<word>furniture</word>
		</trans>
		<trans lang="ja">
			<word>家具</word>
			<alt>かぐ</alt>
		</trans>
	</term>
	<term id="710">
		<trans lang="en">
			<word>sightseeing</word>
		</trans>
		<trans lang="ja">
			<word>観光</word>
			<alt>かんこう</alt>
		</trans>
	</term>
	<term id="711">
		<trans lang="en">
			<word>wedding</word>
		</trans>
		<trans lang="ja">
			<word>結婚式</word>
			<alt>けっこんしき</alt>
		</trans>
	</term>
	<term id="712">
		<trans lang="en">
			<word>earthquake</word>
		</trans>
		<trans lang="ja">
			<word>地震</word>
			<alt>じしん</alt>
		</trans>
	</term>
	<term id="713">
		<trans lang="en">
			<word>deadline</word>
		</trans>
		<trans lang="ja">
			<word>締め切り</word>
			<alt>しめきり</alt>
		</trans>
	</term>
	<term id="714">
		<trans lang="en">
			<word>jacket</word>
		</trans>
		<trans lang="ja">
			<alt>ジャケット</alt>
		</trans>
	</term>
	<term id="715">
		<trans lang="en">
			<word>custom</word>
		</trans>
		<trans lang="ja">
			<word>習慣</word>
			<alt>しゅうかん</alt>
		</trans>
	</term>
	<term id="716">
		<trans lang="en">
			<word>tax</word>
		</trans>
		<trans lang="ja">
			<word>税金</word>
			<alt>ぜいきん</alt>
		</trans>
	</term>
	<term id="717">
		<trans lang="en">
			<word>graduation ceremony</word>
		</trans>
		<trans lang="ja">
			<word>卒業式</word>
			<alt>そつぎょうしき</alt>
		</trans>
	</term>
	<term id="718">
		<trans lang="en">
			<word>Japanese buckwheat noodle</word>
		</trans>
		<trans lang="ja">
			<alt>そば</alt>
		</trans>
	</term>
	<term id="719">
		<trans lang="en">
			<word>map</word>
		</trans>
		<trans lang="ja">
			<word>地図</word>
			<alt>ちず</alt>
		</trans>
	</term>
	<term id="720">
		<trans lang="en">
			<word>battery</word>
		</trans>
		<trans lang="ja">
			<word>電池</word>
			<alt>でんち</alt>
		</trans>
	</term>
	<term id="721">
		<trans lang="en">
			<word>garden</word>
		</trans>
		<trans lang="ja">
			<word>庭</word>
			<alt>にわ</alt>
		</trans>
	</term>
	<term id="722">
		<trans lang="en">
			<word>presentation</word>
		</trans>
		<trans lang="ja">
			<word>発表</word>
			<alt>はっぴょう</alt>
		</trans>
	</term>
	<term id="723">
		<trans lang="en">
			<word>broadcast program</word>
		</trans>
		<trans lang="ja">
			<word>番組</word>
			<alt>ばんぐみ</alt>
		</trans>
	</term>
	<term id="724">
		<trans lang="en">
			<word>swimming pool</word>
		</trans>
		<trans lang="ja">
			<alt>プール</alt>
		</trans>
	</term>
	<term id="725">
		<trans lang="en">
			<word>pet</word>
		</trans>
		<trans lang="ja">
			<alt>ペット</alt>
		</trans>
	</term>
	<term id="726">
		<trans lang="en">
			<word>schedule</word>
		</trans>
		<trans lang="ja">
			<word>予定</word>
			<alt>よてい</alt>
		</trans>
	</term>
	<term id="727">
		<trans lang="en">
			<word>inn</word>
		</trans>
		<trans lang="ja">
			<word>旅館</word>
			<alt>りょかん</alt>
		</trans>
	</term>
	<term id="728">
		<trans lang="en">
			<word>discount coupon</word>
		</trans>
		<trans lang="ja">
			<word>割引券</word>
			<alt>わりびきけん</alt>
		</trans>
	</term>
	<term id="729">
		<trans lang="en">
			<word>spacious; wide</word>
		</trans>
		<trans lang="ja">
			<word>広い</word>
			<alt>ひろい</alt>
		</trans>
	</term>
	<term id="730">
		<trans lang="en">
			<word>to sell</word>
		</trans>
		<trans lang="ja">
			<word>売る</word>
			<alt>うる</alt>
		</trans>
	</term>
	<term id="731">
		<trans lang="en">
			<word>to withdraw (money)</word>
		</trans>
		<trans lang="ja">
			<word>下ろす</word>
			<alt>おろす</alt>
		</trans>
	</term>
	<term id="732">
		<trans lang="en">
			<word>to draw; to paint</word>
		</trans>
		<trans lang="ja">
			<alt>かく</alt>
		</trans>
	</term>
	<term id="733">
		<trans lang="en">
			<word>to look for</word>
		</trans>
		<trans lang="ja">
			<word>探す</word>
			<alt>さがす</alt>
		</trans>
	</term>
	<term id="734">
		<trans lang="en">
			<word>to invite</word>
		</trans>
		<trans lang="ja">
			<word>誘う</word>
			<alt>さそう</alt>
		</trans>
	</term>
	<term id="735">
		<trans lang="en">
			<word>(1) to date (someone) (2) to keep company</word>
		</trans>
		<trans lang="ja">
			<word>付き合う</word>
			<alt>つきあう</alt>
		</trans>
	</term>
	<term id="736">
		<trans lang="en">
			<word>to arrive</word>
		</trans>
		<trans lang="ja">
			<word>着く</word>
			<alt>つく</alt>
		</trans>
	</term>
	<term id="737">
		<trans lang="en">
			<word>to buy insurance</word>
		</trans>
		<trans lang="ja">
			<word>保険に入る</word>
			<alt>ほけんにはいる</alt>
		</trans>
	</term>
	<term id="738">
		<trans lang="en">
			<word>to be cautious/careful</word>
		</trans>
		<trans lang="ja">
			<word>気をつける</word>
			<alt>きをつける</alt>
		</trans>
	</term>
	<term id="739">
		<trans lang="en">
			<word>to look into (a matter)</word>
		</trans>
		<trans lang="ja">
			<word>調べる</word>
			<alt>しらべる</alt>
		</trans>
	</term>
	<term id="740">
		<trans lang="en">
			<word>to throw away</word>
		</trans>
		<trans lang="ja">
			<word>捨てる</word>
			<alt>すてる</alt>
		</trans>
	</term>
	<term id="741">
		<trans lang="en">
			<word>to be visible</word>
		</trans>
		<trans lang="ja">
			<word>見える</word>
			<alt>みえる</alt>
		</trans>
	</term>
	<term id="742">
		<trans lang="en">
			<word>to decide on (an item)</word>
		</trans>
		<trans lang="ja">
			<alt>する</alt>
		</trans>
	</term>
	<term id="743">
		<trans lang="en">
			<word>to graduate (from ...)</word>
		</trans>
		<trans lang="ja">
			<word>卒業する</word>
			<alt>そつぎょうする</alt>
		</trans>
	</term>
	<term id="744">
		<trans lang="en">
			<word>to reserve</word>
		</trans>
		<trans lang="ja">
			<word>予約する</word>
			<alt>よやくする</alt>
		</trans>
	</term>
	<term id="745">
		<trans lang="en">
			<word>all day long</word>
		</trans>
		<trans lang="ja">
			<word>一日中</word>
			<alt>いちにちじゅう</alt>
		</trans>
	</term>
	<term id="746">
		<trans lang="en">
			<word>recently</word>
		</trans>
		<trans lang="ja">
			<word>最近</word>
			<alt>さいきん</alt>
		</trans>
	</term>
</glossary>
