<?xml version="1.0"?>
<glossary id="312" name="JNI-10" author="">
	<desc></desc>
	<term id="1">
		<trans lang="en">
			<word>take, cost ("ga")</word>
		</trans>
		<trans lang="ja">
			<word>かかる</word>
			<alt>kakaru</alt>
		</trans>
	</term>
	<term id="2">
		<trans lang="en">
			<word>be troubled, be inconvenienced</word>
		</trans>
		<trans lang="ja">
			<word>こまる</word>
			<alt>komaru</alt>
		</trans>
	</term>
	<term id="3">
		<trans lang="en">
			<word>elder sister (hon.)</word>
		</trans>
		<trans lang="ja">
			<word>おねえさん</word>
			<alt>oneesan</alt>
		</trans>
	</term>
	<term id="4">
		<trans lang="en">
			<word>elder sister, my elder sister</word>
		</trans>
		<trans lang="ja">
			<word>あね</word>
			<alt>ane</alt>
		</trans>
	</term>
	<term id="5">
		<trans lang="en">
			<word>place</word>
		</trans>
		<trans lang="ja">
			<word>ところ</word>
			<alt>tokoro</alt>
		</trans>
	</term>
	<term id="6">
		<trans lang="en">
			<word>know, get to know</word>
		</trans>
		<trans lang="ja">
			<word>しる</word>
			<alt>shiru</alt>
		</trans>
	</term>
	<term id="7">
		<trans lang="en">
			<word>iru  know, have got to know</word>
		</trans>
		<trans lang="ja">
			<word>しっている</word>
			<alt>shitte</alt>
		</trans>
	</term>
	<term id="8">
		<trans lang="en">
			<word>not know</word>
		</trans>
		<trans lang="ja">
			<word>しらない</word>
			<alt>shiranai</alt>
		</trans>
	</term>
	<term id="9">
		<trans lang="en">
			<word>do, present, give (coll.)</word>
		</trans>
		<trans lang="ja">
			<word>やる</word>
			<alt>yaru</alt>
		</trans>
	</term>
	<term id="10">
		<trans lang="en">
			<word>baseball</word>
		</trans>
		<trans lang="ja">
			<word>やきゅう</word>
			<alt>yakyuu</alt>
		</trans>
	</term>
	<term id="11">
		<trans lang="en">
			<word>volleyball</word>
		</trans>
		<trans lang="ja">
			<word>バレーボール</word>
			<alt>bareebooru</alt>
		</trans>
	</term>
	<term id="12">
		<trans lang="en">
			<word>soccer</word>
		</trans>
		<trans lang="ja">
			<word>サッカー</word>
			<alt>sakkaa</alt>
		</trans>
	</term>
</glossary>
