<?xml version="1.0"?>
<glossary id="315" name="JNI-06" author="">
	<desc></desc>
	<term id="1">
		<trans lang="en">
			<word>new</word>
		</trans>
		<trans lang="ja">
			<word>あたらしい</word>
			<alt>atarashii</alt>
		</trans>
	</term>
	<term id="2">
		<trans lang="en">
			<word>record</word>
		</trans>
		<trans lang="ja">
			<word>レコード</word>
			<alt>rekoodo</alt>
		</trans>
	</term>
	<term id="3">
		<trans lang="en">
			<word>examination, examine</word>
		</trans>
		<trans lang="ja">
			<word>しけん [する]</word>
			<alt>shiken</alt>
		</trans>
	</term>
	<term id="4">
		<trans lang="en">
			<word>why?</word>
		</trans>
		<trans lang="ja">
			<word>どうして</word>
			<alt>dooshite</alt>
		</trans>
	</term>
	<term id="5">
		<trans lang="en">
			<word>be, exist (objects)</word>
		</trans>
		<trans lang="ja">
			<word>ある</word>
			<alt>aru</alt>
		</trans>
	</term>
	<term id="6">
		<trans lang="en">
			<word>But</word>
		</trans>
		<trans lang="ja">
			<word>でも</word>
			<alt>demo</alt>
		</trans>
	</term>
	<term id="7">
		<trans lang="en">
			<word>hold out, stand firm</word>
		</trans>
		<trans lang="ja">
			<word>がんばる</word>
			<alt>gambaru</alt>
		</trans>
	</term>
	<term id="8">
		<trans lang="en">
			<word>Do your best., Best of luck.</word>
		</trans>
		<trans lang="ja">
			<word>がんばって</word>
			<alt>gambatte</alt>
		</trans>
	</term>
	<term id="9">
		<trans lang="en">
			<word>old</word>
		</trans>
		<trans lang="ja">
			<word>ふるい</word>
			<alt>furui</alt>
		</trans>
	</term>
	<term id="10">
		<trans lang="en">
			<word>interesting</word>
		</trans>
		<trans lang="ja">
			<word>おもしろい</word>
			<alt>omoshiroi</alt>
		</trans>
	</term>
	<term id="11">
		<trans lang="en">
			<word>red</word>
		</trans>
		<trans lang="ja">
			<word>あかい</word>
			<alt>akai</alt>
		</trans>
	</term>
	<term id="12">
		<trans lang="en">
			<word>high, tall; expensive</word>
		</trans>
		<trans lang="ja">
			<word>たかい</word>
			<alt>takai</alt>
		</trans>
	</term>
	<term id="13">
		<trans lang="en">
			<word>car, wagon</word>
		</trans>
		<trans lang="ja">
			<word>くるま</word>
			<alt>kuruma</alt>
		</trans>
	</term>
	<term id="14">
		<trans lang="en">
			<word>America, US</word>
		</trans>
		<trans lang="ja">
			<word>アメリカ</word>
			<alt>amerika</alt>
		</trans>
	</term>
	<term id="15">
		<trans lang="en">
			<word>magazine</word>
		</trans>
		<trans lang="ja">
			<word>ざっし</word>
			<alt>zasshi</alt>
		</trans>
	</term>
	<term id="16">
		<trans lang="en">
			<word>camera</word>
		</trans>
		<trans lang="ja">
			<word>カメラ</word>
			<alt>kamera</alt>
		</trans>
	</term>
	<term id="17">
		<trans lang="en">
			<word>sale, bargain sale</word>
		</trans>
		<trans lang="ja">
			<word>セール</word>
			<alt>seeru</alt>
		</trans>
	</term>
	<term id="18">
		<trans lang="en">
			<word>pencil</word>
		</trans>
		<trans lang="ja">
			<word>えんぴつ</word>
			<alt>empitsu</alt>
		</trans>
	</term>
	<term id="19">
		<trans lang="en">
			<word>pen</word>
		</trans>
		<trans lang="ja">
			<word>ペン</word>
			<alt>pen</alt>
		</trans>
	</term>
	<term id="20">
		<trans lang="en">
			<word>notebook</word>
		</trans>
		<trans lang="ja">
			<word>ノート</word>
			<alt>nooto</alt>
		</trans>
	</term>
	<term id="21">
		<trans lang="en">
			<word>phone, telephone (-call)</word>
		</trans>
		<trans lang="ja">
			<word>でんわ [をする]</word>
			<alt>denwa</alt>
		</trans>
	</term>
	<term id="22">
		<trans lang="en">
			<word>eraser</word>
		</trans>
		<trans lang="ja">
			<word>けしゴム</word>
			<alt>keshigomu</alt>
		</trans>
	</term>
	<term id="23">
		<trans lang="en">
			<word>chair</word>
		</trans>
		<trans lang="ja">
			<word>いす</word>
			<alt>isu</alt>
		</trans>
	</term>
	<term id="24">
		<trans lang="en">
			<word>desk</word>
		</trans>
		<trans lang="ja">
			<word>つくえ</word>
			<alt>tsukue</alt>
		</trans>
	</term>
	<term id="25">
		<trans lang="en">
			<word>cold (things)</word>
		</trans>
		<trans lang="ja">
			<word>つめたい</word>
			<alt>tsumetai</alt>
		</trans>
	</term>
	<term id="26">
		<trans lang="en">
			<word>delicious, tasty</word>
		</trans>
		<trans lang="ja">
			<word>おいしい</word>
			<alt>oishii</alt>
		</trans>
	</term>
	<term id="27">
		<trans lang="en">
			<word>tape, cassette tape</word>
		</trans>
		<trans lang="ja">
			<word>テープ</word>
			<alt>teepu</alt>
		</trans>
	</term>
	<term id="28">
		<trans lang="en">
			<word>television, TV</word>
		</trans>
		<trans lang="ja">
			<word>テレビ</word>
			<alt>terebi</alt>
		</trans>
	</term>
	<term id="29">
		<trans lang="en">
			<word>juice</word>
		</trans>
		<trans lang="ja">
			<word>ジュース</word>
			<alt>juusu</alt>
		</trans>
	</term>
</glossary>
