<?xml version="1.0"?>
<glossary id="391" name="p213-225" author="Frédéric Bergeron">
	<desc></desc>
	<term id="1">
		<trans lang="es">
			<word>víspera</word>
		</trans>
		<trans lang="fr">
			<word>veille</word>
		</trans>
	</term>
	<term id="2">
		<trans lang="es">
			<word>mentecatez</word>
		</trans>
		<trans lang="fr">
			<word>sottise,imbécilité</word>
		</trans>
	</term>
	<term id="3">
		<trans lang="es">
			<word>esponsales</word>
		</trans>
		<trans lang="fr">
			<word>fiançailles</word>
		</trans>
	</term>
	<term id="4">
		<trans lang="es">
			<word>arrojo</word>
		</trans>
		<trans lang="fr">
			<word>audace</word>
		</trans>
	</term>
</glossary>
