<?xml version="1.0"?>
<glossary id="252" name="34" author="Frédéric Bergeron">
	<desc></desc>
	<term id="1" imagePath="1.gif">
		<trans lang="en">
			<word>shoal,wide shallow beach</word>
		</trans>
		<trans lang="ja">
			<word>遠浅</word>
			<alt>とおあさ</alt>
		</trans>
	</term>
	<term id="2" imagePath="2.gif">
		<trans lang="en">
			<word>fishing harbour</word>
		</trans>
		<trans lang="ja">
			<word>漁港</word>
			<alt>ぎょこう</alt>
		</trans>
	</term>
	<term id="3" imagePath="3.gif">
		<trans lang="en">
			<word>fishing boat</word>
		</trans>
		<trans lang="ja">
			<word>漁船</word>
			<alt>ぎょせん</alt>
		</trans>
	</term>
	<term id="4" imagePath="4.gif">
		<trans lang="en">
			<word>entry into port (to)</word>
		</trans>
		<trans lang="ja">
			<word>入港(する)</word>
			<alt>にゅうこう(する)</alt>
		</trans>
	</term>
	<term id="5" imagePath="5.gif">
		<trans lang="en">
			<word>wooden sword</word>
		</trans>
		<trans lang="ja">
			<word>木刀</word>
			<alt>ぼくとう</alt>
		</trans>
	</term>
	<term id="6" imagePath="6.gif">
		<trans lang="en">
			<word>new snow</word>
		</trans>
		<trans lang="ja">
			<word>新雪</word>
			<alt>しんせつ</alt>
		</trans>
	</term>
	<term id="7" imagePath="7.gif">
		<trans lang="en">
			<word>illumination</word>
		</trans>
		<trans lang="ja">
			<word>照明</word>
			<alt>しょうめい</alt>
		</trans>
	</term>
	<term id="8" imagePath="8.gif">
		<trans lang="en">
			<word>holiday,day off</word>
		</trans>
		<trans lang="ja">
			<word>休日</word>
			<alt>きゅうじつ</alt>
		</trans>
		<comment languages="en-ja">休日にハイキングをした。　
I went hiking during my day off.</comment>
	</term>
	<term id="9" imagePath="9.gif">
		<trans lang="en">
			<word>fishing (industry)</word>
		</trans>
		<trans lang="ja">
			<word>漁業</word>
			<alt>ぎょぎょう</alt>
		</trans>
	</term>
	<term id="10" imagePath="10.gif">
		<trans lang="en">
			<word>closed (e.g. store),business suspended,shutdown,holiday</word>
		</trans>
		<trans lang="ja">
			<word>休業</word>
			<alt>きゅうぎょう</alt>
		</trans>
		<comment languages="en-ja">今日は漁船も休業だ。
Today, fishing boats too are not working.</comment>
	</term>
	<term id="11" imagePath="11.gif">
		<trans lang="en">
			<word>sunlight</word>
		</trans>
		<trans lang="ja">
			<word>日照</word>
			<alt>にっしょう</alt>
		</trans>
		<comment languages="en-ja">日照時間が伸びた。
The sunlight period has extended.</comment>
	</term>
	<term id="12" imagePath="12.gif">
		<trans lang="en">
			<word>closing school (temporarily),dropping one's studies</word>
		</trans>
		<trans lang="ja">
			<word>休校</word>
			<alt>きゅうこう</alt>
		</trans>
		<comment languages="en-ja">インフルエンザで休校だ。
School is closed because of influenza.</comment>
	</term>
	<term id="13" imagePath="13.gif">
		<trans lang="en">
			<word>airport</word>
		</trans>
		<trans lang="ja">
			<word>空港</word>
			<alt>くうこう</alt>
		</trans>
	</term>
	<term id="14" imagePath="14.gif">
		<trans lang="en">
			<word>open port,opening a port</word>
		</trans>
		<trans lang="ja">
			<word>開港</word>
			<alt>かいこう</alt>
		</trans>
	</term>
	<term id="15" imagePath="15.gif">
		<trans lang="en">
			<word>fishing grounds</word>
		</trans>
		<trans lang="ja">
			<word>漁場</word>
			<alt>ぎょじょう</alt>
		</trans>
		<comment languages="en-ja">漁場へ出港する。
They are leaving the fishing grounds.</comment>
	</term>
	<term id="16" imagePath="16.gif">
		<trans lang="en">
			<word>departure,clearance (of a ship)</word>
		</trans>
		<trans lang="ja">
			<word>出港</word>
			<alt>しゅっこう</alt>
		</trans>
	</term>
</glossary>
