<?xml version="1.0"?>
<glossary id="145" name="11" author="Frédéric Bergeron">
	<desc></desc>
	<term id="1">
		<trans lang="es">
			<word>rechazar</word>
		</trans>
		<trans lang="fr">
			<word>repousser</word>
		</trans>
	</term>
	<term id="2">
		<trans lang="es">
			<word>regañadientes</word>
		</trans>
		<trans lang="fr">
			<word>contrecoeur</word>
		</trans>
		<comment languages="es-fr">repousser à contrecoeur
rechazar a regañadientes</comment>
	</term>
	<term id="3">
		<trans lang="es">
			<word>nave</word>
		</trans>
		<trans lang="fr">
			<word>vaisseau</word>
		</trans>
	</term>
	<term id="4">
		<trans lang="es">
			<word>cercanía</word>
		</trans>
		<trans lang="fr">
			<word>proximité</word>
		</trans>
		<comment languages="es-fr">	</comment>
	</term>
	<term id="5">
		<trans lang="es">
			<word>despejar</word>
		</trans>
		<trans lang="fr">
			<word>dégager,déblayer</word>
		</trans>
	</term>
</glossary>
