<?xml version="1.0"?>
<glossary id="235" name="Ich möchte nach Frankreich anrufen." author="Frédéric Bergeron">
	<desc></desc>
	<term id="1">
		<trans lang="de">
			<word>Wie ist die Nummer der ... ?</word>
		</trans>
		<trans lang="fr">
			<word>Quel est le numéro des ... ?</word>
		</trans>
	</term>
	<term id="2">
		<trans lang="de">
			<word>Telefonauskunft</word>
		</trans>
		<trans lang="fr">
			<word>renseignements téléphoniques</word>
		</trans>
	</term>
	<term id="3">
		<trans lang="de">
			<word>001188 für das Ausland.</word>
		</trans>
		<trans lang="fr">
			<word>001188 pour l'étranger.</word>
		</trans>
	</term>
	<term id="4">
		<trans lang="de">
			<word>01188 für das Inland.</word>
		</trans>
		<trans lang="fr">
			<word>01188 pour l'intérieur.</word>
		</trans>
	</term>
	<term id="5">
		<trans lang="de">
			<word>Ich suche eine Nummer in Frankfurt.</word>
		</trans>
		<trans lang="fr">
			<word>Je cherche un numéro à Francfort.</word>
		</trans>
	</term>
	<term id="6">
		<trans lang="de">
			<word>die Vorwahl</word>
		</trans>
		<trans lang="fr">
			<word>l'indicatif téléphonique</word>
		</trans>
	</term>
	<term id="7">
		<trans lang="de">
			<word>das Ausland</word>
		</trans>
		<trans lang="fr">
			<word>l'étranger (territoire)</word>
		</trans>
	</term>
	<term id="8">
		<trans lang="de">
			<word>die Inland</word>
		</trans>
		<trans lang="fr">
			<word>l'intérieur (territoire)</word>
		</trans>
	</term>
	<term id="9">
		<trans lang="de">
			<word>zuerst</word>
		</trans>
		<trans lang="fr">
			<word>d'abord</word>
		</trans>
	</term>
	<term id="10">
		<trans lang="de">
			<word>und dann</word>
		</trans>
		<trans lang="fr">
			<word>puis</word>
		</trans>
	</term>
	<term id="11">
		<trans lang="de">
			<word>das Ortsgespräch</word>
		</trans>
		<trans lang="fr">
			<word>l'appel local</word>
		</trans>
	</term>
	<term id="12">
		<trans lang="de">
			<word>das Ferngespräch</word>
		</trans>
		<trans lang="fr">
			<word>l'appel longue distance</word>
		</trans>
	</term>
	<term id="13">
		<trans lang="de">
			<word>anrufen</word>
		</trans>
		<trans lang="fr">
			<word>appeler</word>
		</trans>
	</term>
	<term id="14">
		<trans lang="de">
			<word>drücken</word>
		</trans>
		<trans lang="fr">
			<word>appuyer</word>
		</trans>
	</term>
	<term id="15">
		<trans lang="de">
			<word>Wiederholen Sie bitte.</word>
		</trans>
		<trans lang="fr">
			<word>Répétez s'il vous plaît.</word>
		</trans>
	</term>
	<term id="16">
		<trans lang="de">
			<word>Ich möchte bitte Herrn ...</word>
		</trans>
		<trans lang="fr">
			<word>J'aimerais parler à Monsieur ...</word>
		</trans>
	</term>
	<term id="17">
		<trans lang="de">
			<word>Frau ... sprechen.</word>
		</trans>
		<trans lang="fr">
			<word>Mme ..., s'il vous plaît.</word>
		</trans>
	</term>
	<term id="18">
		<trans lang="de">
			<word>Er/sie ist nich da.</word>
		</trans>
		<trans lang="fr">
			<word>Il/elle n'est pas ici.</word>
		</trans>
	</term>
	<term id="19">
		<trans lang="de">
			<word>die scwarze Taste</word>
		</trans>
		<trans lang="fr">
			<word>la touche noire</word>
		</trans>
	</term>
</glossary>
