<?xml version="1.0"?>
<glossary id="150" name="15" author="Frédéric Bergeron">
	<desc></desc>
	<term id="1">
		<trans lang="es">
			<word>alojamiento</word>
		</trans>
		<trans lang="fr">
			<word>logement</word>
		</trans>
	</term>
	<term id="2">
		<trans lang="es">
			<word>añorar,echar de menos</word>
		</trans>
		<trans lang="fr">
			<word>regretter</word>
		</trans>
		<comment languages="es-fr">Era extraño que él hubiese añorado tanto la Tierra durante aquellos años en Rotor y que ahora, de vuelta a ella, echara de menos a Rotor con idéntica intensidad.
C'était étrange pour lui d'avoir tant regretté la Terre pendant ces années sur Rotor et que maintenant, il regrettait Rotor avec la même intensité.</comment>
	</term>
	<term id="3">
		<trans lang="es">
			<word>enterar</word>
		</trans>
		<trans lang="fr">
			<word>informer</word>
		</trans>
		<comment languages="es-fr">Estamos enterados de eso.
Nous sommes (avons été) informés de celà. </comment>
	</term>
	<term id="4">
		<trans lang="es">
			<word>patada</word>
		</trans>
		<trans lang="fr">
			<word>coup de pied</word>
		</trans>
	</term>
	<term id="5">
		<trans lang="es">
			<word>fracaso</word>
		</trans>
		<trans lang="fr">
			<word>échec</word>
		</trans>
	</term>
	<term id="6">
		<trans lang="es">
			<word>rehén</word>
		</trans>
		<trans lang="fr">
			<word>otage</word>
		</trans>
	</term>
</glossary>
