<?xml version="1.0"?>
<glossary id="34" name="Genki 12" author="">
	<desc></desc>
	<term id="556">
		<trans lang="en">
			<word>leg; foot</word>
		</trans>
		<trans lang="ja">
			<word>足</word>
			<alt>あし</alt>
		</trans>
	</term>
	<term id="557">
		<trans lang="en">
			<word>meaning</word>
		</trans>
		<trans lang="ja">
			<word>意味</word>
			<alt>いみ</alt>
		</trans>
	</term>
	<term id="558">
		<trans lang="en">
			<word>stomach</word>
		</trans>
		<trans lang="ja">
			<alt>おなか</alt>
		</trans>
	</term>
	<term id="559">
		<trans lang="en">
			<word>cold</word>
		</trans>
		<trans lang="ja">
			<word>風</word>
			<alt>かぜ</alt>
		</trans>
	</term>
	<term id="560">
		<trans lang="en">
			<word>girlfriend</word>
		</trans>
		<trans lang="ja">
			<word>彼女</word>
			<alt>かのじょ</alt>
		</trans>
	</term>
	<term id="561">
		<trans lang="en">
			<word>boyfriend</word>
		</trans>
		<trans lang="ja">
			<word>彼</word>
			<alt>かれ</alt>
		</trans>
	</term>
	<term id="562">
		<trans lang="en">
			<word>temperature (weather)</word>
		</trans>
		<trans lang="ja">
			<word>気温</word>
			<alt>きおん</alt>
		</trans>
	</term>
	<term id="563">
		<trans lang="en">
			<word>cloudy weather</word>
		</trans>
		<trans lang="ja">
			<word>曇り</word>
			<alt>くもり</alt>
		</trans>
	</term>
	<term id="564">
		<trans lang="en">
			<word>match; game</word>
		</trans>
		<trans lang="ja">
			<word>試合</word>
			<alt>しあい</alt>
		</trans>
	</term>
	<term id="565">
		<trans lang="en">
			<word>juice</word>
		</trans>
		<trans lang="ja">
			<alt>ジュース</alt>
		</trans>
	</term>
	<term id="566">
		<trans lang="en">
			<word>"grade (on a test, etc.)"</word>
		</trans>
		<trans lang="ja">
			<word>成績</word>
			<alt>せいせき</alt>
		</trans>
	</term>
	<term id="567">
		<trans lang="en">
			<word>cough</word>
		</trans>
		<trans lang="ja">
			<word>咳</word>
			<alt>せき</alt>
		</trans>
	</term>
	<term id="568">
		<trans lang="en">
			<word>throat</word>
		</trans>
		<trans lang="ja">
			<alt>のど</alt>
		</trans>
	</term>
	<term id="569">
		<trans lang="en">
			<word>tooth</word>
		</trans>
		<trans lang="ja">
			<word>歯</word>
			<alt>は</alt>
		</trans>
	</term>
	<term id="570">
		<trans lang="en">
			<word>flower</word>
		</trans>
		<trans lang="ja">
			<word>花</word>
			<alt>はな</alt>
		</trans>
	</term>
	<term id="571">
		<trans lang="en">
			<word>sunny weather</word>
		</trans>
		<trans lang="ja">
			<word>晴れ</word>
			<alt>はれ</alt>
		</trans>
	</term>
	<term id="572">
		<trans lang="en">
			<word>clothes</word>
		</trans>
		<trans lang="ja">
			<word>服</word>
			<alt>ふく</alt>
		</trans>
	</term>
	<term id="573">
		<trans lang="en">
			<word>hangover</word>
		</trans>
		<trans lang="ja">
			<word>二日酔い</word>
			<alt>ふつかよい</alt>
		</trans>
	</term>
	<term id="574">
		<trans lang="en">
			<word>present</word>
		</trans>
		<trans lang="ja">
			<alt>プレゼント</alt>
		</trans>
	</term>
	<term id="575">
		<trans lang="en">
			<word>homesickness</word>
		</trans>
		<trans lang="ja">
			<alt>ホームシック</alt>
		</trans>
	</term>
	<term id="576">
		<trans lang="en">
			<word>thing (concrete object)</word>
		</trans>
		<trans lang="ja">
			<word>物</word>
			<alt>もの</alt>
		</trans>
	</term>
	<term id="577">
		<trans lang="en">
			<word>snow</word>
		</trans>
		<trans lang="ja">
			<word>雪</word>
			<alt>ゆき</alt>
		</trans>
	</term>
	<term id="578">
		<trans lang="en">
			<word>business to take care of</word>
		</trans>
		<trans lang="ja">
			<word>用事</word>
			<alt>ようじ</alt>
		</trans>
	</term>
	<term id="579">
		<trans lang="en">
			<word>sweet</word>
		</trans>
		<trans lang="ja">
			<word>甘い</word>
			<alt>あまい</alt>
		</trans>
	</term>
	<term id="580">
		<trans lang="en">
			<word>hurt; painful</word>
		</trans>
		<trans lang="ja">
			<word>痛い</word>
			<alt>いたい</alt>
		</trans>
	</term>
	<term id="581">
		<trans lang="en">
			<word>there are many...</word>
		</trans>
		<trans lang="ja">
			<word>多い</word>
			<alt>おおい</alt>
		</trans>
	</term>
	<term id="582">
		<trans lang="en">
			<word>narrow; not spacious</word>
		</trans>
		<trans lang="ja">
			<word>狭い</word>
			<alt>せまい</alt>
		</trans>
	</term>
	<term id="583">
		<trans lang="en">
			<word>inconvenient; to have a scheduling conflict</word>
		</trans>
		<trans lang="ja">
			<word>都合が悪い</word>
			<alt>つごうがわるい</alt>
		</trans>
	</term>
	<term id="584">
		<trans lang="en">
			<word>bad</word>
		</trans>
		<trans lang="ja">
			<word>悪い</word>
			<alt>わるい</alt>
		</trans>
	</term>
	<term id="585">
		<trans lang="en">
			<word>fantastic</word>
		</trans>
		<trans lang="ja">
			<word>素敵</word>
			<alt>すてき</alt>
		</trans>
	</term>
	<term id="586">
		<trans lang="en">
			<word>to catch a cold</word>
		</trans>
		<trans lang="ja">
			<word>風邪をひく</word>
			<alt>かぜをひく</alt>
		</trans>
	</term>
	<term id="587">
		<trans lang="en">
			<word>to be interested (in ...)</word>
		</trans>
		<trans lang="ja">
			<word>興味がある</word>
			<alt>きょうみがある</alt>
		</trans>
	</term>
	<term id="588">
		<trans lang="en">
			<word>to lose</word>
		</trans>
		<trans lang="ja">
			<alt>なくす</alt>
		</trans>
	</term>
	<term id="589">
		<trans lang="en">
			<word>to become thirsty</word>
		</trans>
		<trans lang="ja">
			<word>のどが渇く</word>
			<alt>のどがかわく</alt>
		</trans>
	</term>
	<term id="590">
		<trans lang="en">
			<word>to have a fever</word>
		</trans>
		<trans lang="ja">
			<word>熱がある</word>
			<alt>ねつがある</alt>
		</trans>
	</term>
	<term id="591">
		<trans lang="en">
			<word>to cough</word>
		</trans>
		<trans lang="ja">
			<word>せきが出る</word>
			<alt>せきがでる</alt>
		</trans>
	</term>
	<term id="592">
		<trans lang="en">
			<word>to break up; to separate</word>
		</trans>
		<trans lang="ja">
			<word>別れる</word>
			<alt>わかれる</alt>
		</trans>
	</term>
	<term id="593">
		<trans lang="en">
			<word>to get nervous</word>
		</trans>
		<trans lang="ja">
			<word>緊張する</word>
			<alt>きんちょうする</alt>
		</trans>
	</term>
	<term id="594">
		<trans lang="en">
			<word>to worry</word>
		</trans>
		<trans lang="ja">
			<word>心配する</word>
			<alt>しんぱいする</alt>
		</trans>
	</term>
	<term id="595">
		<trans lang="en">
			<word>always</word>
		</trans>
		<trans lang="ja">
			<alt>いつも</alt>
		</trans>
	</term>
	<term id="596">
		<trans lang="en">
			<word>Get well soon.</word>
		</trans>
		<trans lang="ja">
			<word>お大事に</word>
			<alt>おだいじに</alt>
		</trans>
	</term>
	<term id="597">
		<trans lang="en">
			<word>don't look well</word>
		</trans>
		<trans lang="ja">
			<word>元気がない</word>
			<alt>げんきがない</alt>
		</trans>
	</term>
	<term id="598">
		<trans lang="en">
			<word>probably; maybe</word>
		</trans>
		<trans lang="ja">
			<word>多分</word>
			<alt>たぶん</alt>
		</trans>
	</term>
	<term id="599">
		<trans lang="en">
			<word>as much as possible</word>
		</trans>
		<trans lang="ja">
			<alt>できるだけ</alt>
		</trans>
	</term>
	<term id="600">
		<trans lang="en">
			<word>for two to three days</word>
		</trans>
		<trans lang="ja">
			<word>二三日</word>
			<alt>にさんにち</alt>
		</trans>
	</term>
	<term id="601">
		<trans lang="en">
			<word>for the first time</word>
		</trans>
		<trans lang="ja">
			<word>初めて</word>
			<alt>はじめて</alt>
		</trans>
	</term>
	<term id="602">
		<trans lang="en">
			<word>very soon; in a few moments/days</word>
		</trans>
		<trans lang="ja">
			<alt>もうすぐ</alt>
		</trans>
	</term>
</glossary>
