<?xml version="1.0"?>
<glossary id="138" name="04" author="Frédéric Bergeron">
	<desc></desc>
	<term id="1">
		<trans lang="es">
			<word>acérrimo(a)</word>
		</trans>
		<trans lang="fr">
			<word>acharné(e),ardent(e)</word>
		</trans>
		<comment languages="es-fr">Pitt había sido el defensor más acérrimo del secreto.
Pitt avait été le défendeur le plus ardent de ce secret.</comment>
	</term>
	<term id="2">
		<trans lang="es">
			<word>enano(a)</word>
		</trans>
		<trans lang="fr">
			<word>nain(e)</word>
		</trans>
	</term>
	<term id="3">
		<trans lang="es">
			<word>desdeñar</word>
		</trans>
		<trans lang="fr">
			<word>dédaigner</word>
		</trans>
	</term>
	<term id="4">
		<trans lang="es">
			<word>desusado</word>
		</trans>
		<trans lang="fr">
			<word>désuet</word>
		</trans>
	</term>
</glossary>
