<?xml version="1.0"?>
<glossary id="87" name="1.13.2" author="Frédéric Bergeron">
	<desc></desc>
	<term id="1">
		<trans lang="en">
			<word>number of times,frequency</word>
		</trans>
		<trans lang="ja">
			<word>回数</word>
			<alt>かいすう</alt>
		</trans>
	</term>
	<term id="2">
		<trans lang="en">
			<word>simple,easy</word>
		</trans>
		<trans lang="ja">
			<word>簡単</word>
			<alt>かんたん</alt>
		</trans>
	</term>
	<term id="3">
		<trans lang="en">
			<word>feature,characteristic</word>
		</trans>
		<trans lang="ja">
			<word>特徴</word>
			<alt>とくちょう</alt>
		</trans>
		<comment languages="en-ja">イテレータは、他の言語ではあまりみられないRubyの特徴的な要素です。
Iterators are a characteristic feature of Ruby rarely seen in other languages.</comment>
	</term>
	<term id="4">
		<trans lang="en">
			<word>to mimic,imitate</word>
		</trans>
		<trans lang="ja">
			<word>真似る</word>
			<alt>まねる</alt>
		</trans>
	</term>
	<term id="5">
		<trans lang="en">
			<word>repetition,reverse (to)</word>
		</trans>
		<trans lang="ja">
			<word>反復(する)</word>
			<alt>はんぷく(する)</alt>
		</trans>
	</term>
	<term id="6">
		<trans lang="en">
			<word>offer,program sponsoring,furnishing (to)</word>
		</trans>
		<trans lang="ja">
			<word>提供(する)</word>
			<alt>ていきょう(する)</alt>
		</trans>
	</term>
</glossary>
