<?xml version="1.0"?>
<glossary id="368" name="p042-045" author="Frédéric Bergeron">
	<desc></desc>
	<term id="1">
		<trans lang="es">
			<word>placento</word>
		</trans>
		<trans lang="fr">
			<word>agréable</word>
		</trans>
	</term>
	<term id="2">
		<trans lang="es">
			<word>inacabable</word>
		</trans>
		<trans lang="fr">
			<word>interminable</word>
		</trans>
	</term>
	<term id="3">
		<trans lang="es">
			<word>ceniza</word>
		</trans>
		<trans lang="fr">
			<word>cendre(s)</word>
		</trans>
		<comment languages="es-fr">Ensúciate la cara con un poco de ceniza.
Salis-toi le visage avec un peu de cendre.</comment>
	</term>
	<term id="4">
		<trans lang="es">
			<word>retar</word>
		</trans>
		<trans lang="fr">
			<word>provoquer,défier</word>
		</trans>
	</term>
	<term id="5">
		<trans lang="es">
			<word>pasa</word>
		</trans>
		<trans lang="fr">
			<word>raisin</word>
		</trans>
	</term>
</glossary>
