<?xml version="1.0"?>
<glossary id="329" name="JCS3-22" author="">
	<desc></desc>
	<term id="1">
		<trans lang="en">
			<word>question, ask a question   ++</word>
		</trans>
		<trans lang="ja">
			<word>質問 [する]</word>
			<alt>shitsumon</alt>
		</trans>
	</term>
	<term id="2">
		<trans lang="en">
			<word>parents, both parents   ++</word>
		</trans>
		<trans lang="ja">
			<word>両親</word>
			<alt>ryooshin</alt>
		</trans>
	</term>
	<term id="3">
		<trans lang="en">
			<word>cut   +</word>
		</trans>
		<trans lang="ja">
			<word>切る</word>
			<alt>kiru</alt>
		</trans>
	</term>
	<term id="4">
		<trans lang="en">
			<word>stamp, postage stamp</word>
		</trans>
		<trans lang="ja">
			<word>切手</word>
			<alt>kitte</alt>
		</trans>
	</term>
	<term id="5">
		<trans lang="en">
			<word>kind</word>
		</trans>
		<trans lang="ja">
			<word>親切 [な]</word>
			<alt>shinsetsu</alt>
		</trans>
	</term>
	<term id="6">
		<trans lang="en">
			<word>shop, store   +</word>
		</trans>
		<trans lang="ja">
			<word>店</word>
			<alt>mise</alt>
		</trans>
	</term>
	<term id="7">
		<trans lang="en">
			<word>coffee shop</word>
		</trans>
		<trans lang="ja">
			<word>きっ茶店</word>
			<alt>kissaten</alt>
		</trans>
	</term>
	<term id="8">
		<trans lang="en">
			<word>-shop, store for ...   +</word>
		</trans>
		<trans lang="ja">
			<word>~屋</word>
			<alt>-ya</alt>
		</trans>
	</term>
	<term id="9">
		<trans lang="en">
			<word>bookshop, bookstore</word>
		</trans>
		<trans lang="ja">
			<word>本屋</word>
			<alt>hon'ya</alt>
		</trans>
	</term>
	<term id="10">
		<trans lang="en">
			<word>flowershop</word>
		</trans>
		<trans lang="ja">
			<word>花屋</word>
			<alt>hanaya</alt>
		</trans>
	</term>
	<term id="11">
		<trans lang="en">
			<word>do in advance, leave ("V-te")</word>
		</trans>
		<trans lang="ja">
			<word>~おく</word>
			<alt>-oku</alt>
		</trans>
	</term>
	<term id="12">
		<trans lang="en">
			<word>all</word>
		</trans>
		<trans lang="ja">
			<word>ぜんぶ</word>
			<alt>zembu</alt>
		</trans>
	</term>
	<term id="13">
		<trans lang="en">
			<word>do completely, end up ("V-te")</word>
		</trans>
		<trans lang="ja">
			<word>~しまう</word>
			<alt>-shimau</alt>
		</trans>
	</term>
	<term id="14">
		<trans lang="en">
			<word>before ("V[dict]/ N no")</word>
		</trans>
		<trans lang="ja">
			<word>~まえに</word>
			<alt>-maeni</alt>
		</trans>
	</term>
	<term id="15">
		<trans lang="en">
			<word>after ("V-ta/ N no")</word>
		</trans>
		<trans lang="ja">
			<word>~あとで</word>
			<alt>-atode</alt>
		</trans>
	</term>
	<term id="16">
		<trans lang="en">
			<word>while ("V-te iru/ ...")</word>
		</trans>
		<trans lang="ja">
			<word>~うちに</word>
			<alt>-uchini</alt>
		</trans>
	</term>
	<term id="17">
		<trans lang="en">
			<word>divide, cut, break</word>
		</trans>
		<trans lang="ja">
			<word>わる</word>
			<alt>waru</alt>
		</trans>
	</term>
	<term id="18">
		<trans lang="en">
			<word>break, destroy, ruin</word>
		</trans>
		<trans lang="ja">
			<word>こわす</word>
			<alt>kowasu</alt>
		</trans>
	</term>
	<term id="19">
		<trans lang="en">
			<word>make a mistake, mistake (s.th.)</word>
		</trans>
		<trans lang="ja">
			<word>間ちがえる</word>
			<alt>machigaeru</alt>
		</trans>
	</term>
	<term id="20">
		<trans lang="en">
			<word>save (file, on the computer)</word>
		</trans>
		<trans lang="ja">
			<word>セーブ [する]</word>
			<alt>seebu</alt>
		</trans>
	</term>
	<term id="21">
		<trans lang="en">
			<word>find, discover</word>
		</trans>
		<trans lang="ja">
			<word>見つける</word>
			<alt>mitsukeru</alt>
		</trans>
	</term>
	<term id="22">
		<trans lang="en">
			<word>feel at ease, make oneself at home</word>
		</trans>
		<trans lang="ja">
			<word>のんびりする</word>
			<alt>nombirisuru</alt>
		</trans>
	</term>
	<term id="23">
		<trans lang="en">
			<word>(an) answer, reply   +</word>
		</trans>
		<trans lang="ja">
			<word>答え</word>
			<alt>kotae</alt>
		</trans>
	</term>
	<term id="24">
		<trans lang="en">
			<word>reconsider, change one's opinion</word>
		</trans>
		<trans lang="ja">
			<word>見なおす</word>
			<alt>minaosu</alt>
		</trans>
	</term>
	<term id="25">
		<trans lang="en">
			<word>consultation, consult</word>
		</trans>
		<trans lang="ja">
			<word>そうだん [する]</word>
			<alt>soodan</alt>
		</trans>
	</term>
	<term id="26">
		<trans lang="en">
			<word>become vacant, become free</word>
		</trans>
		<trans lang="ja">
			<word>あく</word>
			<alt>aku</alt>
		</trans>
	</term>
	<term id="27">
		<trans lang="en">
			<word>alarm clock</word>
		</trans>
		<trans lang="ja">
			<word>ねざまし時計</word>
			<alt>nezamashidokei</alt>
		</trans>
	</term>
	<term id="28">
		<trans lang="en">
			<word>set</word>
		</trans>
		<trans lang="ja">
			<word>セットする</word>
			<alt>settosuru</alt>
		</trans>
	</term>
	<term id="29">
		<trans lang="en">
			<word>documents, papers</word>
		</trans>
		<trans lang="ja">
			<word>書るい</word>
			<alt>shorui</alt>
		</trans>
	</term>
	<term id="30">
		<trans lang="en">
			<word>address</word>
		</trans>
		<trans lang="ja">
			<word>住しょ</word>
			<alt>juusho</alt>
		</trans>
	</term>
	<term id="31">
		<trans lang="en">
			<word>suru   mind, worry, take to heart</word>
		</trans>
		<trans lang="ja">
			<word>気をする</word>
			<alt>kiwo</alt>
		</trans>
	</term>
	<term id="32">
		<trans lang="en">
			<word>truth, really</word>
		</trans>
		<trans lang="ja">
			<word>本とう [に]</word>
			<alt>hontoo</alt>
		</trans>
	</term>
	<term id="33">
		<trans lang="en">
			<word>soil, stain</word>
		</trans>
		<trans lang="ja">
			<word>よごす</word>
			<alt>yogosu</alt>
		</trans>
	</term>
	<term id="34">
		<trans lang="en">
			<word>handout (for a lesson)</word>
		</trans>
		<trans lang="ja">
			<word>プリント</word>
			<alt>purinto</alt>
		</trans>
	</term>
	<term id="35">
		<trans lang="en">
			<word>tear</word>
		</trans>
		<trans lang="ja">
			<word>やぶる</word>
			<alt>yaburu</alt>
		</trans>
	</term>
	<term id="36">
		<trans lang="en">
			<word>document, record</word>
		</trans>
		<trans lang="ja">
			<word>文書</word>
			<alt>bunsho</alt>
		</trans>
	</term>
	<term id="37">
		<trans lang="en">
			<word>(make an) appointment, promise</word>
		</trans>
		<trans lang="ja">
			<word>やくそく [する]</word>
			<alt>yakusoku</alt>
		</trans>
	</term>
	<term id="38">
		<trans lang="en">
			<word>passport</word>
		</trans>
		<trans lang="ja">
			<word>パスポート</word>
			<alt>pasupooto</alt>
		</trans>
	</term>
</glossary>
