<?xml version="1.0"?>
<glossary id="300" name="JBPII-19" author="">
	<desc></desc>
	<term id="1">
		<trans lang="en">
			<word>library   ++</word>
		</trans>
		<trans lang="ja">
			<word>図書館</word>
			<alt>toshokan</alt>
		</trans>
	</term>
	<term id="2">
		<trans lang="en">
			<word>oneself, by oneself   +</word>
		</trans>
		<trans lang="ja">
			<word>自分 [で]</word>
			<alt>jibun</alt>
		</trans>
	</term>
	<term id="3">
		<trans lang="en">
			<word>hand, arm   +</word>
		</trans>
		<trans lang="ja">
			<word>手</word>
			<alt>te</alt>
		</trans>
	</term>
	<term id="4">
		<trans lang="en">
			<word>driver</word>
		</trans>
		<trans lang="ja">
			<word>うんてん手</word>
			<alt>untenshu</alt>
		</trans>
	</term>
	<term id="5">
		<trans lang="en">
			<word>good at, skillful</word>
		</trans>
		<trans lang="ja">
			<word>上手 [な]</word>
			<alt>joozu</alt>
		</trans>
	</term>
	<term id="6">
		<trans lang="en">
			<word>read   +</word>
		</trans>
		<trans lang="ja">
			<word>読む</word>
			<alt>yomu</alt>
		</trans>
	</term>
	<term id="7">
		<trans lang="en">
			<word>wide, spacious   +</word>
		</trans>
		<trans lang="ja">
			<word>広い</word>
			<alt>hiroi</alt>
		</trans>
	</term>
	<term id="8">
		<trans lang="en">
			<word>of course, needless to say</word>
		</trans>
		<trans lang="ja">
			<word>もちろん</word>
			<alt>mochiron</alt>
		</trans>
	</term>
	<term id="9">
		<trans lang="en">
			<word>toru   get, take in one's hands</word>
		</trans>
		<trans lang="ja">
			<word>手にとる</word>
			<alt>teni</alt>
		</trans>
	</term>
	<term id="10">
		<trans lang="en">
			<word>poor at, weak point</word>
		</trans>
		<trans lang="ja">
			<word>にが手</word>
			<alt>nigate</alt>
		</trans>
	</term>
	<term id="11">
		<trans lang="en">
			<word>meaning</word>
		</trans>
		<trans lang="ja">
			<word>いみ</word>
			<alt>imi</alt>
		</trans>
	</term>
	<term id="12">
		<trans lang="en">
			<word>But, However ( = keredomo)</word>
		</trans>
		<trans lang="ja">
			<word>~けど</word>
			<alt>-kedo</alt>
		</trans>
	</term>
	<term id="13">
		<trans lang="en">
			<word>formality, procedure</word>
		</trans>
		<trans lang="ja">
			<word>手つづき</word>
			<alt>tetsuzuki</alt>
		</trans>
	</term>
	<term id="14">
		<trans lang="en">
			<word># books, # volumes</word>
		</trans>
		<trans lang="ja">
			<word>~さつ</word>
			<alt>-satsu</alt>
		</trans>
	</term>
	<term id="15">
		<trans lang="en">
			<word>only (-ve verb)</word>
		</trans>
		<trans lang="ja">
			<word>~しか</word>
			<alt>-shika</alt>
		</trans>
	</term>
	<term id="16">
		<trans lang="en">
			<word>foreign language</word>
		</trans>
		<trans lang="ja">
			<word>外国語</word>
			<alt>gaikokugo</alt>
		</trans>
	</term>
	<term id="17">
		<trans lang="en">
			<word>believe</word>
		</trans>
		<trans lang="ja">
			<word>しんじる</word>
			<alt>shinjiru</alt>
		</trans>
	</term>
	<term id="18">
		<trans lang="en">
			<word>international phone call</word>
		</trans>
		<trans lang="ja">
			<word>国さい電話</word>
			<alt>kokusaidenwa</alt>
		</trans>
	</term>
	<term id="19">
		<trans lang="en">
			<word># meter</word>
		</trans>
		<trans lang="ja">
			<word>~メートル</word>
			<alt>-meetoru</alt>
		</trans>
	</term>
	<term id="20">
		<trans lang="en">
			<word># seconds</word>
		</trans>
		<trans lang="ja">
			<word>~びょう</word>
			<alt>-byoo</alt>
		</trans>
	</term>
	<term id="21">
		<trans lang="en">
			<word>bicycle, bike</word>
		</trans>
		<trans lang="ja">
			<word>自てん車</word>
			<alt>jitensha</alt>
		</trans>
	</term>
	<term id="22">
		<trans lang="en">
			<word>motorcycle, motorbike</word>
		</trans>
		<trans lang="ja">
			<word>オートバイ</word>
			<alt>ootobai</alt>
		</trans>
	</term>
	<term id="23">
		<trans lang="en">
			<word>pig</word>
		</trans>
		<trans lang="ja">
			<word>ぶた</word>
			<alt>buta</alt>
		</trans>
	</term>
	<term id="24">
		<trans lang="en">
			<word>pork</word>
		</trans>
		<trans lang="ja">
			<word>ぶたにく</word>
			<alt>butaniku</alt>
		</trans>
	</term>
	<term id="25">
		<trans lang="en">
			<word>weekday</word>
		</trans>
		<trans lang="ja">
			<word>へい日</word>
			<alt>heijitsu</alt>
		</trans>
	</term>
	<term id="26">
		<trans lang="en">
			<word>help, assistance</word>
		</trans>
		<trans lang="ja">
			<word>手つだい</word>
			<alt>tetsudai</alt>
		</trans>
	</term>
	<term id="27">
		<trans lang="en">
			<word>be saved, be relieved</word>
		</trans>
		<trans lang="ja">
			<word>たすかる</word>
			<alt>tasukaru</alt>
		</trans>
	</term>
</glossary>
