<?xml version="1.0"?>
<glossary id="240" name="Im Informationsbüro" author="Frédéric Bergeron">
	<desc></desc>
	<term id="1">
		<trans lang="de">
			<word>Gibt es ... in der Nähe?</word>
		</trans>
		<trans lang="fr">
			<word>Y a-t-il ... près d'ici?</word>
		</trans>
	</term>
	<term id="2">
		<trans lang="de">
			<word>Ich rufe mal an.</word>
		</trans>
		<trans lang="fr">
			<word>Je vais téléphoner.</word>
		</trans>
		<comment languages="de-fr">Littéralement: Je  téléphone.</comment>
	</term>
	<term id="3">
		<trans lang="de">
			<word>noch</word>
		</trans>
		<trans lang="fr">
			<word>encore</word>
		</trans>
	</term>
	<term id="4">
		<trans lang="de">
			<word>frei</word>
		</trans>
		<trans lang="fr">
			<word>libre,disponible</word>
		</trans>
	</term>
	<term id="5">
		<trans lang="de">
			<word>Einzel- oder Doppelzimmer</word>
		</trans>
		<trans lang="fr">
			<word>chambre simple ou double</word>
		</trans>
	</term>
	<term id="6">
		<trans lang="de">
			<word>mit Dusche</word>
		</trans>
		<trans lang="fr">
			<word>avec douche</word>
		</trans>
	</term>
	<term id="7">
		<trans lang="de">
			<word>mit Bad</word>
		</trans>
		<trans lang="fr">
			<word>avec bain</word>
		</trans>
	</term>
	<term id="8">
		<trans lang="de">
			<word>zu Fuß</word>
		</trans>
		<trans lang="fr">
			<word>à pied</word>
		</trans>
	</term>
	<term id="9">
		<trans lang="de">
			<word>mit dem Auto</word>
		</trans>
		<trans lang="fr">
			<word>en voiture</word>
		</trans>
		<comment languages="de-fr">Littéralement: avec la voiture.</comment>
	</term>
	<term id="10">
		<trans lang="de">
			<word>entlang ...</word>
		</trans>
		<trans lang="fr">
			<word>le long de ...</word>
		</trans>
	</term>
	<term id="11">
		<trans lang="de">
			<word>die Einbahnstraße</word>
		</trans>
		<trans lang="fr">
			<word>la rue à sens unique</word>
		</trans>
	</term>
</glossary>
