<?xml version="1.0"?>
<glossary id="6" name="07" author="">
	<desc></desc>
	<term id="1">
		<trans lang="en">
			<word>capital</word>
		</trans>
		<trans lang="ja">
			<word>京 (8)</word>
			<alt>キョウ</alt>
		</trans>
		<comment languages="en-ja">東京 ; とうきょう ; Tokyo
京子 ; きょうこ ; Kyoko
京都 ; きょうと ; Kyoto
東京駅 ; とうきょうえき ; Tokyo Station
東京都 ; とうきょうと ; Tokyo (metropolis)
京都府 ; きょうとふ ; Kyoto Prefecture
京都 ; きょうと ; Kyoto</comment>
	</term>
	<term id="2">
		<trans lang="en">
			<word>child</word>
		</trans>
		<trans lang="ja">
			<word>子 (3)</word>
			<alt>こ；シ</alt>
		</trans>
		<comment languages="en-ja">子供の時 ; こどものとき ; in one's childhood
京子 ; きょうこ ; Kyoko
子供 ; こども ; child
女の子 ; おんなのこ ; girl
男の子 ; おとこのこ ; boy
電子メール ; でんしメール ; e-mail
子供 ; こども ; child
竹の子 ; たけのこ ; a bamboo shoot
利子 ; りし ; (bank) interest
原子 ; げんし ; an atom
調子 ; ちょうし ; condition; tone</comment>
	</term>
	<term id="3">
		<trans lang="en">
			<word>small</word>
		</trans>
		<trans lang="ja">
			<word>小 (3)</word>
			<alt>ちい；ショウ</alt>
		</trans>
		<comment languages="en-ja">小川さん ; おがわさん ; Mr./Ms. Ogawa
小さい ; ちいさい ; small
小学校 ; しょうがっこう ; elementary school
小学生 ; しょうがくせい ; elementary school student
小野さん ; おのさん ; Mr. / Mrs. Ono
小説 ; しょうせつ ; novel
小林 ; こばやし ; (a Japanese surname)
小雨 ; こさめ ; light rain; drizzle</comment>
	</term>
	<term id="4">
		<trans lang="en">
			<word>to meet</word>
		</trans>
		<trans lang="ja">
			<word>会 (6)</word>
			<alt>あ；カイ</alt>
		</trans>
		<comment languages="en-ja">会う ; あう ; to meet
会社 ; かいしゃ ; company
会社員 ; かいしゃいん ; office worker
会話 ; かいわ ; conversation
教会 ; きょうかい ; church
英会話 ; えいかいわ ; English conversation
社会 ; しゃかい ; society
閉会する ; へいかいする ; to close a meeting
都会 ; とかい ; an urban area
送別会 ; そうべつかい ; a farewell party
会議 ; かいぎ ; a conference
議会 ; ぎかい ; Parliament
会員 ; かいいん ; a member of an association
国会議員 ; こっかいぎいん ; member of National Diet
会議室 ; かいぎしつ ; a conference room
会談する ; かいだんする ; to hold a conference
機会 ; きかい ; an opportunity; a chance
忘年会 ; ぼうねんかい ; a year-end party</comment>
	</term>
	<term id="5">
		<trans lang="en">
			<word>company</word>
		</trans>
		<trans lang="ja">
			<word>社 (7)</word>
			<alt>シャ；ジャ</alt>
		</trans>
		<comment languages="en-ja">会社 ; かいしゃ ; company
会社員 ; かいしゃいん ; office worker
神社 ; じんじゃ ; shrine
社会 ; しゃかい ; society
旅行社 ; りょこうしゃ ; travel agency
商社 ; しょうしゃ ; a trading company
退社する ; たいしゃする ; to leave the office</comment>
	</term>
	<term id="6">
		<trans lang="en">
			<word>father</word>
		</trans>
		<trans lang="ja">
			<word>父 (4)</word>
			<alt>ちち；とう；フ</alt>
		</trans>
		<comment languages="en-ja">父 ; ちち ; father
お父さん ; おとうさん ; father
父母 ; ふぼ ; father and mother
父親 ; ちちおや ; father</comment>
	</term>
	<term id="7">
		<trans lang="en">
			<word>mother</word>
		</trans>
		<trans lang="ja">
			<word>母 (5)</word>
			<alt>はは；かあ；ボ</alt>
		</trans>
		<comment languages="en-ja">母の日 ; ははのひ ; Mother's Day
父母 ; ふぼ ; father and mother
母 ; はは ; mother
お母さん ; おかあさん ; mother
母語 ; ぼご ; mother tongue</comment>
	</term>
	<term id="8">
		<trans lang="en">
			<word>high</word>
		</trans>
		<trans lang="ja">
			<word>高 (10)</word>
			<alt>たか；コウ</alt>
		</trans>
		<comment languages="en-ja">高い ; たかい ; expensive; high
高校 ; こうこう ; high school
高校生 ; こうこうせい ; high school student
私立高校 ; しりつこうこう ; private high school
最高 ; さいこう ; the best
残高 ; ざんだか ; balance; remainder
高速道路 ; こうそくどうろ ; highway; freeway
高価な ; こうかな ; expensive
高原 ; こうげん ; highlands</comment>
	</term>
	<term id="9">
		<trans lang="en">
			<word>school</word>
		</trans>
		<trans lang="ja">
			<word>校 (10)</word>
			<alt>コウ</alt>
		</trans>
		<comment languages="en-ja">学校 ; がっこう ; school
小学校 ; しょうがっこう ; elementary school
高校 ; こうこう ; high school
高校生 ; こうこうせい ; high school student
中学校 ; ちゅうがこう ; junior high school
私立高校 ; しりつこうこう ; private high school
公立学校 ; こうりつがっこう ; public school</comment>
	</term>
	<term id="10">
		<trans lang="en">
			<word>every</word>
		</trans>
		<trans lang="ja">
			<word>毎 (6)</word>
			<alt>マイ</alt>
		</trans>
		<comment languages="en-ja">毎日 ; まいにち ; every day
毎週 ; まいしゅう ; every week
毎晩 ; まいばん ; every night
毎週 ; まいしゅう ; every week</comment>
	</term>
	<term id="11">
		<trans lang="en">
			<word>word</word>
		</trans>
		<trans lang="ja">
			<word>語 (14)</word>
			<alt>ゴ</alt>
		</trans>
		<comment languages="en-ja">日本語 ; にほんご ; Japanese language
母語 ; ぼご ; mother tongue
言語学 ; げんごがく ; linguistics
英語 ; えいご ; English language
類義語 ; るいぎご ; a synonym</comment>
	</term>
	<term id="12">
		<trans lang="en">
			<word>sentence</word>
		</trans>
		<trans lang="ja">
			<word>文 (4)</word>
			<alt>ブン</alt>
		</trans>
		<comment languages="en-ja">文学 ; ぶんがく ; literature
作文 ; さくぶん ; composition
文字 ; もじ ; letter; character
文字 ; もじ ; character
注文する ; ちゅうもんする ; to order
文化 ; ぶんか ; culture
文 ; ぶん ; a sentence
文部省 ; もんぶしょう ; the Ministry of Education
文具 ; ぶんぐ ; stationery
論文 ; ろんぶん ; a thesis; a paper</comment>
	</term>
	<term id="13">
		<trans lang="en">
			<word>to return</word>
		</trans>
		<trans lang="ja">
			<word>帰 (10)</word>
			<alt>かえ；キ</alt>
		</trans>
		<comment languages="en-ja">帰る ; かえる ; to return
帰国 ; きこく ; going home
連れて帰る ; つれてかえる ; to take home
帰宅する ; きたくする ; to go home</comment>
	</term>
	<term id="14">
		<trans lang="en">
			<word>to enter</word>
		</trans>
		<trans lang="ja">
			<word>入 (2)</word>
			<alt>はい；いり；い；ニュウ</alt>
		</trans>
	</term>
</glossary>
