<?xml version="1.0"?>
<glossary id="317" name="JBPI-20" author="">
	<desc></desc>
	<term id="1">
		<trans lang="en">
			<word>bring</word>
		</trans>
		<trans lang="ja">
			<word>もってくる</word>
			<alt>mottekuru</alt>
		</trans>
	</term>
	<term id="2">
		<trans lang="en">
			<word>deliver</word>
		</trans>
		<trans lang="ja">
			<word>とどける</word>
			<alt>todokeru</alt>
		</trans>
	</term>
	<term id="3">
		<trans lang="en">
			<word># block (in an address)</word>
		</trans>
		<trans lang="ja">
			<word>~ちょうめ</word>
			<alt>-choome</alt>
		</trans>
	</term>
	<term id="4">
		<trans lang="en">
			<word># times, # degrees</word>
		</trans>
		<trans lang="ja">
			<word>~ど</word>
			<alt>-do</alt>
		</trans>
	</term>
	<term id="5">
		<trans lang="en">
			<word>once</word>
		</trans>
		<trans lang="ja">
			<word>一ど</word>
			<alt>ichido</alt>
		</trans>
	</term>
	<term id="6">
		<trans lang="en">
			<word>say, be called</word>
		</trans>
		<trans lang="ja">
			<word>いう</word>
			<alt>iu</alt>
		</trans>
	</term>
	<term id="7">
		<trans lang="en">
			<word>each time</word>
		</trans>
		<trans lang="ja">
			<word>まいど</word>
			<alt>maido</alt>
		</trans>
	</term>
	<term id="8">
		<trans lang="en">
			<word>next, following</word>
		</trans>
		<trans lang="ja">
			<word>つぎ</word>
			<alt>tsugi</alt>
		</trans>
	</term>
	<term id="9">
		<trans lang="en">
			<word>corner</word>
		</trans>
		<trans lang="ja">
			<word>かど</word>
			<alt>kado</alt>
		</trans>
	</term>
	<term id="10">
		<trans lang="en">
			<word>right</word>
		</trans>
		<trans lang="ja">
			<word>みぎ</word>
			<alt>migi</alt>
		</trans>
	</term>
	<term id="11">
		<trans lang="en">
			<word>turn</word>
		</trans>
		<trans lang="ja">
			<word>まがる</word>
			<alt>magaru</alt>
		</trans>
	</term>
	<term id="12">
		<trans lang="en">
			<word>typing</word>
		</trans>
		<trans lang="ja">
			<word>タイプ</word>
			<alt>taipu</alt>
		</trans>
	</term>
	<term id="13">
		<trans lang="en">
			<word>menu</word>
		</trans>
		<trans lang="ja">
			<word>メニュー</word>
			<alt>menyuu</alt>
		</trans>
	</term>
	<term id="14">
		<trans lang="en">
			<word>slowly, at ease</word>
		</trans>
		<trans lang="ja">
			<word>ゆっくり</word>
			<alt>yukkuri</alt>
		</trans>
	</term>
	<term id="15">
		<trans lang="en">
			<word>cake</word>
		</trans>
		<trans lang="ja">
			<word>ケーキ</word>
			<alt>keeki</alt>
		</trans>
	</term>
	<term id="16">
		<trans lang="en">
			<word>traffic light</word>
		</trans>
		<trans lang="ja">
			<word>しんごう</word>
			<alt>shingoo</alt>
		</trans>
	</term>
	<term id="17">
		<trans lang="en">
			<word>intersection, crossing</word>
		</trans>
		<trans lang="ja">
			<word>こうさてん</word>
			<alt>koosaten</alt>
		</trans>
	</term>
	<term id="18">
		<trans lang="en">
			<word>left</word>
		</trans>
		<trans lang="ja">
			<word>ひだり</word>
			<alt>hidari</alt>
		</trans>
	</term>
	<term id="19">
		<trans lang="en">
			<word>waitress</word>
		</trans>
		<trans lang="ja">
			<word>ウエイトレス</word>
			<alt>ueitoresu</alt>
		</trans>
	</term>
</glossary>
