<?xml version="1.0"?>
<glossary id="304" name="JBPI-07" author="">
	<desc></desc>
	<term id="1">
		<trans lang="en">
			<word>well, often</word>
		</trans>
		<trans lang="ja">
			<word>よく</word>
			<alt>yoku</alt>
		</trans>
	</term>
	<term id="2">
		<trans lang="en">
			<word>Good day., Hello.</word>
		</trans>
		<trans lang="ja">
			<word>こんにちは</word>
			<alt>konnichiwa</alt>
		</trans>
	</term>
	<term id="3">
		<trans lang="en">
			<word>enter, go in; include; join</word>
		</trans>
		<trans lang="ja">
			<word>はいる</word>
			<alt>hairu</alt>
		</trans>
	</term>
	<term id="4">
		<trans lang="en">
			<word>kudasai  Come in., Please come in.</word>
		</trans>
		<trans lang="ja">
			<word>おはいりください</word>
			<alt>ohairi</alt>
		</trans>
	</term>
	<term id="5">
		<trans lang="en">
			<word>shimasu   Excuse me., I am sorry.</word>
		</trans>
		<trans lang="ja">
			<word>しつれいします</word>
			<alt>shitsurei</alt>
		</trans>
	</term>
	<term id="6">
		<trans lang="en">
			<word>taxi</word>
		</trans>
		<trans lang="ja">
			<word>タクシー</word>
			<alt>takushii</alt>
		</trans>
	</term>
	<term id="7">
		<trans lang="en">
			<word>hang, sit</word>
		</trans>
		<trans lang="ja">
			<word>かける</word>
			<alt>kakeru</alt>
		</trans>
	</term>
	<term id="8">
		<trans lang="en">
			<word>kudasai   Have a seat., Please sit down.</word>
		</trans>
		<trans lang="ja">
			<word>おかけください</word>
			<alt>okake</alt>
		</trans>
	</term>
	<term id="9">
		<trans lang="en">
			<word>Canada</word>
		</trans>
		<trans lang="ja">
			<word>カナダ</word>
			<alt>kanada</alt>
		</trans>
	</term>
	<term id="10">
		<trans lang="en">
			<word># year</word>
		</trans>
		<trans lang="ja">
			<word>~ねん</word>
			<alt>-nen</alt>
		</trans>
	</term>
	<term id="11">
		<trans lang="en">
			<word>day before yesterday</word>
		</trans>
		<trans lang="ja">
			<word>おととい</word>
			<alt>ototoi</alt>
		</trans>
	</term>
	<term id="12">
		<trans lang="en">
			<word>next week</word>
		</trans>
		<trans lang="ja">
			<word>らいしゅう</word>
			<alt>raishuu</alt>
		</trans>
	</term>
	<term id="13">
		<trans lang="en">
			<word>next month</word>
		</trans>
		<trans lang="ja">
			<word>らい月</word>
			<alt>raigetsu</alt>
		</trans>
	</term>
	<term id="14">
		<trans lang="en">
			<word>what year?</word>
		</trans>
		<trans lang="ja">
			<word>なんねん</word>
			<alt>nannen</alt>
		</trans>
	</term>
	<term id="15">
		<trans lang="en">
			<word>Shinkansen, bullet train</word>
		</trans>
		<trans lang="ja">
			<word>しんかんせん</word>
			<alt>shinkansen</alt>
		</trans>
	</term>
</glossary>
